:020000040800F2
:1000000000000520451000082119000823190008E8
:100010002519000827190008291900080000000008
:100020000000000000000000000000009510000823
:100030002B19000800000000951000082D19000879
:1000400095100008951000089510000895100008FC
:1000500095100008951000089510000895100008EC
:1000600095100008951000089510000895100008DC
:1000700095100008951000089510000895100008CC
:1000800095100008951000089510000895100008BC
:1000900095100008951000089510000895100008AC
:1000A000951000089510000895100008951000089C
:1000B000951000089510000895100008951000088C
:1000C000951000089510000895100008951000087C
:1000D000951000089510000895100008951000086C
:1000E000951000089510000895100008951000085C
:1000F000951000089510000895100008951000084C
:10010000951000089510000895100008951000083B
:10011000951000089510000895100008951000082B
:10012000951000089510000895100008951000081B
:10013000951000089510000895100008951000080B
:1001400095100008951000089510000895100008FB
:1001500095100008951000089510000895100008EB
:1001600095100008951000089510000895100008DB
:100170009510000895100008951000080000000078
:1001800095100008951000089510000895100008BB
:1001900095100008951000089510000895100008AB
:1001A000951000089510000895100008951000089B
:1001B000951000089510000895100008951000088B
:0801C0009510000895100008DD
:1001D00010B5054C237833B9044B13B10448AFF381
:1001E00000800123237010BD4002002000000000A9
:1001F0006CF7000808B5034B1BB103490348AFF384
:10020000008008BD00000000440200206CF70008D8
:1002100010F8012B11F8013B012A28BF9A42F7D0B0
:10022000D01A70470000000000000000000000002D
:1002300001F0FF01102A2BDB10F0070F08D010F897
:10024000013B013A8B422DD010F0070F42B3F6D19B
:10025000F0B441EA012141EA014122F007047FF0B4
:1002600000070023F0E80256083C85EA010586EA0B
:10027000010685FA47F5A3FA87F586FA47F6A5FA47
:1002800087F68EB9EED1F0BC01F0FF0102F0070253
:1002900032B110F8013B013A83EA010313B1F8D1FE
:1002A0000020704701387047002D06BF35460338DF
:1002B000073815F0010F07D1013015F4807F02BF18
:1002C000013015F4C03F0130F0BC0138704700BF69
:1002D00081F0004102E000BF83F0004330B54FEAF7
:1002E00041044FEA430594EA050F08BF90EA020F64
:1002F0001FBF54EA000C55EA020C7FEA645C7FEAF7
:10030000655C00F0E2804FEA5454D4EB5555B8BF19
:100310006D420CDD2C4480EA020281EA030382EA8A
:10032000000083EA010180EA020281EA0303362D1C
:1003300088BF30BD11F0004F4FEA01314FF4801CEF
:100340004CEA113102D0404261EB410113F0004F01
:100350004FEA03334CEA133302D0524263EB4303B8
:1003600094EA050F00F0A780A4F10104D5F1200E56
:100370000DDB02FA0EFC22FA05F2801841F10001B1
:1003800003FA0EF2801843FA05F359410EE0A5F185
:1003900020050EF1200E012A03FA0EFC28BF4CF0B6
:1003A000020C43FA05F3C01851EBE37101F000456C
:1003B00007D54FF0000EDCF1000C7EEB00006EEB79
:1003C0000101B1F5801F1BD3B1F5001F0CD3490803
:1003D0005FEA30004FEA3C0C04F101044FEA44525A
:1003E00012F5800F80F09A80BCF1004F08BF5FEAE1
:1003F000500C50F1000041EB045141EA050130BDC1
:100400005FEA4C0C404141EB0101013C28BFB1F5D2
:10041000801FE9D291F0000F04BF01460020B1FA1D
:1004200081F308BF2033A3F10B03B3F120020CDAF0
:100430000C3208DD02F1140CC2F10C0201FA0CF0CE
:1004400021FA02F10CE002F11402D8BFC2F1200C33
:1004500001FA02F120FA0CFCDCBF41EA0C019040E9
:10046000E41AA2BF01EB0451294330BD6FEA040432
:100470001F3C1CDA0C340EDC04F11404C4F120021D
:1004800020FA04F001FA02F340EA030021FA04F32F
:1004900045EA030130BDC4F10C04C4F1200220FA86
:1004A00002F001FA04F340EA0300294630BD21FAC4
:1004B00004F0294630BD94F0000F83F4801306BF8A
:1004C00081F480110134013D4EE77FEA645C18BF7E
:1004D0007FEA655C29D094EA050F08BF90EA020F15
:1004E00005D054EA000C04BF1946104630BD91EA0D
:1004F000030F1EBF0021002030BD5FEA545C05D110
:100500004000494128BF41F0004130BD14F580044E
:100510003CBF01F5801130BD01F0004545F0FE41C2
:1005200041F470014FF0000030BD7FEA645C1ABFF7
:10053000194610467FEA655C1CBF0B46024650EA2E
:10054000013406BF52EA033591EA030F41F400215A
:1005500030BD00BF90F0000F04BF0021704730B5E0
:100560004FF4806404F132044FF000054FF00001B5
:1005700050E700BF90F0000F04BF0021704730B576
:100580004FF4806404F1320410F0004548BF40424B
:100590004FF000013EE700BF42004FEAE2014FEAA0
:1005A00031014FEA02701FBF12F07F4393F07F4F7B
:1005B00081F06051704732F07F4208BF704793F07E
:1005C0007F4F04BF41F40021704730B54FF4607491
:1005D00001F0004521F000411CE700BF50EA010294
:1005E00008BF704730B54FF000050AE050EA01023D
:1005F00008BF704730B511F0004502D5404261EBAD
:1006000041014FF4806404F132045FEA915C3FF4ED
:10061000D8AE4FF003025FEADC0C18BF03325FEA8A
:10062000DC0C18BF033202EBDC02C2F1200300FA3B
:1006300003FC20FA02F001FA03FE40EA0E0021FA60
:1006400002F11444BDE600BF70B54FF0FF0C4CF44E
:10065000E06C1CEA11541DBF1CEA135594EA0C0F00
:1006600095EA0C0F00F0DEF82C4481EA030621EA3B
:100670004C5123EA4C5350EA013518BF52EA033576
:1006800041F4801143F4801338D0A0FB02CE4FF028
:100690000005E1FB02E506F00042E0FB03E54FF058
:1006A0000006E1FB03569CF0000F18BF4EF0010E50
:1006B000A4F1FF04B6F5007F64F5407404D25FEA4C
:1006C0004E0E6D4146EB060642EAC62141EA5551FF
:1006D0004FEAC52040EA5E504FEACE2EB4F1FD0C41
:1006E00088BFBCF5E06F1ED8BEF1004F08BF5FEABF
:1006F000500E50F1000041EB045170BD06F0004671
:1007000046EA010140EA020081EA0301B4EB5C041D
:10071000C2BFD4EB0C0541EA045170BD41F4801115
:100720004FF0000E013C00F3AB8014F1360FDEBF3A
:10073000002001F0004170BDC4F10004203C35DA16
:100740000C341BDC04F11404C4F1200500FA05F399
:1007500020FA04F001FA05F240EA020001F000423A
:1007600021F0004110EBD37021FA04F642EB0601B0
:100770005EEA430E08BF20EAD37070BDC4F10C04DA
:10078000C4F1200500FA04F320FA05F001FA04F29E
:1007900040EA020001F0004110EBD37041F100018A
:1007A0005EEA430E08BF20EAD37070BDC4F1200595
:1007B00000FA05F24EEA020E20FA04F301FA05F2FD
:1007C00043EA020321FA04F001F0004121FA04F2A5
:1007D00020EA020000EBD3705EEA430E08BF20EA75
:1007E000D37070BD94F0000F0FD101F000464000AF
:1007F00041EB010111F4801F08BF013CF7D041EA31
:10080000060195F0000F18BF704703F00046520034
:1008100043EB030313F4801F08BF013DF7D043EA05
:100820000603704794EA0C0F0CEA135518BF95EABB
:100830000C0F0CD050EA410618BF52EA4306D1D142
:1008400081EA030101F000414FF0000070BD50EA61
:10085000410606BF1046194652EA430619D094EAEB
:100860000C0F02D150EA013613D195EA0C0F05D1D5
:1008700052EA03361CBF104619460AD181EA030129
:1008800001F0004141F0FE4141F470014FF00000E1
:1008900070BD41F0FE4141F4780170BD70B54FF07C
:1008A000FF0C4CF4E06C1CEA11541DBF1CEA1355FC
:1008B00094EA0C0F95EA0C0F00F0A7F8A4EB0504DE
:1008C00081EA030E52EA03354FEA013100F08880D5
:1008D0004FEA03334FF0805545EA131343EA12639E
:1008E0004FEA022245EA111545EA10654FEA002653
:1008F0000EF000419D4208BF964244F1FD0404F50C
:10090000407402D25B084FEA3202B61A65EB030567
:100910005B084FEA32024FF480104FF4002CB6EB24
:10092000020E75EB030E22BFB61A754640EA0C00A4
:100930005B084FEA3202B6EB020E75EB030E22BFE4
:10094000B61A754640EA5C005B084FEA3202B6EB25
:10095000020E75EB030E22BFB61A754640EA9C00E4
:100960005B084FEA3202B6EB020E75EB030E22BFB4
:10097000B61A754640EADC0055EA060E18D04FEA72
:10098000051545EA16754FEA06164FEAC30343EA12
:1009900052734FEAC2025FEA1C1CC0D111F4801FDF
:1009A0000BD141EA00014FF000004FF0004CB6E7D8
:1009B00011F4801F04BF01430020B4F1FD0C88BF77
:1009C000BCF5E06F3FF6AFAEB5EB030C04BFB6EB82
:1009D000020C5FEA500C50F1000041EB045170BD75
:1009E0000EF0004E4EEA113114EB5C04C2BFD4EBA2
:1009F0000C0541EA045170BD41F480114FF0000E26
:100A0000013C90E645EA060E8DE60CEA135594EAA1
:100A10000C0F08BF95EA0C0F3FF43BAF94EA0C0FA4
:100A20000AD150EA01347FF434AF95EA0C0F7FF419
:100A300025AF104619462CE795EA0C0F06D152EA6D
:100A400003353FF4FDAE1046194622E750EA410651
:100A500018BF52EA43067FF4C5AE50EA41047FF462
:100A60000DAF52EA43057FF4EBAE12E74FF0FF3CC7
:100A700006E000BF4FF0010C02E000BF4FF0010C98
:100A80004DF804CD4FEA410C7FEA6C5C4FEA430C11
:100A900018BF7FEA6C5C1BD001B050EA410C0CBF60
:100AA00052EA430C91EA030F02BF90EA020F0020C2
:100AB000704710F1000F91EA030F58BF994208BF29
:100AC00090422CBFD8176FEAE37040F001007047E6
:100AD0004FEA410C7FEA6C5C02D150EA013C07D13D
:100AE0004FEA430C7FEA6C5CD6D152EA033CD3D088
:100AF0005DF8040B704700BF8446104662468C4682
:100B00001946634600E000BF01B5FFF7B7FF0028B4
:100B100048BF10F1000F01BD4DF808EDFFF7F4FFDD
:100B20000CBF012000205DF808FB00BF4DF808ED68
:100B3000FFF7EAFF34BF012000205DF808FB00BF8B
:100B40004DF808EDFFF7E0FF94BF012000205DF8AD
:100B500008FB00BF4DF808EDFFF7CEFF94BF012062
:100B600000205DF808FB00BF4DF808EDFFF7C4FF5B
:100B700034BF012000205DF808FB00BF4FEA4102AE
:100B800012F5001215D211D56FF47873B3EB6252DF
:100B900012D94FEAC12343F0004343EA505311F006
:100BA000004F23FA02F018BF404270474FF0000098
:100BB000704750EA013005D111F0004008BF6FF0D6
:100BC000004070474FF00000704700BF4FEA4102FD
:100BD000B2F1E04324BFB3F5001CDCF1FE5C0DD99B
:100BE00001F0004C4FEAC0024CEA5070B2F1004FE5
:100BF00040EB830008BF20F00100704711F0804FE8
:100C000021D113F13872BCBF01F00040704741F4AC
:100C100080114FEA5252C2F11802C2F1200C10FAB0
:100C20000CF320FA02F018BF40F001004FEAC12394
:100C30004FEAD32303FA0CFC40EA0C0023FA02F338
:100C40004FEA4303CCE77FEA625307D150EA01330E
:100C50001EBF4FF0FE4040F44000704701F00040DE
:100C600040F0FE4040F40000704700BF53B94AB95D
:100C7000002908BF00281CBF4FF0FF314FF0FF30A4
:100C800000F0BEB9ADF1080C6DE904CE00F03CF8FF
:100C9000DDF804E0DDE9022304B0704738B5002236
:100CA000002304460D46FFF741FF28B92046294698
:100CB000BDE8384000F00AB8204605F1004100F0D8
:100CC00005F8404261EB410138BD00BFD0B50C4B87
:100CD000002206460F46FFF7B7FC00F093F90446E2
:100CE000FFF738FC074B0022FFF7AEFC02460B462D
:100CF00030463946FFF7F0FA00F084F92146D0BDBE
:100D00000000F03D0000F0412DE9F047089D8E46BF
:100D100004468846002B4AD18A42174662D9B2FA65
:100D200082F64EB1C6F1200301FA06F820FA03F369
:100D3000B74043EA0808B4404FEA174E1FFA87FC51
:100D4000B8FBFEF1230C0EFB118843EA084301FBBC
:100D50000CF29A4209D9FB1801F1FF3080F0EA80C9
:100D60009A4240F2E78002393B449A1AA3B2B2FB9E
:100D7000FEF00EFB102243EA024300FB0CFC9C45F4
:100D800009D9FB1800F1FF3280F0D6809C4540F273
:100D9000D3803B44023840EA0140A3EB0C0300211E
:100DA0001DB1F3400022C5E90032BDE8F0878B4257
:100DB00005D90DB1C5E9000100210846F5E7B3FAF0
:100DC00083F1002946D1734502D3824200F20581A6
:100DD000841A6EEB030201209046002DE5D0C5E990
:100DE0000048E2E7002A00F09080B2FA82F6002E76
:100DF00040F0A4808A1A030C4FEA174E80B2BCB2AE
:100E00000121B2FBFEFC0EFB1C2243EA024304FB61
:100E10000CF29A4207D9FB180CF1FF3802D29A4221
:100E200000F2E080C4469B1AB3FBFEF20EFB1233C5
:100E300040EA034302FB04F49C4207D9FB1802F189
:100E4000FF3002D29C4200F2CA8002461B1B42EADB
:100E50000C40A5E7C1F120068B4022FA06F71F439C
:100E60000EFA01F420FA06F32EFA06FE4FEA1749AD
:100E7000234300FA01F81FFA87FCBEFBF9F01C0CB3
:100E800009FB10EE44EA0E4400FB0CFEA64502FAF4
:100E900001F209D93C1900F1FF3A80F09C80A64587
:100EA00040F2998002383C44A4EB0E041FFA83FE02
:100EB000B4FBF9F309FB13444EEA044403FB0CFCB6
:100EC000A44508D93C1903F1FF3E80F08280A44577
:100ED0007FD9023B3C4443EA0040A4EB0C04A0FB56
:100EE00002EC64457346E14662D35FD05DB1B8EB76
:100EF000030264EB090404FA06F622FA01F31E4326
:100F0000CC40C5E9006400214FE7B1FBF2FC010CC5
:100F100041EA0E4180B240EA01423B4638463C4637
:100F2000B846BE462026B1FBF7F1A2EB080241EA23
:100F30000C4166E7014618E710462CE7C6F120028F
:100F40002EFA02F3B740B14020FA02F24FEA174EF0
:100F50000A43B3FBFEF8BCB20EFB1833110C41EA96
:100F6000034108FB04F9B04089454FEA104380B2C1
:100F70003ED9791808F1FF3C01D289451FD8A1EB71
:100F80000901B1FBFEF909FB04F80EFB191192B23D
:100F900042EA0142424529D2BA1809F1FF31C4D2CE
:100FA0004245C2D2A9F102013A44BEE7F0459DD2C2
:100FB000BEEB02036CEB070C0138E14696E7A7EBAA
:100FC00009094944A8F1020CB1FBFEF909FB04F838
:100FD000DBE773467FE7504666E70846FDE63B449D
:100FE000023A33E7ACF1020C3B441CE749469CE76C
:100FF000A1EB0901C446B1FBFEF909FB04F8C4E703
:10100000704700BF4A0011D212F5001211D20DD55F
:101010006FF47873B3EB62520ED44FEAC12343F0FE
:10102000004343EA505323FA02F070474FF00000A8
:10103000704750EA013002D14FF0FF3070474FF057
:1010400000007047DFF834D0002103E00C4B5B5800
:10105000435004310B480C4B42189A42F6D30B4ACA
:1010600002E0002342F8043B094B9A42F9D300F016
:10107000B1FC0DF0A1FE00F08BF9704700000520D7
:1010800018B60308000000203802002040020020AB
:1010900014BD0420FEE7000007B54FF0FF330190B8
:1010A000012201A9034802F070FD019803B05DF828
:1010B00004FB00BF48080020024B1B68D9680DF0F4
:1010C000C5BC00BFE401002010B500F08BFF4FF05D
:1010D0004041002000F012FD00F0F8FC044600F052
:1010E00001FD00FB04F10120104C01F14051890089
:1010F00000F004FD00F0AAFE002000F039FD6FF0C2
:10110000FF0000F059FD012000F032FD204600F004
:1011100053FD204600F038FD0021084600F02EFD6A
:1011200064210120BDE8104000F028BD0000FFFF51
:101130002DE9F8430C46174605462DED088B00288F
:1011400000F0828000297FD0002A7DDD0B46024618
:1011500001EB8701B2EC019AF3EC019AB0EE498AF7
:10116000F0EE698A994273D138EE498ADFED497A07
:1011700078EEE98A4FF00009B7EE00BAB4EE678A5C
:10118000F1EE10FAF4EE678A48BFB0EE4B8AF1EE4A
:1011900010FA48BFF0EE4B8A00F098FC804600F051
:1011A000A1FC06464346063E152B38BF15231528DD
:1011B000A3F114030AEE103A034638BF15230120A9
:1011C000143B0AEE903A00F0D3FC4FF07F4000F061
:1011D000F3FC4FF0FF2000F0D7FCF8EE6AAAB8EE5F
:1011E0004AAAF4EC016AA8F10603B5EC017A09F108
:1011F000010976EEE96A052237EE497AC6EEA87A49
:101200007BEE677A67EEAA7AFCEEE77A17EE901A21
:10121000C7EE087A0A31052938BF0521B14228BF37
:10122000314689B267EE8A7AFCEEE77A17EE900AC9
:101230000A30052838BF0520984228BF184680B2DA
:1012400000F09AFD4F45CCD1BDEC088BBDE8F8838A
:10125000F2EC017AB3EC017AF4EE497AF1EE10FA8D
:10126000F4EEC87A48BFB0EE679AF1EE10FAB4EE29
:10127000697A77FE887AB0EE678AF1EE10FAB4EEFA
:10128000E87A48BFF0EE479AF1EE10FA77FE288A26
:1012900068E700BFBD3786357047704770B5031DDE
:1012A000D0F844650024A64201D1002070BD5D69DC
:1012B00018468D4206D1DD69002DF7D0002AF5D001
:1012C0009542F3D001342033EDE7000001480CF0E3
:1012D000E1B900BF6002002010B5044640F24C5155
:1012E0000CF0D2FD204610BD2DE9F8430F461546FF
:1012F000D0F84495041D0026B14504D14FF00008F4
:101300004046BDE8F8836369A046202B0BD13946DF
:10131000A069FEF77DFF30B9E369002BF0D0002D06
:10132000EED0AB42ECD001362034E5E72DE9F043B6
:1013300084468E4690461F46DDF81C904F4501DDE1
:10134000BDE8F083DCF84465292E0AD9DCF84805AD
:101350000028F5D072462A230B49BDE8F04302F07D
:1013600085BD731C45460CEB4616CCF84435341D40
:101370000FCD0FC495E80F0084E80F0037620137E6
:10138000C6F818E0DAE700BF84F7000870470000ED
:101390002DE9F04F2DED028BABB0BFF34F8FBFF3B4
:1013A0006F8F694A0021C2F85012BFF34F8FBFF30D
:1013B0006F8F536943F400335361BFF34F8FBFF313
:1013C0006F8FC2F88410BFF34F8FD2F8803043F68E
:1013D000E074C3F3C900C3F34E335B0103EA0406B0
:1013E000014646EA81750139C2F86052F9D2203BC4
:1013F00013F1200FF2D1BFF34F8F536943F48033C1
:101400005361BFF34F8FBFF36F8F00F0A5FF102222
:10141000002119A80DF028FC1422002104A80DF0C9
:1014200023FC4A4B012402261A68192517A842F406
:1014300040421A601B68219603F440430393039BC8
:101440004FF48033CDE917434FF48003CDE91D639A
:101450004FF4C873CDE91F530923229301F072FCA6
:10146000044618B1002000F0E7FAFEE701F032FC74
:10147000054618B1204600F0DFFAFEE70F2306907C
:101480004FF4A0500621CDE904364FF48053CDE946
:10149000070304A801F03EFE044618B1284600F0F8
:1014A000CBFAFEE700F0A4FA29484FF41653294975
:1014B000046184614462C0E900130C23C0E9024462
:1014C000436102F0DAFB18B1204600F0B5FAFEE7FE
:1014D000214CFFF7F9FD2368BFF35B8FDA0709D4CE
:1014E00020460CF0D5FC28B11C480DF0E5F820464C
:1014F0000CF0DAFC1A4ADFF884801368194C1344A4
:1015000019481A49C8F80030194B20601A6802F0CF
:10151000ADFC4FF496221749206802F0A7FCD8F8DA
:1015200000100B68CB1A1A88042A0AD99A8812B1BB
:101530008A58032A24D003230F49206802F096FC1E
:10154000FEE70022F7E700BF00ED00E0007000407A
:1015500048080020001001404408002099120008AB
:10156000504D0108E0B8042000000020C6F7000834
:101570004C4D0108DBF70008FDF70008DCB804203B
:10158000B34EB44F3568BFF35B8F15F0010510D132
:1015900030460CF07DFC60B12368AF4AAF483A603A
:1015A000C7F84455C7F848350DF086F830460CF0BA
:1015B0007BFC032706F058F9012302463946A5486B
:1015C00000970226FFF7B2FE012506F0B1FC0123C9
:1015D000024604219F480097FFF7A8FE07F002FC8F
:1015E0000523024609219B4800930123FFF79EFE35
:1015F00009F064FB01230246112196480096FFF78B
:1016000095FE09F057FB01230246009619469148C2
:10161000FFF78CFE09F0BAFE0123024628218D480F
:101620000096FFF783FE0AF015FB2B4602461621B3
:1016300088480095FFF77AFE0BF0A4F92B46024686
:10164000582184480096FFF771FE07F053F82B46A7
:1016500002461C217F480096FFF768FE04F074FFE5
:101660002B46024600217B480096FFF75FFE07F0FD
:1016700015FF2B460246532176480096FFF756FE8B
:101680000AF0D4FB2B460246192172480096FFF758
:101690004DFE09F04DFD2B46024672216D48009625
:1016A000FFF744FE08F012F82B466D4D024622214A
:1016B00068480097FFF73AFE2B68BFF35B8FDB07A4
:1016C00015D428460CF0E4FB88B12368614A0193E5
:1016D0004FF4962363480093634BD8F800100BF047
:1016E0008BFF62480CF0E8FF28460CF0DDFB5D48FC
:1016F0005F4E30600BF0ECFF054650B15D4920684D
:1017000002F0B4FB4FF496225B49206802F0AEFB76
:10171000FEE7306827686030DFF888910BF0FAF94F
:10172000564902463846564F02F0A0FB294630681B
:101730000CF0AEF82946386030680CF08DF83B6844
:10174000054650499A69C9F8000058680DF05BFBDE
:1017500095ED038ADFED4C7AD5F81080052568EE0B
:10176000277A4A492068FDEEE77A17EE902A02F0C0
:101770007DFB42464649206802F078FB30680CF059
:1017800023F8013DFAD10A2700F0FEFD83463068B8
:101790000CF01AF8824600F0F7FD2844A0EB0B0588
:1017A000BAF1000F04D03B49206802F05FFBFEE76E
:1017B000D9F8002022B93849206802F057FBFEE72B
:1017C0005368002BF7D09269002AF4D003F16042ED
:1017D000B2F5A02F04D33149206802F047FBFEE7A1
:1017E00004A817A903F1390C93F90220A2EB08020F
:1017F00007EE902A13F9032BA2EB0802F8EEE77A22
:101800009C4507EE102A67EE887AB8EEC77AE1ECBD
:10181000017A27EE087AA0EC017AE5D1132217A904
:1018200004A8FFF785FC013FAED10A2264216A4378
:10183000B2FBF1F301FB1322194900922A462068FA
:1018400002F014FB4FF47A7000F0A4FDFAE700BF39
:10185000F4020020F80200203C1D01088D1300084E
:101860005C02002060020020D0080020CD12000899
:10187000D8B8042044F800085EF8000894F800087E
:10188000D4B804204C1D010800007A44B0F80008C8
:10189000C1F80008D1F80008EEF800080DF90008BA
:1018A00043F90008D0B804201A4B01211A481A6BDA
:1018B00042F0010210B588B01A631A6B072402F0D7
:1018C00001020092009A1A6B42F002021A631A6B2C
:1018D00002F002020192019A5A6C42F010025A641C
:1018E0004FF400725B6C079403F010030293029BA9
:1018F0000223CDE903230323CDE9051303A900F057
:10190000C9FF802303A905480393079400F0C2FF91
:1019100008B010BD00380240000002400004024040
:101920007047FEE7FEE7FEE7FEE7704700F020BDE8
:101930000120704708B50DF039FA162303604FF007
:10194000FF3008BD08B50DF031FA16230360FEE73D
:1019500070B50D4614460E46731B9C4201DC2046B2
:1019600070BDAFF3008006F8010BF5E770B50D46CA
:1019700014460E46731B9C4201DC204670BD16F8CF
:10198000010BFFF789FBF5E74FF0FF3070474FF48D
:10199000005300204B6070470120704700207047C3
:1019A0000A4A116808B5034609B909491160106867
:1019B000694603448B4206D90DF0F8F90C23036005
:1019C0004FF0FF3008BD1360FCE700BFE4B804200F
:1019D00018BD0420054BD3F8882042F47002C3F8E8
:1019E00088204FF000629A60704700BF00ED00E071
:1019F00030B5044687B0C8B90D4B022501A90D4882
:101A00001A6B42F480721A631B6B03F480730093A9
:101A1000009B0123CDE9015303930323049300F0BA
:101A200039FF22462946034801F012F807B030BDBD
:101A3000003802400020024020B901220221024861
:101A400001F006B8704700BF002002402DE9F347BF
:101A50001A4C98464FF440330E46174634216360C3
:101A60008146174B2046DDF82CA01A68154B01FB68
:101A700002339D6CAB1E5D425D410A9B6D00E360CD
:101A8000114BA560236000F0FEFDA0B94946204639
:101A900000F0BAFE78B93B46324651462046CDF8B2
:101AA000008000F01AFE30B90A21204602B0BDE8DD
:101AB000F04700F02CBE02B0BDE8F08788B90420E2
:101AC00084B90420C8B9042000B00240034B34217B
:101AD0001A68034B01FB0233186E704784B9042067
:101AE000C8B90420034B34211A68034B01FB0233AD
:101AF000586E704784B90420C8B9042070B5002519
:101B00008EB00E4604460195FFF7E0FFCDE90205D1
:101B1000FFF7E8FFFF234FF4C0620A96ADF8345098
:101B20008DF83650CDE906350723CDE90405CDE91A
:101B30000823FFF7CBFF0B90FFF7D4FF224601A944
:101B40000C90084801F076F80C22074B4FF0FF315B
:101B500054431A195160054991604FF07F421A5160
:101B60000EB070BDC8B904206CB90420100000206C
:101B7000014B1860704700BF84B904200246014839
:101B800001F085B8C8B90420034B0C221B685343ED
:101B9000024AD050704700BF84B904206CB90420B9
:101BA000034B0C211A68034B01FB0233986070470A
:101BB00084B904206CB904200B4B73B51E6805462C
:101BC000FFF784FF0446FFF78DFF342207490346E1
:101BD0000195304602FB0611002200922246C96D93
:101BE000FFF734FF02B070BD84B90420C8B90420E7
:101BF000144B2DE9F7431E681746134B34228846D1
:101C0000054602FB0633DC6DD3F84890FFF75EFF14
:101C10000C230E4A00FB0850B9F1020F06FB03F338
:101C200008BF04EB4001D35818BF04EB80013A46CB
:101C300030460193002300930123FFF707FF03B011
:101C4000BDE8F08384B90420C8B904206CB904202D
:101C50000E4B2DE9F0410F46144634211A680C4B07
:101C6000054601FB0233D3F84880DE6DFFF72EFFF7
:101C7000B8F1020F00FB075004D1A4B226F81040BF
:101C8000BDE8F08146F82040FAE700BF84B904209F
:101C9000C8B904202DE9F04F540085B082468B4628
:101CA0001546C4F103044FF000091AFA89F30C2217
:101CB000AFB29BB2ABEB07011FFA89F600932C4B36
:101CC00089B200981B68029153432A4A52F8038054
:101CD0004246FFF7BDFFAAEB0603424602999BB2BC
:101CE00018460193FFF7B4FF07EB0A03ABEB0601BD
:101CF00042469BB25E4489B2184602930391FFF7B5
:101D0000A7FFAAEB07035F44039942469BB2BFB209
:101D100018460393B6B2FFF79BFF42463946009838
:101D2000FFF796FF424639460198FFF791FF42467A
:101D300031460298FFF78CFF039B42463146184616
:101D4000FFF786FF002CB1BF0634A9EB05030A3468
:101D500005F1FF35B8BF04EB890409F10109A8BFFB
:101D600004EB83044D45A0D205B0BDE8F08F00BF61
:101D700084B904206CB904202DE9F04FDFF8C4B019
:101D8000540091461746DBF800300C22DFF8B8A06B
:101D90000E465343C4F10304002585B080465AF82B
:101DA0000300FFF7F1FEAFB1BAB216FA85F1ABB29C
:101DB000A8EB0200520089B2039380B292B2019064
:101DC0000292FFF715FF039B029AF11A019889B25C
:101DD000FFF70EFFA5B1AAB2BBB2A8EB02005200FA
:101DE000F11A80B292B289B20190CDE90223FFF7D5
:101DF000FFFE039B029A9919019889B2FFF7F8FE3A
:101E0000002CB1BF0634EB1B0A3407F1FF37B8BF13
:101E100004EB850405F10105A8BF04EB8304AF4280
:101E2000C1D2DBF800300C22314653435AF803008C
:101E3000FFF7AAFE4A46404605B0BDE8F04FFFF75F
:101E400029BF00BF84B904206CB9042008B5094B30
:101E50004FF4805108481A68936943F00103936175
:101E6000012200F0F5FD012208210448BDE80840E8
:101E700000F0EEBDC8B90420002002400028024056
:101E80004B4B4C485A6C42F08062F0B58FB05A64AC
:101E90005A6C02240E2509A902F080624FF4805783
:101EA000454E0092009A1A6B42F400021A631A6BB4
:101EB00002F400020192019A1A6B42F010021A63B6
:101EC0001A6B02F010020292029A1A6B42F0400260
:101ED0001A631A6B02F040020392039A1A6B42F4DF
:101EE00080721A631A6B02F480720492049A1A6B5D
:101EF00042F400721A631A6B02F400720592059A9A
:101F00001A6B42F480621A631A6B02F480620692C2
:101F1000069A1A6B42F480721A631A6B02F480728A
:101F20000792079A1A6B42F480621A631B6B0D9535
:101F300003F480630893089B1023CDE90934002340
:101F4000CDE90B3400F0A6FC092309A91B480D9329
:101F5000CDE9097400F09EFC4FF4664309A93046B0
:101F60000D95CDE9093400F095FC4EF6FF7309A9F3
:101F700013480D95CDE9093400F08CFCF72309A92D
:101F80000D950125CDE909340E4C204600F082FC68
:101F900009A9304609970A9500F07CFC082309A995
:101FA0002046CDE9093500F075FC0FB0F0BD00BF4B
:101FB0000038024000100240002002400018024099
:101FC0000024024000280240054808230360C02383
:101FD00043610523C3614FF48033C36201F058B9F4
:101FE000E8B8042010B52822224C0923352140F2FC
:101FF0001B1040F21D1CC4E905230B23C4E9071381
:1020000040F215230021C4E9093040F2352320466F
:10201000C4E90B3CFFF7D8FF4FF4F07E4FF4887310
:102020002046C4E918E30023A38684F83630C4E9C7
:102030000133C4E90333104B236000F048FE01462E
:1020400010B92046FFF71CFF0A4800F087FD012267
:102050004FF48051094800F0FBFC01220821084898
:1020600000F0F6FC00F016F90648FFF799FD002095
:1020700010BD00BFC8B90420006801400020024024
:1020800000280240100000202DE9F743214C0126D2
:10209000214D4FF000081027214681464FF6FF7270
:1020A0002846CDF80480C4E90067C4E9026801F05D
:1020B0009AFB304600F06EF9022321464FF6FF727C
:1020C0002846C4E90037C4E9026801F08CFB032309
:1020D00021464FF6FF722846C4E900370823C4E9B9
:1020E000023801F080FB4FF4087321464FF6FF726F
:1020F000019304232846A660C4E90037019BE360EE
:1021000001F071FB4946284603B0BDE8F04301F0F9
:1021100082BB00BFD0BA0420FCBA0420544B9A6B97
:1021200042F0010270B58EB09A639A6B064609A917
:10213000504802F00102504C00250192019A1A6B9E
:1021400042F480021A631A6B02F480020292029A2D
:102150001A6B42F004021A631A6B02F00402039233
:10216000039A1A6B42F008021A631A6B02F0080213
:102170000492049A1A6B42F010021A631A6B02F06E
:1021800010020592059A1A6B42F020021A631A6B2C
:1021900002F020020692069A1A6B42F040021A637D
:1021A0001A6B02F040020792079A1A6B42F0800203
:1021B0001A6301221B6B03F080030893089B022320
:1021C000CDE90A320C930C230D930823099300F0F8
:1021D00061FB4CF2037309A92848099300F05AFBEC
:1021E0004FF6837309A92648099300F053FB4FF675
:1021F0003F0309A92348099300F04CFB48F233132D
:1022000009A92148099300F045FB282309A91F4883
:10221000099300F03FFB80234FF400714FF480508E
:1022200025633463E561A663C4E901534FF4806319
:10223000C4E903134FF48043C4E905034FF40033AA
:102240002046C4E908350323C4E90A35104B23604E
:1022500000F0ACF9204600F02BF92A460F21382077
:1022600000F0BCF8382000F0EBF80EB070BD00BFF5
:10227000003802400008024070BA0420000C0240FE
:10228000001002400014024000180240001C0240EE
:102290001064024038B5194C0721194B0422194D1E
:1022A0004FF4006023600223E260AB61C5E90031B6
:1022B000C5E90221C5E90433102240230021C4E905
:1022C00004234FF48073A162C4E906314FF48053B4
:1022D000C4E908032046C4E90111FFF71FFF29469E
:1022E0002046094C01F05FFA003818BF0120207029
:1022F00040F20360FFF7C8FE207838BDFCBA042026
:10230000400100A0E0BA042008000020704700004F
:1023100038B50E4B05461A784FF47A73B3FBF2F3D7
:102320000B4A1068B0FBF3F000F098F8044658B977
:102330000F2D09D8024629464FF0FF3000F04EF825
:10234000044B20461D6038BD0120FCE70900002039
:10235000040000200C00002008B5032000F02CF839
:102360000020FFF7D5FFFFF7D1FF002008BD0000D8
:10237000034A044B11681B780B441360704700BF7D
:1023800030BB042009000020014B1868704700BFD3
:1023900030BB042038B50446FFF7F6FF0546631C42
:1023A0001EBF044B1B78E418FFF7EEFF431BA3424C
:1023B000FAD338BD0900002007490302CA6803F4B4
:1023C000E06322F4E0621204120C134343F0BF6393
:1023D00043F40033CB60704700ED00E0164B30B59E
:1023E000DC68C4F30224C4F10703251D042B28BFB5
:1023F0000423062D4FF0FF358CBF033C002405FA63
:1024000003F3002805FA04F521EA030322EA050292
:1024100003FA04F343EA02034FEA0313DBB206DBD9
:1024200000F1604000F5614080F8003330BD00F0FD
:102430000F00024A1354F9E700ED00E014ED00E04C
:10244000002807DB4109012300F01F00024A8340F6
:1024500042F82130704700BF00E100E00138B0F1E0
:10246000807F0BD24FF0E023054AF0215861002015
:1024700082F82310072298611A6170470120704783
:1024800000ED00E0036802461820D9B21039B1FB14
:10249000F0F010B5054C5F29205CD06523F47F7007
:1024A00020F0030088BF0430906510BDA098030899
:1024B00070B50446FFF768FF0546002C60D0002386
:1024C000226884F83430022384F83530136823F00E
:1024D0000103136022681368D8072ED413683248AA
:1024E000A1691840D4E901352B43E5682B432569E0
:1024F0002B4365692B43E5690B432B43256A2B432B
:102500000343606A042802BFD4E90B5635432B43CA
:1025100004281360536923F0070343EA000335D10D
:10252000A06AE56A03438DB391B9012820D030F049
:1025300002012BD1E90129D51DE0FFF725FF401B42
:102540000528C7D920230320636584F8350070BDB2
:10255000B1F5005F16D1032818D801A151F820F079
:102560007725000835250008772500087125000823
:10257000B5F1C07F0AD140236365012384F835306B
:102580000120E4E70228F6D90328D3D0536120467E
:10259000FFF778FFE26D3F23934083600020012323
:1025A000606584F83530D2E73F8010F038B50546D5
:1025B00020B390F83530022BDCB21DD00368002424
:1025C0001A6822F001021A6021221C605C609C6083
:1025D000DC601C615A61FFF755FFEA6D3F239340B1
:1025E00083606C6585F8344085F83540C5E90F4453
:1025F000C5E91144C5E91344204638BD0124FBE771
:10260000F0B50468059D666C45EA0345436806F02D
:102610004046B3F5403F45EA06056564E2632FD1C5
:10262000806801F07F4601F47F0301F47F42CDB260
:1026300003281AD8DFE800F00402060E21F07F41DB
:10264000A163F0BDD90C920AC90241EA421141EAE4
:10265000D501F5E7DB0CD20A9B02F10F43EA4213E6
:1026600043EAD50343EAC131EAE71B0D120B1B0213
:10267000360F43EA021343EA151343EA0631DFE754
:10268000E160DEE7704710B5044620B390F83930BA
:1026900003F0FF021BB980F83820FFF7F3FF022395
:1026A0006168002084F8393023681A6822F44032C7
:1026B0000A43A1681A605A6B22F007020A43E168D4
:1026C0005A631A6C6FF30D020A431A640123E06324
:1026D00084F8393010BD0120FCE773B590F838500C
:1026E0000446012D4FF002050FD080F83950012625
:1026F000069D80F838600095FFF782FF2268002071
:1027000013683343136002B070BD2846FBE7002313
:1027100073B50193044603680D461B68DB0718D4A4
:102720002268D369526A13439E0606D5FFF72CFE32
:10273000064623685A68D2063FD523681222002035
:102740009A60012384F83930002384F8383002B0CD
:1027500070BDFFF719FE064623685A689207DFD45A
:102760005A680192019A12F0210F14D0019A95062D
:1027700003D5E26B42F00202E263019AD00703D56F
:10278000E26B42F00102E26321229A6004230120FD
:1027900084F83930D8E7691CDFD0FFF7F5FD801BDE
:1027A000A84201D8002DD7D1E36B032043F02003CA
:1027B000E363032384F83930C6E75A680192019A2B
:1027C00012F0290F16D0019A160703D5E26B42F0DA
:1027D0000402E263019A950603D5E26B42F002021D
:1027E000E263019AD00703D5E26B42F00102E26393
:1027F0002922CAE7691C9DD0FFF7C6FD801BA842AD
:10280000D2D8002D95D1CFE7F0B590F83820034607
:102810000220012A2BD0012283F839000E011C4F1F
:1028200083F8382003EB0112D2E90740556A44EAE5
:102830000040093C012C96BF05F07F4240EA05604C
:1028400010431A68A1B9516A012C01EA070141EA53
:10285000000151629969916103D8596A21F07F4161
:1028600091620122002083F8392083F83800F0BDFE
:10287000D169012C01EA070141EA0001D16103EBB2
:10288000060189691161ECD825F07F451562E8E7FA
:10289000F0FFFC002DE9F74F0023DFF8B0814FF087
:1028A0000F09684A01240E689C4004EA0605B443F7
:1028B00040F0AF804C684FEA430C032624F0100E22
:1028C00006FA0CF60EF1FF37F643012F10D8876891
:1028D00007EA060ACF6807FA0CF747EA0A07876093
:1028E000476827EA050A27099F4047EA0A07476021
:1028F000C768BEF1020F07EA060A8F6807FA0CF7ED
:1029000047EA0A07C76014D14FEAD30E03F0070A5B
:1029100000EB8E0E4FEA8A0ADEF8207009FA0AFBF5
:1029200027EA0B0B0F6907FA0AF747EA0B07CEF8FD
:1029300020700768374004F0030606FA0CF63E43A1
:102940000660E60065D5D8F8446023F0030703F07D
:10295000030C46F4804607F180474FEA8C0CC8F818
:10296000446007F59C37D8F8446009FA0CFE06F479
:1029700080460196019EBE6826EA0E0E324EB04297
:102980004ED006F58066B0424CD006F58066B04267
:102990004AD006F58066B04248D006F58066B0425F
:1029A00046D006F58066B04244D006F58066B04257
:1029B00042D006F58066B04240D006F58066B0424F
:1029C0003ED006F58066B04214BF0A26092606FAF4
:1029D0000CF614F4803F46EA0E06BE606FEA050767
:1029E00016680CBF3E402E4314F4003F1660566834
:1029F0000CBF3E402E4314F4801F566096680CBFF7
:102A00003E402E43A4029660D66854BF3E402E43FB
:102A1000D6600133102B7FF445AF03B0BDE8F08FD3
:102A20000026D4E70126D2E70226D0E70326CEE728
:102A30000426CCE70526CAE70626C8E70726C6E728
:102A40000826C4E7003C0140000002400038024074
:102A50000AB1816170470904FBE70000D2010068F8
:102A6000D1F800C0843283182DE9F043C6680CF118
:102A700001075D684FF0000E4C68C6F30B4605F485
:102A80007045D1F818902644A4EB0C045D60C5682D
:102A9000C5F30B453D4445EA06455D60C668CD6813
:102AA000C6F30A062E449D6805F470459D608D6846
:102AB000C7680135C7F30A073D4445EA06450E6974
:102AC0009D60072E1D6925F007051D611E6188BFE9
:102AD000012691F832709D6991F83180C3F818E0B1
:102AE00091F8305045EA096545EA082545EA074569
:102AF0009D615D6925F0FF055D614D695D61DD6981
:102B000025F4E06525F00705DD61D1E9075745EAC1
:102B10000705DD619D6A4D6AC3F828E09D629CBF90
:102B20000C4DAE5DDD6A744305F0E0250334DD62D3
:102B30008D6AC96A754344EA0544DC621C6B6FF315
:102B40000A041C631963835843F001038350BDE8F2
:102B5000F08300BFA89803087047000038B504460A
:102B6000002863D090F8A13003F0FF021BB980F871
:102B7000A020FFF7F1FF022384F8A13023689A69AF
:102B800022F070429A619969D4E901200243E06819
:102B900002432069024360690A4325499A619A68A1
:102BA0000A409A609A6842EA0042A0690243E069DA
:102BB0009A60DA680A40DA60DA6842EA0042206A1B
:102BC0000243606ADA601A690A401A611A6942EAC5
:102BD0000042A06A02431A615A690A40E16A5A61D6
:102BE0005A6942EA0142216B0A435A61DA6A94F84F
:102BF000350002F07F4294F83610DA62DD6A94F80C
:102C000034202A4342EA0022002042EA0142DA62EA
:102C10005A6B42F006025A639A6942F001029A61C5
:102C20000123C4F8A40084F8A13038BD0120FCE7DA
:102C300000F800F02DE9F04190F8A03006460F466C
:102C40009446012B4FF002001FD034244FF00108AE
:102C50000D4686F8A10004FB026486F8A080383493
:102C60000FCD0FC40FCD0FC40FCD0FC42B6830464E
:102C7000624639462360FFF7F1FE33680020C3F84F
:102C8000248086F8A18086F8A000BDE8F08170B5A8
:102C900090F8A0300446012B4FF0020315D080F8C5
:102CA000A13034230126534380F8A060C518E9649D
:102CB00003F138010144FFF7D1FE236800205E6272
:102CC00084F8A16084F8A00070BD1846FCE790F875
:102CD000A1007047194B37B51A6C194C42F080525D
:102CE0001A641B6C03F080530193019B236843F427
:102CF00080332360FFF748FB05466368DA030CD591
:102D000023680F4D43F400332360FFF73DFB044677
:102D10006B689B030AD5002006E0FFF735FB401BDC
:102D2000B0F57A7FE9D9032003B030BDFFF72CFB63
:102D3000001BB0F57A7FEBD9F5E700BF0038024001
:102D4000007000402DE9F341044640B30368DE07FC
:102D500010D423689D0761D42368190700F1A68069
:102D600023685A0700F1C780A269002A40F0308129
:102D700000202CE0944B9A6802F00C02042A07D041
:102D80009A6802F00C02082A0BD15B68590208D538
:102D90008D4B1B689A03DCD56368002BD9D10120C9
:102DA00015E06368884DB3F5803F13D12B6843F479
:102DB00080332B60FFF7E8FA834E054633689B03A8
:102DC000C7D4FFF7E1FA401B6428F7D9032002B00B
:102DD000BDE8F0819BB92B6823F480332B602B680E
:102DE00023F480232B60FFF7CFFA06462B689F035E
:102DF000AFD5FFF7C9FA801B6428F7D9E6E7B3F52A
:102E0000A02F2B6803D143F480232B60CEE723F45B
:102E100080332B602B6823F48023CAE76A4B9A68BF
:102E200012F00C0F07D09A6802F00C02082A11D198
:102E30005B685D020ED4644A1368990702D5E368A3
:102E4000012BACD11368216923F0F80343EAC103D5
:102E5000136081E7E3685C4DBBB12B6843F001036D
:102E60002B60FFF791FA06462B689B0707D52B6866
:102E7000226923F0F80343EAC2032B606CE7FFF7F3
:102E800083FA801B0228EFD9A0E72B6823F0010307
:102E90002B60FFF779FA06462B689F077FF55CAF3A
:102EA000FFF772FA801B0228F6D98FE76369464D57
:102EB00083B16B6F43F001036B67FFF765FA06465A
:102EC0006B6F9B073FF54CAFFFF75EFA801B022844
:102ED000F6D97BE76B6F23F001036B67FFF754FABA
:102EE00006466B6F9F077FF53BAFFFF74DFA801BE0
:102EF0000228F6D96AE7344B1A6CD50027D41A6C2D
:102F0000012742F080521A641B6C03F08053019336
:102F1000019B2E4D2B68D8051BD5A3682A4D012B8C
:102F200027D12B6F43F001032B6741F28838FFF75D
:102F30002BFA254E0546336F9A073FD5002F3FF4F5
:102F400013AF214A136C23F0805313640CE700275E
:102F5000DFE72B6843F480732B60FFF715FA064612
:102F60002B68D905D9D4FFF70FFA801B6428F7D94D
:102F70002CE7ABB92B6F41F2883823F001032B67A4
:102F80002B6F23F004032B67FFF7FEF906462B6F28
:102F90009B07D3D5FFF7F8F9801B4045F7D915E714
:102FA000052B2B6F03D143F004032B67B9E723F004
:102FB00001032B672B6F23F00403B5E7FFF7E4F958
:102FC000401B4045B7D901E700380240007000407F
:102FD000384DAB6803F00C03082B41D02B68022A54
:102FE00023F080732B602ED1FFF7CEF906462B68B5
:102FF000990122D4A36A5B085A1ED4E907310B4316
:1030000043EA0243626A43EA8213E26A43EA0263E2
:1030100043F000536B602B6843F080732B60FFF725
:10302000B3F9244D04462B689A013FF5A1AEFFF792
:10303000ABF9001B0228F6D9C8E6FFF7A5F9801BFB
:103040000228D4D9C2E6FFF79FF904462B689B01FA
:103050007FF58EAEFFF798F9001B0228F6D9B5E68A
:10306000012A6B683FF49BAE03F48002E1698A4257
:103070007FF495AE03F03F02216A8A427FF48FAE5F
:1030800047F6C072616A1A40B2EB811F7FF487AEC7
:10309000A26A03F440315208013AB1EB024F7FF4C7
:1030A0007EAEE26A03F07063B3EB026F14BF0120DF
:1030B00000208CE600380240134908B58B6803F005
:1030C0000C03042B1BD0082B1BD14A684B684968A2
:1030D00002F03F0213F48003C1F388111ABF0B48BA
:1030E00000230B48A1FB0001FDF7C0FD064B5B6808
:1030F000C3F3014301335B00B0FBF3F008BD0348A9
:10310000FCE70348FAE700BF0038024040787D0141
:103110000024F4002DE9F0410D46044610B90120C9
:10312000BDE8F081454A136803F00F038B4228D3B2
:1031300021688F0730D4C80743D4404A136803F08E
:103140000F03AB4266D8226851076FD4130707D527
:103150003B4A2169936823F4604343EAC1039360C7
:10316000FFF7AAFF364B374A9B68C3F30313D35CC0
:10317000D840354B1860354B1868FFF7C9F8002068
:10318000CEE7136823F00F030B431360136803F0BB
:103190000F038B42C3D1CBE711F0040F284B03D0B0
:1031A0009A6842F4E0529A600E0703D59A6842F496
:1031B00060429A609A68A06822F0F00202439A6026
:1031C000B9E761681E4B01291A681BD112F4003F50
:1031D000A5D09A6841F28838194F22F003020A43B9
:1031E0009A60FFF7D1F80646BB68626803F00C03EB
:1031F000B3EB820FA1D0FFF7C7F8801B4045F3D98E
:1032000003208DE7022902D112F0007FE0E712F0DF
:10321000020FDDE7136823F00F032B4313601368DD
:1032200003F00F03AB427FF47AAF8CE70449E06808
:103230008B6823F4E05303438B6087E7003C024034
:103240000038024090980308040000200C00002081
:10325000044B054A9B68C3F38223D35C034A10687E
:10326000D8407047003802408898030804000020C6
:10327000044B054A9B68C3F34233D35C034A10688E
:10328000D8407047003802408898030804000020A6
:1032900003682DE9F74313F0010604460BD0AD4A4D
:1032A000916821F400019160466B91683143B6FA50
:1032B00086F67609916013F4002512D0A549E56BD6
:1032C000D1F88C20B5F5801F22F4401208BF0126EA
:1032D00042EA050216BFB5FA85F500256D09C1F869
:1032E0008C20D90210D59B48216CD0F88C20B1F5E8
:1032F000800F22F4400242EA0102C0F88C2000F064
:103300008681002908BF012513F0807F18BF0126A0
:103310009A0632D58F4B904F1A6C42F080521A6445
:103320001B6C03F080530193019B3B6843F4807353
:103330003B60FFF729F880463B68DB0540F1698177
:10334000844F226B3B6F13F4407340F06D81236B0D
:1033500003F44072B2F5407F7E4A40F08A81916862
:1033600023F0704021F4F81120F440700143916083
:10337000C3F30B03116F0B4313672368DA060CD5F5
:10338000744AD2F88C1021F08071C2F88C10D2F8F7
:103390008C10A06B0143C2F88C105F0408D56D49F6
:1033A000606ED1F8902022F440320243C1F89020A0
:1033B000180408D56749A06ED1F8902022F4402265
:1033C0000243C1F89020D90308D56249E06ED1F8D4
:1033D000902022F440120243C1F890209A0308D5AD
:1033E0005C49206FD1F8902022F440020243C1F8DA
:1033F00090205F0608D55749606CD1F8902022F0E4
:1034000003020243C1F89020180608D55149A06C68
:10341000D1F8902022F00C020243C1F89020D90587
:1034200008D54C49E06CD1F8902022F030020243DC
:10343000C1F890209A0508D54649206DD1F8902012
:1034400022F0C0020243C1F890205F0508D541492F
:10345000606DD1F8902022F440720243C1F89020B0
:10346000180508D53B49A06DD1F8902022F44062A0
:103470000243C1F89020D90408D53649E06DD1F84F
:10348000902022F440520243C1F890209A0408D5BB
:103490003049206ED1F8902022F440420243C1F816
:1034A00090205F0208D52B49A06FD1F8902022F020
:1034B00080620243C1F8902098020CD52548E16F44
:1034C000D0F89020B1F1006F22F0006208BF012512
:1034D0000A43C0F8902013F0080F18BF01255903C4
:1034E00008D51C49606FD1F8902022F04072024349
:1034F000C1F890201A0209D51649D4F88000D1F8F5
:10350000902022F080520243C1F89020012E00F05A
:10351000B480B3F1007F00F0B080012D75D10D4D66
:103520002B6823F080532B60FEF72EFF06462B6896
:103530009F0000F1268121680E0301D5E36B1BB1CA
:10354000CD0222D5236C03BB024AD2F88830D2F8D0
:10355000880003E0003802400070004003F440336C
:1035600000F0E0400343606943EA8013A06943EA46
:103570000063C2F88830D2F88C30A06A23F4F85384
:10358000013843EA0023C2F88C30880215D5E36F76
:10359000B3F1006F11D1824AD2F88830D2F8880096
:1035A00003F0706300F0E0400343606943EA801376
:1035B000206A43EA0043C2F888300A0719D5784ADE
:1035C000D2F88810D2F8883001F0706103F44033EB
:1035D0000B43616943EA8113E16943EA0173C2F86D
:1035E0008830D2F88C30E16A23F440330B43C2F8C0
:1035F0008C306B4C236843F080532360FEF7C4FE8D
:10360000054623689B0040F1C380002009E00126A5
:103610007AE6FEF7B9FEA0EB080064287FF68CAED0
:10362000032003B0BDE8F08302F4407293423FF4FC
:103630008EAE3B6F3A6F23F4407342F480323A67A8
:103640003A6F22F480323A673B673B6FD8077FF5C9
:103650007EAEFEF799FE41F2883980463B6F9907AE
:103660003FF575AEFEF790FEA0EB08004845F5D992
:10367000D6E7916821F4F81179E6494E336823F0D2
:1036800080633360FEF780FE074633681B0172D407
:103690002268D70712D5636B83B9D6F88430D6F881
:1036A000841003F4403301F070610B43616843EA16
:1036B0008113A16843EA0173C6F88430160303D569
:1036C000E36BB3F5801F05D0D0021ED5236CB3F594
:1036D000800F1AD13249D1F88430D1F8840003F434
:1036E000403300F0E0400343606843EA8013E06841
:1036F00043EA0063C1F88430D1F88C00636A20F09B
:103700001F00013B0343C1F88C30D10111D524497E
:10371000D1F88430D1F8840003F0706300F0E04009
:103720000343606843EA8013206943EA0043C1F819
:10373000843092010DD5236962681B0443EA821329
:10374000E26843EA0263A26843EA0273144AC2F8D9
:103750008430134E336843F080633360FEF714FE09
:10376000074633681B013FF5D8AEFEF70DFEC01BC0
:103770006428F6D954E7FEF707FEC01B642884D9F5
:103780004EE7FEF701FE801B64287FF6D0AE47E7C8
:10379000FEF7FAFD401B64287FF633AF40E700BF19
:1037A00000380240704738B50D460446C8B190F85D
:1037B0002C3003F0FF021BB980F82D20FFF7F2FF39
:1037C0000223211D206884F82C3000F085FA6268FD
:1037D0002946206800F0B8FA0123002084F82C3034
:1037E00038BD0120FCE738B590F82C3004460D4672
:1037F000022BD8B20CD00223206884F82C3000F0C1
:10380000E5FA2B68022B04D10523002084F82C3024
:1038100038BD0123F9E710B590F82C300446022B8F
:10382000D8B209D00223206884F82C3000F0E1FAE5
:103830000123002084F82C3010BD000038B5C16988
:1038400004460368826800691D6802436069024398
:1038500076480A432840256A0243E0681A605A689D
:1038600022F4405202435A60A26998682A4320F425
:10387000306002439A606E4A934213D16D4BD3F885
:10388000903003F00303022B00F0B180032B00F013
:10389000A680012B63D0B1F5004F00F08E80FFF7BA
:1038A000E7FC12E0644A934222D1624BD3F8903095
:1038B00003F00C03082B00F09A8015D8002B4ED192
:1038C000B1F5004F72D0FFF7C3FC636800EB530003
:1038D000B0FBF3F080B24FF6EF73A0F110029A4202
:1038E00004D82368D8609CE00C2B78D0012099E0A4
:1038F000524A934209D14F4BD3F8903003F0300332
:10390000202B74D0DAD9302BEFE74D4A934209D1FE
:10391000484BD3F8903003F0C003802B67D0CDD94B
:10392000C02BE2E7474A93420BD1424BD3F8903089
:1039300003F44073B3F5007F59D0BFD9B3F5407F8E
:10394000D3E7414A934213D13A4BD3F8903003F472
:103950004063B3F5006F4AD007D8002B9BD0B1F578
:10396000004F35D1FFF7A8FB22E0B3F5406FBCE76D
:10397000364A93420BD12F4BD3F8903003F4405387
:10398000B3F5005F33D099D9B3F5405FADE7304A66
:103990009342ABD1274BD3F8903003F44043B3F5B7
:1039A000004F24D08AD9B3F5404F9EE7FFF750FC73
:1039B0006268530803EB400322E0FFF759FCF7E786
:1039C000500800F5740000F51050B0FBF2F081E7EC
:1039D000FFF772FB79E7500800F50040F5E7B1F515
:1039E000004F6268F7D1530803F5803308E0B1F562
:1039F000004F6268E4D1530803F1F47303F5904378
:103A0000B3FBF2F39BB24FF6EF72A3F110019142B8
:103A10003FF66CAF23F00F02C3F342032168134358
:103A2000CB6000200023C4E9183338BDF369FFEFF1
:103A300000100140003802400044004000480040AF
:103A4000004C00400050004000140140007800404D
:103A5000007C0040436ADA0710B506D50168846A25
:103A60004A6822F4003222434A609C0706D5016866
:103A7000C46A4A6822F4803222434A60590706D554
:103A80000168046B4A6822F4802222434A601A07C4
:103A900006D50168446B4A6822F4004222434A601A
:103AA000DC0606D50168846B8A6822F480522243C2
:103AB0008A60990606D50168C46B8A6822F40052B0
:103AC00022438A605A0610D50168046C4A68B4F52E
:103AD000801F22F4801242EA04024A6005D14A683B
:103AE000446C22F4C00222434A601B0606D50268D9
:103AF000816C536823F400230B43536010BD2DE900
:103B0000F843DDF8209005460F46164698462A6889
:103B1000D36937EA03030CBF01230023B34201D06A
:103B200000201BE0B9F1FF3FF2D0FEF72DFCA0EB27
:103B300008002C684845236802D8B9F1000F0FD15E
:103B400023F4D0732360A36823F00103A360202330
:103B50006B67AB670023032085F87030BDE8F883FE
:103B60005A07D4D5E3691B05D1D54FF4006323620E
:103B7000236823F4D0732360A36823F00103A360B8
:103B800020236B67AB67EB67E4E72DE9F7439846C3
:103B9000436F04460E46202B17464CD1002948D0CF
:103BA000002A46D090F87030012B44D00123002524
:103BB00080F870302123C5674367FEF7E5FBA368F3
:103BC0008146A4F85070B3F5805FA4F8527003D119
:103BD00023690BB935461E46002384F87030B4F8CB
:103BE00052204B46CDF8008092B23AB9402120468F
:103BF000FFF785FF40B92023636706E0002280219C
:103C00002046FFF77CFF18B1032003B0BDE8F08326
:103C100022685EB935F8023BC3F308039362B4F837
:103C20005220013A92B2A4F85220D8E716F8013B8C
:103C3000F4E70120E9E70220E7E737B5002504466D
:103C4000C567FEF7A1FB226803461268120707D476
:103C500020230020636784F87000A36703B030BDA1
:103C60006FF07E424FF40011204600922A46FFF783
:103C700046FF0028ECD00320F0E710B5044640B31F
:103C8000436F1BB980F87030FDF70EFE22682423C5
:103C900020466367136823F001031360FFF7CEFD2E
:103CA000012816D0636A13B12046FFF7D3FE2368BC
:103CB00020465A6822F490425A609A6822F02A02FA
:103CC0009A601A6842F00102BDE810401A60FFF7DE
:103CD000B4BF012010BD00002DE9F043D1E9012C53
:103CE000D1E90739D1F82480DFF858E043EA090325
:103CF000D1E90376D1E905540968012901680FD09B
:103D000043EA080301EA0E01134343EA0C033B4371
:103D100033432B4323430B4303600020BDE8F08370
:103D200042EA0C0221F4F84143EA08033A430B4308
:103D30004168324301EA0E0103602A4322430A43E9
:103D40004260EAE70080FFFFCB68012A826803F146
:103D5000FF3C4B69F0B503F1FF334C688F680E6987
:103D60004FEA03538D6904F1FF3407F1FF3706F181
:103D7000FF3605F1FF3509684FEA04144FEA0727BB
:103D800001F1FF314FEA06464FEA056543EA0C337D
:103D90000AD00B4302F0704223433B4333432B438F
:103DA000134383600020F0BD22F4700222F47042BD
:103DB0001343C26802F0704C44EA070283600A436E
:103DC00032432A4342EA0C02C260EBE713B5D1E961
:103DD0000034024600202343CC68896843EA442328
:103DE0000190013943EA41130193019B136102B031
:103DF00010BD436943EA410343610020704701302D
:103E00008000704730B518B9B1FA81F0400930BD73
:103E100003688B420CD100238B4201DB0120F6E7C3
:103E200050F8045F52F82340A54201D10133F3E773
:103E30000020ECE7884205D030B131B10A1D096895
:103E4000FFF7E0BF01207047704708467047013018
:103E5000800070470B289ABF024B53F8200002489D
:103E6000704700BF68B3030874F900080EB403B5C7
:103E700003AA036852F8041B9B680192984702B09A
:103E80005DF804EB03B070470CB407B504AA0368EF
:103E900052F8041B9B680192984703B05DF804EB4D
:103EA00002B0704738B5044610461A4624B90B498B
:103EB000FFF7DCFF012038BD2568082D07D8204614
:103EC000043904EB8505A84203D10020F3E7044937
:103ED000EEE750F8043F41F8043FF4E7CEF900085C
:103EE000FCF9000803685B6818470368C01A038878
:103EF0008B428CBF405A0020704710B50C210446FD
:103F0000FFF7F3FF10B123182058184410BD00002C
:103F100008B5034610460A2B1FD8DFE803F00A064F
:103F2000101216181A0E1C140C000A2300200B7015
:103F300008BD0123FAE70B23F8E70723F6E702237E
:103F4000F4E70323F2E70923F0E70423EEE7052370
:103F5000ECE70623EAE70823E8E700220A701A469E
:103F60000249FFF783FF0120E2E700BF3DFA0008A6
:103F700038B505461446FFF7B8FF00B12C5C204663
:103F800038BD00220A2108B5FFF7F2FF08BD38B599
:103F900005461446FFF7A9FF00B12C58204638BD4E
:103FA00038B505461446FFF7A0FF00B12C56204651
:103FB00038BD10B52DED028B0446B0EE408AFFF7F8
:103FC00094FF10B1044494ED008AB0EE480ABDECB1
:103FD000028B10BD2DE9F3470A9E1D4600230746BC
:103FE0000C46904633607E2901F2B981DFE811F07A
:103FF0001E044A01BC037F009F013B07910B910BFC
:10400000910B3303910BA4044A01D104910B1901C4
:104010001D054A01F103910B910B910BA6062A068F
:10402000CD0292031507FE01910B910BDF06910B58
:10403000910B0503910B3D026107910B910B910BC5
:10404000890777044A0406087D053F088002910B22
:10405000910BB207910BB309CE05D500910B910BD3
:104060007E08910B910B910B910B910B910B910B86
:10407000910B910B910BE6082009910B910B910B81
:10408000910B910B8907910B910B4909910BB20888
:10409000BC09890789078609910BFC09910B910BD3
:1040A000220A8907910B8907910B910B910B910BB8
:1040B000910B62064F0A910B770A910BD807A10A60
:1040C000910B910B910B910B910B910B910B910B10
:1040D000CB0A910B910B910B910B910B020B2F0BB8
:1040E000910B910B910B910B910B910B5C0B2B682E
:1040F0000422182128461B689847044660B9B84B2B
:104100004146B84A40460193C42301240093B64B6C
:10411000FFF7BAFE01F024B93846FFF732FF012855
:10412000804636D13846FFF7E8FE054688B30022C0
:104130000421FFF735FF38B100F1FF39D9F1000054
:1041400040EB09004FEA400800220621284684F887
:104150000080FFF71CFF0022082160602846FFF75F
:1041600016FF00220A21A0602846FFF719FF01224E
:10417000C0B20C21431E042B88BF002020732846A8
:10418000FFF705FF012220610E212846FFF7FFFE01
:1041900060613460002401F0E3B82B680122022141
:1041A00028461B689847814660B98D4B41468D4A29
:1041B00040460193D423012400938B4BFFF764FE08
:1041C00001F0CEB83846FFF7DCFE252804D00024E5
:1041D000C6F8009001F0C4B83846FFF78EFE0746D7
:1041E0000028F4D000220421FFF7DAFE42464946B7
:1041F000C0B2FFF78DFE044668B902460621384674
:10420000FFF7CEFE424609F10101C0B2FFF780FE82
:1042100004460028DBD049462846FFF763FE01F03C
:104220009FB82B68012228461B6811469847044610
:1042300060B96B4B41466B4A40460193E22301242F
:104240000093694BFFF720FE01F08AB83846FFF76C
:1042500098FE0428054611D13846FFF74EFE68B196
:1042600000222946FFF79CFE012806D0A0F1020893
:10427000D8F1000040EB08004000207034600024BA
:1042800001F06EB82B680422282128461B68984745
:10429000044660B9524B4146524A40460193EE23D0
:1042A00001240093504BFFF7EFFD01F059B8384659
:1042B000FFF767FE052834D13846FFF71EFE054696
:1042C00078B300220421FFF76BFE70B300F1FF3CCE
:1042D000DCF1000343EB0C035B002370002206219A
:1042E0002846FFF754FE0022082160602846FFF7A9
:1042F0004EFE00220A21A0602846FFF748FE002259
:104300000C21E0602846FFF742FE002220610E21CA
:104310002846FFF745FEC0B2431E042B88BF00208D
:1043200020753460002401F01BB80123D5E72B6809
:1043300004221C2128461B689847044660B9284B74
:104340004146284A40460193FD2301240093264B11
:10435000FFF79AFD01F004B83846FFF712FE022875
:1043600037D13846FFF7C9FD054690B30022042136
:10437000FFF716FE88B3471E7842784140000022BE
:10438000062120702846FFF702FE00220821606007
:104390002846FFF7FCFD00220A21A0602846FFF70F
:1043A000F6FD00220C21E0602846FFF7F9FD01220E
:1043B000C0B20E21431E042B88BF00202074284663
:1043C000FFF7E5FD0122606110212846FFF7DFFDC0
:1043D000A0613460002400F0C3BF0120CFE700BF1C
:1043E000B9FA0008A2FA000861FA00082B68042252
:1043F000082128461B689847044668B9A14B4146E6
:10440000A14A4046019340F20F13012400939F4BB1
:10441000FFF73AFD00F0A4BF3846FFF7B2FD0628CB
:1044200080461ED13846FFF768FD0546C8B1002218
:104430000421FFF7ACFD0022414620602846FFF72B
:10444000AFFD0821C3B228465A1E042A4FF00002CD
:1044500088BF00232371FFF78BFD003818BF0120B0
:1044600060713460002400F07BBF2B6801220321BF
:1044700028461B689847044668B9824B4146824AE1
:10448000404601934FF48E73012400937F4BFFF756
:10449000FBFC00F065BF3846FFF773FD1F2823D1F2
:1044A0003846FFF72AFD0546F0B100220621FFF746
:1044B00077FD0421C3B228465A1E042A4FF0000299
:1044C00088BF00236370FFF753FD00384FF00002F0
:1044D0004FF0080118BF012020702846FFF748FD63
:1044E000003818BF0120A0703460002400F038BFED
:1044F0002B680122042128461B689847044668B9A6
:10450000604B4146604A4046019340F22B13012420
:1045100000935E4BFFF7B8FC00F022BF3846FFF770
:1045200030FD46282DD13846FFF7E7FC054640B35D
:1045300000220621FFF734FD0022C0B20421431EF1
:10454000042B88BF002060702846FFF711FD00385B
:104550004FF000024FF0080118BF012020702846DC
:10456000FFF706FD00384FF000024FF00A0118BFB8
:104570000120A0702846FFF7FBFC003818BF01207F
:10458000E0703460002400F0EBBE2B6801220221B1
:1045900028461B689847044668B93A4B41463A4A50
:1045A000404601934FF49D7301240093374BFFF76E
:1045B0006BFC00F0D5BE3846FFF7E3FC072818D1A6
:1045C0003846FFF79AFC054698B100220421FFF710
:1045D000E7FC0621C3B228465A1E042A4FF0000207
:1045E00088BF00232370FFF7C3FC003818BF0120E9
:1045F00060703460002400F0B3BE2B6801222846AE
:104600001B6811469847044668B91E4B41461E4A2E
:104610004046019340F24713012400931B4BFFF7E0
:1046200033FC00F09DBE3846FFF7ABFC14280ED1DA
:104630003846FFF762FC50B100220421FFF7B0FCBE
:10464000012803D0811E4842484140002070346058
:10465000002400F085BE2B680122042128461B6837
:1046600098470446A0B9074B4146074A4046019384
:1046700040F251130093054BFFF706FC012400F0B4
:104680006FBE00BFB9FA0008A2FA000861FA00087C
:104690003846FFF776FC0828814637D13846FFF7C1
:1046A0002CFC074690B300220421FFF779FC494611
:1046B000C3B238465A1E042A4FF0000288BF0023B6
:1046C0002370FFF755FC00384FF000024FF00A014D
:1046D00018BF0120A0703846FFF74AFC00384FF0A1
:1046E00000024FF0060118BF0120E0703846FFF7C6
:1046F00057FC50B1012808D0B1494046FFF7B6FB3E
:1047000021462846FFF7EEFBB8E7607034600024CE
:1047100000F026BE2B68042228461B6811469847E5
:10472000044668B9A74B4146A74A4046019340F268
:104730006F1301240093A54BFFF7A6FB00F010BEFA
:104740003846FFF71EFC09280AD13846FFF7D5FB8B
:1047500030B19FED9F0A0421FFF72BFC84ED000A86
:104760003460002400F0FCBD2B6804220821284698
:104770001B689847044668B9924B4146924A4046A6
:10478000019340F2791301240093904BFFF77CFBD7
:1047900000F0E6BD3846FFF7F4FB0A2815D138468D
:1047A000FFF7ABFB054680B100220621FFF7F8FBBF
:1047B0000421C3B228465A1E042A4FF0000288BFC3
:1047C00000232371FFF7E3FB20603460002400F036
:1047D000C7BD2B68012228461B681146984704462E
:1047E00068B9784B4146784A4046019340F28513B8
:1047F00001240093754BFFF747FB00F0B1BD38462D
:10480000FFF7BFFB15280DD13846FFF776FB48B1FF
:1048100000220421FFF7C4FBC3B25A1E042A88BF3A
:10482000002323703460002400F09ABD2B6801221D
:1048300028461B6811469847054668B9614B4146B2
:10484000614A4046019340F28F13012400935F4B6D
:10485000FFF71AFB00F084BD3846FFF792FB0B28E8
:104860000DD13846FFF749FB48B100220421FFF77C
:1048700097FBC3B25A1E042A88BF23462B703560AB
:1048800000F06EBD2B68012228461B681146984730
:10489000044668B94B4B41464B4A4046019340F2AF
:1048A000991301240093494BFFF7EEFA00F058BD2D
:1048B0003846FFF766FB1D280DD13846FFF71DFB74
:1048C00048B100220421FFF76BFBC3B25A1E042A31
:1048D00088BF002323703460002400F041BD2B68A2
:1048E000012228461B6811469847044668B9354B93
:1048F0004146354A4046019340F2A31301240093F8
:10490000324BFFF7C1FA00F02BBD3846FFF739FBF9
:104910001C280DD13846FFF7F0FA48B100220421D7
:10492000FFF73EFBC3B25A1E042A88BF0023237040
:104930003460002400F014BD2B68012228461B6857
:1049400011469847044668B91E4B41461E4A4046E8
:10495000019340F2AD13012400931C4BFFF794FA2E
:1049600000F0FEBC3846FFF70CFB0C280DD1384692
:10497000FFF7C3FA48B100220421FFF711FBC3B2CD
:104980005A1E042A88BF002323703460002400F0DC
:10499000E7BC2B680422102128461B689847044670
:1049A000C0B9084B4146084A4046019340F2B7134C
:1049B00001240093054BFFF767FA00F0D1BC00BF5C
:1049C000CBFA0008B9FA0008A2FA000861FA000858
:1049D000000000003846FFF7D4FA0D2821D13846F0
:1049E000FFF78BFA0546E0B100220421FFF7CFFA6A
:1049F0000621206028461FED0A0AFFF7DAFA08218F
:104A0000284684ED010A1FED0E0AFFF7D2FA0A21AB
:104A100084ED020A28461FED120AFFF7CAFA84ED58
:104A2000030A3460002400F09BBC2B680422102190
:104A300028461B689847044668B9BA4B4146BA4AAB
:104A4000404601934FF4E2730093B84BFFF71CFA12
:104A5000012400F085BC3846FFF793FA0E283FD1B9
:104A60003846FFF74AFA0746002839D000220421C9
:104A7000FFF796FA0621C0B29FEDAD0A431E042B44
:104A800088BF002020703846FFF793FA0821384687
:104A900084ED010A9FEDA60AFFF78BFA00220A2196
:104AA000384684ED020AFFF77BFA58B1012809D095
:104AB000C2B2A0494046FFF7D9F921462846FFF780
:104AC00011FAC5E7207300220C213846FFF750FA8F
:104AD000003818BF012060733460002400F040BC2F
:104AE00095494046FFF7C2F9E7E72B6804221021F9
:104AF00028461B689847044668B98A4B41468A4A4B
:104B0000404601934FF4F27301240093874BFFF763
:104B1000BBF900F025BC3846FFF733FA472832D1FD
:104B20003846FFF7EAF9054668B300220421FFF78B
:104B300037FA0621C0B29FED7E0A431E042B88BFC0
:104B4000002020702846FFF734FA0821284684ED1B
:104B5000010A9FED770AFFF72CFA00220A2184ED63
:104B6000020A2846FFF704FA00384FF000024FF01F
:104B70000C0118BF012020732846FFF7F9F900380F
:104B800018BF0120607334600024E9E32B6804221D
:104B9000102128461B689847044660B9614B41467E
:104BA000614A4046019340F2F513012400935F4BA4
:104BB000FFF76AF9D4E33846FFF7E3F945283ED119
:104BC0003846FFF79AF90546002838D0002204211C
:104BD000FFF7E6F90621C0B29FED550A431E042BEC
:104BE00088BF002020702846FFF7E3F908212846F7
:104BF00084ED010A9FED4E0AFFF7DBF9002284EDF8
:104C0000020A0A212846FFF7B3F900384FF00102E3
:104C10004FF00C0118BF012020732846FFF7A8F9B8
:104C200000384FF000024FF00E0118BF01206073F2
:104C30002846FFF79DF9003818BF0120A0733460A3
:104C400000248DE32B680122022128461B68984727
:104C5000044660B9334B4146334A4046019340F223
:104C6000062301240093314BFFF70EF978E3384611
:104C7000FFF787F90F281AD13846FFF73EF90546A6
:104C8000A8B100220821FFF773F900384FF00002A5
:104C90004FF00A0118BF012020702846FFF768F97D
:104CA000003818BF012060703460002458E30020F1
:104CB0002070F8E72B680122022128461B689847DC
:104CC000044660B9174B4146174A4046019340F2EB
:104CD000172301240093154BFFF7D6F840E338461D
:104CE000FFF74FF94A281AD13846FFF706F905466B
:104CF000A8B100220421FFF73BF900384FF0000271
:104D00004FF0060118BF012020702846FFF730F948
:104D1000003818BF012060703460002420E30020B8
:104D20002070F8E7B9FA0008A2FA000861FA000852
:104D300000000000F5FA000814FB00082B680422AC
:104D4000242128461B689847814660B9A74B4146F5
:104D5000A74A4046019340F2252301240093A54B26
:104D6000FFF792F8FCE23846FFF70BF911281AD149
:104D70003846FFF7C2F80446A8B10421FFF7B5F89A
:104D800088B154F800A027189B4B4246494607EBD0
:104D90000A00FFF787F80446002840F0BC8457F863
:104DA0000A30C9F820300024C6F80090D8E22B68F9
:104DB00004220C2128461B689847044660B98B4B97
:104DC00041468B4A4046019340F237230124009329
:104DD000884BFFF759F8C3E23846FFF7D2F812289C
:104DE00018D13846FFF789F8054698B1002204210A
:104DF000FFF7CDF80022062120602846FFF7C7F80C
:104E00000022606008212846FFF7B2F8003818BF7A
:104E10000120207234600024A2E22B68042228467C
:104E20001B6811469847044660B9704B4146704A6A
:104E30004046019340F24323012400936D4BFFF75A
:104E400023F88DE23846FFF79CF8132808D138463E
:104E5000FFF753F820B100220421FFF798F82060F3
:104E6000346000247CE22B68042228461B6811462B
:104E70009847044660B95D4B41465D4A4046019300
:104E800040F24D23012400935A4BFEF7FDFF67E2E9
:104E90003846FFF776F85E2808D13846FFF72DF838
:104EA00020B100220421FFF772F820603460002452
:104EB00056E22B68042228461B6811469847044690
:104EC00060B94A4B41464A4A4046019340F2572353
:104ED00001240093474BFEF7D7FF41E20025056010
:104EE0003846FFF74EF8172808D13846FFF705F87F
:104EF00020B12A460421FFF74AF8206034600024DC
:104F00002EE22B68012228461B681146984704466A
:104F100060B9364B4146364A4046019340F267231A
:104F200001240093334BFEF7AFFF19E23846FFF739
:104F300028F81B280BD13846FEF7DFFF38B10022D6
:104F40000421FFF715F8003818BF012020703460E5
:104F5000002405E22B68042228461B681146984766
:104F6000044660B9214B4146214A404601934FF423
:104F70001C73012400931F4BFEF786FFF0E13846B7
:104F8000FEF7FFFF232808D13846FEF7B6FF20B111
:104F900000220421FEF7FBFF206034600024DFE1E3
:104FA0002B68042228461B6811469847044660B9BE
:104FB0000E4B41460E4A4046019340F279230124AC
:104FC00000930C4BFEF760FFCAE13846FEF7D9FFAD
:104FD0004F2808D13846FEF790FF20B10022042167
:104FE000FEF7D5FF206034600024B9E1B9FA00086B
:104FF000A2FA000861FA000838FB00082B680422B6
:10500000242128461B689847814660B9AC4B41462D
:10501000AC4A4046019340F2822301240093AA4BFC
:10502000FEF732FF9CE13846FEF7ABFF1E2818D191
:105030003846FEF762FF044698B10421FEF755FF9B
:1050400098B1231827581F44A04B4246494638467A
:10505000FEF728FF0446002840F062833B68C9F849
:1050600020300024C6F800907AE10746ECE72B6870
:105070000422142128461B689847044660B9904BC7
:105080004146904A4046019340F28F230124009309
:105090008D4BFEF7F9FE63E13846FEF772FF2028DC
:1050A00021D13846FEF729FF0546E0B10022042150
:1050B000FEF76DFF0022062120602846FEF767FFFD
:1050C0000022082160602846FEF761FF00220A21C5
:1050D000A0602846FEF75BFF0022E0600C21284616
:1050E000FEF755FF20613460002439E12B6801226E
:1050F00028461B6811469847814660B9704B414667
:10510000704A4046019340F29D23012400936E4B68
:10511000FEF7BAFE24E13846FEF733FF282803D015
:105120000024C6F800901BE13846FEF7E6FE002892
:10513000F6D000220421FEF733FF42464946C0B2B2
:10514000FEF7E6FE04460028EAD049462846FEF768
:10515000C9FE05E12B68012228461B6811469847C5
:10516000814660B9564B4146564A404601934FF43A
:105170002A7301240093544BFEF786FEF0E0384674
:10518000FEF7FFFE392803D00024C6F80090E7E0C0
:105190003846FEF7B2FE0028F6D000220421FEF7C2
:1051A000FFFE42464946C0B2FEF7B2FE0446002862
:1051B000EAD049462846FEF795FED1E02B68042246
:1051C0000C2128461B689847044660B93C4B414671
:1051D0003C4A4046019340F2B323012400933A4BEA
:1051E000FEF752FEBCE03846FEF7CBFE31281AD15E
:1051F0003846FEF782FE0546A8B100220421FEF7DC
:10520000CFFE98B1421E534253415B00002206215B
:1052100023702846FEF7BBFE002260600821284666
:10522000FEF7B5FEA0603460002499E00123EDE7AD
:105230002B68012228461B6811469847044660B92E
:105240001F4B41461F4A4046019340F2BF230124B1
:1052500000931D4BFEF718FE82E03846FEF791FEE4
:1052600032280BD13846FEF748FE38B1002204211F
:10527000FEF77EFE003818BF012020703460002445
:105280006EE02B68012228461B681146984781462C
:1052900060B90B4B41460B4A4046019340F2C9238B
:1052A00001240093084BFEF7EFFD59E03846FEF766
:1052B00068FE37280CD00024C6F8009050E000BFEC
:1052C000B9FA0008A2FA000861FA000840FB0008D9
:1052D0003846FEF712FE0028EDD000220421FEF72A
:1052E0005FFE42464946C0B2FEF712FE0446002861
:1052F000E1D049462846FEF7F5FD31E02B6804224F
:10530000082128461B689847044660B9A84B4146C7
:10531000A84A4046019340F2D32301240093A64BB0
:10532000FEF7B2FD1CE03846FEF72BFE3B280FD1FE
:105330003846FEF7E2FD054650B100220421FEF793
:1053400026FE0022206006212846FEF720FE60602F
:105350003460002404E099491046FEF787FD0124DB
:10536000204602B0BDE8F0872B68042210212846B1
:105370001B689847044660B98D4B41468D4A4046AC
:10538000019340F2E323012400938B4BFEF77CFD55
:10539000E6E73846FEF7F5FD3A2822D13846FEF713
:1053A000ACFD0546E8B104219FED850AFEF701FE3C
:1053B0000621284684ED000A9FED810AFEF7F9FDDB
:1053C0000022082184ED010A2846FEF7E0FD0022B4
:1053D000A0600A212846FEF7CBFD003818BF012047
:1053E000207334600024BBE72B68042228461B6826
:1053F00011469847044660B96D4B41466D4A404698
:1054000001934FF43C73012400936B4BFEF73CFD7A
:10541000A6E73846FEF7B5FD3D2808D13846FEF729
:105420006CFD20B100220421FEF7B1FD2060346044
:10543000002495E72B680422082128461B6898471A
:10544000044660B95A4B41465A4A4046019340F2DD
:10545000F92301240093584BFEF716FD80E73846E8
:10546000FEF78FFD40280FD13846FEF746FD054672
:1054700050B100220421FEF78AFD0022206006219F
:105480002846FEF784FD60603460002468E72B68DE
:10549000042228461B6811469847044660B9444BCD
:1054A0004146444A4046019340F2033301240093AD
:1054B000414BFEF7E9FC53E73846FEF762FD4B2807
:1054C0000AD13846FEF719FD30B19FED3D0A04219F
:1054D000FEF76FFD84ED000A3460002440E72B687E
:1054E000012228461B6811469847044660B9304B94
:1054F0004146304A4046019340F20D330124009367
:105500002D4BFEF7C1FC2BE73846FEF73AFD4D2840
:105510000CD13846FEF7F1FC40B100220421FEF721
:105520003FFD002814BF02230123237034600024B0
:1055300016E72B68012228461B6811469847044647
:1055400060B91B4B41461B4A4046019340F21A3357
:1055500001240093184BFEF797FC01E73846FEF74D
:1055600010FD50280CD13846FEF7C7FC40B102228E
:105570000421FEF715FD042814BF02230423237021
:1055800034600024ECE62B680422082128461B68BE
:1055900098470446B0B9064B4146064A4046019337
:1055A00040F2273301240093034BFEF76DFCD7E64E
:1055B000B9FA0008A2FA000861FA000848FB0008DE
:1055C000000000003846FEF7DCFC57280FD13846B3
:1055D000FEF793FC054650B100220421FEF7D7FCEC
:1055E0000022206006212846FEF7D1FC606034606E
:1055F0000024B5E62B680422082128461B6898473A
:10560000044660B9494B4146494A4046019340F23D
:10561000323301240093474BFEF736FCA0E63846B0
:10562000FEF7AFFC5C280FD13846FEF766FC054656
:1056300050B100220421FEF7AAFC002220600621BE
:105640002846FEF7A4FC60603460002488E62B68DE
:105650000422082128461B689847044660B9334B4A
:105660004146334A404601934FF44F73012400935F
:10567000304BFEF709FC73E63846FEF782FC5D28E6
:105680000FD13846FEF739FC054650B100220421FF
:10569000FEF77DFC0022206006212846FEF777FCFD
:1056A0006060346000245BE62B68012202212846FA
:1056B0001B689847044660B91C4B41461C4A40464B
:1056C000019340F24633012400931A4BFEF7DCFBB2
:1056D00046E63846FEF755FC652817D13846FEF7F2
:1056E0000CFC054690B100220421FEF741FC003875
:1056F0004FF000024FF0060118BF0120207028462D
:10570000FEF736FC003818BF0120607034600024BA
:1057100026E6002424E649462846FEF7E3FB1FE67A
:1057200049462846FEF7DEFB1AE600BFB9FA000834
:10573000A2FA000861FA00082DE9F0471E4600238E
:105740000F460421336005469046FEF7CEFB044623
:1057500000B12C56082128465FFA84FAFEF7C5FBF3
:1057600060B155F80090BAF17E0F0AD952461C4933
:105770004046FEF77BFB0120BDE8F0874FF00109B2
:10578000F1E7BAF1200F10D03B684A46514638463F
:105790001B689847306000BB124A4B46124940468E
:1057A00052F82420FEF762FBE5E706212846FEF7C3
:1057B0009CFB291860B12B5838463A68043354686A
:1057C0004A461944A0473060B0FA80F04009D3E758
:1057D00006494046FEF74AFBCDE70020CCE700BF74
:1057E0006EFB000898B30308C2FB0008F7FB000833
:1057F00090F82D3030B553B103784168092B0A4633
:105800000CBF04690024531A85699D4201D8002009
:1058100030BD02F8014BF6E7F8B5002206460C460B
:1058200000232DED028B51EC100BB0EE408AF0EE10
:10583000608AFBF771F9054628B1002333602360C5
:10584000BDEC028BF8BD2046B0EE480AF0EE680AC7
:1058500008F04AFB0022134B51EC100BFAF7F4FE50
:1058600041EC100B08F0E8FD51EC100BFBF716FAB9
:105870004FF000420346824275EB010701DA08F05F
:10588000F6FEA94208BF904201BF2368013323609E
:105890004FF0804322681F32BCBF00232360336077
:1058A000CEE700BF0000E04138B5002205460C46B7
:1058B0000D4B2DED028B51EC100BB0EE408AF0EE4B
:1058C000608AFBF751F908B908F0D1FEB0EE480A3A
:1058D000F0EE680A21462846FFF79EFF2368002B5A
:1058E000F2DBBDEC028B38BD0000F03FF7B555ECA4
:1058F000104B07460E4600220D4B20462946FBF76B
:1059000015F908B908F0B3FE002200232046294605
:10591000FBF72AF90028F5D001A9384645EC104BD1
:10592000FFF77AFF019B002BECDC336003B0F0BD86
:105930000000F03F000000002DE9F84F4FF0004359
:1059400093468A4623FA00F02DED028B57EC106B3C
:1059500059EC118BFAF70EFE04460D4642464B46B3
:1059600030463946FAF770FE02460B462046294675
:10597000FAF76AFE02460B4643EC182B0AA3D3E95A
:105980000023FBF7F1F808B19FED078BB0EE480A52
:10599000F0EE680A59465046BDEC028BBDE8F84F60
:1059A000FFF782BFAFF300800000C0FFFFFFDF41C1
:1059B0002DE9F843012481461546884604FA00F093
:1059C0000138FAF7D7FD0646A5EB09000F46C0F1EE
:1059D0002003A0F1200104FA00F024FA03F304FAF2
:1059E00001F11943FAF702FE02460B4630463946EA
:1059F000FAF72AFEC8F120030F46A8F1200124FA85
:105A000003F3064604FA01F104FA08F01943FAF721
:105A1000EDFD02460B4630463946FAF73FFF41ECB2
:105A2000100B08F08DFC51EC100BFBF7A7F8BDE84C
:105A3000F88390ED007A4068C0EE077AF8FE677A46
:105A4000FDEEE77A17EE903A0344184670470000DF
:105A5000D1ED037A92ED037A67EE877A73B5F5EEAE
:105A6000C07A1E46F1EE10FA09DA0F4B0F4A009386
:105A7000A22344690E49A047012002B070BD17EE71
:105A8000900AFAF789FD04460D46F068FAF784FD9E
:105A90000B46024629462046FAF700FF069BC3E95B
:105AA00000010020E9E700BF3F0101080A010108E9
:105AB000A2FA0008000000002DE9F74F1646044640
:105AC000C8689A460D46FAF767FD80468946F06831
:105AD000FAF762FD02460B4640464946FAF7B4FD26
:105AE00080468946DDE90C7BBAF1000F1BD0DAF85D
:105AF0000C00FAF751FD02460B4640464946FAF7BC
:105B0000EBFB804621F00049F868FAF745FD0246B4
:105B10000B4640464946FAF7C1FE12A3D3E90023DB
:105B2000FBF70EF850B13B46324629462046CDF8E9
:105B300030B003B0BDE8F04FFFF78ABF064B2046F8
:105B4000064A0093952365690549A847012003B0DB
:105B5000BDE8F08FAFF30080580101080A01010889
:105B6000A2FA00087B14AE47E17A943F7FB51D4648
:105B70001378072B0DD0092B21D0032B23D0254BD5
:105B8000254A0093D52344692449A047012004B045
:105B900070BD47F6FF74224E13690129D268039342
:105BA000029213D19FED1F0A02A8FFF742FF86421F
:105BB000ACBF2E602860089B00201C60E7E77F24B4
:105BC0006FF07F06E8E7FF240026E5E7032911D1FF
:105BD0009FED140A02A8FFF72CFFB1EE080A8642D7
:105BE000ACBF2E60286002A8FFF723FF8442A8BF45
:105BF0000446E0E702290BD1BFEE000A02A8FFF736
:105C000018FFB7EE000A8642ACBF2E602860EAE7B4
:105C10002E60D0E77A0101080A010108A2FA000803
:105C20000080FFFF000000002DE9F04F97B0044610
:105C30008B4615460893209B0493219B0993229B36
:105C40000A93239B0B93249B0C93259B0D93269BDC
:105C50000E93279B0F93289B059391F83030012BCF
:105C60000FD00122CDE90232704B0193704B0093AB
:105C7000302344696F4A7049A047012017B0BDE83E
:105C8000F08F92F83020012A08D0CDE90223674B2B
:105C900001936A4B009332234469EBE76A6B3AB98C
:105CA000674B00933D234469624A6649A047E4E795
:105CB000D2F80080B8F1000F04D1634B00933E236B
:105CC0004469F1E7D8F80060012E36DD0B78092B26
:105CD00006D0072B04D05D4B009342234469E3E7D1
:105CE0002B78092B0DD00922CDE90232584B0193B4
:105CF000584B0093442365694E4A20464E49A847B5
:105D0000BBE7059B9E4208D0CDE90263524B01934D
:105D1000524B009345236569EEE7AB68926803EB4D
:105D200082035B68B34208D0CDE902634C4B019318
:105D3000494B009346236569DEE7DBED037A08F102
:105D4000040A049B0027CDED067AD3ED037ACDED4E
:105D5000077A059B9F4235DB9BF80030032B1AD155
:105D60000022002359462046CDE9142314AB2A46CD
:105D70000193049B0093089BFFF79EFE00287FF48D
:105D80007DAF13A90A989DED140BFFF745FD139BFA
:105D90000B9A5B4213609BF80030092B43D84FF4F9
:105DA0002270D84010F001003FF468AF0D9B2046F0
:105DB00009992093049A0C9B097817B0BDE8F04F1D
:105DC000FFF7D4BE012E06980AF1040ACCBF5AF898
:105DD000049CD8F80490FAF7DFFBCDE9100148469F
:105DE000FAF7DAFB02460B46DDE91001FAF72CFC64
:105DF000CDE910010798FAF7CFFB02460B46DDE923
:105E00001001FAF74BFD41EC100B14A913A8FFF792
:105E100003FD139B0E9A42F82730149B0F9A42F809
:105E20002730013795E7002028E700BF9A010108D5
:105E3000B40101080A01010880010108CD0101082F
:105E4000E7010108A2FA0008FB0101081602010897
:105E5000570C0108500201085D0201086A0201089E
:105E60008B0201088968806808B5FDF7E3FF0038F8
:105E700018BF012008BD0368052B10B5044603DDDB
:105E8000406808B108F002F8204610BD002908B5A6
:105E900001DA08F0ECFB03688B42FADD052BCBBF7F
:105EA000436800EB810053F82100406808BD2DE9EC
:105EB000F0410B68044606680F46B3421BD008F059
:105EC000D6FB29462046FFF7E1FF804629463846A3
:105ED000FFF7DCFF8045F2D10135B542F1DB052E3D
:105EE0004FF000034FF00100CCBF646804349E42C1
:105EF00003DCBDE8F0810025EFE754F823200133EF
:105F00005043F4E770B5044611B90160204670BDF6
:105F10008D6855F8043B052B4FEA8306036005DCCA
:105F2000201D3246294608F06EFFEFE76FF0604211
:105F3000934234BF30464FF0FF3007F0C9FF23686B
:105F40006060052BEDDCEBE7002908B501DA08F00D
:105F50008EFB03688B42FADD052BCBBF436800EB59
:105F6000810043F82120426008BD38B5036805462A
:105F70000C46052B03DD406808B107F087FF052CB0
:105F80002C6009DD6FF060439C4234BFA0004FF0ED
:105F9000FF3007F09DFF686038BD016800220529C9
:105FA000CCBF4368031D012010B58A4200DB10BD41
:105FB00053F8224001326043F7E72DE9F04198465B
:105FC00013680027054699420E461446076001DA19
:105FD00008F04DFBFFF7C9FF2368F61AB74212DB42
:105FE0002B682268052BCCBF6868281D052A4FEA5C
:105FF000820200EB8600CCBF6168211D08F003FF20
:106000002846BDE8F0813946424628460137FFF769
:106010009BFFE3E770B50568049C042D01D008F0F0
:1060200026FB0029FBDB45688D42F8DD002AF6DB04
:1060300086689642F3DD002BF1DBC5689D42EEDDFC
:10604000002CECDB0069A042E9DD01FB062205FB28
:10605000023300FB034070BD70B50D461646FFF7D6
:106060009CFF04462846FFF798FF05463046FFF799
:1060700094FFAC4201D008F0FAFA8442FBD170BD23
:10608000884210B523D100F100446342634180FB94
:1060900001011C4C0029A8BF4FF08044CBB9231844
:1060A00041EBE471002904DA6FF000401B1841F164
:1060B0000001DB0F43EA4103002AC2F100000BDDBF
:1060C000114B4FF4B371114A114808F0D7FA00236D
:1060D000DDE76FF00043EFE71F3204DA0D4B40F2CB
:1060E00067110A4AF0E70122D90F824043FA00F013
:1060F000013A02EA030401EB62029442C8BF013094
:1061000010BD00BF010000C0C8020108D60201088E
:106110003003010860030108002970B5049C02DB0C
:1061200005688D4201DC08F0A2FA002AFBDB456815
:106130009542F8DD002BF6DB85689D42F3DD002CEF
:10614000F1DBC568A542EEDDD0E90456724305FBDC
:1061500001228169C06901FB032300FB043070BD8B
:106160002DE9F84F04469046084619460A9D0C9EB4
:10617000D4E90B239A4201DD08F079FA0B9AFFF774
:106180006BFF6268814612F1FF0FF5DBA368FF33F6
:10619000B3F5FF7FF0D8FF2AEEDC002727E015F8E3
:1061A00007A0A36862689A4418F80730A0691344EE
:1061B0000AFA00FA03FA00F0D4E90712FFF760FFC9
:1061C00083465046D4E90912FFF75AFF5844D4E9F0
:1061D0000412FFF755FFE368E26A03449342B8BF35
:1061E0001346226B9342A8BF1346F3550137B945B6
:1061F000D5DCBDE8F88F2DE9F84F044690460846F7
:1062000019460A9D0C9ED4E90B239A4201DD08F041
:106210002EFA0B9AFFF720FF6268814612F17F0F7A
:10622000F5DBA3687F33FE2BF1D87F2AEFDC002754
:1062300027E015F907A0A36862689A4418F90730A7
:10624000A06913440AFA00FA03FA00F0D4E907122D
:10625000FFF716FF83465046D4E90912FFF710FFF7
:106260005844D4E90412FFF70BFFE368E26A0344E1
:106270009342B8BF1346226B9342A8BF1346F3550F
:106280000137B945D5DCBDE8F88F2DE9F0430B683F
:1062900093B00468002580460F469C426846164627
:1062A0000095B8BF1C46042321461370FFF75DFE1E
:1062B000AC421EDC01234246214606A8FFF77DFEC4
:1062C00001233A4621460CA8FFF777FE069A0C9B5D
:1062D0009A4215D1052A4FEA8202CBBF079807A838
:1062E0000D990DA908F0B0FC50B9012333700024BA
:1062F00046E02946012268460135FFF725FED7E72B
:10630000013C2546002D10DB294606A8FFF7BEFDFF
:10631000074629460CA8FFF7B9FD874201D1013D88
:10632000F0E7012F25D10223337033789A1E012A1A
:10633000DDD8032B4FF0010507BF0DF1300806AF84
:106340000DF118080CAFC6E90F55C6E91155002C20
:10635000F56414DB21464046FFF798FD814621464F
:106360003846FFF793FD814517D109FB05F5013C40
:10637000EDE7012801D10323D6E70423337001247C
:106380000CA8FFF778FD06A8FFF775FD6846FFF734
:1063900072FD204613B0BDE8F083002CEFDB2146F0
:1063A0004046FFF773FD012808D121463846FFF724
:1063B0006DFDB36C013C4343B364EEE7002CDEDBC0
:1063C00021464046FFF762FD054621463846FFF765
:1063D0005DFD854204D1736C013C6B437364EDE752
:1063E000002CCCDB21463846FFF750FD012808D1B0
:1063F00021464046FFF74AFD336C013C434333647A
:10640000EEE7002CBBDB21464046FFF73FFD05468B
:1064100021463846FFF73AFD8542AED1F36B013C89
:106420006B43F363EDE700002DE9F04F2DED068B94
:1064300081B081468A46104619461D461646DDE95A
:106440001084FFF70FFD80F0010098F800302070F5
:10645000032B01D0092B6FD1336904F1040B96EDA6
:1064600003AA5B4295ED038AA362B4EEC8AA2B6926
:1064700004F114055B42F1EE10FAE362D8F8103033
:1064800054BF1AEE100A18EE100A23631423636235
:10649000FAF782F802460B46F9F720FF06460F4648
:1064A00018EE100AFAF778F832463B46FAF7F6F992
:1064B00041EC190BD8F80C00FAF76EF80022214BCA
:1064C000FAF7C2F802460B4630463946FAF7E6F9C3
:1064D00041EC180B1AEE100AFAF75EF832463B460A
:1064E000FAF7DCF941EC100B59462846FFF7FEF9A4
:1064F000B0EE490AF0EE690A04F1080104F118004F
:10650000FFF7F4F904F1200104F11C00B0EE480A91
:10651000F0EE680AFFF7EAF904F110034246484634
:10652000109304F10C039AF8001001B0BDEC068B37
:10653000BDE8F04FFFF71ABB002001B0BDEC068BA1
:10654000BDE8F08F0000304100487047180000207F
:10655000F8B5064601F1100503240127214630460F
:10656000FFF794FC214645F8040D30462F61FFF7F4
:106570008DFC013C00FB07F7F0D2F8BD2DE9F0419E
:106580000D468CB01C4616460AB908F070F8002B70
:10659000FBD00246012304216846FFF70EFD2A4680
:1065A00000250123042106A8FFF707FDA846314670
:1065B0006846FFF7CDFF214606A8FFF7C9FF294629
:1065C0006846FFF763FC0746294606A8FFF75EFC0E
:1065D000874207D0012F12D106F1100343F825801E
:1065E00046F8250001350434042DE8D106A8FFF74C
:1065F00042FC6846FFF73FFC0CB0BDE8F081012883
:10660000C3D1C4F810802760ECE72DE9F04D2DEDE3
:10661000048B98B082469346084608AA194600247F
:1066200010AB269FFFF7AAFF0123259A042102A899
:10663000FFF7C3FC002102A8FFF728FCA0425ADCA8
:1066400002A8FFF718FC18B0BDEC048BBDE8F08D74
:1066500043462A462146009608A8FFF75DFD4346BB
:106660000BEB80002A46214690ED008A10A8009688
:10667000FFF752FD249B9AED0D9A2A4603EB80000A
:10668000DAED0E8A43462146D0ED007A02A8009644
:10669000013638EE278AFFF7BDFC07EB8000B4EE29
:1066A000498AF1EE10FA48BFB0EE498AF4EEC88A82
:1066B000F1EE10FA58BFF0EE488AC0ED008A0321CF
:1066C00002A8FFF7E3FBB042C2DC08F10108022197
:1066D00002A8FFF7DBFB404508DC0135012102A8D9
:1066E000FFF7D4FBA84203DC0134A3E70026E6E76A
:1066F0004FF00008EBE70025F0E700001278F0B556
:10670000012A2DED028BABB0DDE93254349E3DD031
:10671000032A40D0F7EE007A022ADFED388A9FED97
:10672000388A47FEA88AFFEE007A07FE888A1B781F
:1067300010AF294604A88DED238ACDED248A6BB3D2
:10674000FFF7E0FB05B16D6821460AA8FFF7DAFB09
:1067500004B1646831463846FFF7D4FB06B1766869
:106760000AAB2A4604A916A80094CDE90176FFF7E2
:106770004CFF3846FFF77FFB0AA8FFF77CFB04A815
:10678000FFF779FB2BB0BDEC028BF0BDDFED1B8A70
:106790009FED1C8ACBE7F1EE088AF9E7FFF7B2FB21
:1067A00005B16D6821460AA8FFF7ACFB04B1646827
:1067B00031463846FFF7A6FB06B176683A460AA985
:1067C00004A8FFF749FC00239842D2DDF5EC017ADA
:1067D000B4EC017A77EE877AF4EEC87AF1EE10FA2B
:1067E00009D4F4EE687AF1EE10FA78FEA77A013354
:1067F000E6EC017AE8E7F0EE487AF8E7FFFF7F7F02
:10680000FFFF7FFF000000002DE9F04F99B0044624
:106810009246084608AA1946002510ABFFF7AEFEBF
:106820000123239A042102A8FFF7C7FB002102A835
:10683000FFF72CFBA84267DC02A8FFF71CFB19B08E
:10684000BDE8F08FD4F804903B4632462946CDF897
:10685000008008A8FFF760FC1AF900B03B463246FA
:10686000CB442946D4F8089010A8CDF80080FFF753
:1068700053FC229BD4F818C01B560BFA0CF0994419
:10688000D4E9071209FA0CF9FFF7FAFB83464846E8
:10689000D4E90912FFF7F4FB5844D4E90412FFF7D6
:1068A000EFFBE3683246294600EB0309E36A02A8DE
:1068B0009945B8BF9946236BCDF8008008F10108CF
:1068C0009945A8BF99463B46FFF7A4FB249B03F8D4
:1068D0000090032102A8FFF7D9FA4045B2DC013746
:1068E000022102A8FFF7D2FAB84208DC01360121E2
:1068F00002A8FFF7CBFAB04204DC013596E74FF06F
:106900000008E6E70027EBE70026F0E72DE9F04F67
:1069100099B004469246084608AA1946002510ABCD
:10692000FFF72CFE0123239A042102A8FFF745FB61
:10693000002102A8FFF7AAFAA84267DC02A8FFF725
:106940009AFA19B0BDE8F08FD4F804903B4632466D
:106950002946CDF8008008A8FFF7DEFB1AF800B042
:106960003B463246CB442946D4F8089010A8CDF8CF
:106970000080FFF7D1FB229BD4F818C01B5C0BFAF8
:106980000CF09944D4E9071209FA0CF9FFF778FBE7
:1069900083464846D4E90912FFF772FB5844D4E90C
:1069A0000412FFF76DFBE3683246294600EB03094A
:1069B000E36A02A89945B8BF9946236BCDF80080D9
:1069C00008F101089945A8BF99463B46FFF722FB0D
:1069D000249B03F80090032102A8FFF757FA4045D3
:1069E000B2DC0137022102A8FFF750FAB84208DCF6
:1069F0000136012102A8FFF749FAB04204DC013553
:106A000096E74FF00008E6E70027EBE70026F0E7FF
:106A1000F0B51E46ABB0436A14460D461C93836A1C
:106A2000179343691D9343681E93C36A1893836940
:106A30001F9383682093036B1993C3691A93036AA6
:106A40001B93D0E9032310A8CDE92123FFF75AFABD
:106A500021460AA8FFF756FA0AA916AA10A8FFF7B6
:106A600014FC07460AA8FFF706FA10A8FFF703FA76
:106A70003378294610A8092B3ED11FB3FFF742FAFD
:106A800005B16D6821460AA8FFF73CFA04B16468B5
:106A9000314604A8FFF736FA73682A4610A9029314
:106AA00004AB16A8CDE900430AABFFF7ADFE04A87E
:106AB000FFF7E1F90AA8FFF7DEF910A8FFF7DBF905
:106AC0002BB0F0BDFFF71EFA05B16D6821460AA88C
:106AD000FFF718FA04B16468314604A8FFF712FA08
:106AE00073682A4610A9029304AB16A8CDE90043A7
:106AF0000AABFFF780FBDAE7CFB1FFF703FA05B186
:106B00006D6821460AA8FFF7FDF904B164683146B3
:106B100004A8FFF7F7F973682A4610A9029304AB9B
:106B200016A8CDE900430AABFFF7F0FEBFE7FFF779
:106B3000E9F905B16D6821460AA8FFF7E3F904B148
:106B40006468314604A8FFF7DDF973682A4610A986
:106B5000029304AB16A8CDE900430AABFFF700FB94
:106B6000A5E708B51846049B1A78032A01D0092A1C
:106B700003D1DDE90212FFF74BFF002008BD000042
:106B80002DE9F04F0E46D0F8088095B0496933687A
:106B900005460DF11C0A04915A689B6808EB82199E
:106BA000726808EB831357684A4605934FEA871BC0
:106BB00008EB8717CDE9007AFFF736FC044678B971
:106BC00018F80B000128DDE904130DD10A46284608
:106BD0003146CDF80090CDE901375346FFF78EFDE1
:106BE000204615B0BDE8F08F032801D009280BD14D
:106BF0000A4628463146CDF80090CDE90137534684
:106C0000FFF7AFFF0446EBE76C69FDF723F918F8CF
:106C10000B30024602492846A0470124E0E700BFA6
:106C20006F030108836B13B50BB907F020FD002437
:106C300001AA282101949847012814BF01982046F1
:106C400002B010BD70B515461E46FFF71FF9044689
:106C500031462846FFF71AF9844201D007F007FDB4
:106C600070BD000038B522EAE2735442984024EA2D
:106C7000E474884221D100F100456B426B4180FBF6
:106C80000101174D0029A8BF4FF08045BBB92B1853
:106C900041EBE571002904DA6FF000401B1841F167
:106CA0000001DB0F43EA41031F320BDA0D4B40F2C8
:106CB00067110D4A0D4807F0E1FC0023DFE76FF094
:106CC0000043F1E70122D90F43FA04F0A240013A50
:106CD00002EA030501EB62029542C8BF013038BDEC
:106CE000010000C060030108D6020108300301085A
:106CF0002DE9F04F9A469FB043691193B0F90A30DD
:106D00000A93B0F90C300B93B0F90E300C93B0F934
:106D100010300D93B0F902300E93B0F904300F9398
:106D2000C3691293836A0793C36ACDE91B12089360
:106D3000DDE90732934201DD07F099FCDAF8003013
:106D4000042BF9D1299B1B68042BF5D12D9B1B68C3
:106D5000042BF1D100232D9A50461946FFF772FFFC
:106D60000323299A194613905046FFF76BFF03231C
:106D7000149000212D9A2998FFF764FF2C9B09900D
:106D80002BB12B98FFF709F9099B9842D4D1012127
:106D90005046FFF77BF8022115905046FFF776F832
:106DA000012116904FF000092998FFF76FF8022192
:106DB00017902998FFF76AF8012118902D98FFF78E
:106DC00065F8022119902D98FFF760F81A90139B2F
:106DD000994580F293800F9B4FF0000B5B42069326
:106DE00080E01D9B002B1FDB169BBB421CDD159B0F
:106DF000B34219DD3B46324649465046CDF8008045
:106E0000FFF708F921461090CDF800802998DDE9B8
:106E10000323FFF7FFF8109A289B9B56119A1344FF
:106E20002A9A125602FB035508F10108149B984553
:106E3000D7DB049B013304930C9B1F44049B189ADB
:106E4000934205DA47EA06034FF000081D93EDE789
:106E5000039B013303930D9B1E44039B179A93429C
:106E600003DA0023059F0493E8E72C9B13B153F842
:106E700024301D441C9B284653F824201B9B53F8A8
:106E80002410FFF7EFFE129B00945A46C518079B8B
:106E900049462D989D4204F10104B8BF1D46089B48
:106EA0009D42A8BF1D46029BFFF7B4F82E9B1D54C0
:106EB000099B9C4205DA0025069E0395CDE7002438
:106EC000F6E7029B0A9A01330293059B134405934C
:106ED000029B1A9A9342F2DB069B0BF1010B0B9A71
:106EE00013440693199B9B4505DA0E9B5B42059361
:106EF00000230293ECE709F1010968E71FB0BDE840
:106F0000F08F012803D0022806D0002070471944D2
:106F1000013991FBF3F07047013A0098194442435C
:106F20000132891AF5E700002DE9F04FD1F8008011
:106F30009B4691B00646D8F800A01546209CAAF1C1
:106F40000203012B0AD9494B494A00934F23446954
:106F50004849A047012011B0BDE8F08FD1F8049056
:106F6000D9F80030012B0CD001224349CDE902327F
:106F7000424B3F4A0193424B009350234469A04740
:106F8000E8E71378594617690E9393680E980B93A8
:106F900053680C9353691B9A0D9300970C9BFFF752
:106FA000B0FF0D9B1C9A1A990F9000930E980B9BA3
:106FB000FFF7A7FF1C9B0D9A0138013B0F99534324
:106FC0000B9A013302FB00331A9A9B1A1B9A013A5F
:106FD00023EAE3737A434F1E0C99013201FB072227
:106FE000A2EB0B0222EAE272511002F001022160D0
:106FF000591003F00103A2606160E3609DF87C30EA
:10700000012B30D0B068BAF1030FD8F80410D8F8CB
:10701000082000EB811100EB821222D1D8F80C304D
:107020005F1C1ED000EB831397680C357F680897B0
:10703000E7690797A7690195069704F12407059763
:1070400004F12007049704F1140710340397029405
:10705000D9F8044000EB841000903046FEF7E4FDC0
:1070600079E70023E0E7002075E700BFBF030108D0
:107070008B030108A2FA000880010108AB0B01088C
:10708000E30301082DE9F04F0F698FB004460D4668
:107090000FB907F0ECFAD1F81480B8F1000FF8D06E
:1070A0000A68D0F808A0536896684FEA831B0AEB79
:1070B00083130AEB86169B68DA689B68089209932B
:1070C000B368DA680A929A680B924A6852680AEBC7
:1070D00082129268D168D2F8089007F118020C91D8
:1070E0005968836B89000D91984738BBA36B07F1F2
:1070F0001C020D992046984700BB1AF80B20092A5C
:1071000045D196F83030012B0DD00122CDE9023265
:10711000284B0193284B009395236569274A204605
:107120002749A84709E0736B5BB9264B00939A2364
:107130006569224A20462449A84701200FB0BDE8CE
:10714000F08F186820B9214B00939B236569F0E705
:10715000596821B91E4B00939C236569E9E70368D0
:10716000012B08D0B0684068834204D0194B0093CB
:107170009E236569DDE709688B4208D0CDE90231BD
:10718000154B0193154B0093A2236569C6E70C9B31
:1071900029462046CDF8109003930B9B02930A9B3F
:1071A0000193099BCDE9052700934246089BFFF711
:1071B000BBFEC3E79A010108CD0101088B0301085A
:1071C00080010108E7010108A2FA0008FB0101089B
:1071D000F703010817040108900401086A02010876
:1071E0002DE9F04FC1B0DDE94A654F9C22A8316915
:1071F0004C9F0A9129690B9121691491B3F90010F0
:107200000C91B3F904100D91B2F904100E91B2F97A
:1072100008100F91B2F91010B2F9142010913146F4
:1072200011921A6912925A69524213921A6A5B6A4F
:1072300007920893FEF766FE7368294628A81793FD
:10724000FEF760FE6B6839462EA81693FEF75AFECD
:1072500007B17F68214634A8FEF754FE63684D9954
:107260003AA81593FEF74EFEDDE90732934201DDA1
:1072700007F0FDF9229B042BFAD1289B042BF7D1B0
:10728000349B042BF4D1002334AA22A81946FFF71B
:10729000D9FC032328AA1890194622A8FFF7D2FC8C
:1072A0000323199034AA002128A8FFF7CBFC0990EA
:1072B0002FB12EA8FEF771FE099B8342D8D1012180
:1072C00022A8FEF7E3FD02211A9022A8FEF7DEFDB8
:1072D00001211B9028A8FEF7D9FD02211C9028A8A7
:1072E000FEF7D4FD4FF0000901211D9034A8FEF7F0
:1072F000CDFD02211E9034A8FEF7C8FD1F90189BFB
:107300004B4540F391800D9B4FF0000B5B42069381
:107310007CE00025DDF818A004951C9B049A93429C
:1073200042DD0023059E03932EE0219B002B21DBF1
:107330001B9BB3421EDD1A9B53451BDD3346524651
:10734000494622A8CDF80080FEF764FE2146209031
:1073500028A8CDF80080DDE90332FEF75BFE209A15
:10736000179B0B999B5C0A9A9B1A169A125C521AED
:1073700002FB035508F10108199B4345D5DC039B2B
:1073800001330393109B1E441D9B039A934205DD1A
:107390004AEA06034FF000082193EDE7049B01330E
:1073A0000493119B9A44B8E717B157F824301D4451
:1073B0002846DDE91212FFF755FC149B00945A464B
:1073C0001D18079B494634A89D4204F10104B8BF2B
:1073D0001D46089B9D42A8BF1D46029BFEF71AFE54
:1073E000159B1D54099BA34293DC029B0E9A01330B
:1073F0000293059B134405931F9B029A93420EDC54
:10740000069B0BF1010B0F9A134406931E9B5B45E1
:1074100007DD0C9B5B42059300230293ECE70024FD
:10742000E0E709F101096AE73AA8FEF724FD34A86C
:10743000FEF721FD2EA8FEF71EFD28A8FEF71BFD76
:1074400022A8FEF718FD41B0BDE8F08F2DE9F04FFE
:10745000B1B0DDE93A64DDE93C5931690AA8494235
:107460002791D9F8101029919168ADF894105168BE
:10747000ADF8921051691269ADF898103146ADF827
:1074800096205A68ADF88C201A68ADF88A201A6ADE
:107490002C925A6AD3E906A32D920993FEF732FD86
:1074A000D6F804B010AE21463046FEF72BFD04B1ED
:1074B000646816AF29463846FEF724FD05B16D68AD
:1074C0000DF1700849464046FEF71CFDD9F804301E
:1074D000099A514622A8CDF800B0CDE90583CDE93F
:1074E00003750AABCDE90164FFF702FC4046FEF7E5
:1074F000C2FC3846FEF7BFFC3046FEF7BCFC0AA8CB
:10750000FEF7B9FC31B0BDE8F08F0000117B2DE92A
:10751000F04F01292DED048BB5B0449D47D00329D0
:107520004AD0F7EE007A02299FED9D9ADFED9D8A01
:1075300007FE899AFFEE007A47FEA88AB3F9001089
:1075400016A8B3F9043007910893B2F904304299B0
:107550000993B2F908300A93B2F910300B93B2F9DB
:1075600014300C93FEF7CEFC429B0BB15B68429348
:1075700043991CA8FEF7C6FC439B0BB15B68439381
:10758000294622A8FEF7BEFC05B16D68479928A8D8
:10759000FEF7B8FC479B0BB15B68479345992EA853
:1075A000FEF7B0FC169B042B09D007F060F89FEDA6
:1075B0007C9ADFED7D8AC1E7B1EE089AF9E71C9B62
:1075C000042BF2D1289B042BEFD1002328AA16A864
:1075D0001946FFF737FB03231CAA0D90194616A87E
:1075E000FFF730FB03230E9028AA00211CA8FFF709
:1075F00029FB06902DB122A8FEF7CFFC069B834203
:10760000D3D1012116A8FEF741FC02210F9016A844
:10761000FEF73CFC012110901CA8FEF737FC02216C
:1076200011901CA8FEF732FC0121129028A8FEF749
:107630002DFC0221139028A8FEF728FC00231490AB
:107640000293029A0D9B934240F39680089B4FF061
:10765000000B5B4204937BE0049F4FF0000ADFEDD8
:10766000529A119B53453FDD059E4FF000092DE0D6
:10767000159B002B21DB109BB3421EDD0F9BBB42F1
:107680001BDD33463A46029916A8CDF80080FEF776
:10769000C1FC429B5246214603EB80004B4690EDD5
:1076A000008A1CA8CDF80080FEF7B4FC439B03EBD6
:1076B0008000D0ED007AE8EE279A08F101080E9BD1
:1076C0004345D5DC0B9B09F101091E44129B4B4538
:1076D00005DD47EA06034FF000081593EFE70C9B22
:1076E0000AF1010A1F44BCE7002D3AD005EB8403E0
:1076F00093ED008A38EE298A039B5A46029928A8FE
:107700000094FEF787FCB4EEE88A479BF1EE10FA8E
:1077100003EB800028D4B4EE498AF1EE10FA39FE6A
:10772000088A013480ED008A069BA34294DC039B07
:10773000099A01330393059B13440593149B039A01
:10774000934214DC049B0BF1010B0A9A134404933B
:10775000139B5B450DDD079B5B4205930023039361
:10776000ECE79FED118AC5E7B0EE688AD9E70024FF
:10777000DAE7029B013363E72EA8FEF77CFB28A81B
:10778000FEF779FB22A8FEF776FB1CA8FEF773FB39
:1077900016A8FEF770FB35B0BDEC048BBDE8F08F8A
:1077A000FFFF7F7FFFFF7FFF000000004B684A69FB
:1077B0002DE9F04186680446586886B00B6806EBF0
:1077C00080109D685F6806EB851E1D684FEA87186C
:1077D000022D06EB871708DDDD686B1C05D006EB74
:1077E00085150B691BB906F042FF0025F9E716F86D
:1077F00008C0BCF1030F1DD0BCF1090F10D0BCF1C3
:10780000010F22D1059000200097CDE90300CDE9BA
:1078100001E52046FFF77AFE002006B0BDE8F081C2
:1078200000260097CDE90306CDE901E52046FFF7E4
:107830000DFEF1E7059000200097CDE90300CDE9AA
:1078400001E52046FFF7CCFCE6E760466569FCF7FA
:1078500001FB16F80830024602492046A8470120DD
:10786000DBE700BF6F0301080048704738000020C5
:10787000836B13B50BB906F0FAFE002401AA282188
:1078800001949847012814BF0198204602B010BD0A
:107890002DE9F04F9A469FB0B0F90A300C93B0F939
:1078A0000C300D93B0F90E300E93B0F910300F93E9
:1078B000B0F902301093B0F904301193B0F91230DE
:1078C000069343691393C3691493836A0993C36A44
:1078D0000A93DAF80030042BCDE91C1201D006F02F
:1078E000C6FE299B1B68042BF9D12D9B1B68042B1A
:1078F000F5D1DDE909329342F1DC00232D9A50469F
:107900001946FFF79FF903232D9A194615902998D8
:10791000FFF798F9012104465046FEF7B7FA022115
:1079200016905046FEF7B2FA032117905046FEF724
:10793000ADFA01210B902998FEF7A8FA02211890C0
:107940002998FEF7A3FA012119902D98FEF79EFAC7
:1079500002211A902D98FEF799FA069B0B9A1B901C
:1079600002FB03F5A542BAD12B98FEF716FBA842FD
:10797000B5D14FF000098CE00025DDF8208004959A
:10798000049B189A934234DA0023079F059326E05C
:1079900057EA08031ED4179BBB421BDD169B4345C9
:1079A00018DD039B42464946504600933B46FEF78E
:1079B00031FB0021129000942998DDE90423FEF7A1
:1079C00029FB129A289B9B56139A13442A9A125603
:1079D00002FB0355059B013305930E9B1F44059B3A
:1079E000199A9342D4DB049B013304930F9B984470
:1079F000C6E72C9B13B153F824301D441D9B284629
:107A000053F824201C9B53F82410FFF72BF9149BE8
:107A100000945A46C518099B49462D989D4204F189
:107A20000104B8BF1D460A9B9D42A8BF1D46029B8C
:107A3000FEF7F0FA2E9B1D54A31B069A9A429BDC7C
:107A4000039B164401330393039B0B9A93420DDB74
:107A5000029B0C9A01330293079B13440793029BEA
:107A60001B9A934204DA00260396EDE73446E3E7D7
:107A7000089B0BF1010B0D9A134408931A9B9B452D
:107A800005DA109B5B42079300230293E7E709F1B5
:107A90000109159B994505DA119B4FF0000B5B42DC
:107AA0000893EBE71FB0BDE8F08F00002DE9F04F21
:107AB0009B46B0F90A308A462DED068B9BB0D0ED7F
:107AC0000C8A90ED0D9A0C93B0F90C3019920D932D
:107AD000B0F90E300E93B0F910300F93B0F90230B8
:107AE0001093B0F904301193B0F9123006930B687B
:107AF000042B01D006F0BBFDDBF80030042BF9D1DC
:107B00002D9B1B68042BF5D100232D9A5046194656
:107B1000FFF798F803232D9A194612905846FFF75D
:107B200091F8012104465046FEF7B0F90221139066
:107B30005046FEF7ABF9032114905046FEF7A6F924
:107B400001210A905846FEF7A1F9022115905846E6
:107B5000FEF79CF9012116902D98FEF797F9022166
:107B600017902D98FEF792F9069B0A9A189002FB3F
:107B700003F5A542BED12B98FEF70FFAA842B9D162
:107B80004FF00009DFED569A9CE008EB0403099ED4
:107B90009FED538A0B9300230493049B159A934201
:107BA00036DA0023089D059328E055EA060320D421
:107BB000149BAB421DDD139BB3421ADD2B463246AC
:107BC000494650460097FEF725FA199B002103EB22
:107BD00080000B9B90ED00AA58460093DDE904233A
:107BE000FEF718FA2A9B03EB8000D0ED007AAAEE8C
:107BF000278A059B013305930E9B1D44059B169A0E
:107C00009342D2DB049B013304930F9B1E44C4E7D1
:107C10002C9B9BB3079BD3ED007A38EE278A0B9BF6
:107C200049462D98009308F10108DDE90223FEF78B
:107C3000F1F9B4EE688A2E9BF1EE10FA03EB8000A6
:107C4000079B48BFB0EE688A04330793B4EE489AA6
:107C5000F1EE10FA48BFB0EE498A80ED008A069B2B
:107C6000984592DB01371C440A9B9F4209DA2C9B02
:107C70004FF0000803EB84030793F0E7F0EE697A16
:107C8000CBE7039B0C9A01330393089B134408939F
:107C9000039B189A934202DA00242746E4E7029BEA
:107CA0000D9A01330293099B13440993029B179A7F
:107CB000934205DA109B5B42089300230393E7E7A6
:107CC00009F10109129B994505DA119B5B42099361
:107CD00000230293EAE71BB0BDEC068BBDE8F08FF2
:107CE000000000002DE9F04F0D6995B004460F46E5
:107CF0000DB906F0BCFC4E69002EFAD00A68D0F827
:107D000008A0536892684FEA83190AEB83130AEBC1
:107D100082181AF809209B681292DA689B680E9202
:107D20000B93D8F80830DA6819690C929A688900C0
:107D3000836B0D9205F118020F919847834650BB53
:107D4000A36B05F11C020F9920469847834610BB90
:107D50001AF80930092B49D198F83030012B0DD091
:107D60000122CDE90232644B0193644B00938823D6
:107D70006569634A20466349A8470AE0D8F8343069
:107D80006BB9614B00938E2365695D4A20465F495C
:107D9000A8474FF0010B584615B0BDE8F08F1968A1
:107DA00021B95B4B00938F236569EEE75A6822B9CE
:107DB000584B009390236569E7E70B68012B09D0C6
:107DC000D8F8081009698B4204D0534B00939123D3
:107DD0006569DAE71268934208D0CDE902324F4B69
:107DE00001934F4B009395236569C2E7D7F8008054
:107DF000D8F800300F93023B012B04D9494B009374
:107E000041236569C1E7D7F804A0DAF80090B9F119
:107E1000010F09D00123CDE90293434B0193434B5A
:107E2000009342236569A4E7D6E901370C9A1093C1
:107E300033780E9911931198109BCDF80090FFF7AD
:107E400060F83B460D9A0B991390CDF8009011986D
:107E5000FFF757F80D9B01380B9A109907FB003379
:107E60009B1A139A571E0C9A23EAE37301FB07220D
:107E70000E99521A22EAE272511002F001022960B0
:107E8000591003F00103AA606960EB60129B012B9B
:107E900081D00F9BA068D8F80410032BD8F80820D5
:107EA00000EB811100EB821223D1D8F80C305F1C5B
:107EB0001FD000EB8313976810363F690897EF696E
:107EC0000797AF690196069705F12407059705F115
:107ED0002007049705F11407103503970295DAF887
:107EE000045000EB851000902046FDF79DFE834670
:107EF00051E70023DFE700BF9A010108CD01010827
:107F0000B604010880010108E7010108A2FA00088F
:107F1000FB010108F7030108F404010890040108BB
:107F20006A020108BF030108AB0B0108E303010863
:107F300000487047580000202DE9F04F9B46A3B041
:107F4000B0F90A308A4621920E93B0F90C300F93A3
:107F5000B0F90E301093B0F910301193B0F902302F
:107F60001293B0F904301393B0F912300893836A76
:107F70000B93C36A0C934369159383691693C36982
:107F80001793036A1893436A19930B68042B01D063
:107F900006F06DFBDBF80030042BF9D12F9B1B683A
:107FA000042BF5D1DDE90B329342F1DC00232F9A4B
:107FB00050461946FEF746FE03232F9A19461A909B
:107FC0005846FEF73FFE012104465046FDF75EFF8E
:107FD00002211B905046FDF759FF03211C9050468B
:107FE000FDF754FF01210D905846FDF74FFF022188
:107FF0001D905846FDF74AFF01211E902F98FDF76E
:1080000045FF02211F902F98FDF740FF089B0D9A16
:10801000209002FB03F5A542BAD12D98FDF7BDFFD4
:10802000A842B5D14FF000098BE00025DDF828808B
:108030000695069B1D9A934236DA0023099F079303
:1080400028E057EA080320D41C9BBB421DDD1B9B84
:1080500043451ADD059B42464946504600933B4640
:10806000FDF7D8FF0021149058460094DDE906235F
:10807000FDF7D0FF2C9B169A1B5C14991344219A90
:10808000525C15990A4402FB0355079B0133079381
:10809000109B1F44079B1E9A9342D2DB069B013321
:1080A0000693119B9844C4E72E9B13B153F82430D8
:1080B0001D442846DDE91812FEF7D4FD179B0094F5
:1080C00049461D180B9B2F9801349D42B8BF1D4691
:1080D0000C9B9D42A8BF1D46DDE90323FDF79AFFD7
:1080E000309B1D54A31B089A9A429EDC059B1644A4
:1080F00001330593059B0D9A93420DDB049B0E9A69
:1081000001330493099B13440993049B209A9342DF
:1081100004DA00260596EDE73446E3E7039B0F9A61
:10812000013303930A9B13440A93039B1F9A9342C0
:1081300005DA129B5B42099300230493E5E709F1FA
:1081400001091A9B994505DA139B5B420A930023A8
:108150000393EAE723B0BDE8F08F00000A692DE938
:10816000F04F8146B3B00AB906F081FA4B69002B93
:10817000FAD0D0F8088048684668086808EB861688
:10818000476801684FEA871A8568032908EB871753
:1081900008EB85150CBFC468002418F80A0008BF56
:1081A00008EB8414032800F0CA8009286ED0012847
:1081B00040F01981197C012960D0032963D0B7EE02
:1081C000007A0229DFED8E7AFFEE006A47FE277AF9
:1081D0009FED8C7A06FE877A01210AA88DED2E7A12
:1081E0008DF8881011685268ADF88A103946ADF8DC
:1081F0008C205A68CDED2F7AADF892209A68ADF8B0
:1082000094205A69ADF896209A69DB68ADF89820F9
:10821000ADF89A30FDF776FE294610A8D7F80490FD
:10822000FDF770FE05B16D6816AF21463846FDF7C3
:1082300069FE04B164680DF1700831464046FDF7EF
:1082400061FE06B1766810AB4A460AA922A80095DD
:10825000CDE90386CDE90174FFF728FC4046FDF720
:108260000AFE3846FDF707FE10A8FDF704FE0AA82F
:10827000FDF701FE002033B0BDE8F08FDFED607A3E
:108280009FED617AA8E7F1EE087AF9E701210AA8E3
:108290008DF888101168ADF88A105168ADF88C100F
:1082A0005968ADF892109968ADF894105969ADF815
:1082B00096109969DB68ADF898106FF07F01ADF802
:1082C0009A303B695B4227930023289333692993B3
:1082D0007F23CDE92C13D2E906A339460993FDF794
:1082E00011FED7F804B010AF29463846FDF70AFE54
:1082F00005B16D680DF1580821464046FDF702FEB4
:1083000004B164680DF1700931464846FDF7FAFD85
:108310007368099A514622A8CDF800B0CDE90593BB
:10832000CDE903840AABCDE90175FFF7B1FA484600
:10833000FDF7A1FD4046FDF79EFD384695E701207B
:1083400039698DF88800C1F1000C10682969ADF811
:108350008A0050684942ADF88C005868ADF8920028
:108360009868ADF894005869ADF896009869DB6894
:10837000ADF898000AA8ADF89A30136A2C93536AA6
:108380002D933369299313692A9353695B42CDE98D
:1083900027C139462B93FDF7B5FD294610A8D7F81C
:1083A0000480FDF7AFFDD5F8049016AD21462846B0
:1083B000FDF7A8FD04B164681CAF31463846FDF7EF
:1083C000A1FD736842460AA922A8CDF80090CDE924
:1083D0000373CDE9015410ABFFF7AEFD3846FDF74E
:1083E0004AFD28463EE7D9F81440FBF733FD18F85C
:1083F0000A30024605494846A04701203BE700BF36
:10840000FFFF7F7FFFFF7FFF000000006F03010879
:10841000F0B50D6885B004462B68012B0ED0012203
:10842000CDE902321B4B01931B4B00932B23446974
:108430001A4A1B49A047012005B0F0BD4A681168DF
:10844000012908D0CDE90213124B0193154B00937B
:108450002C234469ECE76D6852688668AD0192018F
:10846000735DB25C934208D0CDE902320E4B0193AA
:108470000E4B00932F234469DAE74BB9476918463E
:10848000FBF7E8FC735D024609492046B847D2E78E
:108490000020D1E7AB0B0108B10501087605010802
:1084A00080010108C10501084807010860070108AB
:1084B000D2050108FFF7ACBF05F080BD2DE9FF47ED
:1084C00090460A68836854684968A2014E6803EBC5
:1084D00084149D5C012D0FD01D4B01241D4A019376
:1084E0001D4B1E4900933D23CDE902544569A84721
:1084F000204604B0BDE8F087A1680020D1F800E074
:10850000074670450EDB626813EB86144FF00006D9
:1085100018BF64689146B246AE427AEB07030DDBA2
:108520000020E6E751F804CF01304FEAEC726A43CD
:108530000CFB0722A5FB0C571744E2E7B9EC010A34
:10854000C0470136A4EC010A4AF1000AE4E700BF83
:10855000FC05010876050108600701088001010893
:108560000A684B682DE9F04F546805465E68D0F8FC
:1085700008904FEA841AB20119F80A3009EB841402
:1085800019F8022009EB861693422DED028B87B075
:108590000CD05249CDE90232514B524A0193524B11
:1085A000009374234469A047012022E0012B07D1E6
:1085B0004E4A07B0BDEC028BBDE8F04FFFF77EBF1F
:1085C000A26800204FF00108D2F800E0074670458D
:1085D00014DB092B46D10025B6EE008AD4F804B08E
:1085E0006FF07F0A7168A946454579EB070312DBF6
:1085F000002007B0BDEC028BBDE8F08F52F804CF2D
:1086000001304FEAEC7108FB01F10CFB0711A8FBEC
:108610000C870F44DBE71BF905202369D4ED037AAF
:10862000D31A059100EE103AB8EEC00A20EE270AE0
:1086300005F0C4FC96ED037A3269C0EE077A05991D
:1086400077EE887AFDEEE77A17EE903A13447F2BA7
:10865000A8BF7F235345B8BF53464B55013549F159
:108660000009C1E7032B2DD10025B6EE008AD4F80E
:1086700004B0D6F804A0A946454579EB0703B7DA5C
:108680001BF805202369D4ED037AD31A00EE103AC3
:10869000B8EEC00A20EE270A05F090FC96ED037AAA
:1086A0003369C0EE077A77EE887AFDEEE77A17EE47
:1086B000902A1A4482F308030AF80530013549F17B
:1086C0000009D9E718466C69FBF7C4FB19F80A30B2
:1086D000024607492846A04766E700BF8001010817
:1086E000480701087605010860070108B9840008F9
:1086F000D20501080048704778000020836B13B54D
:108700000BB905F0B4FF002401AA14210194984785
:10871000012814BF0198204602B010BD2DE9F04396
:108720000E6989B004460D460EB905F0A0FFD1F8D8
:1087300014C0BCF1000FF8D00B6880681F6859683E
:10874000022F9A684FEA811E00EB811120DDDB6861
:108750005F1C1DD000EB83136D6810F80E706D6800
:108760004FEA851800EB851510F808E0774511D021
:10877000234B2046234A0193234B24490093602333
:10878000CDE9027E6569A847012009B0BDE8F08304
:108790000023E1E74FEA821E00EB821210F80E0080
:1087A000B84204D06369204619499847ECE701288C
:1087B00024D006A84FF000084FF000099CF8007084
:1087C000CDE900502046CDE90689FDF775F900286E
:1087D000DBD105A930469DED060BFDF71DF8059B85
:1087E0002A4639465B422046736006F10C0300932B
:1087F00006F10803FDF7BAF90028C6D10020C4E746
:10880000480701080A0601086007010880010108FD
:1088100049060108002938B5046801DBA14201DBE3
:1088200005F025FF052C4FF00002CCBF4368031D67
:1088300001208A4218BF53F8225002F1010208BFFA
:108840000125944205FB00F0F3DC38BD2DE9F04F23
:10885000012A1C462DED028B9DB0DDE928752A9E6C
:1088600051D0032A54D0F7EE007A022ADFED4F8A66
:108870009FED4F8A47FEA88AFFEE007A07FE888A9E
:10888000214604A8FDF73EFB04B1646839460AA8F6
:10889000FDF738FB07B17F68294610A8FDF732FBCA
:1088A00005B16D68314616A8FDF72CFB06B1766858
:1088B000169B16A8DDF8289003F1FF384146FFF714
:1088C000A9FF434616AAA9F1020102900AA8FEF7E1
:1088D000B9F909F1FF3180460AA8FDF7D7FA00235C
:1088E0000246DFED346A9E460193029971454ADDE6
:1088F00001994FF0000C06EB8101084604EB83015F
:108900000391614627E0DFED298A9FED2A8AB7E7C8
:10891000F1EE088AF9E7BAEC016A09F10109BBEC4A
:10892000017AE6EE077A4A45F5DCFDB105EB8109EF
:1089300099ED007A77EE877AF4EEC87AF1EE10FAC4
:1089400017D4F4EE687AF1EE10FA78FEA77A0131C6
:108950009444E0EC017A88450EDD07EB8C0BDDF8E2
:108960000CA04FF00009DFED137ADCE7B0EE667A79
:10897000E0E7F0EE487AEAE701990EF1010E1344C0
:1089800041440191B1E716A8FDF775FA10A8FDF76B
:1089900072FA0AA8FDF76FFA04A8FDF76CFA002036
:1089A0001DB0BDEC028BBDE8F08F00BFFFFF7F7FE5
:1089B000FFFF7FFF00000000D1F814C02DE9F04F49
:1089C0000746DBB0BCF1000F01D105F050FE0A688C
:1089D000D0F80890536896684FEA831B09EB831818
:1089E000136809EB8616022B23DDD468631C20D0A4
:1089F00009EB84144B680A695D684FEA851A09EB34
:108A00008515002AE1D019F80B00032800F0AF808B
:108A1000092810D0012840F0DC819CF80020434652
:108A200038460096CDE90145FFF710FF5BB0BDE881
:108A3000F08F0024DEE7D8F81030414612A80793E3
:108A4000336908932B69099313680A9353685B424F
:108A50000B9393680493D3680593FDF753FAD8F802
:108A60000430314618A80C93FDF74CFA7368214680
:108A70001EA80D93FDF746FA04B16468294624A8A0
:108A8000FDF740FA6B68189D0E93012D9DDD249B28
:108A9000022B9AD1DDE90432934296DC002124A80E
:108AA000FDF7F4F901210F9024A8FDF7EFF98346B3
:108AB000A91E18A8FDF7EAF9834586DC0026691E81
:108AC00018A8FDF7E3F9B1460546B2460F9B53459A
:108AD0003FDD0E9B4FF000084B444746069321E0D4
:108AE0000C9B002003EB060C0D9B03EB080E0346CA
:108AF0009D421EDC14B154F8273018440137A844B5
:108B0000DDE90A12FEF7AEF8099B1844049B98426F
:108B1000B8BF1846059B9842A8BF1846069B03F8A5
:108B2000010B0693BB45DBDC0AF1010AD9442E4454
:108B3000CCE71EF9011B01331CF9012B1091079999
:108B4000521A08991192109A511A119A01FB0200B7
:108B5000CEE724A8FDF78FF91EA8FDF78CF918A819
:108B6000FDF789F912A8FDF786F900205EE7D8F82D
:108B7000103019F80A00069333690328D5F810B0AD
:108B80000793136808935368C3F10003099393682C
:108B90000493D36805930DD0072800F094807C6976
:108BA000FBF758F919F80A30024638468C49A047B5
:108BB00001203BE741462AA8FDF7A4F9D8F8043084
:108BC000314630A80C93FDF79DF97368214636A80D
:108BD0000D93FDF797F904B1646829463CA8FDF7A9
:108BE00091F96B68309D0E93012D7FF7EEAE3C9EA0
:108BF000002E7FF7EAAEDDE9043293423FF7E5AE9F
:108C0000013E3CA83146FFF705FE3346A91E3CAAAB
:108C100000260F9030A8FEF715F8691E0A9030A8BC
:108C2000FDF734F9B1460546B2460F9B53453FDD8B
:108C30000E9B4FF000084B4447460B9320E00C9BE3
:108C4000002003EB060E0D9B03EB080C03469D4230
:108C50001EDC14B154F8273018440137A844DDE96C
:108C60000812FDF7FFFF049B58449842B8BF18460E
:108C7000059B9842A8BF18460B9B03F8010B0B936A
:108C80000A9BBB42DBDC0AF1010A99442E44CCE783
:108C90001EF8012B0133079910921CF8012B521A70
:108CA00006991192109A511A119A01FB0200CEE70F
:108CB0003CA8FDF7E0F836A8FDF7DDF830A8FDF791
:108CC000DAF82AA84FE7414642A8FDF71BF9D8F881
:108CD0000430314648A80B93FDF714F97368214618
:108CE0004EA80C93FDF70EF904B16468294654A808
:108CF000FDF708F96B680D93DDE9043293423FF705
:108D000064AEBBF1000F7FF460AE069B54A8549E86
:108D10005F465B42489D013EDA460A93D946079B6F
:108D200031465B420793FFF775FD334654AAA91EEF
:108D30000E9048A8FDF786FF691E069048A8FDF72B
:108D4000A5F806460E9BBB4238DD0D9B002503EBC4
:108D5000490BA8461AE00B9B54F8250003EB0A0EBA
:108D60000C9B03EB080C00239E4216DC0135B0443B
:108D7000DDE90812FDF776FF049B9842B8BF18465C
:108D8000059B9842A8BF18462BF8020B069BAB42E6
:108D9000E1DC01379944B244D4E71EF8012B0133DA
:108DA0001CF8011B0F92079A8A180F9910920A9AC1
:108DB00011440A46109911FB0200D5E754A8FDF7AB
:108DC0005AF84EA8FDF757F848A8FDF754F842A8FE
:108DD000C9E67C69FBF73EF819F80B300246E4E679
:108DE0006F0301080048704798000020884219D19D
:108DF00000F100425342534180FB01010C4A00291B
:108E0000A8BF4FF080427BB9131841EBE2710029F3
:108E100004DA6FF000429B1841F10001D80F40EADC
:108E2000410070470023E7E76FF00040704700BF44
:108E3000010000C02DE9F84304460D46904607683E
:108E40000026BE4219DB002D24DBBD4222DA052FAD
:108E50004FF001004FF00003CCBF646804349D4222
:108E600018BF54F8232003F1010308BF01229F42D9
:108E700002FB00F0F3DCBDE8F883AE420CD03146D3
:108E80002046FDF703F8814631464046FCF7FEFFD9
:108E9000814501D005F0EBFB0136D2E7002910B582
:108EA00006DA0D4B4FF4B3710C4A0D4805F0E6FBA2
:108EB0001F2904DD0B4B40F26711084AF5E7012337
:108EC000C20F8B40013B03EA000402EB630308413D
:108ED0009C42C8BF013010BDC8020108D60201087B
:108EE00030030108600301086FF00042C3178018C7
:108EF00043F10003B3F1FF3F08BFB0F1FF3F15BFDF
:108F00000122024600211946801843EB0103314932
:108F100070B5DD0F03242D1843F100036D0845EAF9
:108F2000C3752846FFF762FF00F15A3631462846DE
:108F3000FFF75CFFC0F100513046FFF757FFB0F17B
:108F4000005F33DAB0F1604F4FEA80032CDC33D19D
:108F50004FF000434FF0FF32002123EA010321F0DC
:108F60000041013C83EA010323EA020302F00042CC
:108F700083EA02031E44D9D1B6F1804F24DAB31933
:108F8000B6F1404F1EDC4FF0FF304FF0004300D1F0
:108F9000002423EA040324F00044634023EA00038E
:108FA00000F00040584070BD0022D5E700224FF08D
:108FB000FF316FF00043D0E74FF0FF3200214FF058
:108FC0000043CAE72046E3E720466FF000434FF036
:108FD000FF34DEE7C4C3C3C3002108B5FFF75EFF5B
:108FE00008BD08B5FFF702FF08BD00002DE9F041FC
:108FF00004461448FFF7F0FF064604F18054124877
:10900000FFF7EAFF804621462046FFF7EAFF0546C4
:109010002146FFF7E6FF294607462846FFF7E1FF0E
:109020000221FFF73BFF41463844FFF7DAFF0121F9
:109030002844FFF733FF21183046FFF7D2FF3044B2
:10904000BDE8F08194A8F570ABAAAA2A2DE9F04FEB
:1090500085B083684A690290486801934668B00108
:1090600003EB8616185C451E082D00F20B82DFE824
:1090700015F0090041017100A50109020902090268
:109080000902D80008680124B7684168019BBE4600
:10909000D7F800C003EB8111D2E900928D6800215E
:1090A000002AB8BF6244914211DB511C04370122EF
:1090B0008C4512DCD5F800C02946002701256745FC
:1090C00010DB02FB04F18D4212D005F0D0FA5EF8FD
:1090D000048F013108FB04F4E5E757F82130013132
:1090E0005A43E5E751F804EF01370EFB05F5E6E7D3
:1090F0007368002502932F4602FB09F30393B945D9
:1091000003DC002005B0BDE8F08F50F8041F0026F6
:10911000019BAE46B44613EB811118BF4968644504
:1091200002DC01371544EAE7029B01EB860A4FF0A7
:10913000000803EB8E0B424505DC039B0CF1010C90
:1091400016449E44EBE7FAEC017A08F10108EBECD7
:10915000017AF0E70D68B0686D68019B8646D0F82B
:1091600000C003EB85130125D2E900B29F680023FC
:10917000002AB8BF624493422CDB0132012300F184
:10918000040E94452CDCD7F800C03A460120002795
:1091900067452ADB03FB05F2904296D172680026F0
:1091A0000392304603FB0BF201928345A9DD0A6866
:1091B000B64602EB80025768029A926812EB871259
:1091C0004FF0000718BF5268BC46654513DC0130FC
:1091D0001E44EAE75EF8048F013308FB05F5CAE791
:1091E0005EF8220001324343CBE752F804EF013727
:1091F0000EFB00F0CCE7039C02EB07094FF00008E0
:1092000004EB0E0A434505DC019C0CF1010C1F44E4
:10921000A644DAE719F8014B08F101080AF8014BF6
:10922000F0E70D68B0686D68019B8646D0F800C015
:1092300003EB85130125D2E900B29F680023002AC1
:10924000B8BF624493422EDB0132012300F1040EC9
:1092500094452EDCD7F800C03A4601200027674528
:109260002CDB03FB05F290427FF42FAF72680026DF
:109270000192304603FB0BF2039283457FF741AF27
:109280000A68B64602EB80025768029A926812EBAF
:1092900087124FF0000718BF5268BC46654513DCC3
:1092A00001301E44E9E75EF8048F013308FB05F541
:1092B000C8E75EF8220001324343C9E752F804EFE1
:1092C00001370EFB00F0CAE7019C02EB07094FF0E3
:1092D000000804EB0E0A434505DC039C0CF1010C6D
:1092E0001F44A644DAE719F9014B08F101080AF80E
:1092F000014BF0E708680124B7684168019BBE464E
:10930000D7F800C003EB8111D2E900B28D680021CB
:10931000002AB8BF6244914229DB511C0437012264
:109320008C452ADCD5F800C0294600270125674571
:1093300028DB02FB04F18D427FF4C7AE7368002581
:1093400003932F4602FB0BF30293BB457FF7D9AE85
:1093500050F8041F0026019BAE46B44613EB811162
:1093600018BF4968644513DC01371544EDE75EF822
:10937000048F013108FB04F4CDE757F821300131A7
:109380005A43CDE751F804EF01370EFB05F5CEE760
:10939000039B01EB86094FF0000803EB8E0A424560
:1093A00005DC029B0CF1010C16449E44DAE759F8E7
:1093B000043B08F101084AF8043BF0E7086801247F
:1093C000B7684168019BBE46D7F800C003EB811126
:1093D000D2E900928D680021002AB8BF6244914210
:1093E00029DB511C043701228C452ADCD5F800C04A
:1093F000294600270125674528DB02FB04F18D4241
:109400007FF463AE7368002503932F4602FB09F3D4
:109410000293B9457FF775AE50F8041F0026019BF3
:10942000AE46B44613EB811118BF4968644513DC9E
:1094300001371544EDE75EF8048F013108FB04F4B1
:10944000CDE757F8213001315A43CDE751F804EF09
:1094500001370EFB05F5CEE7039B01EBC60A4FF083
:10946000000803EBCE0B424505DC029B0CF1010C1E
:1094700016449E44DAE7BAEC027B08F10108ABEC33
:10948000027BF0E7029B5D69FAF7E4FC02490246C1
:109490000298A847012035E6B90601080048704740
:1094A000B8000020F0B5166887B08B680446756870
:1094B000B16803EB8515376803EB81114560032F15
:1094C00081604FF00000206005D1F668771C18BF5E
:1094D00003EB8610206052686846526803EB8213E3
:1094E000E360AB681B68236102232375FCF70AFD68
:1094F0006846FCF752FD05466846FCF7BCFCA268CE
:109500008AB15368127D012A0AD1082D08D1196841
:1095100031B9596821B9996911B9DB6903B9227563
:10952000204607B0F0BD1346ECE700000B680A4682
:109530001B68023B012B2DE9F043044691B00AD988
:10954000534B544A0093472344695349A047012091
:1095500011B0BDE8F0834B681B68012B0CD00122D1
:109560004E49CDE902324E4B4A4A01934D4B00938E
:1095700048234469A047EAE7014604A8FFF792FFA1
:10958000059E079F33783A7893420CD0CDE902329A
:10959000454B0193454B00934B2365693D4A20465B
:1095A0003E49A847D3E7049A5AB11278934208D0AB
:1095B000CDE902323E4B01933C4B00934D2365694C
:1095C000ECE7069D0AA82946FCF79CFC0AA8FCF7D4
:1095D000E4FCBB6881460AA81B684FEA4308FCF715
:1095E0004AFCC14519D029460AA86669FCF78AFCDD
:1095F0000AA8FCF7D2FCBB68264A1B6827495B0017
:10960000CDE902032B4B204601932B4B00935223B1
:10961000B0470AA8FCF72FFC99E7A5B16868B968BC
:10962000002300F104080F688E469F420DDC089B62
:10963000042B23DD214B00935F236569154A2046E7
:109640001549A84783E72846E9E7B26850F8331080
:1096500002EB83025EF804CF52680A4458F83310D4
:109660000A44944508D0164B0193164BCDE902C22B
:1096700000935B23656991E70133D6E72B7D012BCE
:1096800004D0114B009361236569D7E700205FE7A1
:1096900010070108DD060108A2FA00088001010890
:1096A000AB0B0108C10501083D070108550701087A
:1096B0006C0701088D070108AF070108F6070108CC
:1096C000DE070108EB07010835080108004870476C
:1096D000D80000202DE9F04F9DB006461D4601231D
:1096E000009210A80A460421FCF767FC0123269A81
:1096F000042116A8FCF761FC96F90000042801DD9E
:1097000004F0B5FF96F914100429F9DC6FF0030298
:109710001CAC0023374602FB0042403ACDE9083337
:10972000CDE90A33984244DC6FF003021CA8002301
:10973000143602FB0102303ACDE90C33CDE90E3389
:1097400099423CDC002116A8FCF7A0FB01218046D1
:1097500016A8FCF79BFB0221814616A8FCF796FB96
:109760000321824616A8FCF791FB089B2968064650
:1097700001930025099B02930A9B03930B9B04937F
:109780000E9B05930F9B069320EAE0739B000793C3
:109790000C9BA8EB030C0D9BA9EB030E454549DB85
:1097A00016A8FCF768FB10A8FCF765FB1DB0BDE828
:1097B000F08F57F804CF42F823C00133B2E756F8D0
:1097C000040F42F823000133BAE7019B9D4228DBD6
:1097D000AC4526DD029B9F4223DBBE4521DD039B7A
:1097E00098421EDB83451CDD049B9A4219DB069BD5
:1097F000F31A934215DD009C54F8043B0094279C17
:1098000044F822300132B242DFDB279B0130079A55
:1098100013442793504506DB01374F4505DB0135DF
:10982000BCE70B46EBE70022EDE7059B0020AAEB27
:10983000030BEFE70027F0E72DE9F04F9DB0064658
:1098400014461D460A460123042110A8FCF7B5FB67
:109850000123269A042116A8FCF7AFFB96F9000015
:10986000042801DD04F003FF96F914100429F9DC43
:109870006FF003020DF1700C0023374602FB00C2AB
:10988000403ACDE90833CDE90A33984245DC6FF020
:1098900003021CA80023143602FB0102303ACDE972
:1098A0000C33CDE90E3399423DDC002116A8FCF7BC
:1098B000EDFA0121074616A8FCF7E8FA02218046D6
:1098C00016A8FCF7E3FA0321814616A8FCF7DEFA96
:1098D000089B0246D5ED007A0093099B01930A9BF1
:1098E00002930B9B03930E9B04930F9B059320EA1B
:1098F000E0730C989B00391A0693002307910D9989
:10990000A8EB010CBB424BDB16A8FCF7B4FA10A87D
:10991000FCF7B1FA1DB0BDE8F08F57F804CF42F85C
:1099200023C00133B1E756F8040F42F82300013396
:10993000B9E70098834226DB0798984223DD019817
:10994000814220DB8C451EDD029886421BDBB2453E
:1099500019DD0398854216DB0598A2EB000BAB4599
:1099600011DD54F804BB01354EF804BB9542E0DB31
:10997000279D01360698054427954E450BDADDF8FC
:109980009CE00025F2E717EE90BAECE70498002679
:10999000A9EB000AF1E701314145F7DB0133B1E7FB
:1099A0000021F9E72DE9F04F9FB006461D4601233F
:1099B000019212A80A460421FCF7FFFA0123289A13
:1099C000042118A8FCF7F9FA96F90000042801DD33
:1099D00004F04DFE96F914100429F9DC6FF003022F
:1099E0001EAC0023374602FB0042403ACDE90A3361
:1099F000CDE90C33984242DC6FF003021EA800232D
:109A0000143602FB0102303ACDE90E33CDE91033B2
:109A100099423ADC002118A8FCF738FA0121804667
:109A200018A8FCF733FA0221814618A8FCF72EFA91
:109A30000321824618A8FCF729FA0A9B29780646D2
:109A4000029300250B9B20EAE07C03930C9B04937C
:109A50000D9B05930F9B0693109B0793119B0893F7
:109A60000E9BA8EB03030993454548DB18A8FCF7B8
:109A700002FA12A8FCF7FFF91FB0BDE8F08F57F803
:109A800004CF42F823C00133B4E756F8040F42F87C
:109A900023000133BCE7029B9D4227DB099BAB42BD
:109AA00024DD039B9F4221DBBE451FDD049B9842C2
:109AB0001CDB83451ADD059B9A4217DB089BF31AD2
:109AC000934213DD019C14F8013B0194299CA3549B
:109AD0000132B242DFDB299B0130634429935045B8
:109AE00006DB01374F4505DB0135BDE70B46EDE7EA
:109AF0000022EEE7079B0020AAEB030BEFE7069B93
:109B00000027A9EB030EEDE72DE9F04F9FB00646C5
:109B10001D460123019212A80A460421FCF74DFAC2
:109B20000123289A042118A8FCF747FA96F90000A7
:109B3000042801DD04F09BFD96F914100429F9DCDA
:109B40006FF003021EAC0023374602FB0042403A8E
:109B5000CDE90A33CDE90C33984243DC6FF00302C0
:109B60001EA80023143602FB0102303ACDE90E3361
:109B7000CDE9103399423BDC002118A8FCF786F9A7
:109B80000121804618A8FCF781F90221814618A816
:109B9000FCF77CF90321824618A8FCF777F90A9BA9
:109BA00095F900100646029300250B9B20EAE07C05
:109BB00003930C9B04930D9B05930F9B0693109BA3
:109BC0000793119B08930E9BA8EB0303099345454C
:109BD00048DB18A8FCF74FF912A8FCF74CF91FB0A6
:109BE000BDE8F08F57F804CF42F823C00133B3E744
:109BF00056F8040F42F823000133BBE7029B9D4255
:109C000027DB099BAB4224DD039B9F4221DBBE4542
:109C10001FDD049B98421CDB83451ADD059B9A429D
:109C200017DB089BF31A934213DD019C14F9013BE7
:109C30000194299CA3540132B242DFDB299B0130FD
:109C400063442993504506DB01374F4505DB013559
:109C5000BDE70B46EDE70022EEE7079B0020AAEBED
:109C6000030BEFE7069B0027A9EB030EEDE70000CF
:109C7000F0B52DED028BA5B00A460446014607A8B3
:109C8000FFF710FC079D2DB3A96800260122D1F82B
:109C900000C03346664512DB511E19431AD001211C
:109CA0002046CDE902239A4B04910193994B9A4A9D
:109CB00000936A2365699949A847012059E051F842
:109CC000047F0136F817504307FB0300A2FB07236C
:109CD0000344DFE7099E06B176682C22002119A80B
:109CE00004F0C2FF0B9B19A95AB28DF864208DF8BD
:109CF00078205A1E01EB8303311D002A10DA089EDA
:109D00003078431E082B00F2FB80DFE813F01200CE
:109D1000DE003800F900F900F900F900F9009700B9
:109D200056F8320043F8040951F83200013A9861BC
:109D3000E3E715B36B681B680A9C31460DA80693D0
:109D4000FCF7E0F8214613A87568FCF7DBF804B1CE
:109D5000646813AB2A460DA919A8009306AB0194B9
:109D6000FFF76AFD13A8FCF786F80DA8FCF783F847
:109D7000002025B0BDEC028BF0BD0023DCE70A9F7C
:109D80003B6945BB002B08DA654B0093912365695D
:109D9000614A20466349A8478FE7FF2B04DD624BE9
:109DA000009393236569F3E7DBB231460DA88DF884
:109DB0001830FCF7A7F8394613A87468FCF7A2F826
:109DC0007B680DA9224619A8019313AB009306AB3B
:109DD000FFF7E8FDC6E72A699A420CD0CDE90232C6
:109DE000524B0193524B0093992365694A4A20468E
:109DF0004A49A84761E797ED038AD5ED037AB4EEA7
:109E0000678AF1EE10FA16D017EE900AF6F7C4FB47
:109E1000CDE9040118EE100AF6F7BEFB454B3E4AA9
:109E20000193454BCDE902010093204665699B23D0
:109E30003A49A84741E76B681B78B6E70A9F3B6938
:109E40002DBB13F1800F04DA3C4B0093AB23656903
:109E50009EE77F2B04DD3A4B0093AD23656997E7BE
:109E60005BB231460DA88DF81830FCF74BF8394637
:109E700013A87468FCF746F87B680DA9224619A858
:109E8000019313AB009306ABFFF73EFE6AE72A6926
:109E90009A4208D0CDE90232244B0193244B00931F
:109EA000B3236569A2E797ED037AD5ED037AB4EEA3
:109EB000677AF1EE10FA04D0224B0093B52365695E
:109EC00066E76B6893F90030CBE70DB16B681D68EE
:109ED00031460DA80695FCF715F813AD0A9C766877
:109EE00021462846FCF70EF804B1646819A806ABB1
:109EF00032460DA9CDE90054FFF7ECFB284632E7C6
:109F00006569F9F7A7FF104902462046A847D4E63D
:109F1000AB0B01085B080108DD06010880010108A0
:109F200083080108A2FA0008CF0801081B090108EC
:109F3000490901086E090108AC090108E109010895
:109F40002C0A0108770A0108C30A01082DE9F04F1D
:109F50001F460B6804460E46042B2DED048B95B06E
:109F6000119201D004F083FB3B68042BFAD100234B
:109F70003A463046F7EE009A1946FCF763FE032393
:109F80003A46089019463046FCF75CFE01210990DC
:109F90003046FBF77BFF02210A903046FBF776FF45
:109FA00001210B903846FBF771FF02210C903846D7
:109FB000FBF76CFFE36800210D900E9323690F936C
:109FC000089B994280F291804FF0000BCDF808B0C9
:109FD00080E0B4F90280B4F90450AAEB0803DFED85
:109FE000458A0593ABEB0503059AA5EB0B05069394
:109FF000A8EB0A03B0EE689A25EAE57523EAE37355
:10A0000004930B9B9A1AA3699A42A8BF1A460A9B0B
:10A010001092069A9A1A63699A42A8BF1A46079242
:10A02000079BAB424CDC89EE288A94ED099AD4ED6B
:10A030000A8A3846CDF8009009F101090491DDE95A
:10A040000223FBF7E7FF229B049903EB8000B4EEA9
:10A05000489AF1EE10FA39FE088AF4EEC88AF1EE59
:10A0600010FA58BFF0EE488AC0ED008A099B994566
:10A07000AFDB039B013303930F9B9A44039B0D9A21
:10A08000934222DA4FF00009F0E7059B3046CDF805
:10A090000090434408F10108CDE91212FBF7BAFF22
:10A0A000119B78EEA98A03EB8000D0ED007A39EE9F
:10A0B000279ADDE91212109B9845E6DB0135AFE7E0
:10A0C000069BDDF810805A19F5E7029B01330293D5
:10A0D0000E9B9B44029B0C9A934204DA4FF0000AB9
:10A0E000CDF80CA0CAE701316AE715B0BDEC048BCE
:10A0F000BDE8F08F000000002DE9F04F97B09946C1
:10A10000044688461392D0E907239A4201DD04F001
:10A11000AEFA0B68042BFAD1D9F80030042BF6D133
:10A1200000234A4640461946FCF78CFD03234A4665
:10A130000A9019464046FCF785FD01210B904046E8
:10A14000FBF7A4FE02210C904046FBF79FFE012185
:10A150000D904846FBF79AFE02210E904846FBF709
:10A1600095FEE36800210F901093236911930A9BD9
:10A17000994280F28C804FF0000BCDF810B07CE05B
:10A18000B4F902700025039BB4F90460DB1B08934B
:10A19000ABEB0603089AA6EB0B060993039B26EA92
:10A1A000E676FF1A0D9BA3EB020AA369099A27EA38
:10A1B000E7779A45A8BF9A460C9B9A1A6369CDF82F
:10A1C0001CA0AA469A42A8BF1A461292129B9E420F
:10A1D0004ADB0AEBDA734846069105EB6305E3694F
:10A1E00095FBFAF59D42B8BF1D46236A9D42A8BF64
:10A1F0001D46029B0093DDE90423FBF70BFF209B28
:10A2000006991D54029B01330293029B0B9A9342C1
:10A21000B6DB059B119A01330593039B134403930B
:10A22000059B0F9A934223DA00230293EDE7029BEA
:10A2300006980093089B03444046CDE91412FBF7AF
:10A24000E9FE139B1B5C1D44069BDDE914120133E0
:10A250000693DDE906308342E9DBC31B0136874202
:10A26000C8BF00239A44B1E7099B0697F218F0E7AC
:10A27000049B01330493109B9B44049B0E9A9342CE
:10A2800003DA002303930593CAE701316FE717B0A0
:10A29000BDE8F08F2DE9F04F1F460B6804460E46CF
:10A2A000042B2DED048B97B0119201D004F0DFF94F
:10A2B0003B68042BFAD100233A4630461946FCF796
:10A2C000C1FC03233A46079019463046FCF7BAFC16
:10A2D000012108903046FBF7D9FD02210990304654
:10A2E000FBF7D4FD01210A903846FBF7CFFD022190
:10A2F0000B903846FBF7CAFDE36800210C900D93E4
:10A3000023690E93079B994280F298804FF0000BCF
:10A31000CDF808B087E0B4F90280B4F90450A9EB95
:10A3200008030593ABEB0503059AA5EB0B05069314
:10A33000A8EB090325EAE57523EAE37304930A9B76
:10A340009A1AA3699A42A8BF1A46099B0F92069AC5
:10A350009A1A63699A42A8BF1A466FF400031092D2
:10A360001593109B9D4254DB94ED099A38469DED60
:10A37000158AD4ED0A8ACDF800A00AF1010A0491E9
:10A38000DDE90223FBF746FEB4EE498A249B0499DB
:10A39000F1EE10FA03EB800048BFB0EE498AF4EE0C
:10A3A000C88AF1EE10FA58BFF0EE488AC0ED008A74
:10A3B000089B9A45AFDB039B013303930E9B9944A3
:10A3C000039B0C9A934229DA4FF0000AF0E7059BB1
:10A3D0003046CDF800A0434408F10108CDE912123F
:10A3E000FBF718FE119B03EB800015ABD0ED007A54
:10A3F000F4EEC87ADDE91212F1EE10FAD8BF184671
:10A40000036815930F9B9DED158A9845DFDB013599
:10A41000A7E7069BDDF81080EA18F3E7029B0133FB
:10A4200002930D9B9B44029B0B9A934204DA4FF0DC
:10A430000009CDF80C90C3E7013163E717B0BDEC1C
:10A44000048BBDE8F08F2DE9F04F99B01F4604460C
:10A450000E460992D0E907239A4201DD04F007F97C
:10A46000002AFBDBFF2BF9DC0B68042BF6D13B68E1
:10A47000042BF3D100233A4630461946FCF7E2FBA1
:10A4800003233A460A9019463046FCF7DBFB0121CC
:10A490000B903046FBF7FAFC02210C903046FBF79C
:10A4A000F5FC01210D903846FBF7F0FC02210E90DF
:10A4B0003846FBF7EBFCE36800210F90109323690B
:10A4C00011930A9B994280F28C804FF0000BCDF8DB
:10A4D0000CB07BE0B4F90230B4F90450A8EB0302ED
:10A4E000A3EB0803079223EAE373ABEB0502A5EBAA
:10A4F0000B050593089225EAE5750D9B079A9A1AB4
:10A50000A3699A42A8BF1A460C9B1292089A9A1AFB
:10A5100063699A42A8BF1A46002313928DF85F30F0
:10A52000139B9D4248DB257F38469DF85F3005919F
:10A530009D4238BF1D4694F82030CDF8009009F1B7
:10A5400001099D4228BF1D46DDE90323FBF762FD9B
:10A55000229B05991D540B9B9945BBDB049B013342
:10A560000493119B9844049B0F9A934229DA4FF06D
:10A570000009F0E7079B3046CDF8009053440AF1FC
:10A58000010ACDE91412FBF745FD099A099B034422
:10A59000105C069A90420DF15F0298BF1346DDE908
:10A5A00014121B788DF85F309DF85F300693129B74
:10A5B0009A45DFDB0135B3E7089BDDF814A0EA1804
:10A5C000F2E7039B01330393109B9B44039B0E9A7A
:10A5D000934204DA4FF00008CDF81080C3E7013150
:10A5E0006FE719B0BDE8F08F2DE9F04F97B09B46AB
:10A5F000054689461392D0E907239A4201DD04F00B
:10A6000036F80B68042BFAD1DBF80030042BF6D1B6
:10A6100000235A4648461946FCF714FB03235A46C2
:10A620000A9019464846FCF70DFB01210B9048465D
:10A63000FBF72CFC02210C904846FBF727FC01217C
:10A640000D905846FBF722FC02210E905846FBF76E
:10A650001DFCEB6800210F9010932B6911930A9B4E
:10A66000994280F2948000230293059385E0B5F926
:10A6700002800027049BB5F904603C46A3EB080365
:10A680000893029B089A9B1B0993049BA8EB030861
:10A690000D9BA3EB020AAB69099A28EAE8789A4570
:10A6A000A8BF9A46029BF61A0C9BCDF81CA09A1ADA
:10A6B0006B6926EAE6769A42A8BF1A461292129B66
:10A6C0009E424FDBE30F002F584607912344CBBF38
:10A6D00007EB6303A7EB630793FBF4F497FBF4F436
:10A6E000EB699C42B8BF1C462B6A9C42A8BF1C4623
:10A6F000039B0093DDE90523FBF78CFC209B079966
:10A700001C54039B01330393039B0B9A9342AEDBD0
:10A71000069B119A01330693049B13440493069BF2
:10A720000F9A934222DA00230393EDE7039B4846F6
:10A730000093089B53440AF1010ACDE91412FBF778
:10A7400069FC139B1B56DDE914121F44079B9A45B5
:10A75000ECDBA3EB0803079A01369045C8BF002342
:10A760001C44ACE7099BC2469A19EFE7059B109A77
:10A7700001330593029B13440293059B0E9A934267
:10A7800003DA002304930693C9E7013167E717B0A2
:10A79000BDE8F08F2DE9F04F99B01F4604460E46F4
:10A7A0000992D0E907239A4201DD03F060FF80326D
:10A7B000FBDB7F2BF9DC0B68042BF6D13B68042B09
:10A7C000F3D100233A4630461946FCF73BFA0323FF
:10A7D0003A460A9019463046FCF734FA01210B90AC
:10A7E0003046FBF753FB02210C903046FBF74EFB43
:10A7F00001210D903846FBF749FB02210E903846A7
:10A80000FBF744FBE36800210F9010932369119339
:10A810000A9B994280F28E804FF0000BCDF80CB06D
:10A820007DE0B4F90230B4F90450A8EB0302A3EBC5
:10A830000803079223EAE373ABEB0502A5EB0B05D4
:10A840000593089225EAE5750D9B079A9A1AA36964
:10A850009A42A8BF1A460C9B1292089A9A1A6369E8
:10A860009A42A8BF1A46802313928DF85F30139B3B
:10A870009D424ADB94F91C5038469DF95F300591A2
:10A880009D42B8BF1D4694F92030CDF8009009F1E3
:10A8900001099D42A8BF1D46DDE90323FBF7BAFB72
:10A8A000229B05991D540B9B9945BADB049B0133F0
:10A8B0000493119B9844049B0F9A93422ADA4FF019
:10A8C0000009F0E7079B3046CDF8009053440AF1A9
:10A8D000010ACDE91412FBF79DFB099A099B034479
:10A8E0001056069A90420DF15F02D8BF1346DDE97B
:10A8F000141293F900308DF85F309DF95F300693A4
:10A90000129B9A45DEDB0135B1E7089BDDF814A008
:10A91000EA18F2E7039B01330393109B9B44039BCC
:10A920000E9A934204DA4FF00008CDF81080C2E787
:10A9300001316DE719B0BDE8F08F2DE9F04FD1E995
:10A94000028385B090F800A04FF0010B15460293EA
:10A95000D0E90179D0E903345046CDF800B0039333
:10A960003B46DDE90212FCF7CCFA06464B4622468E
:10A9700041465046CDF800B0013EFCF7C2FA039BB9
:10A98000029A013807FB063309FB004400209B1A9A
:10A99000A4EB080423EAE37324EAE47443FA0BF219
:10A9A00003EA0B032A6044FA0BF204EA0B04AB60DF
:10A9B0006A60EC6005B0BDE8F08F00000B682DE91F
:10A9C000F0475E68A0B0D0F8089007464D694FEA9E
:10A9D000861A09EB86164B6805AA2846B1685C689A
:10A9E000FFF7ABFF8046002846D119F80A0009EBB3
:10A9F000841403284CD009284AD0012840F08A80CA
:10AA00002B7D012B3CD0032B3FD0B7EE007A022BDD
:10AA1000DFED457AFFEE006A47FE277A9FED437A25
:10AA200006FE877AAB68314609A88DED1E7A189329
:10AA30006B68CDED1F7A19932B691A93EB681B9302
:10AA4000069BADF85830059BADF85630FBF75AFA27
:10AA500021460FA87568FBF755FA04B164680FAB7F
:10AA60002A4609A915A80094FFF714FC0FA8FBF7C4
:10AA700002FA09A8FBF7FFF9404620B0BDE8F087CD
:10AA8000DFED297A9FED2A7ACCE7F1EE087AF9E733
:10AA900004AB297D22463846009303ABFBF766F8EA
:10AAA000AB68314609A818936B6819932B691A9300
:10AAB000EB681B93069BADF85830059BADF85630FC
:10AAC000039B1C93049B1D9319F80A30032B10D190
:10AAD000FBF718FA21460FA87568FBF713FA04B1C3
:10AAE00064680FAB2A4609A915A80094FFF7ABFCD0
:10AAF000BCE7FBF707FA21460FA87568FBF702FAD7
:10AB000004B164680FAB2A4609A915A80094FFF7A1
:10AB100041FEABE77C69F9F79DF9064902463846E4
:10AB20004FF00108A047A7E7FFFF7F7FFFFF7FFFF0
:10AB300000000000EB0A01080B682DE9F0475E6891
:10AB4000A0B0D0F8089007464D694FEA861A09EB85
:10AB500086164B6805AA2846B1685C68FFF7EDFECB
:10AB60008046002846D119F80A0009EB841403280E
:10AB70004CD009284AD0012840F08A802B7D012B37
:10AB80003CD0032B3FD0B7EE007A022BDFED457AA5
:10AB9000FFEE006A47FE277A9FED437A06FE877A2A
:10ABA000AB68314609A88DED1E7A18936B68CDED20
:10ABB0001F7A19932B691A93EB681B93069BADF8C8
:10ABC0005830059BADF85630FBF79CF921460FA88D
:10ABD0007568FBF797F904B164680FAB2A4609A9B9
:10ABE00015A80094FFF7B2F90FA8FBF744F909A8DC
:10ABF000FBF741F9404620B0BDE8F087DFED297A48
:10AC00009FED2A7ACCE7F1EE087AF9E704AB297DCB
:10AC100022463846009303ABFAF7A8FFAB683146EB
:10AC200009A818936B6819932B691A93EB681B9307
:10AC3000069BADF85830059BADF85630039B1C932E
:10AC4000049B1D9319F80A30032B10D1FBF75AF916
:10AC500021460FA87568FBF755F904B164680FAB7E
:10AC60002A4609A915A80094FFF746FABCE7FBF7A6
:10AC700049F921460FA87568FBF744F904B16468E7
:10AC80000FAB2A4609A915A80094FFF7ADFCABE766
:10AC90007C69F9F7DFF80649024638464FF00108AB
:10ACA000A047A7E7FFFF7F7FFFFF7FFF00000000B7
:10ACB0000C0B01080048704718010020004870473D
:10ACC000F8000020836B13B50BB903F0D0FC00240F
:10ACD00001AA082101949847012814BF0198204631
:10ACE00002B010BDF0B50D6985B004460DB903F092
:10ACF000BEFC0A681368012B0DD00122CDE9023297
:10AD00003E4B01933E4B0093322344693D4A3E49FA
:10AD1000A04701205EE04F683E68012E08D0CDE9D3
:10AD20000263364B0193394B009333234469EDE7BB
:10AD30007B6881684FEA831C526801EB831393F8A8
:10AD40003070012F08D0324B0193324BCDE902769F
:10AD500000933A234469D9E75E6B3EB92E4B0093CA
:10AD60003E234469274A2D49A047D2E7366826B9D1
:10AD70002B4B00933F234469F4E73668012E04D03F
:10AD8000284B009340234469ECE7900101EB8212C9
:10AD90000F5C781EC0B2082805D840F2451626FA86
:10ADA00000F0C00708D4204B009342236569154A80
:10ADB00020461A49A847ACE711F80C10032906D021
:10ADC000092904D0194B009346236569EFE7012F49
:10ADD00002D1002005B0F0BD92ED037A2C1DD3ED19
:10ADE000037AC7EE277A17EE900AF5F7D5FB41EC08
:10ADF000100B21462846FAF70FFDEAE7AB0B0108D6
:10AE0000B1050108350B010880010108C1050108E1
:10AE10009A0101086D0B0108E7010108A2FA000878
:10AE2000FB010108870B0108AD0B0108270C010885
:10AE30002DE9F04FD1F8108007462DED028B8FB031
:10AE4000B8F1000F01D103F012FC0B6886685C6852
:10AE50004B684FEA841B5D6806EB841416F80B0000
:10AE60004FEA851A431E06EB8515D5F8109095ED2F
:10AE7000038A082B00F25781DFE813F0090055011F
:10AE8000FC0055015501550175005501A20016F849
:10AE90000A30032B35D0092B55D1214602A8FBF7E8
:10AEA00031F86468294608A8FBF72CF808A902A81D
:10AEB0006D68FAF7FCFF214600226FF07F04904294
:10AEC0000BDC08A8FAF7D7FF02A8FAF7D4FF002096
:10AED0000FB0BDEC028BBDE8F08FB1EC017AC7EE8C
:10AEE000087AF8FE677AFDEEE77A17EE903A4B445F
:10AEF0007F2BA8BF7F23A342B8BF2346AB540132A8
:10AF0000DDE7214602A8FAF7FDFF2946646808A894
:10AF1000FAF7F8FF08A902A86D68FAF7C8FF2146FA
:10AF200000229042CDDDB1EC017AC7EE087AF8FE3E
:10AF3000677AFDEEE77A17EE903A4B4483F3080305
:10AF4000AB540132EDE77D690120F8F783FF044639
:10AF500016F80A00F8F77EFF224603467349384682
:10AF6000A8470120B4E7A06802F0E6FD16F80A3011
:10AF70008146092B20D1D4F804A06FF07F06D5F8C4
:10AF800010B06D68D8E90017D4F810800024A145EE
:10AF90009DDD3AF914003A460191A0EB0800FBF759
:10AFA00061FE58440199B042B8BF30467F28A8BF1F
:10AFB0007F2028550134EAE77D6916F80B00C4E7C5
:10AFC000A06802F0B9FD16F80A308146032B23D0A1
:10AFD000092BF1D1D4F804A06FF07F06D5F810B09A
:10AFE0006D68D8E90017D4F810800024A1457FF7D8
:10AFF0006EAF1AF904003A460191A0EB0800FBF786
:10B0000031FE58440199B042B8BF30467F28A8BFEE
:10B010007F2028550134E9E7D8E90067D5F810B05A
:10B02000B6F1804FD4F804A0D4F810806D680FD129
:10B03000012F0DD1A8EB0B03803309D1002305E0CC
:10B040001AF8032082F08002EA5401339945F7DCB4
:10B0500000240CE01AF904003A463146A0EB08003F
:10B06000FBF700FE584480F3080028550134A14541
:10B07000F0DC2CE7A06802F05FFD16F80A3081468C
:10B08000032B35D0092B97D1D5F810B0D4F804A0F4
:10B090006D68D8E90067D4F81080B6F1804F0FD101
:10B0A000012F0DD1A8EB0B03802B09D1002305E064
:10B0B0001AF8032082F08002EA5401339945F7DC44
:10B0C000002412E01AF804003A463146A0EB0800CA
:10B0D000FBF7C8FD6FF07F0358449842B8BF18468D
:10B0E0007F28A8BF7F2028550134A145EADCEEE681
:10B0F000D4F804A0D5F810B06D68D8E90067D4F88A
:10B1000010800024A1457FF7E2AE1AF804003A4609
:10B110003146A0EB0800FBF7A5FD584480F308007A
:10B1200028550134EEE77D690FE700BF630C010885
:10B130000048704738010020836B13B50BB903F04A
:10B1400096FA002401AA042101949847012816BF09
:10B1500001982046046002B010BD38B5E8B109B9C5
:10B1600003F085FA002AFBD0431E02EB8002002484
:10B17000002B01DA01200EE0101F52F8042C51F8C8
:10B1800023500132AA42EBDC03D1013B02460460AA
:10B19000EEE70260002080F0010038BDF8B59C4663
:10B1A000069F0546D0B109B903F061FA002AFBD029
:10B1B0000024204610E047B1002604E057F826306E
:10B1C000A34208D00136B445F8DC52F8246051F8A7
:10B1D000243003FB00600134A542ECDCF8BD2DE90E
:10B1E000F8439C4600249146DDE908E31C6018BB47
:10B1F0000120BDE8F883854214DB03F038FA5EF8DD
:10B200002620954201D001360EE0013448F10008B5
:10B210004C4578EB0C05EBDA51F82450002DEADAB6
:10B220002D18EAD41F680026B742E8DC4EF82750F4
:10B230001D6801351D60E8E7A046E9E70B68F0B539
:10B240001E6885B00446022E0ED00223CDE90263AB
:10B250001A4B01931A4B00933A234469194A1A492D
:10B26000A047012005B0F0BD4A681268012A09D044
:10B270000123CDE90223154B0193154B00933B238A
:10B280004469EBE79B6882689B01D05C022812D07E
:10B290006769F8F7DFFD05463046F8F7DBFD0D4B33
:10B2A000084A01930C4B0D4900933F23CDE902500E
:10B2B0002046B847D5E70020D4E700BFAD07010816
:10B2C000BC0C0108860C010880010108AB0B0108C9
:10B2D000E3030108E90C0108F60C0108CF0C010892
:10B2E0007FB504460D46FFF7A9FF50B92E6956B940
:10B2F000164B009346236569154A20461549A84711
:10B30000012004B070BD6B6801215A68A36803EB8B
:10B3100082139B681D68A84206DB00290ADC0E4BDD
:10B32000009349236569E7E753F8042F0130A1FB37
:10B330000212F0E7002303AA890020460393A36BBF
:10B3400098470028DCD1039B3360DAE7150D01082C
:10B35000860C0108A2FA0008010D010830B500238F
:10B3600014468B4208DB21EAE173012402EB43001F
:10B37000032B07DD117030BD50F82350013324F842
:10B38000025FEEE7013320F8024FF1E70048704713
:10B39000580100202DE9F04F0E68044693461D46E3
:10B3A000042E2DED048B91B001D003F060F91B68E1
:10B3B000042BFADC0A460123314604A8FAF7FDFD06
:10B3C00001232A4631460AA8FAF7F7FD00210AA808
:10B3D000FAF75CFD012181460AA8FAF757FD022120
:10B3E00080460AA8FAF752FD032105460AA8FAF793
:10B3F0004DFD0121824604A8FAF748FD02210646C8
:10B4000004A8FAF743FD94F900300746022BCCD18B
:10B41000B4F90230012B1AD1B4F90430022BC4D193
:10B42000B8F1010FC1D1012DBFD107FB06F30024F4
:10B4300009EE103A4C4541DB0AA8FAF71CFD04A8B6
:10B44000FAF719FD11B0BDEC048BBDE8F08F022BAB
:10B45000ABD1B4F90430012BE1E74246214604A800
:10B4600000950393FAF7D6FD0BEB8000039BD0ED1C
:10B47000007A013378EEA78ABB42EEDB08F10108BF
:10B48000B04514DB0023B8EEC98A009521461A4660
:10B490000AA8FAF7BFFD88EE887A1E9B013503EBF8
:10B4A000800080ED007A554503DB0134C2E70023BC
:10B4B000E2E74FF00008DFED028AE1E70025F2E75E
:10B4C000000000000A692DE9F04F83462DED048B42
:10B4D00099B03AB98F4B904A0093622344698F49DF
:10B4E000A04714E183684FF0000C08684E69856836
:10B4F000446803EB851548684FEA841801214768C2
:10B5000003EB8414A8684FEA8719D0F800A003EB76
:10B510008717D44529DB13F80880B8F1030F00F032
:10B52000CF81B8F1090F00F0DB80B8F1010F40F0D6
:10B530009B82D5F8048009AA4046FFF70FFFA56853
:10B540002B68042B0BD19DF92430022B07D1BDF9B8
:10B550002630012B10D1BDF92830022B12D0DBF898
:10B5600014306F4958469847D1E050F804EF0CF179
:10B57000010CA1FB0E1ECCE7022BF0D1BDF9283047
:10B58000012BEBE73278EAB121460CA8FAF7BAFCB6
:10B59000394612A86468FAF7B5FC07B17F6812ABA8
:10B5A00022460CA909A80097FFF7F4FE12A8FAF7A3
:10B5B00062FC0CA8FAF75FFC002019B0BDEC048B0C
:10B5C000BDE8F08F6368D7E901400693012307685F
:10B5D00097425ADC9A00A246A14604EB83030792E5
:10B5E000204622460026934259D108AB00260A463F
:10B5F000042001930CAB08960093CB174146FFF74C
:10B60000EEFD002863D0089B04350593CDE9126652
:10B61000CDE914660CAF002312AA29460420009637
:10B62000FFF7BCFD059B804612AA2946042000971F
:10B63000FFF7B4FD069B04EB800012AA03EB880819
:10B640002946D0ED007A98ED007A77EE877AC0ED42
:10B65000007A0420FFF781FD0028DBD1F7EE007AA5
:10B66000DFED306A059B83421EDCF5EEC07AF1EE19
:10B6700010FAA1DD079B1C44A1459DD0F9EC016A9D
:10B6800086EEA77AAAEC017AF6E750F8046FA3FBDE
:10B6900006ECBCF1000F1AD17343013298E742F86F
:10B6A000046B40F8046B9EE786EEA76A57F8043BEC
:10B6B00005EB830393ED007AB8EE477AB4EEC67AD1
:10B6C000F1EE10FA03DC67EE877A0130CAE7164B19
:10B6D00000938423DBF814400F4A58460F49FFE6D5
:10B6E00013F8090009282BD0DBF81450F8F7B2FB47
:10B6F00004464046F8F7AEFB0C4B01930C4B00930D
:10B700008F23CDE90240044A58460A49A847012040
:10B7100053E700BF120D0108860C0108A2FA0008C9
:10B72000250D0108FFFF7F7FA60D0108570C0108BA
:10B7300048070108CF0C0108000000C30000FE42CA
:10B740006368A6680693236994ED039A0124059320
:10B75000BB68D7F804A097ED048AD7ED038AD6F822
:10B7600000806F68D3F800C01568002294457FDC24
:10B7700000231A469C4240F0858009AB099240465E
:10B780000A4601930CAB0093CB173946FFF727FD10
:10B79000002800F08F800023DDF8249012AA1946BB
:10B7A000984575DC04360CAF002312AA314640469A
:10B7B0000093FFF7F3FC4B4612AA31460790404630
:10B7C0000097FFF7EBFC3146DDE906329A5655F853
:10B7D0002030134412AA45F820304046FFF7BDFC44
:10B7E0000028E1D101226FF00041814554DC002A9C
:10B7F0007FF7E2AE89EE286A059BD346043D5B42A3
:10B8000054441FED325A07EE903A5FED355AB6EECA
:10B81000007AF8EEE77AA6EE277AA3453FF4CCAE9D
:10B8200006EE902AD5ED017A0435F8EEE77AF8EEC7
:10B83000E66AC7EEA64AF0EE476AF8EEC87AE6EE88
:10B84000246AF8FE666A77EEA67AF4EEC57AF1EE1F
:10B8500010FA2CDCF4EE657AF1EE10FA48BFF0EE47
:10B86000657AFDEEE77A17EE903A0BF8013BD4E7E4
:10B8700053F8040FA4FB009EBEF1000F1AD14443FD
:10B88000013273E70AF8032045F82320013371E7FA
:10B89000013342F8041B83E791FBF2FC57F8043BA9
:10B8A00056F82330634505D85A4301309DE75FEDD4
:10B8B0005D7AD6E76E4B00939723DBF814400BE7D5
:10B8C00013F8090003280FD0DBF81450F8F7C2FA78
:10B8D00004464046F8F7BEFA664B0193664BCDE945
:10B8E000024000939A230EE76368A66806932369D3
:10B8F00094ED039A01240593BB68D7F804A097ED53
:10B90000048AD7ED038AD6F800806F68D3F800C0A8
:10B910001568002294457FDC00231A469C4240F0C3
:10B92000858009AB099240460A4601930CAB00930F
:10B93000CB173946FFF753FC002800F08F80002317
:10B94000DDF8249012AA1946984575DC04360CAF30
:10B95000002312AA314640460093FFF71FFC4B46D6
:10B9600012AA3146079040460097FFF717FC314670
:10B97000DDE906329A5C55F82030134412AA45F8E6
:10B9800020304046FFF7E9FB0028E1D101226FF0AB
:10B990000041814554DC002A7FF70EAE89EE286A0B
:10B9A000059BD346043D5B425444DFED345A07EE19
:10B9B000903A9FED335AB6EE007AF8EEE77AA6EEAB
:10B9C000277A5C453FF4F8AD06EE902AD5ED017A72
:10B9D0000435F8EEE77AF8EEE66AC7EEA64AF0EE2E
:10B9E000476AF8EEC87AE6EE246AF8FE666A77EEF1
:10B9F000A67AF4EEE57AF1EE10FA2CDCF5EE407A58
:10BA0000F1EE10FA48BFF0EE457AFCEEE77A17EE59
:10BA1000903A0BF8013BD4E753F8040FA4FB009EC7
:10BA2000BEF1000F1AD14443013273E70AF8032034
:10BA300045F82320013371E7013342F8041B83E703
:10BA400091FBF2FC57F8043B56F82330634505D8C8
:10BA50005A4301309DE7F0EE657AD6E7044B009338
:10BA6000A223DBF8144037E6DBF81430054979E50A
:10BA7000B30E01081A0C01084807010800007F43B3
:10BA800000000000B60E01080A6849688368526821
:10BA9000496803EB821203EB811150684B689842AE
:10BAA00010B50AD1002010BD5068C45C4868C45469
:10BAB000013390699842F7D8F4E70023F9E70000D2
:10BAC0002DE9F0430E6885B0856874684B680121E4
:10BAD000A70105EB84145A68A3684FEA821C00246E
:10BAE00005EB8212D3F80080444529DB9368326865
:10BAF000012A05D11A68012A02D15A6802B91A60CE
:10BB0000D3F80090984600264FF0FF340122B1454B
:10BB10001CDC661C1CBF91FBF2F603EB840315F8DA
:10BB20000C401CBF72435E60EB5DA3422BD0CDE99D
:10BB300002341B4B01931B4B00934023446915E0D7
:10BB400053F804EF0134A1FB0E1ECDE758F804EFC3
:10BB5000BEF1FF3F11D1B4F1FF3F12D0124B019360
:10BB6000124BCDE9024E009335234469104A114926
:10BB7000A047012005B0BDE8F0830EFB02F20136BC
:10BB8000C5E73446FBE78A4208D00B4B01930B4BC9
:10BB9000CDE90212009341234469E7E70020E9E779
:10BBA0004807010860070108500F0108530F0108FA
:10BBB000190F0108800101085F0F0108730F0108C8
:10BBC0007FB50B6804460D461B68013B012B09D964
:10BBD000184B194A0093462344691849A04701208D
:10BBE00004B070BD4B681B68012B0CD001221449B6
:10BBF000CDE90232134B104A0193134B00934723B4
:10BC00004469A047EBE7FFF75BFF0028E8D029462F
:10BC100020466669FFF754FF0023074A0849CDE92B
:10BC200002030A4B20460193094B00934823B04777
:10BC3000D5E700BF860F0108190F0108A2FA000816
:10BC400080010108AB0B0108C1050108B30F010811
:10BC5000BD0F010800487047780100201FB50C682F
:10BC60002268012A0ED001214C23CDE90221154A78
:10BC70000192154A00924469144A1549A0470120CF
:10BC800004B010BD49680968012908D04D23CDE9E9
:10BC900002120C4A01920F4A00924469ECE7616873
:10BCA000826802EB811292681268002A07DC0A4A55
:10BCB0004F230A490092054A4469A047DFE7002064
:10BCC000DEE700BFAB0B0108B1050108DA0F010880
:10BCD00080010108C105010811100108A2FA00083D
:10BCE0002DE9F04F1E460B680D46804603F1FF39E3
:10BCF00014462846324649462DED048B87B0DFEDC9
:10BD0000399AFDF797F8324600264B4649460746D2
:10BD10002846B146FAF796FF0DF1140B830005464D
:10BD20000193B9452ADB07B0BDEC048BBDE8F08F69
:10BD30000B4601320431D3ED007AF4EEC87AF1EE0D
:10BD400010FAD8BF5B4693ED008AAA428DED058AB2
:10BD5000EEDB23464FF0000ADFED238AAA4512DB13
:10BD6000149B4FF0000A03EB86022346AA451FDB13
:10BD7000019B09F101092E441C44D2E7B0EE698A07
:10BD800021460022E1E7B3EC019A0AF1010AD8E961
:10BD9000000139EE489A0293F4F718FF00EE100AFA
:10BDA00020EE090A02F0D4F8029B78EE808AD5E7EB
:10BDB000B3EC019A0AF1010A039239EE489A029310
:10BDC000D8E90001F4F702FF00EE100A20EE090A9C
:10BDD00002F0BEF8C0EE287A039A029BE2EC017AE8
:10BDE000C4E700BFFFFF7FFF0000000070B58EB00A
:10BDF00004460D46014602A81646FAF783F804B138
:10BE00006468294608A8FAF77DF805B16D6808ABA3
:10BE1000224602A930460095FFF762FF08A8FAF70C
:10BE20002AF802A8FAF727F80EB070BD004870474C
:10BE30009801002008B5B0FA80F3C91A9840116043
:10BE400000F10040FDF750F808BD00002DE9F04179
:10BE5000054640F07F446001641BFDF7C7F80746C4
:10BE6000C4F300664548FDF7B7F801463846FDF7CC
:10BE7000B8F8002E06F1FF3614BF80464FF00008D8
:10BE800006EA0700C4F3406688EA00083C48FDF76C
:10BE9000A3F801464046FDF7A4F8002E06F1FF3650
:10BEA00014BF0746002706EA08063648FDF794F84F
:10BEB00001467740C4F380663846FDF792F8002EBD
:10BEC00006F1FF3614BF80464FF000083E402E4872
:10BED000C4F3C067FDF780F888EA060801464046CB
:10BEE000FDF77FF8002F07F1FF3714BF0646002645
:10BEF00007EA08072548C4F30078FDF76DF87E408F
:10BF0000014608F1FF373046FDF76BF8B8F1000F36
:10BF100007EA0607C4F3407808BF0020C4F3807422
:10BF200008F1FF3647401A48FDF756F801463846F3
:10BF30003E40FDF756F8B8F1000F08BF002046401C
:10BF4000F220FDF749F801463046FDF74AF8002C8B
:10BF500004F1FF3308BF0020334083EA0002B5FA42
:10BF600085F35B09581E002B02EA000214BF6FF034
:10BF7000004000205040BDE8F08100BF7BBEAF63B1
:10BF8000F2CBA24D6CAC162FA4AA5211B72A5802BC
:10BF900011FE0A002DE9F04F1D468DB083680C4656
:10BFA0000E680093C368013E05922A46019331460C
:10BFB000836920460293FCF73DFF33463146002655
:10BFC0002A4603902046FAF73DFEB1460546B346A1
:10BFD000039B994502DB0DB0BDE8F08F059B002463
:10BFE0009F1922463946AA428DF81F4016DB4FF0B2
:10BFF00000083B46C246AA451BDB404608AA0C2166
:10C000004FF0000AFFF716FF169B049003EB06089B
:10C01000AA4524DB09F101092E44D9E70B46013278
:10C0200001311878A0420DF11F0098BF03461C781B
:10C03000D9E713F8010B029A001B82420CDC04932F
:10C04000DDE900139840FCF7D1FEFFF7FFFE0C215D
:10C05000FCF724FF049B80440AF1010ACBE717F8A0
:10C06000010B029B001B834223DCDDE90013984097
:10C07000FCF7BCFEFFF7EAFE01460498FCF7B1FFAF
:10C0800008991731FCF70AFFFF22099090420A92A3
:10C09000CDF82CB0D4BF09A90AA908680028B8BFF8
:10C0A0000BA9096888F800100AF1010A08F10108D3
:10C0B000AEE788F800B0F7E72DE9F04F1D468DB0E8
:10C0C00083680C460E680093C368013E05922A46B9
:10C0D00001933146836920460293FCF7ABFE334659
:10C0E0003146002603902A462046FAF7ABFDB146BA
:10C0F0000446039B994502DB0DB0BDE8F08F059B1C
:10C100006FF07F0500220DF11F0C9F193946A242E6
:10C110008DF81F5018DB4FF00008BB46C246A24501
:10C120001DDB404608AA0C214FF0000AFFF782FEF3
:10C13000169B4FF4004B049003EB4608A24522DB0C
:10C1400009F101092644D4E70B460132013193F984
:10C150000000A842D8BF634693F90050D7E71BF907
:10C16000010B029B401B83420ADCDDE9001398406F
:10C17000FCF73CFEFFF76AFE0C21FCF78FFE8044C3
:10C180000AF1010ACBE717F9010B029B401B83421E
:10C1900027DCDDE900139840FCF728FEFFF756FE88
:10C1A00001460498FCF71DFF08990F31FCF776FE55
:10C1B000A0F5004047F6FF720B4BB0F5004F099019
:10C1C0000A92B4BF09A90AA90B9308689842B8BF9C
:10C1D0000BA90968A8F800100AF1010A08F1020881
:10C1E000ACE7A8F800B0F7E70080FFFF2DE9F04FBB
:10C1F0001D468DB083680C460E680093C368013EEF
:10C2000005922A4601933146836920460293FCF742
:10C2100011FE33463146002603902A462046FAF79F
:10C2200011FDB1460446039B994502DB0DB0BDE804
:10C23000F08F059B6FF07F0500229F193946A242BF
:10C240008DF81F5018DB4FF00008BB46C246A245D0
:10C250001FDB404608AA0C214FF0000AFFF7EAFD59
:10C26000169B4FF0800B049003EB0608A24524DBDD
:10C2700009F101092644D6E70B460132013193F951
:10C280000000A8420DF11F00D8BF034693F90050EB
:10C29000D5E71BF9010B029B401B83420ADCDDE959
:10C2A00000139840FCF7A2FDFFF7D0FD0C21FCF72E
:10C2B000F5FD80440AF1010AC9E717F9010B029B59
:10C2C000401B834225DCDDE900139840FCF78EFD1E
:10C2D000FFF7BCFD01460498FCF783FE089917316F
:10C2E000FCF7DCFD7F2280386FF07F030A929042DA
:10C2F00009900B93D4BF09A90AA908689842B8BF4E
:10C300000BA9096888F800100AF1010A08F1010870
:10C31000ACE788F800B0F7E70378032B70B5054663
:10C320008EB00C46164619D1014602A8F9F7EAFD6F
:10C33000214608A86D68F9F7E5FD04B1646808AB0B
:10C340002A4602A930460094FFF724FE08A8F9F710
:10C3500092FD02A8F9F78FFD0EB070BD0B78014673
:10C3600002A8072B0FD1F9F7CDFD214608A86D686B
:10C37000F9F7C8FD63682A4602A90093304608AB66
:10C38000FFF79AFEE2E7F9F7BDFD214608A86D68C0
:10C39000F9F7B8FD63682A4602A90093304608AB56
:10C3A000FFF724FFD2E700000B682DE9F0475E6835
:10C3B0000446D0F80880B7014B68D1F814A008EB08
:10C3C000861618F807905D68B9F1030F4FEA8513D8
:10C3D00008EB85152DED028B92B015D0B9F1090F40
:10C3E00040F0A18018F80330072B3AD12B6913F5E0
:10C3F000004F68D06A4ACDE902326A4B01936A4B1A
:10C4000000932C23446923E018F80330032B13D046
:10C4100046691846F7F71EFD05464846F7F71AFD28
:10C42000624B0193624B00932723CDE90250614A8E
:10C4300020466149B0470EE02B69002B43D0002213
:10C44000CDE902325D4B0193574B00932823446999
:10C45000584A5B49A047012012B0BDEC028BBDE8F1
:10C46000F087092B0FD046691846F7F7F3FC05460D
:10C470004846F7F7EFFC534B01934D4BCDE9025083
:10C4800000933023D3E72B6913F1800F0AD06FF0AC
:10C490007F02CDE902324C4B0193434B0093312391
:10C4A0004469D5E795ED037ADFED487AB4EE677A13
:10C4B000F1EE10FA07D0464B3E4A0093322344690E
:10C4C0004449A047C7E7F068F4F766F841EC180B59
:10C4D000DAF80000F4F760F8B0EE481AF0EE681AE7
:10C4E00005AA41EC100B08A90520F9F725FA0599D2
:10C4F0001F2205200991F9F75BFAF4F73BF801F1E7
:10C500000041F4F73BFB0C9018F80700032837D0E4
:10C51000092835D0012839D106AA29463046FFF727
:10C5200065FC002098E7B9F1010F0FD04669484635
:10C53000F7F790FC05460120F7F78CFC264B01939A
:10C54000264BCDE902500093422370E718F8030010
:10C5500001280ED06669F7F77DFC05464846F7F7D7
:10C5600079FC1D4B0193124BCDE9025000934323FC
:10C570005DE7DAF80000F4F70FF8CDE90601C3E74C
:10C5800006AA29463046FFF7C7FECAE76569F7F7EE
:10C5900061FC18F80730024611492046A8475AE7BF
:10C5A0000080FFFF2B100108540901081A0C010834
:10C5B00048070108DA0F0108CF0C010856010108ED
:10C5C00080010108570C0108321001080000803B6F
:10C5D00037100108A2FA0008591001086007010885
:10C5E0006F0301082DE9F04F85B083684A69029016
:10C5F000086801934668B00103EB8616185C451E77
:10C60000082D00F2B281DFE815F009007300D800B0
:10C61000B001B001B001B001B00144014868019B14
:10C620004168B76803EB8111D7F800C08D68D2E983
:10C630000092002A22DA6244BE460021012491427F
:10C6400020DB511C043701228C4521DCD5F800C0C9
:10C6500029460027012567451FDB02FB04F18D42B7
:10C660000ED17368002502932F4602FB09F3039352
:10C67000B94518DC002005B0BDE8F08F6245DBDB72
:10C6800001F0F5FF5EF8048F013108FB04F4D6E7F2
:10C6900057F8213001315A43D6E751F804EF0137FA
:10C6A0000EFB05F5D7E750F8041F0026019BAE46A8
:10C6B000B44613EB811118BF4968644502DC0137A9
:10C6C0001544D5E7029B01EB860B4FF0000803EB06
:10C6D0008E0A424505DC039B0CF1010C16449E4476
:10C6E000EBE7FAEC017A08F10108EBEC017AF0E7EC
:10C6F0004868019B4168B76803EB8111D7F800C017
:10C700008D68D2E900B2002A2DDA6244BE460021CB
:10C71000012491422ADB511C043701228C452BDC79
:10C72000D5F800C0294600270125674529DB02FB13
:10C7300004F18D42A4D17368002503932F4602FBB8
:10C740000BF30293BB4595DD50F8041F0026019BB7
:10C75000AE46B44613EB811118BF4968644516DC38
:10C7600001371544EEE76245D0DB89E75EF8048FB8
:10C77000013108FB04F4CCE757F8213001315A436A
:10C78000CCE751F804EF01370EFB05F5CDE7039B2D
:10C7900001EB860A4FF0000803EB8E09424505DCE9
:10C7A000029B0CF1010C16449E44D7E759F8043B58
:10C7B00008F101084AF8043BF0E74D68019B6D68F9
:10C7C000B06803EB8513D0F800E09F68D2E900B2AF
:10C7D000002A34DA7244844600230125934231DB77
:10C7E0000132012300F1040C964531DCD7F800C07A
:10C7F0003A460120002767452FDB03FB05F29042F4
:10C800007FF43EAF726800260392304603FB0BF2C2
:10C81000019283457FF72EAF4A68B64602EB80024D
:10C820005768029A926812EB87124FF0000718BF00
:10C830005268BC46654516DC01301E44E9E7724586
:10C84000C9DB1DE75CF8048F013308FB05F5C5E77C
:10C850005CF8220001324343C6E752F804EF013787
:10C860000EFB00F0C7E7039C02EB070A4FF000083D
:10C8700004EB0E09434505DC019C0CF1010C1F443F
:10C88000A644D7E719F8014B08F101080AF8014B53
:10C89000F0E74D68019B6D68B06803EB8513D0F835
:10C8A00000E09F68D2E900B2002A34DA724484467C
:10C8B00000230125934231DB0132012300F1040CF6
:10C8C000964531DCD7F800C03A460120002767457D
:10C8D0002FDB03FB05F290427FF4D2AE7268002694
:10C8E0000392304603FB0BF2019283457FF7C2AE01
:10C8F0004A68B64602EB80025768029A926812EBC9
:10C9000087124FF0000718BF5268BC46654516DC19
:10C9100001301E44E9E77245C9DBB1E65CF8048FDB
:10C92000013308FB05F5C5E75CF8220001324343FB
:10C93000C6E752F804EF01370EFB00F0C7E7039C8F
:10C9400002EB070A4FF0000804EB0E09434505DC33
:10C95000019C0CF1010C1F44A644D7E719F9014BC7
:10C9600008F101080AF8014BF0E7029B5D69F7F74F
:10C9700071FA034902460298A84701207BE600BFEE
:10C980006810010800487047B80100204B1E184489
:10C99000B0FBF1F048437047B0FBF1F048437047FB
:10C9A000431E0B44B3FBF1F301FB03F0704700009F
:10C9B000022838B5044615460BD8D0B92046F7F7FB
:10C9C00049FA234602460E492846F7F74FFA012056
:10C9D00012E0C31E062BF1D8012303FA04F212F46D
:10C9E000127F07D112F4887F07D1072CE6D10223EA
:10C9F00000E0042300200B6038BD0823FAE700BFE5
:10CA00008E1001082DE9F3410E46016804461546D3
:10CA1000411A9846088804282CD90023012703E0EE
:10CA200001335EF8232057438A8804EB020C0AB3D3
:10CA3000A2580CEB020E5CF802209A42F0D80628AD
:10CA400016D9C88800B1205642460DF10701C0B280
:10CA5000F7F75EFA48B9424629469DF80700FFF706
:10CA6000A7FF10B92B687B43336002B0BDE8F081AB
:10CA70000020E9E700231B68FFDE7047704740682D
:10CA800001F082B810B50446082101F0FDF92046F6
:10CA900010BD00007E289ABF024B53F820000248C8
:10CAA000704700BF98B30308311B010810B5082177
:10CAB0000446F7F71AFA10B123182058184410BD8D
:10CAC00010B50A210446F7F710FA10B123182058C0
:10CAD000184410BD10B50E210446F7F706FA00B150
:10CAE000205C003818BF012010BD10B50421044699
:10CAF000F7F7FBF910B123182058184410BD10B5F2
:10CB00000A210446F7F7F1F910B123182058184408
:10CB100010BD0000037C10B5044623BB4368806849
:10CB2000D3E90112521AD3E90331CB1A0F49D21AB1
:10CB3000F7F79CF963680E49DA685B68A068D21A57
:10CB4000F7F794F963680B499A681B69A068D21AD1
:10CB5000F7F78CF96368D3E90120801AD3E903322F
:10CB6000D31AC01A10BD0020FCE700BFB0100108A6
:10CB7000CD100108E210010870B504461546406862
:10CB800010220E4601F000F830B932460449A06880
:10CB9000F7F76CF9012070BD28600020FBE700BFAB
:10CBA000F71001082DE9F0411F46436904460E467F
:10CBB000904640684BB10269934206D00E49A06886
:10CBC000F7F754F90120BDE8F08104220C2100F0B0
:10CBD000DBFF28B932460949A068F7F747F9F1E7C2
:10CBE000A36900258660C0E900583B60A369013352
:10CBF000C4E905032846E6E7271101088911010861
:10CC000008B583690A468B4205D807498068F7F75B
:10CC10002DF9002008BD5B1A42690C2101FB03239A
:10CC200053F80C0CF6E700BFBE11010808B5036805
:10CC3000994206D3054B40F20111054A054801F01F
:10CC40001DFD00EB810090ED010A08BDE91101080E
:10CC5000F4110108A412010808B50368994206D32B
:10CC6000054B40F20111054A054801F007FD00EBB4
:10CC7000C100D0E9010108BDE9110108E112010874
:10CC8000A412010808B50368994206D3054B40F287
:10CC90000111054A054801F0F1FC013150F821006D
:10CCA00008BD00BFE9110108A1130108A412010881
:10CCB00008B50368994206D3064B40F20111064AB3
:10CCC000064801F0DBFC013100EB810250F8210045
:10CCD000104408BDE911010857140108A412010805
:10CCE00008B50368994206D3064B40F20111064A83
:10CCF000064801F0C3FC013100EB810250F821002D
:10CD0000104408BDE911010835150108A4120108F5
:10CD100010B50446F7F7E9F810B123182058184465
:10CD200010BD10B50446F7F7E0F810B123182058ED
:10CD3000184410BD2DE9F04F85B00C468046002107
:10CD40000E9D914640221F46284601F08DFF062188
:10CD50002046F7F7CAF800B120563A462946C0B235
:10CD6000F7F7D6F80646002870D12046FFF7B2FE46
:10CD7000082185F82D002046F7F7B7F8014600B1E5
:10CD80002158D9F800308B4206D85E4B40F2011191
:10CD90005D4A5E4801F072FC013109EB810059F8EF
:10CDA000213004211844FFF7B3FF002852D0036854
:10CDB000002B4FD00430012368602B753B4603AA3B
:10CDC00005F118012046FFF71DFE064600283DD15B
:10CDD00004212046FFF7A5FF0C21A8602046F7F7A5
:10CDE00084F800286ED0235804EB00099944484683
:10CDF000FFF75CFE8246002864D00368002B61D0F8
:10CE00004846FFF75DFE00285CD00368002B59D030
:10CE100031465046FFF70AFF484685ED030AFFF703
:10CE20004FFE3146FFF718FF28614846FFF73EFEE8
:10CE30000422D0F800B00C21404600F0A5FE824646
:10CE400068B9334901263846F7F710F8304605B07F
:10CE5000BDE8F08F6B68002BB0D10223ADE75846D8
:10CE6000F6F7CDFF04220146404600F08DFECAF8D9
:10CE7000040008B92749E5E75846F6F7E8FF042219
:10CE80000146404600F080FE0346CAF8000008B99B
:10CE90002149D7E7DAF8042037469046C2F800B0B7
:10CEA00043F804BBBB4519DC10214846F7F71DF8D1
:10CEB00008B159F800000123CAF80800C5F834A0E9
:10CEC00085F830300A212046F7F70FF80028BDD04A
:10CED00022582318043213442B62B7E748460193C3
:10CEE000FFF7EEFD3946FFF7B7FE48F8040F484656
:10CEF000FFF7DCFD3946FFF799FE019B0137A3ECF4
:10CF0000010ACFE7E911010817160108A412010868
:10CF1000F516010823170108511701082DE9F341FF
:10CF20000568044608212846F6F7DFFF002851D09F
:10CF30002A182B58D018D358012B07D02649A0689F
:10CF4000F6F794FF012002B0BDE8F0814368043396
:10CF50001844E061FFF7C9FDE568016804226068D4
:10CF60002960890100F010FEE368A8609A687ABB26
:10CF70001A681A499201A068F6F778FFE2E7294695
:10CF80006768FFF795FED4F8008006460C214046FE
:10CF9000F6F7ABFF024620B108EB000358F800207B
:10CFA0001A44E368314638469B6803EB85130093C7
:10CFB000A368FFF7BFFE10B12A460949DBE7013538
:10CFC000E069FFF792FD03689D42D8D30020BAE7DD
:10CFD0000025F5E70368FFDE7A170108A3170108AB
:10CFE000E5170108F8B5079F1D46002302600446B7
:10CFF0000374C0E90271C0E9053310212846FFF728
:10D00000C5FC8542064604D0421B0D49A068F6F7D0
:10D010002DFF069B31463846EA18921B00F0CEFDE4
:10D0200060602046FFF77AFF38B10649A068F6F73E
:10D030001DFF002320462374F8BD0123FAE700BF3B
:10D04000041801086F1801082DE9F04F037C8BB01C
:10D050000446CDE9031283B14568C069FFF74FFD6F
:10D060002821036804222846594300F08DFD81469B
:10D0700028B95349A068F6F7F9FE012351E0266864
:10D0800006213046F6F731FF054610B13318355802
:10D090001D4463684F464B4A4FF0000ACDE9082310
:10D0A000E069FFF72CFD03689A4504D3049BC3F89D
:10D0B0000090002335E05146FFF712FE0421804620
:10D0C000F6F713FF064608B158F800602B68A06811
:10D0D000B34204D832463C49F6F7C8FECDE7731C8C
:10D0E0000246039905EB830B55F823309B4407F167
:10D0F00024035846F8F720FBB8B1039004215846A2
:10D10000A468F6F7F2FE039B08B11BF90000C0B259
:10D110000393FFF7BFFC2D4902462046F6F7A6FE13
:10D12000039B18460BB0BDE8F08F7B6A1BB93246F3
:10D130002749A068D0E793F814B0BBF1200F0CD0BA
:10D140000E214046FFF7E4FD38B1A4685846FFF7CA
:10D15000A1FC204902462046BEE700230E2140469E
:10D160000793FFF7D5FD0646E0B156F8043B0621CC
:10D1700040460593FFF7D5FD0821834640460AF156
:10D18000010AFFF7CEFD242280460021384601F037
:10D190006BFD079A059BC7E900B8C7E90526FB6147
:10D1A00028377DE707AB59464046009308ABA26895
:10D1B000F6F710FF03460028B3D13346D7E700BF88
:10D1C00095180108A0B50308CB180108F518010847
:10D1D0002219010843190108037C2DE9F04F044688
:10D1E00097B0002B75D08368029343680299C06999
:10D1F000D3E90323CDE90712CDE909320B93FFF7F9
:10D2000074FCA369D0F800A007A853440493142326
:10D21000049A534304221946039300F0B5FC0546D3
:10D22000002851D0E3688146D4F81C8083469E686C
:10D2300000274FF0FF330436BA454CD14FF0000BB6
:10D240001426DA4606214046FFF76BFD03689B452E
:10D2500060D34FF0000A142608214046FFF761FD15
:10D2600003689A4560D340464FF0140BFFF747FC24
:10D270000668013E002E66DA0022294616469742CD
:10D2800040F0988014236269012003FB075304993E
:10D290001433B94200F2A680012207A8DDE90A365C
:10D2A000F61A314600F056FC0146002840F0A880EE
:10D2B000A14BA168019340F24123A04A0846009384
:10D2C0009F4BF6F7E1FD04E0039A9E490298F6F7BA
:10D2D000CDFD0126CAE07269CBF81060CBF80830AA
:10D2E000CBE9002332689AB94046FFF7FEFB394686
:10D2F000FFF7DEFCFFF7EEFB80F001004FF0FF339D
:10D30000C0B28BF80C0001370BF1140B403693E7D9
:10D310000020F6E759460BF1010BFFF7B3FC06FBC3
:10D320000050C0F804A08DE751460AF1010AFFF74A
:10D33000A9FC06FB005B4046FFF7E1FB0368013BED
:10D34000CBF8083088E740464FF0000AFFF7D7FBDC
:10D350003146FFF7C5FC059006210598FFF7E1FC73
:10D36000026892450AD34FF0000A08210598FFF79A
:10D37000D8FC026892450FD3013E7BE75146FFF788
:10D3800081FC0BFB00508268511C01D0964200DDED
:10D3900086600AF1010ADFE75146FFF773FC0BFBD9
:10D3A00000504268531C01D0964200DA46600AF1F0
:10D3B000010ADAE7D1E90130B3F1FF3F05D10130CD
:10D3C00005D00E730132143159E70130FAD1087BD0
:10D3D0000028F7D04FF0FF31029800915A49F6F734
:10D3E00045FD76E75168013743F8042C0C3243F8C9
:10D3F000141C52F8041C03F8080C43E9041146E716
:10D4000032460CA800F036FC039FD4F808802F4465
:10D41000BD4215D163680CA8D3E90335ED1A00F0BD
:10D42000FCFCD4F80880A84224D90CA800F0F5FC34
:10D430002B46024645494046F6F718FD012612E004
:10D440002B7B0BB91435E3E710212868FFF7A8FA06
:10D45000AB680246414600930CA86B6800F0D0FB15
:10D4600006460028EED00CA800F0C0FB304617B0EE
:10D47000BDE8F08F63684FF0000B4FF0FF3ADD68B6
:10D480004F4515D165680CA800F0C7FC0122014684
:10D49000284600F05FFB18BB2D4BA168019340F2BA
:10D4A0005A23264A08460093254BF6F7EDFCC5E7BC
:10D4B00099F80C308BB106AB5A4641460CA8CDF812
:10D4C00018A000F0C5FC06460028CCD1069B0BF145
:10D4D000010BD9F810202B44136009F11409CFE790
:10D4E0000CA8002600F082FBE069FFF7FEFAE36873
:10D4F0000746D4F804809D683B689E4202D300260C
:10D500002674B3E731463846FFF7D2FBFFF7E2FA5D
:10D5100028B9284601364035F8F76AF9ECE71022B9
:10D52000A969404600F030FB68600028F1D1094944
:10D53000A068F6F79BFCCCE6641A0108A2FA000882
:10D540002D1A010889190108CA1901087D1A010854
:10D55000D21A0108F51A01087047000000B5C1B0E1
:10D5600013460A464FF48071684600F0E5F96846B4
:10D57000F3F7A2FD0348F3F79FFD002041B05DF8EB
:10D5800004FB00BF2F1B010810B50446042100F066
:10D590007BFC204610BDC3681868FFF7EDBAC06871
:10D5A00013460A4681680068FFF7FCBAC36818682A
:10D5B000FFF726BB0EB4C36803B5586803AA036817
:10D5C00052F8041B9B680192984702B05DF804EB87
:10D5D00003B070474369202B01D180697047DBB2EB
:10D5E0007E2B9ABF024A52F823000248704700BFC0
:10D5F00098B30308311B01082DE9F3470B9F002561
:10D6000000F1100A04460E46984604F16009C0E98C
:10D610000051C0E9022729465022504601F024FB60
:10D620000A9B514632460093484643460197FFF70E
:10D63000D9FCE3680821304684F88050C4E922937D
:10D640004FF0FF33C4F89030F6F74FFCE0B13118DB
:10D6500032588B18895801290AD001250B493846C0
:10D66000F6F704FC204684F8815002B0BDE8F0874C
:10D670005A68616304321344C4F8843004F18803A7
:10D68000E361034B6362EDE70368FFDE7A1701088D
:10D69000B5D50008F8B503680446A3B92046F8BD1F
:10D6A000236806FB05335A6A22B1526812B1196920
:10D6B000384690470135D4F88400FFF720FA036814
:10D6C0009D42EDD3EAE70025282600F11007F2E796
:10D6D0002DE9F74300F160070246816804463846A9
:10D6E000FFF7B2FC0546002860D1334B4FF0280805
:10D6F00004F11009A364C4E91400D4F88400FFF70E
:10D70000FEF903689D4222D34FF0FF3300252826FF
:10D7100004F11008C4F89030284B2365D4F8840035
:10D72000FFF7EDF903689D4226D34FF0FF333846EB
:10D73000C4F890300023A3642365214B6365FFF791
:10D740004BFD002832D1012384F880302EE026687A
:10D75000C4F8905008FB0566736A5A691B68202A52
:10D76000D6E905100ABFF2690022014613B1484606
:10D77000984730610135C0E72168C4F8905006FB36
:10D780000511D1F82490D9F8083093B14046984754
:10D79000014670B1E4684846FFF71CFF009102465D
:10D7A0002B4608492046F6F761FB012003B0BDE88F
:10D7B000F0830135B2E700BF97D500089FD5000878
:10D7C000ADD50008321B010890F881302DE9F341F6
:10D7D00004462BB11E49C068F6F748FB012114E04E
:10D7E00090F8803063B10025282604F11007D4F8A2
:10D7F0008400FFF784F903689D420AD3002104E006
:10D80000FFF766FF01460028EDD0084602B0BDE8EC
:10D81000F081216806FB0511D1F82480D8F80C307E
:10D820000BB90135E3E738469847012801460BD18B
:10D83000E4684046FFF7CEFE009102462B460549BC
:10D840002046F6F713FBC9E70028EAD0DDE700BF62
:10D85000681B0108951B010838B50C4605460821D0
:10D86000D0F88400FFF75DFA03689C4206D3224695
:10D870000649E868F6F7FAFA002038BDAD69214696
:10D88000FFF700FA05EB8010F7E700BFC91B01089E
:10D8900038B50C4605460621D0F88400FFF741FA5A
:10D8A00003689C4206D322460649E868F6F7DEFA8A
:10D8B000002038BDAD692146FFF7E4F905EB801083
:10D8C000F7E700BFF51B010830B5034604462046C4
:10D8D00014F8015B002DFAD10139013A0B4412F81A
:10D8E000011F09B1984202D30023037030BD00F834
:10D8F000011BF4E770B505460C46B5FBF2F602FBDA
:10D900001650C3B20928204694BF30335733AA4279
:10D91000DBB200F8013B04D900236370A14203D3BA
:10D9200070BD04463546E8E70B78227801F8012BF4
:10D9300004F80139F2E700002DE9F04F824695B076
:10D9400017461C4601F1FF3900253B7829460AEBB2
:10D9500005065BB34D4529DA252B07F1010240F09E
:10D96000CE807B78732B00F0CD8008D8642B19D043
:10D97000662B3AD0252B00F0C1801746E5E7752BC2
:10D980002AD0782BF9D1A9EB0502681C092A0EDDF3
:10D990004FF03002023532700AEB050610220AF809
:10D9A00000301EE0A9EB05030A2B05DC681C0023F0
:10D9B000337015B0BDE8F08F54F8040B31460A22DD
:10D9C0000028BEBF2D23404201F8013BFFF792FF24
:10D9D000801B0544BA1CD0E7A9EB05030A2BE5DD43
:10D9E0000A22314654F8040BF0E7A9EB0503B2EE26
:10D9F0000C7A07EE903AF8EEE77AF4EEC77AF1EE99
:10DA000010FAD3D4073406F12F0824F00704F4E801
:10DA10000201F3F7DBF8C0F3C7530028B4460293C2
:10DA2000A3F17F03C0F3160B0193BCBF2D230CF8A9
:10DA3000013B00238CF80030019B802B0BD1A8EB1D
:10DA40000C01BBF1000F04D1364A6046FFF73CFFE2
:10DA5000BEE7354AF9E7354B04AA59689646186877
:10DA60000833AEE80300324972468B42F5D118689C
:10DA700004A91B79CEF8000058468EF80430002324
:10DA800011F9012B01332BFA02F20D2B1044F7D1BF
:10DA900031230CF1020B002208A98CF800302E2350
:10DAA0008CF802200A228CF80130A8EB0B030393B8
:10DAB000FFF720FF08AA03995846FFF705FF1D4A04
:10DAC000A8EB0001FFF700FF019B8346A8EB0008CD
:10DAD000002B4FF00A02BBBF2D230DF1210108A935
:10DAE0008DF82030BEBF029BC3F17F0301930198E4
:10DAF000FFF700FF08AA41465846A7E7BA1C0135C0
:10DB000033703AE754F8043B013B894503DD13F8D1
:10DB1000012F023112B9A6EB0A055BE706F8012BCB
:10DB2000F3E700BF201C0108241C01082C1C01087D
:10DB3000341C0108281C010803460168002201204A
:10DB400010B5914200DC10BD53F8044F0132604320
:10DB5000F7E7000037B505460C46C0681146FEF7EA
:10DB600015FF2B691B1AA34209D2E21A054900923C
:10DB700022462868F6F77AF9002003B030BD044445
:10DB8000EC60FAE73A1C010837B504460D46006917
:10DB90001146401BFEF700FFE36883420AD91B1AB7
:10DBA0002A4605490093EB1A2068F6F75FF9002032
:10DBB00003B030BD2061FBE73A1C010870B50A4490
:10DBC00086B0CDE903210592042201ACCDE9010123
:10DBD0000DEB02001421FFF7D7FF064605460FCCD8
:10DBE0000FC5236830462B6006B070BD7047806853
:10DBF000704710B50446282100F046F9204610BDB4
:10DC000070B5044616460846D4E90125954204DB62
:10DC10000949F6F72BF9012070BD0C21E068694332
:10DC200001354218465000205360049B9360012345
:10DC3000A56084F82430EFE77E1C0108F0B50346A8
:10DC40000C4601250026954202DB002EF7D1F0BDDF
:10DC5000D3E9007C01356745BCBFC3E900C7D4E9FF
:10DC6000006703F10403BCBFC4E900760126043455
:10DC7000E9E7000010B50C4CC1600460002484602A
:10DC8000012480F824402424B2FBF4F20C244260E6
:10DC900054432144016101EB8201416101EB8201A6
:10DCA00081612144016210BDCCB5030810B54C68F8
:10DCB000C1680C2000FB04114868984205DC8868A4
:10DCC0009042B4BF0020012010BD0020FCE770B5D9
:10DCD000054669B984690C2621462846FFF7E6FF08
:10DCE00078B9A1684C1C0ED0AC6906FB0144F3E77F
:10DCF00089684E1C04D084690C2000FB0144EAE7CB
:10DD00000024204670BD0446FBE790F824302DE93E
:10DD1000F04F044685B033B3836823B300230C214E
:10DD20004FF0FF3580F82430D0E90408A268934210
:10DD30001CDB41460126FFF781FFA56900234FF058
:10DD40000C092B60D8F800206A604FF0FF32AA60FF
:10DD5000226AE66100920099D8F8002041F822304A
:10DD6000A3689E420FDB05B0BDE8F08FE66801FBBB
:10DD700003F2B25840F82320226A48F8233042F8D0
:10DD800023500133D2E758F826A00027D4F80CB06E
:10DD900009FB0AF238460BEB02035BF80220019202
:10DDA000D3E90123029301460390029B2046FFF72B
:10DDB0008EFF039949B14B68096809FB03FC5BF8C6
:10DDC0000CC08C446745B8BF674620B10168019B11
:10DDD000C91B8B42E7DC009B43F82A70E26909FB10
:10DDE00002F3EF50E818531CC0F804A0E3612B467F
:10DDF0009968B1F1FF3F05D19A6081600136AFE7C4
:10DE00007346F5E709FB01FC05EB0C0E55F80CC059
:10DE10006745F5DA81609A60F0E770B50446FFF770
:10DE200074FFA06820B1A16900200C250B4603B93E
:10DE300070BD5A68E6686A43B2581E689B683244EF
:10DE4000904238BF10465A1CF2D005FB0313EEE790
:10DE5000F8B5144605460F461E46FFF756FF002C40
:10DE600002DBAB68A34207DCAB68224605493846B3
:10DE7000F5F7FCFF0120F8BD2B6A002053F8243091
:10DE80003360F8E79B1C010800F024B800F022B8CA
:10DE90000268D207034605D4427802B1FFDE0120B2
:10DEA00058707047002070470123036070470128B5
:10DEB00038BF012010B50446204600F003FC00B135
:10DEC00010BD00F009F808B900F0D1FB8047F3E776
:10DED000FFF7EDBF00F0FEBB024B1868BFF35B8F8E
:10DEE000704700BF34BB042070B5002155EC104BC7
:10DEF0000160144925F000438B4206462A461ED88D
:10DF0000214619431BD01049294061B90F4B00220B
:10DF100020462946F2F798FB0A4621F000436FF0AD
:10DF200035010446316031681B15A3F2FE336FF3EF
:10DF30001E52194442F07F55316045F4001545ECFE
:10DF4000104B70BDFFFFEF7F0000F07F00005043DB
:10DF500008B52DED028BF0EE408A00F0B3FAB0EE7A
:10DF6000408AB0EE680A00F093F860B1DFED0F7AF6
:10DF7000F4EEE78AF1EE10FA0ADD00F017FF9FEDEC
:10DF80000C8A22230360B0EE480ABDEC028B08BD68
:10DF9000DFED087AF4EEE78AF1EE10FAF3D500F03F
:10DFA00005FF22239FED048A0360ECE71772B1425C
:10DFB0000000807FB5F1CFC20000000038B510EE40
:10DFC000105A25F00043B3F1FF4F2DED028BF0EE18
:10DFD000407A0FD32A4BD3ED006A93ED007A86EE98
:10DFE000A70A002DACBF30EE070A30EE470ABDECA1
:10DFF000028B38BD234A934239D8B3F1105F07D260
:10E000001F4B93ED000A30EE270A20EE270AEEE7B9
:10E01000B3F17E5F1C4C19D300F022FBD4ED007AE3
:10E0200020EE270A00F03EF8154BD3ED007A94ED70
:10E03000006A94ED007A37EE007AC6EE076A37EE92
:10E04000E60A002DB8BFB1EE400AD0E794ED008A91
:10E0500000F006FB28EE400A00F024F8D4ED007A28
:10E0600077EE807AB1EE407A87EE270AE9E7044B33
:10E0700093ED000A054BD3ED007A30EE670AE0E736
:10E08000ECB50308FFFFAF41E8B50308E4B50308AA
:10E0900010EE103A23F00040B0F1FF4FACBF00206B
:10E0A0000120704710EE103A834A03F0004023F03D
:10E0B000004393421FD9B3F1FF4F02D930EE000A5B
:10E0C000704706D10028FFEE007A18BFB0EE670A4D
:10E0D000704720B9794A934263D900F02BB9DFED3C
:10E0E000787A70EE277AF5EEC07AF1EE10FA51D513
:10E0F000BFEE000A7047734A934272D9724A934244
:10E1000068D89FED727A00283DD130EE477ADFED76
:10E11000706A012337EE660A77EE407A77EEE67A88
:10E12000F6EE005A20EE254A9FED6A6ADFED6A6A34
:10E130009FED6A5A20EE047AF0EE084AE7EE066A8E
:10E140009FED676AA6EE876ADFED666AE6EE076A0C
:10E15000B7EE006AA6EE875AF0EE466AE5EE076A69
:10E16000E4EE664AB1EE084AA0EE644A36EEE45A9E
:10E17000C5EE046A66EE876A002B40D190EE267ADF
:10E1800030EE470A704730EE077ADFED576A4FF0FE
:10E19000FF33BFE79FED557A20EE077AFEEE007A57
:10E1A00005E09FED527A20EE077AF6EE007A77EEE0
:10E1B000877AB0EE407AFDEEE77AF8EEE76A17EE7E
:10E1C000903ADFED427AA6EEE77ADFED417A66EE2D
:10E1D000A76A9FE79FED457A20EE077A0028E4D0F2
:10E1E000DCE7B3F14C5F08D2DFED417A70EE277ABD
:10E1F00077EEE77A30EE670A7047002390E776EE15
:10E20000E76A5A1CD6EE807A77EEC77A06D170EEAE
:10E21000677ABEEE000AA7EEA50A7047012B18D157
:10E22000BDEE007AB4EEC70AF1EE10FA5BBF70EEF5
:10E23000677AB0EE007A70EE255AA7EE876A43BF80
:10E2400077EEE57AB8EE000A27EE800AB0EE460ACD
:10E2500070475A1C392A4FEAC3510BD977EEC07A5E
:10E2600076EE677A17EE903A194407EE901A37EE79
:10E27000C60A7047162B11DC4FF0807242FA03F386
:10E28000C3F17E5307EE103A77EEC07A77EE677AE5
:10E2900017EE903A0B4400EE103A7047C3F17F033B
:10E2A000DB0507EE103A77EE877A70EE677A77EE45
:10E2B000867A17EE903AEDE743B895411772B1426E
:10E2C0006042A20D1872B13E9115853F8071313FB9
:10E2D000D1F71737BBED57B4547E8636898808BD11
:10E2E000CD70A6B8010DD03AD1F717B73BAAB83F09
:10E2F000CAF2497110B52DED028BB0EE408A04468A
:10E3000000F054FDB0EE480ABDEC028B046010BD75
:10E3100030B1F1EE407A27EE800A2220FFF7EABF03
:10E32000F0EE407AF7E700009FED010AFFF7F0BF3B
:10E33000000000109FED010AFFF7EABF0000007027
:10E3400051EC100BC1F30A532DE9F041A3F2FF3653
:10E35000132E0C460546804634DC002E17DA32A315
:10E36000D3E90023F1F7BAFF00220023F2F7FCFB08
:10E3700050B1002C55DA24F000442C430025AC4267
:10E380002B4C08BF4FF000442146284623E0294F7C
:10E39000374101EA070303431DD023A3D3E9002338
:10E3A000F1F79CFF00220023F2F7DEFB0028EBD000
:10E3B000002CBEBF4FF480133341E41824EA070455
:10E3C0000025E1E7332E0ADDB6F5806F03D1024662
:10E3D0000B46F1F783FF41EC100BBDE8F081A3F28F
:10E3E00013434FF0FF37DF400742F4D00EA3D3E9C9
:10E3F0000023F1F773FF00220023F2F7B5FB00289A
:10E40000C2D0002C0ADA142E01D1013406E0C6F184
:10E4100034060123B3401D444545F6D325EA0705DC
:10E42000B2E700252C46AFE79C7500883CE4377EB8
:10E430000000F0BFFFFF0F0051EC100B70B5C1F3EF
:10E440000A54A4F2FF32132A0B4605461BDC002AAD
:10E450000BDA01F00043013204BF43F07F5343F471
:10E46000401300221946104615E0154C144104EAE9
:10E47000010606430FD04FF4002141FA02F2134483
:10E4800023EA0403EDE7332A08DDB2F5806F02D1F9
:10E490000246F1F723FF41EC100B70BDA4F21346C6
:10E4A0004FF0FF34F4400442F5D0C2F133010122B1
:10E4B0008A40521928BF013322EA0402D2E700BF82
:10E4C000FFFF0F0010EE102A22F00043B3F1FF4FC0
:10E4D00002D930EE000A70474FEAD27106D1DFED63
:10E4E0004E7A002918BFB0EE670A70474B48824247
:10E4F00002DD0020FFF71EBF002A05DA484A9342DA
:10E5000002D90020FFF710BF464A9342F7EE005AA7
:10E5100052D9454A93424FEA810234D8434B1344BF
:10E5200093ED007A424B134430EE477A81F00102BA
:10E53000D3ED007A521A37EE670A20EE006A9FED9B
:10E540003D5ADFED3D6AE6EE056A9FED3C5AA6EEC8
:10E55000865ADFED3B6AE5EE066A9FED3A5AA6EE73
:10E56000865AF0EE406AE5EE466AB0EE006A20EEAA
:10E57000265A92BB76EEC66AC5EE267A37EEC00AF8
:10E5800035EEC00A7047304B9FED307ADFED306AD0
:10E590001344D3ED007AE0EE077AB0EE407AFDEE58
:10E5A000E77A17EE902AF8EEE77AA7EEE67ADFED43
:10E5B000296A67EEA67ABEE7B3F1505F0BD2DFEDB2
:10E5C000266A70EE266AF4EEE56AF1EE10FA02DDD4
:10E5D00030EE250A70470022AFE736EE666A12F188
:10E5E0007D0FC5EE066AB8BF643277EEE67A77EE45
:10E5F000C77A75EEE77A17EE903AABBF03EBC253DA
:10E6000003EBC25300EE103ADFED147ABCBF00EE0C
:10E61000103A20EE270A7047000000001772B1423E
:10E62000B5F1CF421872B13E9115853FF8B5030898
:10E63000F0B503084CBB31330EEADDB555B38A386B
:10E64000610B36BBABAA2A3E00B603083BAAB83F13
:10E650008071313FD1F71737CAF249710000800D40
:10E6600010EE103A23F0004300EE103A704708B560
:10E67000062000F029FB0120F3F764F91FB51446CA
:10E680001A46094B1B680546D8684CB1074B0091E8
:10E69000CDE9013406492B4600F076F9FFF7E7FF94
:10E6A000044B1C46F3E700BFE4010020C41C010832
:10E6B000D11C0108311B0108002301461A461846E7
:10E6C00000F0B0BB024B0146186800F02DB800BF47
:10E6D000E4010020024B0146186800F0FFBB00BFB8
:10E6E000E401002070B50F4E0C463168054611B9A3
:10E6F00000F03AFB30602146284600F035FB431C11
:10E7000003D14FF0FF34204670BDC41C24F0030435
:10E71000A042F8D0211A284600F026FB0130F2D1A1
:10E72000EFE700BF38BB04202DE9F843CD1C25F0EE
:10E73000030508350C2D38BF0C25002D064601DBDE
:10E74000A94204D90C2333600020BDE8F883DFF828
:10E75000D48000F069F8D8F800301C4644BB294644
:10E760003046FFF7BFFF431C044658D1D8F800409D
:10E770002746002F43D1002C4BD023683946304622
:10E7800004EB030900F0F0FA814542D121686D1ACB
:10E7900029463046FFF7A6FF01303AD023682B44C4
:10E7A0002360D8F800305A6862BBC8F800700FE0E8
:10E7B0002268521B20D40B2A17D96119A342256065
:10E7C00018BF5960636808BFC8F8001062514B60F9
:10E7D000304600F02FF804F10B00231D20F0070055
:10E7E000C21A1CBF1B1AA350AFE76268A3420CBF3A
:10E7F000C8F800205A60EBE723466468AEE73C4661
:10E800007F68B6E71A465B68A342FBD100235360DA
:10E81000DEE70C233360304600F00CF894E7056027
:10E82000D6E700BF3CBB0420014800F0EABA00BFB5
:10E8300080BC0420014800F0E5BA00BF80BC042081
:10E84000002310B50446C0E90033C0E904338360F7
:10E8500081814366C2818361194608225C3000F0E1
:10E8600003FA0D4B63620D4BA3620D4BE3620D4B3C
:10E8700023630D4B24629C4206D003F1680294424C
:10E8800002D0D0339C4205D104F15800BDE81040BD
:10E8900000F0B6BA10BD00BF99EA0008BBEA000854
:10E8A000F3EA000817EB000840BB0420024A0349C2
:10E8B000034800F0D3B800BFD801002015F60008C7
:10E8C000E801002041680C4B994210B5044601D084
:10E8D00000F0A0FEA168094B994202D0204600F04A
:10E8E00099FEE168064B994204D02046BDE81040ED
:10E8F00000F090BE10BD00BF40BB0420A8BB0420A8
:10E9000010BC042010B50B4B0B4C0C4A1A6020466F
:10E9100000220421FFF794FF04F16800012209217D
:10E92000FFF78EFF04F1D0000222BDE81040122153
:10E93000FFF786BF78BC042040BB0420ADE8000888
:10E94000014800F05EBA00BF82BC0420014800F01C
:10E9500059BA00BF82BC042010B50446FFF7F0FF8F
:10E96000236A1BB1BDE81040FFF7F0BF044B2362E0
:10E97000044B1B68002BF5D1FFF7C4FFF2E700BF83
:10E98000C5E8000878BC04200EB403B5014603AB0B
:10E99000054853F8042B0068019300F013FB02B004
:10E9A0005DF804EB03B07047E401002070B50D463C
:10E9B0001446064618B1036A0BB9FFF7CDFF636E24
:10E9C000D90705D4A3899A0502D4A06D00F019FADD
:10E9D000A3891B0701D5236973BB2146304600F08C
:10E9E000DDF848B3636EDA0702D4A3899B0529D505
:10E9F0004FF0FF3018E0A368013B002BA36004DA5E
:10EA0000A269934211DB0A290FD023685A1C2260A5
:10EA1000197015F8011F0029EDD1636ED80702D4D3
:10EA2000A38999050AD5002070BD2246304600F022
:10EA300076F80130EDD1D5E7013DEAE7A06D00F0B1
:10EA4000E1F9F0E7A06D00F0DDF9D1E7024B0A46ED
:10EA500001461868FFF7AABFE40100202DE9F8433A
:10EA60000746884614460026D4E90195B9F1010904
:10EA700005D52468002CF7D13046BDE8F883AB8972
:10EA8000012B07D9B5F90E30013303D0294638469A
:10EA9000C04706436835E9E710B50C46B1F90E10DA
:10EAA00000F03CF90028ABBF636DA3891B1823F469
:10EAB0008053ACBF6365A38110BD2DE9F0411F46B3
:10EAC0008B89DB0505460C46164605D5B1F90E10B7
:10EAD0000223002200F010F9A389B4F90E1023F4E8
:10EAE0008053A38132463B462846BDE8F04100F002
:10EAF0004BB910B50C46B1F90E1000F0FDF8431CEF
:10EB0000A38915BF606523F4805343F48053A38128
:10EB100018BFA38110BDB1F90E1000F0DDB8F8B533
:10EB20000E461446054618B1036A0BB9FFF714FFE9
:10EB3000A369A360A3891A0701D5236943B92146B4
:10EB4000284600F02BF818B14FF0FF373846F8BDD3
:10EB500023682269981A6369F6B28342374605DC56
:10EB60002146284600F056FD0028EDD1A368013B60
:10EB7000A36023685A1C22601E706269431C9A427B
:10EB800004D0A389DB07E1D50A2EDFD12146284630
:10EB900000F040FD0028D9D0D6E7000038B5294B59
:10EBA000054618680C4618B1036A0BB9FFF7D4FE86
:10EBB000B4F90C30190722D4DA0607D409222A60E6
:10EBC00043F04003A3814FF0FF3033E0580712D5E4
:10EBD000616B41B104F14403994202D0284600F030
:10EBE0007DF900236363A38923F02403A381002319
:10EBF000636023692360A38943F00803A381236929
:10EC00004BB9A38903F42073B3F5007F03D02146E9
:10EC1000284600F04DFDB4F90C3013F001020AD083
:10EC20000022A26062695242A261226942B913F0D5
:10EC30008000C5D138BD990758BF6269A260F4E76A
:10EC40000020F7E7E401002010B5013902449042AA
:10EC500001D1002005E0037811F8014FA34201D053
:10EC6000181B10BD0130F2E702440346934200D165
:10EC7000704703F8011BF9E71F2938B505460C4614
:10EC800004D9162303604FF0FF3038BDC26B12B1B8
:10EC900052F821304BB9284600F064F8224601466C
:10ECA0002846BDE8384000F04BB8012B0AD0591C6B
:10ECB00003D1162303600120E7E7002142F8241066
:10ECC000204698470020E0E7024B01461868FFF70E
:10ECD000D3BF00BFE401002038B5064D0023044631
:10ECE00008462B60F2F750FE431C02D12B6803B19B
:10ECF000236038BD7CBC042038B5074D0446084667
:10ED0000114600222A601A46F2F748FE431C02D13F
:10ED10002B6803B1236038BD7CBC042038B5074D97
:10ED200004460846114600222A601A46F2F710FEF1
:10ED3000431C02D12B6803B1236038BD7CBC042086
:10ED400038B5074D00230446084611462B60F2F7FC
:10ED5000F1FD431C02D12B6803B1236038BD00BF15
:10ED60007CBC0420F2F7E4BD38B5064D0023044610
:10ED700008462B60F2F714FE431C02D12B6803B146
:10ED8000236038BD7CBC042038B5074D04460846D6
:10ED9000114600222A601A46F2F7E8FD431C02D110
:10EDA0002B6803B1236038BD7CBC0420014B18687C
:10EDB000704700BFE401002070B50D4D0D4C641B81
:10EDC000A4100026A64209D10B4D0C4C00F0CEFC3D
:10EDD000641BA4100026A64205D170BD55F8043B63
:10EDE00098470136EEE755F8043B98470136F2E7BD
:10EDF00010B6030810B6030810B6030814B60308CB
:10EE00007047704770470A44914200F1FF3300D1C8
:10EE1000704710B511F8014B03F8014F9142F9D139
:10EE200010BD00002DE9F843274D0746286891469C
:10EE30000E469846FFF7E5FF244A14683CB9244B78
:10EE40001360244A12B11268C3F88820204C63680A
:10EE50001F2B06DD2868FFF7D5FF4FF0FF30BDE818
:10EE6000F8832FB3D4F8880068B91B4B002BF1D07E
:10EE70004FF48470FFF726FC0028EBD00023C0E994
:10EE80004033C4F88800636840F8239001229A4018
:10EE900000EB8301D0F800311343C0F80031022F9A
:10EEA000C1F8808002BFD0F804311343C0F80431A8
:10EEB000636828685A1C0233626044F82360FFF7D5
:10EEC000A1FF0020CBE700BF3402002010BD0420CA
:10EED00084BC042000000000C5E6000838B50546E3
:10EEE000002941D051F8043C0C1F002BB8BFE41896
:10EEF000FFF79AFC1D4A136833B963601460284613
:10EF0000BDE83840FFF796BCA34208D92068211815
:10EF10008B4201BF19685B6809182160EDE71A464A
:10EF20005B680BB1A342FAD911685018A0420BD10B
:10EF300020680144501883421160E0D118685B6872
:10EF4000536008441060DAE702D90C232B60D6E73F
:10EF5000206821188B4204BF19685B68636004BF96
:10EF6000091821605460CAE738BD00BF3CBB0420CB
:10EF70009368013B002B10B4936008DA9469A342B4
:10EF800001DB0A2903D15DF8044BFFF7C8BD136804
:10EF9000581C1060197008465DF8044B7047F8B5AE
:10EFA00006460F461446D518AC4201D1002007E0B2
:10EFB00014F8011B3A463046FFF7DAFF431CF3D141
:10EFC000F8BD00002DE9F04F0D469DB0144698465F
:10EFD000064618B1036A0BB9FFF7BEFC6B6ED90782
:10EFE00005D4AB899A0502D4A86DFFF70AFFAB8957
:10EFF0001B0701D52B699BB929463046FFF7CEFD8B
:10F0000070B16B6EDC0704D54FF0FF301DB0BDE86A
:10F01000F08FAB899805F7D4A86DFFF7F3FEF3E7FF
:10F020000023099320238DF82930CDF80C8030235C
:10F03000DFF8AC818DF82A304FF0010923469A465B
:10F0400013F8012B0AB1252AF9D1BAEB040B0BD026
:10F050005B46224629463046FFF7A1FF013000F00B
:10F06000A780099A5A4409929AF80030002B00F0C0
:10F070009F8000234FF0FF32CDE905230AF1010AFA
:10F08000049307938DF853301A935446052214F8CD
:10F09000011B5348F1F7CCF8049AD8B9D10644BF04
:10F0A00020238DF85330130744BF2B238DF85330A2
:10F0B0009AF800302A2B15D0079A544600204FF0BA
:10F0C0000A0C214611F8013B303B092B4BD9B0B15A
:10F0D000079214E0A0EB080309FA03F31343049327
:10F0E000A246D2E7039B191D1B680391002BBBBFEF
:10F0F0005B4242F0020207930793B8BF0492237861
:10F100002E2B0AD163782A2B32D1039B1A1D1B6840
:10F11000039243EAE37302340593DFF8D4A0217825
:10F1200003225046F1F784F838B1049BA0EB0A00A3
:10F130004022824013430134049314F8011B2948F0
:10F140008DF828100622F1F773F800283FD0264BDF
:10F150001BBB039B073323F0070308330393099B6F
:10F160003B4409936AE70CFB02320C460120A8E7F6
:10F1700000230134059319464FF00A0C204610F87D
:10F18000012B303A092A03D9002BC6D00591C4E7D8
:10F190000CFB012104460123F0E703AB00932A4650
:10F1A000124B04A93046AFF300800746781CD6D135
:10F1B0006B6ED90705D4AB899A0502D4A86DFFF709
:10F1C00021FEAB895B063FF51FAF09981EE703AB35
:10F1D00000932A46054B04A9304600F079F8E4E78D
:10F1E000001D01080A1D0108000000009FEF000833
:10F1F000061D01082DE9F047164698468A680B69F6
:10F20000DDF820909342B8BF1346336091F8432055
:10F2100007460C460AB1013333602368990642BFA2
:10F22000336802333360256815F0060506D104F112
:10F23000190AE36832689B1AAB4226DC94F8433023
:10F240002268003B18BF012392062BD404F143022D
:10F2500041463846C84701301ED02368226903F072
:10F260000603042B02BFE5683368ED1AA3680CBFE0
:10F2700025EAE57500259342C4BF9B1AED180026C8
:10F280001A34B5421AD1002008E001235246414603
:10F290003846C847013003D14FF0FF30BDE8F08752
:10F2A0000135C6E7E1185A1C302081F8430022449A
:10F2B00094F8451082F843100233C7E70123224631
:10F2C00041463846C8470130E6D00136D9E700004C
:10F2D0002DE9FF470F7E0C9E782F914680460C4605
:10F2E0009A4601F1430207D8622F0AD8002F00F096
:10F2F000D180582F00F0B88004F1420684F84270A3
:10F300003AE0A7F16303152BF6D801A151F823F0D9
:10F3100069F300087DF30008F9F20008F9F200082B
:10F32000F9F20008F9F200087DF30008F9F200088C
:10F33000F9F20008F9F20008F9F200087BF400087D
:10F34000A7F3000835F40008F9F20008F9F2000804
:10F350009DF40008F9F20008A7F30008F9F200088C
:10F36000F9F200083DF4000833681A1D1B6832608A
:10F3700004F1420684F8423001239CE0336820689F
:10F38000191D3160060601D51D6803E04506FBD551
:10F39000B3F90050002D03DA2D236D4284F8433079
:10F3A00058480A2311E021683368080653F8045BC3
:10F3B00002D4490648BFADB26F2F5248336014BF24
:10F3C0000A230823002184F843106668A660002EF3
:10F3D00005DB21682E4321F0040121604BD0164645
:10F3E000B5FBF3F103FB1157C75D06F8017D2F460E
:10F3F000BB420D46F4D9082B0BD12368DF0708D593
:10F40000236961689942DEBF302306F8013C06F1AA
:10F41000FF36921B2261CDF800A04B4603AA21467D
:10F420004046FFF7E7FE01304AD14FF0FF3004B00D
:10F43000BDE8F087236843F0200323603248782733
:10F4400084F84570236831681F0651F8045B02D4C4
:10F450005F0648BFADB23160D90744BF43F0200317
:10F4600023601DB11023ADE72648E9E7236823F0A8
:10F4700020032360F6E71646BDE733682568616917
:10F48000181D30602E061B6801D5196002E0680661
:10F49000FBD51980002323611646BCE733681A1D8B
:10F4A00032601E68626800213046F0F7C1FE08B184
:10F4B000801B606063682361002384F84330AAE7FF
:10F4C0002369324649464046D0470130ADD02368D3
:10F4D0009B0713D4E068039B9842B8BF1846A6E781
:10F4E0000123324649464046D04701309DD0013580
:10F4F000E36803995B1AAB42F2DCEBE7002504F109
:10F500001906F5E7111D0108221D0108B1F90C20AB
:10F510002DE9F041160705460C4654D44B68002BE4
:10F5200002DC0B6C002B48DDE66A002E45D0002380
:10F5300012F480522F68216A2B6030D0626DA3894B
:10F54000590705D56368D21A636B0BB1236CD21AC5
:10F550000023E66A216A2846B047431CA38906D1E6
:10F5600029681D292BD82A4ACA40D60727D5002248
:10F570006260D9042269226004D5421C01D12B6843
:10F5800003B96065616B2F60B9B104F1440399421E
:10F5900002D02846FFF7A2FC002363630DE001239D
:10F5A0002846B0470246501CC9D12B68002BC6D054
:10F5B0001D2B01D0162B1ED12F60002022E043F01E
:10F5C00040031BB21BE00F69002FF6D093070E68B3
:10F5D00008BF4B690F6018BF0023A6EB07088B60BC
:10F5E000B8F1000FE9DD216AA66A43463A4628468B
:10F5F000B047002808DCB4F90C3043F04003A38185
:10F600004FF0FF30BDE8F0810744A8EB0008E7E7C2
:10F610000100402038B50B6905460C4613B900259A
:10F62000284638BD18B1036A0BB9FFF795F9B4F94C
:10F630000C30002BF3D0626ED00704D4990502D4AD
:10F64000A06DFFF7DEFB28462146FFF75FFF636EE4
:10F65000DA070546E4D4A3899B05E1D4A06DFFF742
:10F66000D1FBDDE770B50C46B1F90E10002996B05C
:10F6700015461E460DDAA38913F0800F4FF00001E6
:10F6800014BF40234FF48063002031602B6016B01C
:10F6900070BD6A4600F048F80028ECDB019901F4DF
:10F6A0007041A1F50053594259414FF48063EBE793
:10F6B0008B89F7B59D0706460C4607D504F147032D
:10F6C000236023610123636103B0F0BD01AB6A468F
:10F6D000FFF7C8FF009F054639463046FFF724F87C
:10F6E00048B9B4F90C309A05EED423F0030343F083
:10F6F0000203A381E2E7A389206043F08003A38192
:10F70000019BC4E904075BB1B4F90E10304600F068
:10F710001DF828B1A38923F0030343F00103A3815B
:10F72000A3891D43A581CFE738B5074D00230446C3
:10F73000084611462B60F2F72AF9431C02D12B68C8
:10F7400003B1236038BD00BF7CBC042038B5064D32
:10F750000023044608462B60F2F71EF9431C02D131
:10F760002B6803B1236038BD7CBC0420F8B500BF12
:10F77000F8BC08BC9E467047F8B500BFF8BC08BC92
:04F780009E467047EA
:10F78400436F756C646E2774207265676973746562
:10F7940072206275696C74696E206F702023256411
:10F7A4002C207265736F6C7665722073697A65209C
:10F7B400697320746F6F20736D616C6C20282564ED
:10F7C40029004D6F64656C2073697A653A2025645D
:10F7D4002062797465730054656E736F7220617270
:10F7E400656E6120636F6E666967757265643A2041
:10F7F4002575206279746573004D6F64656C2070A3
:10F80400726F766964656420697320736368656DDB
:10F81400612076657273696F6E202564206E6F7443
:10F8240020657175616C20746F20737570706F72D0
:10F834007465642076657273696F6E2025642E008A
:10F84400416C6C6F6361746554656E736F72732879
:10F8540029206661696C65642E00496E6372656176
:10F864007365206B54656E736F724172656E61537C
:10F87400697A652E2043757272656E74207365749F
:10F8840074696E673A2025752062797465732E0059
:10F8940054656E736F72206172656E612075736555
:10F8A400643A202575206279746573007363616C12
:10F8B40065207831303030203D202564007A65722F
:10F8C4006F20706F696E74203D20256400496E7648
:10F8D4006F6B65206661696C6564206F6E20696E6C
:10F8E40070757420646174610A004F757470757466
:10F8F4002074656E736F722F646174612069732064
:10F90400696E76616C69642E004F7574707574202D
:10F914006461746120706F696E746572206F7574B0
:10F92400206F66205352414D2072616E67652C2012
:10F9340061626F7274696E6720726561642E00493A
:10F944006E766F6B653A2073756D202575206D7327
:10F95400202831302072756E73292C20617667203F
:10F9640025752E25303275206D732065616368001E
:10F97400556E6B6E6F776E2074797065004E4F54C0
:10F9840059504500464C4F4154333200494E54338C
:10F99400320055494E543800494E543634005354BD
:10F9A40052494E4700424F4F4C00494E54313600A5
:10F9B400434F4D504C4558363400464C4F4154311A
:10F9C4003600464C4F4154363400496E70757420ED
:10F9D4006172726179206E6F742070726F766964DF
:10F9E400656420666F72206F7065726174696F6EF2
:10F9F40020272573272E0A00466F756E6420746FC6
:10FA04006F206D616E792064696D656E73696F6EC8
:10FA14007320696E2074686520696E707574206146
:10FA240072726179206F66206F7065726174696F9C
:10FA34006E20272573272E0A00556E737570706F1C
:10FA44007274656420646174612074797065202522
:10FA54006420696E2074656E736F720A002E2E2FF7
:10FA640074656E736F72666C6F772F74656E736FE7
:10FA740072666C6F772F6C6974652F636F72652F74
:10FA84006170692F666C61746275666665725F6326
:10FA94006F6E76657273696F6E732E636300257380
:10FAA4003A256420257320776173206E6F74207467
:10FAB4007275652E00706172616D7320213D206E38
:10FAC400756C6C70747200556E68616E646C6564FC
:10FAD4002066756C6C792D636F6E6E6563746564F6
:10FAE400207765696768747320666F726D61742E20
:10FAF40000556E68616E646C6564204C53544D20EF
:10FB04006B65726E656C20747970653A20256400AB
:10FB14004E6F2076616C6964204C53544D2062759D
:10FB2400696C74696E206F7074696F6E7320657888
:10FB340069737400726573686170650073717565CB
:10FB4400657A650044454C4547415445206F702013
:10FB540073686F756C646E2774206578697374209C
:10FB6400696E206D6F64656C2E004F70206275693C
:10FB74006C74696E5F636F6465206F7574206F6663
:10FB84002072616E67653A2025642E2041726520DB
:10FB9400796F75207573696E67206F6C64205446A5
:10FBA4004C6974652062696E617279207769746842
:10FBB400206E65776572206D6F64656C3F004469E3
:10FBC400646E27742066696E64206F7020666F729D
:10FBD400206275696C74696E206F70636F64652050
:10FBE400272573272076657273696F6E2027256435
:10FBF400270A004F70657261746F722077697468A8
:10FC040020435553544F4D206275696C74696E5F7F
:10FC1400636F646520686173206E6F20637573740D
:10FC24006F6D5F636F64652E0A0041444400415662
:10FC340045524147455F504F4F4C5F324400434F5C
:10FC44004E434154454E4154494F4E00444550544F
:10FC540048574953455F434F4E565F32440044452D
:10FC64005054485F544F5F535041434500444551FD
:10FC740055414E54495A4500454D42454444494E28
:10FC8400475F4C4F4F4B555000464C4F4F52004628
:10FC9400554C4C595F434F4E4E45435445440048E0
:10FCA4004153485441424C455F4C4F4F4B555000D3
:10FCB4004C325F4E4F524D414C495A4154494F4E7C
:10FCC400004C325F504F4F4C5F3244004C4F434125
:10FCD4004C5F524553504F4E53455F4E4F524D412A
:10FCE4004C495A4154494F4E004C4F47495354498B
:10FCF40043004C53485F50524F4A454354494F4E7A
:10FD0400004D41585F504F4F4C5F32440052454CB8
:10FD1400555F4E315F544F5F310052454C553600AC
:10FD24005245534841504500524553495A455F4254
:10FD3400494C494E4541520053504143455F544F4D
:10FD44005F444550544800535644460054414E487D
:10FD540000434F4E4341545F454D42454444494E50
:10FD6400475300534B49505F4752414D0043414C68
:10FD74004C00435553544F4D00454D42454444496E
:10FD84004E475F4C4F4F4B55505F53504152534574
:10FD940000554E49444952454354494F4E414C5FE6
:10FDA40053455155454E43455F524E4E00474154CD
:10FDB4004845520042415443485F544F5F535041B9
:10FDC40043455F4E440053504143455F544F5F42A7
:10FDD400415443485F4E44005452414E53504F5394
:10FDE40045004D45414E005355420053515545453C
:10FDF4005A4500554E49444952454354494F4E4192
:10FE04004C5F53455155454E43455F4C53544D004B
:10FE1400535452494445445F534C49434500424975
:10FE2400444952454354494F4E414C5F5345515503
:10FE3400454E43455F524E4E0045585000544F5076
:10FE44004B5F56320053504C4954004C4F475F535C
:10FE54004F46544D41580044454C45474154450094
:10FE64004249444952454354494F4E414C5F5345DE
:10FE74005155454E43455F4C53544D0043415354F3
:10FE8400005052454C55004D4158494D554D004187
:10FE940052475F4D4158004D494E494D554D004C18
:10FEA400455353004E454700504144563200475293
:10FEB400454154455200475245415445525F4551CE
:10FEC40055414C004C4553535F455155414C0053EB
:10FED400454C4543540053494E005452414E5350EF
:10FEE4004F53455F434F4E56005350415253455F65
:10FEF400544F5F44454E53450054494C45004558C2
:10FF040050414E445F44494D53004E4F545F455158
:10FF140055414C004C4F4700525351525400504FDE
:10FF240057004152475F4D494E0046414B455F5192
:10FF340055414E54005245445543455F50524F4439
:10FF4400005245445543455F4D4158004C4F474985
:10FF540043414C5F4F52004F4E455F484F54004C55
:10FF64004F474943414C5F414E44004C4F4749433E
:10FF7400414C5F4E4F5400554E5041434B00524547
:10FF8400445543455F4D494E00464C4F4F525F44E4
:10FF94004956005245445543455F414E590053511B
:10FFA40055415245005A45524F535F4C494B450009
:10FFB40046494C4C00464C4F4F525F4D4F44005203
:10FFC400414E474500524553495A455F4E454152BB
:10FFD4004553545F4E45494748424F52004C4541B2
:10FFE4004B595F52454C5500535155415245445F5E
:0CFFF400444946464552454E4345004DE9
:020000040801F1
:100000004952524F525F50414400414253005350B5
:100010004C49545F5600554E49515545004345499A
:100020004C00524556455253455F563200414444B8
:100030005F4E004741544845525F4E4400434F5382
:100040000057484552450052414E4B0052455645D7
:100050005253455F53455155454E4345004D41541C
:100060005249585F44494147004D41545249585FF5
:100070005345545F4449414700524F554E44004850
:100080004152445F53574953480049460057484935
:100090004C45004E4F4E5F4D41585F5355505052A6
:1000A000455353494F4E5F5634004E4F4E5F4D41BE
:1000B000585F5355505052455353494F4E5F563534
:1000C00000534341545445525F4E440053454C4500
:1000D00043545F56320044454E53494659005345F8
:1000E000474D454E545F53554D0042415443485F80
:1000F0004D41544D554C00466C61744275666665C1
:10010000727320312E31322E30002E2E2F74656EF8
:10011000736F72666C6F772F74656E736F72666C37
:100120006F772F6C6974652F6B65726E656C732FBA
:100130006B65726E656C5F7574696C2E63630069C4
:100140006E7075745F70726F647563745F736361F2
:100150006C65203E3D2030007363616C655F6469AF
:100160006666202F206F75747075745F7363616CA1
:1001700065203C3D20302E30320066616C73650096
:1001800025733A256420257320213D2025732028DE
:10019000256420213D20256429006B54664C697438
:1001A00065416666696E655175616E74697A6174E0
:1001B000696F6E00696E7075742D3E7175616E7435
:1001C000697A6174696F6E2E747970650066696C06
:1001D0007465722D3E7175616E74697A6174696FB0
:1001E0006E2E7479706500616666696E655F717503
:1001F000616E74697A6174696F6E00616666696EBA
:10020000655F7175616E74697A6174696F6E2D3E98
:100210007363616C6500696E7075742D3E747970DE
:1002200065203D3D206B54664C697465496E743899
:10023000207C7C20696E7075742D3E747970652009
:100240003D3D206B54664C697465496E74313600CF
:1002500066696C7465722D3E74797065006E756D9B
:100260005F6368616E6E656C7300616666696E657A
:100270005F7175616E74697A6174696F6E2D3E731A
:1002800063616C652D3E73697A650066696C74659F
:10029000722D3E64696D732D3E646174615B6166AD
:1002A00066696E655F7175616E74697A6174696F94
:1002B0006E2D3E7175616E74697A65645F64696DF7
:1002C000656E73696F6E5D006578706F6E656E74D4
:1002D000203E3D203000496E746567657254797028
:1002E000652067656D6D6C6F77703A3A526F756E09
:1002F00064696E674469766964654279504F542831
:10030000496E7465676572547970652C20696E74E6
:1003100029205B7769746820496E7465676572543B
:10032000797065203D206C6F6E6720696E745D008A
:100330002E2E2F74686972645F70617274792F67F2
:10034000656D6D6C6F77702F6669786564706F6925
:100350006E742F6669786564706F696E742E6800BC
:100360006578706F6E656E74203C3D2033310054AB
:100370007970652025732028256429206E6F7420EC
:10038000737570706F727465642E002E2E2F7465F5
:100390006E736F72666C6F772F74656E736F7266B3
:1003A0006C6F772F6C6974652F6D6963726F2F6B3B
:1003B00065726E656C732F636F6E762E6363006873
:1003C00061735F62696173207C7C206E6F64652D50
:1003D0003E696E707574732D3E73697A65203D3D7C
:1003E0002032006E6F64652D3E6F75747075747386
:1003F0002D3E73697A6500616666696E655F717529
:10040000616E74697A6174696F6E2D3E7A65726F80
:100410005F706F696E7400616666696E655F7175A5
:10042000616E74697A6174696F6E2D3E7363616C7D
:10043000652D3E73697A65203D3D2031207C7C200E
:10044000616666696E655F7175616E74697A617403
:10045000696F6E2D3E7363616C652D3E73697A65BD
:10046000203D3D2066696C7465722D3E64696D7334
:100470002D3E646174615B6B436F6E765175616E86
:1004800074697A656444696D656E73696F6E5D0049
:10049000616666696E655F7175616E74697A6174B3
:1004A000696F6E2D3E7A65726F5F706F696E742D25
:1004B0003E73697A65002E2E2F74656E736F7266B7
:1004C0006C6F772F74656E736F72666C6F772F6CBD
:1004D0006974652F6D6963726F2F6B65726E656CE1
:1004E000732F6465707468776973655F636F6E7688
:1004F0002E636300616666696E655F7175616E7417
:10050000697A6174696F6E2D3E7363616C652D3E0F
:1005100073697A65203D3D2031207C7C20616666D0
:10052000696E655F7175616E74697A6174696F6E09
:100530002D3E7363616C652D3E73697A65203D3D88
:100540002066696C7465722D3E64696D732D3E641E
:100550006174615B6B446570746877697365436F40
:100560006E765175616E74697A656444696D656E05
:1005700073696F6E5D002E2E2F74656E736F7266D9
:100580006C6F772F74656E736F72666C6F772F6CFC
:100590006974652F6D6963726F2F6B65726E656C20
:1005A000732F656C656D656E74776973652E636313
:1005B000004E756D496E70757473286E6F64652991
:1005C000004E756D4F757470757473286E6F646529
:1005D0002900496E707574206461746120747970AB
:1005E000652025732028256429206973206E6F7487
:1005F00020737570706F727465642E006578706515
:10060000637465645F74797065002E2E2F74656E57
:10061000736F72666C6F772F74656E736F72666C32
:100620006F772F6C6974652F6D6963726F2F6B65BF
:10063000726E656C732F66756C6C795F636F6E6E2E
:1006400065637465642E6363002E2E2F74656E736C
:100650006F72666C6F772F74656E736F72666C6FF6
:10066000772F6C6974652F6D6963726F2F6B65727C
:100670006E656C732F66756C6C795F636F6E6E65FB
:10068000637465642E636320487962726964206DC7
:100690006F64656C7320617265206E6F7420737572
:1006A00070706F72746564206F6E2054464C69746C
:1006B00065204D6963726F2E00547970652027257F
:1006C0007327206973206E6F7420737570706F725A
:1006D000746564206279207061636B2E002E2E2F6A
:1006E00074656E736F72666C6F772F74656E736F5F
:1006F00072666C6F772F6C6974652F6D6963726FAA
:100700002F6B65726E656C732F7061642E6363006E
:100710004E756D496E70757473286E6F646529200F
:100720003D3D2032207C7C204E756D496E70757485
:1007300073286E6F646529203D3D2033006F705F24
:10074000636F6E746578742E6F75747075742D3E5A
:1007500074797065006F705F636F6E746578742E66
:10076000696E7075742D3E74797065006F705F638B
:100770006F6E746578742E636F6E7374616E745FE0
:1007800076616C7565732D3E74797065006F705F6E
:10079000636F6E746578742E6F75747075742D3E0A
:1007A00064696D732D3E73697A65202A2032004793
:1007B000657454656E736F725368617065286F70ED
:1007C0005F636F6E746578742E70616464696E67C0
:1007D00073292E466C617453697A652829006578FF
:1007E0007065637465645F64696D006F75747075BE
:1007F000745F64696D006F705F636F6E74657874A9
:100800002E64696D73203C3D207265666572656E6D
:1008100063655F6F70733A3A5061644B65726E65E1
:100820006C4D617844696D656E73696F6E436F7569
:100830006E742829004973436F6E7374616E74542B
:10084000656E736F72286F705F636F6E7465787416
:100850002E70616464696E677329004E756D456C16
:10086000656D656E7473286F705F636F6E74657805
:10087000742E636F6E7374616E745F76616C7565F0
:100880007329006F705F636F6E746578742E6F7577
:10089000747075742D3E706172616D732E7A65721D
:1008A0006F5F706F696E74203E3D207374643A3AD6
:1008B0006E756D657269635F6C696D6974733C75A3
:1008C000696E74385F743E3A3A6D696E2829006F1C
:1008D000705F636F6E746578742E6F757470757465
:1008E0002D3E706172616D732E7A65726F5F706FED
:1008F000696E74203C3D207374643A3A6E756D6580
:100900007269635F6C696D6974733C75696E743884
:100910005F743E3A3A6D61782829006F705F636FAB
:100920006E746578742E636F6E7374616E745F7627
:10093000616C7565732D3E706172616D732E7A65A1
:10094000726F5F706F696E74006F705F636F6E744B
:100950006578742E6F75747075742D3E7061726158
:100960006D732E7A65726F5F706F696E7400737449
:10097000617469635F636173743C646F75626C6515
:100980003E286F705F636F6E746578742E636F6E50
:100990007374616E745F76616C7565732D3E706102
:1009A00072616D732E7363616C6529007374617479
:1009B00069635F636173743C646F75626C653E2844
:1009C0006F705F636F6E746578742E6F7574707579
:1009D000742D3E706172616D732E7363616C652955
:1009E000006F705F636F6E746578742E6F757470CE
:1009F00075742D3E706172616D732E7A65726F5FD2
:100A0000706F696E74203E3D207374643A3A6E755F
:100A10006D657269635F6C696D6974733C696E744E
:100A2000385F743E3A3A6D696E2829006F705F63D3
:100A30006F6E746578742E6F75747075742D3E705A
:100A40006172616D732E7A65726F5F706F696E741B
:100A5000203C3D207374643A3A6E756D657269632B
:100A60005F6C696D6974733C696E74385F743E3A8B
:100A70003A6D61782829006F705F636F6E746578D6
:100A8000742E6F75747075742D3E706172616D7324
:100A90002E7363616C65203D3D206F705F636F6EE8
:100AA000746578742E636F6E7374616E745F7661B3
:100AB0006C7565732D3E706172616D732E73636129
:100AC0006C650054797065202573206E6F74206307
:100AD000757272656E746C7920737570706F727454
:100AE0006564206279205061642E0054797065201D
:100AF0002573206E6F742063757272656E746C79E5
:100B000020737570706F727465642E00496E707515
:100B1000742074797065202573206973206E6F745A
:100B20002063757272656E746C7920737570706F66
:100B300072746564002E2E2F74656E736F72666C0E
:100B40006F772F74656E736F72666C6F772F6C6939
:100B500074652F6D6963726F2F6B65726E656C7350
:100B60002F7175616E74697A652E6363006F757499
:100B70007075742D3E7175616E74697A6174696FF8
:100B80006E2E7479706500616666696E655F717559
:100B9000616E74697A6174696F6E2D3E7363616C06
:100BA000652D3E73697A65203D3D203100696E7088
:100BB00075742D3E74797065203D3D206B54664CF4
:100BC000697465466C6F61743332207C7C20696E79
:100BD0007075742D3E74797065203D3D206B5466B0
:100BE0004C697465496E743136207C7C20696E7066
:100BF00075742D3E74797065203D3D206B54664CB4
:100C0000697465496E7438207C7C20696E707574D7
:100C10002D3E74797065203D3D206B54664C69749F
:100C20006555496E7438006F75747075742D3E7417
:100C3000797065203D3D206B54664C69746555495B
:100C40006E7438207C7C206F75747075742D3E74C2
:100C5000797065203D3D206B54664C697465496E22
:100C6000743800496E7075742025732C206F75746C
:100C7000707574202573206E6F7420737570706F9B
:100C8000727465642E002E2E2F74656E736F7266FB
:100C90006C6F772F74656E736F72666C6F772F6CE5
:100CA0006974652F6D6963726F2F6B65726E656C09
:100CB000732F7265647563652E6363006E6F646580
:100CC0002D3E696E707574732D3E73697A650025CB
:100CD000733A256420257320213D20257320282583
:100CE0007320213D20257329006B54664C6974657F
:100CF000496E74333200617869732D3E7479706582
:100D0000006F75747075745F636F756E74203E202C
:100D100030006F705F6461746120213D206E756CDE
:100D20006C707472002E2E2F74656E736F72666C09
:100D30006F772F74656E736F72666C6F772F6C6947
:100D400074652F6D6963726F2F6B65726E656C735E
:100D50002F7265647563652E6363204E756D6265E1
:100D600072206F6620496E7075742064696D656EBF
:100D700073696F6E7320213D2034204F52207468B8
:100D8000652041786973206973206E6F74206569EE
:100D900074686572205B312C20325D206F72205B9D
:100DA000322C20315D007265666572656E63655F29
:100DB0006F70733A3A4D65616E2847657454656E7D
:100DC000736F72446174613C666C6F61743E286934
:100DD0006E707574292C20696E7075742D3E64696F
:100DE0006D732D3E646174612C20696E7075742D75
:100DF0003E64696D732D3E73697A652C2047657476
:100E000054656E736F72446174613C666C6F61749B
:100E10003E286F7574707574292C206F7574707509
:100E2000742D3E64696D732D3E646174612C206F76
:100E300075747075742D3E64696D732D3E73697A97
:100E4000652C2047657454656E736F7244617461DC
:100E50003C696E743E2861786973292C206E756D2B
:100E60005F617869732C20706172616D732D3E6BC8
:100E70006565705F64696D732C2074656D705F6962
:100E80006E6465782C207265736F6C7665645F6143
:100E90007869732C2047657454656E736F72446172
:100EA00074613C666C6F61743E286F757470757404
:100EB0002929006F6B002E2E2F74656E736F72667A
:100EC0006C6F772F74656E736F72666C6F772F6CB3
:100ED0006974652F6D6963726F2F6B65726E656CD7
:100EE000732F7265647563652E6363204D45414EB3
:100EF0003A20756E737570706F7274656420696ED8
:100F0000707574207479706520666F7220746869DA
:100F100073206275696C642E002E2E2F74656E73BB
:100F20006F72666C6F772F74656E736F72666C6F1D
:100F3000772F6C6974652F6D6963726F2F6B6572A3
:100F40006E656C732F726573686170652E636300E4
:100F50002D3100737472657463685F64696D006E2F
:100F6000756D5F6F75747075745F656C656D656EBA
:100F70007473006E756D5F696E7075745F656C6516
:100F80006D656E7473004E756D496E70757473285F
:100F90006E6F646529203D3D2031207C7C204E759C
:100FA0006D496E70757473286E6F646529203D3DC0
:100FB0002032006B54664C6974654F6B0052657348
:100FC000686170654F757470757428636F6E7465B1
:100FD00078742C206E6F646529002E2E2F74656E38
:100FE000736F72666C6F772F74656E736F72666C59
:100FF0006F772F6C6974652F6D6963726F2F6B65E6
:10100000726E656C732F736F66746D61782E636397
:10101000004E756D44696D656E73696F6E732869F6
:101020006E70757429203E3D2031002D33323736E5
:1010300038002D313238006F75747075742D3E7024
:101040006172616D732E7363616C65203D3D20316B
:101050002E66202F20323536006B54664C6974653D
:10106000466C6F61743332005479706520272573A4
:1010700027206973206E6F7420737570706F72749F
:10108000656420627920756E7061636B2E005479FF
:1010900070652025732028256429206E6F742069CF
:1010A00073206E6F7420737570706F727465640056
:1010B000546F74616C206275666665722075736129
:1010C00067653A202564206279746573004865611C
:1010D000642075736167653A2025642062797465C0
:1010E00073005461696C2075736167653A202564EB
:1010F000206279746573004661696C656420746F61
:1011000020616C6C6F6361746520706572736973C4
:1011100074656E7420627566666572206F662073F2
:10112000697A6520256400496E7465726E616C2071
:101130006572726F723A20416C6C6F6361746546C0
:10114000726F6D5461696C2063616E206E6F7420E4
:1011500062652063616C6C656420626574776565A7
:101160006E2074776F205265717565737453637266
:1011700061746368427566666572496E4172656E38
:10118000612063616C6C732E004661696C6564203C
:10119000746F20726567697374657220736372611E
:1011A000746368206275666665722068616E646C3F
:1011B0006520666F72206E6F64652025730042752E
:1011C00066666572202564206E6F7420666F756E8A
:1011D000642E2025642062756666657273206176D0
:1011E00061696C61626C652E0069203C2073697ACC
:1011F00065282900666C6174627566666572733A6B
:101200003A566563746F723C543E3A3A726574752F
:10121000726E5F7479706520666C61746275666663
:101220006572733A3A566563746F723C543E3A3A4B
:1012300047657428666C6174627566666572733A98
:101240003A756F66667365745F742920636F6E7399
:1012500074205B776974682054203D20666C6F6150
:10126000743B2072657475726E5F74797065203D91
:1012700020666C6F61743B20666C61746275666693
:101280006572733A3A756F66667365745F74203D74
:10129000206C6F6E6720756E7369676E6564206978
:1012A0006E745D002E2E2F74686972645F706172B7
:1012B00074792F666C6174627566666572732F69E6
:1012C0006E636C7564652F666C61746275666665C5
:1012D00072732F666C6174627566666572732E68D0
:1012E00000666C6174627566666572733A3A56653B
:1012F00063746F723C543E3A3A72657475726E5FF5
:101300007479706520666C61746275666665727367
:101310003A3A566563746F723C543E3A3A47657484
:1013200028666C6174627566666572733A3A756FA9
:1013300066667365745F742920636F6E7374205BD7
:10134000776974682054203D206C6F6E67206C6F45
:101350006E6720696E743B2072657475726E5F747F
:10136000797065203D206C6F6E67206C6F6E672012
:10137000696E743B20666C61746275666665727333
:101380003A3A756F66667365745F74203D206C6FC2
:101390006E6720756E7369676E656420696E745D33
:1013A00000666C6174627566666572733A3A56657A
:1013B00063746F723C543E3A3A72657475726E5F34
:1013C0007479706520666C617462756666657273A7
:1013D0003A3A566563746F723C543E3A3A476574C4
:1013E00028666C6174627566666572733A3A756FE9
:1013F00066667365745F742920636F6E7374205B17
:10140000776974682054203D206C6F6E6720696E88
:10141000743B2072657475726E5F74797065203DDF
:10142000206C6F6E6720696E743B20666C6174621D
:101430007566666572733A3A756F66667365745F52
:1014400074203D206C6F6E6720756E7369676E65E2
:101450006420696E745D00666C61746275666665B1
:1014600072733A3A566563746F723C543E3A3A72FC
:10147000657475726E5F7479706520666C617462F4
:101480007566666572733A3A566563746F723C545A
:101490003E3A3A47657428666C61746275666665A3
:1014A00072733A3A756F66667365745F7429206368
:1014B0006F6E7374205B776974682054203D2066DA
:1014C0006C6174627566666572733A3A4F666673EC
:1014D00065743C74666C6974653A3A54656E736FF2
:1014E000723E3B2072657475726E5F747970652010
:1014F0003D20636F6E73742074666C6974653A3A4C
:1015000054656E736F722A3B20666C6174627566F7
:10151000666572733A3A756F66667365745F7420B8
:101520003D206C6F6E6720756E7369676E65642011
:10153000696E745D00666C6174627566666572736F
:101540003A3A566563746F723C543E3A3A72657427
:1015500075726E5F7479706520666C617462756611
:10156000666572733A3A566563746F723C543E3ADC
:101570003A47657428666C61746275666665727355
:101580003A3A756F66667365745F742920636F6E8F
:101590007374205B776974682054203D20666C6109
:1015A00074627566666572733A3A4F6666736574FF
:1015B0003C74666C6974653A3A4F70657261746F19
:1015C000723E3B2072657475726E5F74797065202F
:1015D0003D20636F6E73742074666C6974653A3A6B
:1015E0004F70657261746F722A3B20666C61746221
:1015F0007566666572733A3A756F66667365745F91
:1016000074203D206C6F6E6720756E7369676E6520
:101610006420696E745D00666C61746275666665EF
:1016200072733A3A566563746F723C543E3A3A723A
:10163000657475726E5F7479706520666C61746232
:101640007566666572733A3A566563746F723C5498
:101650003E3A3A47657428666C61746275666665E1
:1016600072733A3A756F66667365745F74292063A6
:101670006F6E7374205B776974682054203D206618
:101680006C6174627566666572733A3A4F6666732A
:1016900065743C74666C6974653A3A427566666551
:1016A000723E3B2072657475726E5F74797065204E
:1016B0003D20636F6E73742074666C6974653A3A8A
:1016C0004275666665722A3B20666C617462756657
:1016D000666572733A3A756F66667365745F7420F7
:1016E0003D206C6F6E6720756E7369676E65642050
:1016F000696E745D00556E61626C6520746F206167
:101700006C6C6F636174652054664C6974654166E6
:1017100066696E655175616E74697A6174696F6E20
:101720002E0A00556E61626C6520746F20616C6CCE
:101730006F63617465207175616E74697A61746933
:101740006F6E2D3E7A65726F5F706F696E742E0AD0
:1017500000556E61626C6520746F20616C6C6F6304
:10176000617465207175616E74697A6174696F6EF8
:101770002D3E7363616C652E0A004F6E6C792031CB
:101780002073756267726170682069732063757277
:1017900072656E746C7920737570706F72746564A5
:1017A0002E0A004661696C656420746F20616C6C60
:1017B0006F63617465206D656D6F727920666F72FD
:1017C00020636F6E746578742D3E74656E736F72EE
:1017D000732C20256420627974657320726571759D
:1017E00069726564004661696C656420746F206984
:1017F0006E697469616C697A652074656E736F7265
:10180000202564002564206279746573206C6F73F1
:10181000742064756520746F20616C69676E6D65F6
:101820006E742E20546F2061766F6964207468692D
:1018300073206C6F73732C20706C65617365206D01
:10184000616B652073757265207468652074656EC0
:10185000736F725F6172656E61206973203136202B
:10186000627974657320616C69676E65642E004DE2
:101870006963726F416C6C6F6361746F723A20467A
:1018800061696C656420746F20696E697469616C4C
:10189000697A652E004661696C656420746F206109
:1018A0006C6C6F63617465206D656D6F7279206615
:1018B0006F72206E6F64655F616E645F72656769E9
:1018C0007374726174696F6E732E004D69737369FE
:1018D0006E6720726567697374726174696F6E20D8
:1018E000666F72206F70636F64655F696E646578A0
:1018F0002025640A004661696C656420746F206766
:10190000657420726567697374726174696F6E20A3
:1019100066726F6D206F7020636F64652025730A97
:101920002000536B697070696E67206F7020666F5E
:1019300072206F70636F64655F696E6465782025DF
:10194000640A00556E737570706F727465642062FE
:1019500065686176696F723A20666F756E642062A1
:1019600075696C74696E206F70657261746F722036
:101970002573207769746820637573746F6D206FA9
:101980007074696F6E732E0A004661696C6564201D
:10199000746F20616C6C6F63617465206D656D6F31
:1019A000727920666F7220616C6C6F636174696F0D
:1019B0006E5F696E666F2C20256420627974657392
:1019C000207265717569726564004C6F6769632088
:1019D0006572726F7220696E206D656D6F7279200D
:1019E000706C616E6E65722C2074656E736F722000
:1019F00025642068617320616E20696E76616C6970
:101A000064206C69666574696D653A2066697273F5
:101A1000745F637265617465643A2025642C206C80
:101A20006173745F757365643A202564002E2E2FF0
:101A300074656E736F72666C6F772F74656E736FFB
:101A400072666C6F772F6C6974652F6D6963726F46
:101A50002F6D6963726F5F616C6C6F6361746F721D
:101A60002E636300706C616E6E65725F6172656E8D
:101A70006120213D206E756C6C707472004172653E
:101A80006E612073697A6520697320746F6F2073AB
:101A90006D616C6C20666F7220616374697661742D
:101AA000696F6E20627566666572732E204E65657D
:101AB00064656420256420627574206F6E6C7920E3
:101AC00025642077617320617661696C61626C6561
:101AD0002E00616C6C6F63617465645F74656E7316
:101AE0006F725F6D656D6F727920213D206E756C30
:101AF0006C707472004661696C656420746F20615B
:101B00006C6C6F63617465207661726961626C658B
:101B1000732E20506C6561736520696E6372656118
:101B20007365206172656E612073697A652E000DA0
:101B30000A004E6F646520257320286E756D6265FE
:101B4000722025646629206661696C656420746F63
:101B50002070726570617265207769746820737493
:101B60006174757320256400496E766F6B65282952
:101B70002063616C6C656420616674657220696EB7
:101B8000697469616C697A6174696F6E20666169F4
:101B90006C65640A004E6F646520257320286E759D
:101BA0006D62657220256429206661696C65642018
:101BB000746F20696E766F6B652077697468207327
:101BC0007461747573202564004F7574707574208A
:101BD000696E646578202564206F7574206F6620B7
:101BE00072616E676520286C656E67746820697322
:101BF0002025642900496E70757420696E646578CB
:101C0000202564206F7574206F662072616E676591
:101C100020286C656E67746820697320256429002C
:101C2000496E66004E614E002A325E000304080BC6
:101C30000D0E11121314151617004661696C6564B8
:101C400020746F20616C6C6F63617465206D656DCD
:101C50006F72792E205265717565737465643A20D0
:101C600025752C20617661696C61626C6520257533
:101C70002C206D697373696E673A20257500546F67
:101C80006F206D616E7920627566666572732028BB
:101C90006D61782069732025642900627566666528
:101CA0007220696E646578202564206973206F75E1
:101CB00074736964652072616E6765203020746F8B
:101CC000202564002C2066756E6374696F6E3A205F
:101CD00000617373657274696F6E20222573222010
:101CE0006661696C65643A2066696C6520222573BB
:101CF000222C206C696E65202564257325730A00EB
:101D0000232D302B2000686C4C00656667454647E4
:101D10000030313233343536373839414243444567
:101D200046003031323334353637383961626364D6
:101D30006566000000000000000000009D12000821
:101D4000E91200089B120008D9120008B3B2B9B911
:101D5000C1AAB4B2B9BAC1AAB4B2BBBBC1ABB2B327
:101D6000BBBCC1AAB4B2B8B9A7A9B4B2BBBBA7AA3D
:101D7000B2B3B9BAA7AAB4B3B9B9A7AABCB3C2C41B
:101D8000A7AABAB5C0C1A7AAB2B3BABBC1ABAEB617
:101D9000B2BAA7AAADB6B2BBA7A9BCB3C2C4A7AA20
:101DA000B3B2B9B9C1AAB4B2B9B9A7A9BAB5C0C1D9
:101DB000A7AABAB5C0C1A7AAB4B2B8B9A7A9AEB606
:101DC000B2BAA7AAB4B2B9BAC1AABCB3C2C4A7AACC
:101DD000B2B3B9BAA7AAB4B2BBBBA7AAB2B3BABAD4
:101DE000C1ABB4B2B9B9A7A9B4B3B9B9A7AAADB6D2
:101DF000B2BCA7A9B4B2BABAC1AAB2B3BABAC1AB9B
:101E0000B2B3BBBCC1AAB2B3BABBC1ABAEB6B2BA75
:101E1000A7AABAB4C0C1A7AABAB5C0C1A7AAB2B38B
:101E2000BBBCC1AAB2B3B9BAA7AAADB6B2BCA7A986
:101E3000B4B2B9BAC1AAB2B3BBBCC1AAB3B2B9B940
:101E4000C1AAAEB6B2BAA7AAB2B3BABBC1ABB4B25A
:101E5000BABBA7AAB4B2B8B9A7A9B4B2BBBBC1AB4D
:101E6000B2B3BBBCC1AAB2B3BABBC1ABB4B3B9B90C
:101E7000A7AAB3B2B9BAC1AAB2B3BBBCC1AAB4B221
:101E8000BBBBC1ABB4B2B8B9A7A9B4B3B9B9A7AA1F
:101E9000BCB3C2C4A7AABAB4C0C1A7AAB2B3BBBBE1
:101EA000C1AAB4B2B9B9C1AABAB5C0C1A7AAB4B2DD
:101EB000B8B9A7A9BAB4C0C1A7AABCB3C2C4A7AADB
:101EC000B2B3BBBBC1AAB3B2B9B9C1AAC492E9F556
:101ED000B4AAC49D80EFB4AAC2A581EBB4A9B7B4DB
:101EE000C0C1C1ABB9B4C0C1C1ACB9B4C1C2C1AC4D
:101EF000B9B4C2C3C1ABC4A9E4E89AA9B7B5BCBD23
:101F0000A7ABB7B4BFC0A7ABB9B5BDBEA7ABC2B294
:101F1000DEE0A7AADF928EF7A7ACC492EBF6A7ACDF
:101F2000C499EAF2A7ABC49D7FF0A7A9E19291F60C
:101F3000B4AADE9990F2B4AADDA994E9B4A9DE921C
:101F40008EF69AA9DD928FF5A7AAC2A7E5E9A7ABFD
:101F5000DE9990F2A7ACDE9F91EFA7ABE1928FF7ED
:101F6000A7A9C2A581EBB4A9B9B4C1C2C1ACDE9F17
:101F700091EFA7ABDE9990F2B4AAC49D7FF0A7A918
:101F8000C49D7FEFB4AAB7B5BFC0A7ABC492E9F5B3
:101F9000B4AAC492EBF7A7ACB9B4C0C1C1ACC2B289
:101FA000DEE0A7AAC499EAF2A7ABB8B4C0C1C1AC3D
:101FB000DF928EF7A7ACDCA994E9B4A9B7B4C0C18D
:101FC000C1ABDE928FF69AA9C2A581EBB4A9DE99C6
:101FD00090F2B4AAC492EBF7A7ACDE928EF69AA95F
:101FE000C2A7E5E9A7ABC49D7FF0A7A9DE928EF654
:101FF0009AA9C2A581EBB4A9C492EBF6A7ACC2B270
:10200000DEE0A7AAB9B5BDBFA7ABC2B2DEE0A7AA02
:10201000DDA994E9B4A9C4A9E4E89AA9DE9990F2EB
:10202000A7ACC492E9F5B4AAB7B5BCBDA7ABC2A52D
:1020300081EBB4A9B9B4C1C2C1ACDE9990F2B4AA23
:10204000B9B5BDBFA7ABDE9990F2A7ACB4B0BFBF26
:10205000C1AAB4B1BDBDC1AAB4B2B7B8A7AAB4B23F
:10206000BBBCA7AABAB3C5C6A7AAB4B2BBBCA7AA31
:10207000B4B2BBBCA7AAB4B0BFBFC1AAB4B2BBBC08
:10208000A7AAB4B2BDBDC1AAB4B1BDBDC1AAB4B006
:10209000BFBFC1AAB4B2B7B8A7AABAB3C5C6A7AAE8
:1020A000B4B1BDBDC1AAB4B2BBBCA7AAB4B2BBBCDB
:1020B000A7AAB4B2BBBCA7AAB4B0BFBFC1AAB4B2EE
:1020C000BBBCA7AAB4B0BFBFC1AABAB3C6C7A7AAB0
:1020D000B4B1BDBDC1AAB4B1BDBDC1AABAB3C5C674
:1020E000A7AAB4B2BBBCA7AAB4B0BEBFC1AAB4B2BF
:1020F000BBBCA7AAB4B1BDBEC1AAB4B0BFBFC1AA80
:10210000B4B1BDBEC1AAB4B0BFBFC1AAB4B0BFBF55
:10211000C1AABAB3C5C7A7AAB4B2B7B8A7AAB4B080
:10212000BFBFC1AAB4B1BDBDC1AABAB3C5C6A7AA33
:10213000B4B0BFBFC1AAB4B2B7B8A7AAB4B1BDBD4D
:10214000C1AABAB3C5C6A7AAB4B0BFBFC1AAB4B228
:10215000BBBCA7AAB4B1BDBEC1AAB4B1BDBEC1AA21
:10216000B4B2BBBCA7AABAB3C6C7A7AAB4B2BBBC19
:10217000A7AAB4B0BEBFC1AABAB3C5C6A7AAB4B114
:10218000BDBDC1AAB4B0BFBFC1AAB4B2BBBCA7AAEF
:10219000B4B1BDBDC1AAB4B2B7B8A7AAB4B2BBBCF2
:1021A000A7AAB4B2BBBCA7AAB4B2B7B8A7AAB4B026
:1021B000BFBFC1AAB4B2BBBCA7AAB4B2B7B8A7AAE2
:1021C000B4B2BBBCA7AAB4B0BFBFC1AAB4B1BDBEB4
:1021D000C1A9B2B2BCBCC1AAB9B3C2C3A7ABB9B49E
:1021E000C2C2A7ABBAB3C4C5A7ABBAB3C4C5A7AB89
:1021F000B8B3C2C3A7ABBAB3C4C6A7ABB9B3C2C363
:10220000A7ABB4B1BDBEC1A9B4B1BDBEC1A9B8B37D
:10221000C2C3A7ABB2B2BCBCC1AAB4B1BDBEC1A956
:10222000BAB3C4C5A7ABB8B3C2C3A7ABBAB3C4C62D
:10223000A7ABB4B1BDBEC1A9B9B4C2C2A7ABB2B25B
:10224000BBBCC1AABAB3C5C6A7ABBAB3C4C5A7AB1A
:10225000B2B2BBBCC1AAB9B4C2C2A7ABB9B3C2C304
:10226000A7ABB9B3C2C3A7ABBAB3C5C6A7ABB2B22B
:10227000BCBCC1AAB9B4C2C2A7ABB9B3C2C3A7ABF5
:10228000B9B3C2C3A7ABB2B2BCBCC1AABAB3C4C5CE
:10229000A7ABB9B3C2C3A7ABB9B4C2C2A7ABB8B3FB
:1022A000C2C3A7ABB9B4C2C2A7ABB2B2BCBCC1AACD
:1022B000B2B2BCBCC1AAB2B2BCBCC1AAB9B4C2C29F
:1022C000A7ABB9B4C2C2A7ABB9B3C2C3A7ABB4B1D1
:1022D000BDBEC1A9B4B1BDBEC1A9B9B3C2C3A7AB8C
:1022E000B9B4C2C2A7ABBAB3C4C6A7ABB8B4C1C273
:1022F000A7ABBAB3C4C5A7ABB4B1BDBEC1A9BAB38D
:10230000C4C5A7ABB4B1BDBEC1A9B2B2BCBCC1AA61
:10231000B9B3C2C3A7ABBAB3C4C5A7ABBAB3C4C63B
:10232000A7ABB4B1BDBEC1A9B4B1BDBEC1A9B4B162
:10233000BDBEC1A9B4B1BDBEC1A9BAB3C4C6A7AB25
:10234000B9B3C2C3A7ABB2B2BCBCC1AAB5B5C2C215
:10235000B4A9B8B5C2C3B4AAB6B5C4C4B4AAB2B21B
:10236000B9BAC1AAB6B4C1C2C1ACB7B4C2C2C1ACD9
:10237000B6B4C3C3C1ACB8B5C3C3C1ACB8B5C4C5AA
:10238000C1ACB6B7C1C2C1AAB8B4C4C4CEAAB5B5AF
:10239000C4C4CEAAB7B4C2C2C1ACB8B5C3C3C1AC81
:1023A000B8B5C3C3C1ACB8B5C4C5C1ACB6B4C2C27C
:1023B000C1ACB7B5C3C4B4AAB8B5C3C3B4AAB5B5A4
:1023C000C4C4CEAAB6B7C1C2C1AAB6B5C3C4B4AA62
:1023D000B8B5C4C5C1ACB7B4C4C4CEAAB8B5C3C33C
:1023E000C1ACB5B5C4C4CEAAB2B2B9BAC1AAB2B270
:1023F000B9BAC1AAB5B4C2C2B4A9B6B4C3C3C1AC58
:10240000B8B5C4C4C1ACB5B5C4C4CEAAB5B5C2C212
:10241000B4A9B8B5C3C3B4AAB6B5C4C4B4AAB6B453
:10242000C3C3C1ACB8B4C2C2C1ACB6B4C3C3C1ACFF
:10243000B8B5C4C5C1ACB7B4C4C4CEAAB2B2B9BAF7
:10244000C1AAB5B5C4C4CEAAB8B5C3C3B4AAB7B5FA
:10245000C3C3C1ACB6B4C3C3C1ACB6B4C3C3C1ACCF
:10246000B6B4C1C2C1ACB6B4C3C3C1ACB8B5C2C3C3
:10247000B4AAB8B4C2C2C1ACB5B5C4C4CEAAB8B4CB
:10248000C3C4CEAAB6B4C3C3C1ACB6B5C4C4B4AA9F
:10249000B6B4C1C2C1ACB5B5C2C2B4A9B6B5C4C4A4
:1024A000B4AAB7B4C4C4CEAAB2B2B9BAC1AAB6B4B7
:1024B000C1C2C1ACB8B5C4C5C1ACB8B4C2C2C1AC6C
:1024C000B2B2B9BAC1AAB8B4C3C4CEAAB5B5BDBD7B
:1024D000A7AAB5B5C0C0A7AAB6B6BEBFA7AABAB3C9
:1024E000C1C2A7AABAB4C1C2A7AAB5B5BDBDA7AAA1
:1024F000B6B6BEBFA7AAB5B5BDBDA7AAB6B6BEBF84
:10250000A7AAB5B5BDBDA7AAB6B6BEBFA7AAB5B5A1
:10251000BDBDA7AABAB3C1C2A7AAB6B6BEBFA7AA75
:10252000B6B6BEBFA7AABAB3C1C2A7AAB5B5BDBD4C
:10253000A7AAB6B6BEBFA7AAB6B6BEBFA7AAB6B66A
:10254000BEBFA7AAB5B5C0C0A7AABAB3C1C2A7AA41
:10255000B6B6BEBFA7AAB6B6BEBFA7AAB5B5BDBD23
:10256000A7AAB6B6BEBFA7AAB5B5C0C0A7AAB6B639
:10257000BEBFA7AAB6B6BEBFA7AAB5B5C0C0A7AA18
:10258000B5B5C0C0A7AAB5B5BDBDA7AAB6B6BEBFF2
:10259000A7AAB5B5BDBDA7AAB5B5BDBDA7AAB5B516
:1025A000BDBDA7AABAB3C1C2A7AAB5B5BDBDA7AAEA
:1025B000B5B5BDBDA7AAB5B5BDBDA7AABAB3C1C2C1
:1025C000A7AABAB4C1C2A7AABAB3C1C2A7AAB5B5CD
:1025D000C0C0A7AAB6B6BEBFA7AAB6B6BEBFA7AAB6
:1025E000B6B6BEBFA7AABAB4C1C2A7AAB5B5BDBD8B
:1025F000A7AAB6B6BEBFA7AAB5B5BDBDA7AAB6B6AF
:10260000BEBFA7AAB7B6BEBFA7AAB5B5C0C0A7AA86
:10261000B5B5BDBDA7AABAB3C1C2A7AAB6B6BEBF5B
:10262000A7AAB5B5BDBDA7AAB6B6BEBFA7AAB6B67E
:10263000BEBFA7AAB5B5C0C0A7AAB6B6BEBFA7AA57
:10264000BAB3C1C2A7AABAB3C1C2A7AAB7B2C5C515
:10265000B4ABB7B3C3C4B4AEB6B4C4C5B4AFB6B408
:10266000C5C5B4AEB6B5C5C5B4ABB7B4C1C19AABF8
:10267000B7B4C1C29AAEB6B5C1C19AAFB6B5C2C2FF
:102680009AAEB5B6C3C39AACB7B4C1C2A7AFB7B41C
:10269000C3C3A7B4B8B4C3C3A7B6B6B5C3C3A7B4BE
:1026A000B6B5C4C4A7AFB7B5C3C3A7B4B8B3C3C4A2
:1026B000B4AEB6B5C4C4A7AFB6B5C4C4A7AFB6B5BB
:1026C000C3C3A7B4B8B3C3C4B4AEB6B5C2C29AAE9E
:1026D000B6B5C5C5B4ABB8B4C3C3A7B6B6B5C2C268
:1026E0009AAEB7B2C4C5B4ABB5B6C3C39AACB7B4AF
:1026F000C1C2A7AFB8B4C1C29AAEB7B4C1C2A7AF86
:10270000B6B5C1C19AAFB6B5C1C19AAFB7B4C1C26F
:102710009AAEB7B2C4C5B4ABB7B5C2C29AAEB6B57D
:10272000C2C29AAEB6B5C1C19AAFB6B4C4C5B4AF51
:10273000B6B5C1C19AAFB6B5C2C29AAEB6B4C5C538
:10274000B4AEB6B5C2C29AAEB6B5C3C3A7B4B7B538
:10275000C1C19AAFB6B5C1C19AAFB7B4C2C29AAE41
:10276000B6B5C2C29AAEB6B5C2C29AAEB6B4C5C507
:10277000B4AEB6B5C1C19AAFB6B4C4C5B4AFB7B202
:10278000C4C5B4ABB7B4C1C29AAEB7B4C1C2A7AFE7
:10279000B7B2C5C5B4ABB5B6C3C39AACB6B5C3C3BF
:1027A000A7B4B6B3C4C5B4AFB6B5C3C3A7B4B8B3C2
:1027B000C3C4B4AEB6B5C3C3A7B4B7B2C5C5B4AB92
:1027C000B7B2C4C5B4ABB6B4C5C5B4AEB7B1C7C86B
:1027D000B4AAB7B3C4C5B4ACB9B4C4C4B4AEB9B484
:1027E000C4C4B4ADBAB4C4C5B4ABB7B2C3C4C1A950
:1027F000B7B3C4C49AABB9B4C3C49AACB9B4C3C474
:102800009AACB9B1C6C7A7ABB9B3C4C5A7B0B9B480
:10281000C3C4A7B4B9B4C3C4A7B3BAB5C2C4A7AE3E
:10282000BAB5C2C4A7AEB9B4C4C4B4ADB8B3C4C514
:10283000B4ACB7B1C7C8B4AAB9B4C3C49AACB9B43C
:10284000C3C4A7B4B9B4C4C4B4ADB7B3C4C49AAB19
:10285000B9B4C4C4B4AEB7B2C3C4C1A9BAB5C2C4D2
:10286000A7AEB9B1C6C7A7ABB9B4C3C49AACB9B324
:10287000C4C5A7B0B9B4C4C4A7B3BAB4C4C5B4ABD3
:10288000B9B4C4C4A7B4B7B3C4C5B4ACB9B4C3C4B1
:102890009AACB9B4C3C4B4AEB9B4C4C4A7B4B8B3E1
:1028A000C4C49AABB8B1C6C7A7ABB9B4C3C49AACD9
:1028B000B7B2C3C4C1A9B9B4C3C49AACB9B3C4C490
:1028C000A7B0B7B1C7C8B4AAB9B4C4C5B4ADB8B39A
:1028D000C4C5A7B0B9B4C3C4A7B3B9B4C3C4A7B37C
:1028E000B8B3C4C5B4ACB9B4C4C4A7B4B9B4C3C450
:1028F000A7B4B9B4C4C5B4ADB9B3C4C5A7B0B9B46D
:10290000C4C4B4AEB9B4C4C4A7B3B7B2C3C4C1A934
:10291000B8B3C4C49AABB7B2C3C4C1A9B7B3C4C433
:102920009AABB9B3C4C4A7B0B9B4C3C49AACB7B274
:10293000C3C4C1A9B9B4C3C49AACB9B5C3C49AAC31
:10294000B8B1C7C8B4AABAB5C2C4A7AEBAB3C5C6EF
:10295000B4ABB9B2C7C8B4ACB9B3C7C7B4ACB8B5F7
:10296000C6C6B4ABB8B3C9CAB4AAB4B5BEBEC1AAD0
:10297000BAB4C4C59AABBAB5C2C39AACB4B5BABA04
:10298000A7ABB4B5BBBBA7ABB4B6B8B8A7AAB9B32D
:10299000C5C5A7ACBAB3C5C6A7B0BAB4C5C6A7B0BB
:1029A000BAB3C7C8A7AFB4B5BABAA7ABB8B3CACAA7
:1029B000B4AAB8B4C5C6B4ABB4B6B8B8A7AAB4B5CF
:1029C000BABAA7ABBAB3C5C6A7B0B8B3C9CAB4AA96
:1029D000B4B5BABAA7ABB4B6B8B8A7AAB4B5BABBBF
:1029E000A7ABB4B5BDBDC1AAB4B5BBBBA7ABB9B3AA
:1029F000C7C8B4ACBAB4C5C6A7B0B9B2C7C8B4AC3E
:102A0000BAB3C5C6A7B0BAB3C7C8A7AFB9B3C7C72B
:102A1000B4ACB4B5BBBBA7ABBAB3C5C6A7B0BAB468
:102A2000C4C59AABB9B3C5C5A7ACB8B3CACAB4AA32
:102A3000B4B6B8B8A7AABAB4C4C59AABB8B5C6C636
:102A4000B4ABBAB4C4C59AABB4B4BDBDC1AABAB430
:102A5000C4C59AABBAB3C7C8A7AFBAB4C5C6A7B006
:102A6000B4B5BABAA7ABBAB4C4C59AABB9B3C7C800
:102A7000B4ACB9B3C7C7B4ACBAB5C2C39AACBAB4F4
:102A8000C5C6A7B0BAB5C2C39AACB4B5BEBEC1AADA
:102A9000B4B5BBBBA7ABBAB4C5C6A7B0BAB5C2C3C1
:102AA0009AACB4B5BABAA7ABB4B5BABBA7ABBAB215
:102AB000C5C6B4ABB9B3C7C7B4ACB8B3C9CAB4AA76
:102AC000B4B5BBBBA7ABB4B4BEBEC1AAB2B4B3B6B7
:102AD000A7AAB2B4B3B6A7AAB2B4B3B6A7AAB2B4FF
:102AE000B3B6A7AAB2B4B3B6A7AAB2B3B3B6A7AAED
:102AF000B2B4B3B6A7AAB2B4B3B6A7AAB2B4B3B6C7
:102B0000A7AAB2B4B3B6A7AAB2B4B3B6A7AAB2B4CE
:102B1000B3B6A7AAB2B4B3B6A7AAB2B4B3B6A7AABB
:102B2000B2B4B3B6A7AAB2B4B3B6A7AAB2B3B3B697
:102B3000A7AAB2B3B3B6A7AAB2B4B3B6A7AAB2B49F
:102B4000B3B6A7AAB2B4B3B6A7AAB2B4B3B6A7AA8B
:102B5000B2B4B3B6A7AAB2B4B3B6A7AAB2B4B3B666
:102B6000A7AAB2B4B3B6A7AAB2B4B3B6A7AAB2B46E
:102B7000B3B6A7AAB2B3B3B6A7AAB2B4B3B6A7AA5C
:102B8000B2B4B3B6A7AAB2B4B3B6A7AAB2B4B3B636
:102B9000A7AAB2B4B3B6A7AAB2B4B3B6A7AAB2B43E
:102BA000B3B6A7AAB2B4B3B6A7AAB2B4B3B6A7AA2B
:102BB000B2B4B3B6A7AAB2B4B3B6A7AAB2B4B3B606
:102BC000A7AAB2B4B3B6A7AAB2B4B3B6A7AAB2B40E
:102BD000B3B6A7AAB2B4B3B6A7AAB2B4B3B6A7AAFB
:102BE000B2B4B3B6A7AAB2B4B3B6A7AAB2B4B3B6D6
:102BF000A7AAB2B4B3B6A7AAB2B4B3B6A7AAB2B4DE
:102C0000B3B6A7AAB2B4B3B6A7AAB2B4B3B6A7AACA
:102C1000B2B4B3B6A7AAB2B4B3B6A7AAB2B4B3B6A5
:102C2000A7AAB2B4B3B6A7AAB2B4B3B6A7AAB2B4AD
:102C3000B3B6A7AAB2B4B3B6A7AAB2B4B3B6A7AA9A
:102C4000B2B4B3B6A7AAB2B4B3B6A7AAB4B3B7B76F
:102C5000C1AAB4B3B4B5C1AAB4B4B4B5C1AAB3B32C
:102C6000B4B6A7AAB4B3B4B5A7AAB4B4B3B5C1AA4D
:102C7000B4B3B5B5C1AAB4B3B4B5C1AAB4B3B4B50D
:102C8000C1AAB4B3B7B7C1AAB3B3B4B6A7AAB4B311
:102C9000B7B7C1AAB4B4B3B5C1AAB3B3B4B6A7AAFF
:102CA000B4B3B4B5A7AAB4B4B3B5C1AAB4B3B7B7F3
:102CB000C1AAB4B3B4B5C1AAB4B3B4B5C1AAB4B3CC
:102CC000B4B5C1AAB4B2B7B7C1AAB4B3B4B5C1AAB6
:102CD000B4B3B4B5C1AAB4B3B7B7C1AAB4B3B4B5A9
:102CE000C1AAB4B3B4B5A7AAB4B4B4B5C1AAB4B3B5
:102CF000B4B5A7AAB4B3B4B5A7AAB4B3B7B7C1AAB9
:102D0000B4B3B7B7C1AAB4B3B7B7C1AAB4B3B4B573
:102D1000A7AAB4B3B4B5A7AAB4B3B7B7C1AAB4B499
:102D2000B4B5C1AAB4B3B4B5A7AAB4B3B7B7C1AA6E
:102D3000B4B2B7B7C1AAB4B3B7B7C1AAB3B3B4B644
:102D4000A7AAB3B3B4B6A7AAB3B3B4B6A7AAB4B389
:102D5000B4B5C1AAB4B4B3B5C1AAB4B3B7B7C1AA24
:102D6000B4B4B4B5C1AAB4B3B5B5C1AAB4B2B7B717
:102D7000C1AAB4B3B4B5A7AAB3B3B5B6A7AAB4B33E
:102D8000B4B5C1AAB4B3B4B5A7AAB4B3B4B5A7AA2D
:102D9000B4B4B3B5C1AAB4B3B7B7C1AAB4B3B7B7E3
:102DA000C1AAB4B3B4B5A7AAB4B4B4B5C1AAB4B4F3
:102DB000B3B5C1AAB4B4B4B5C1AAB4B3B4B5C1AAC9
:102DC000B3B3B4B6A7AAB4B2B7B7C1AABEB5C1C4AB
:102DD000B4A9BFB6C0C5B4A9B4B1BBBBC1ABB4B193
:102DE000BBBBC1ACB4B2B9B9C1ACB3B3B6B7C1AB7C
:102DF000BFB4C1C5C1AABFB4C3C7C1ABBFB4C4C807
:102E0000C1ABC4A181EDC1A9B4B1B8B9A7ABB4B28B
:102E1000B8B8A7ACB4B3B7B7A7ACB4B3B4B5A7ABA5
:102E2000BEB5C1C4B4A9B3B3B6B7C1ABBFB6C0C514
:102E3000B4A9BFB6C0C5B4A9B4B1B8B9A7ABB4B34F
:102E4000B4B5A7ABB4B3B7B7A7ACB4B2B8B8A7AC76
:102E5000B4B1B8B9A7ABC4A181EDC1A9BFB6C0C513
:102E6000B4A9BFB6C0C5B4A9B4B3B4B5A7ABC4A127
:102E700081EDC1A9B4B2B9B9C1ACB4B3B7B7A7AC0D
:102E8000B4B1B8B9A7ABBFB4C4C8C1ABBFB4C2C5B5
:102E9000C1AABFB4C2C5C1AABFB6C0C5B4A9BFB498
:102EA000C3C7C1ABBFB4C1C5C1AAB4B2B8B8A7AC9F
:102EB000B4B3B7B7A7ACB4B1BBBBC1ABB4B1BBBBC8
:102EC000C1ABB4B2B9B9C1ACB4B2B8B9A7ACC4A1C2
:102ED00080EDC1A9BEB5C1C4B4A9B4B3B7B7A7AC9E
:102EE000B4B1BBBBC1ACBEB5C1C4B4A9B4B1BBBB6A
:102EF000C1ACB4B1B8B9A7ABB4B2B9B9C1ACBEB684
:102F0000C1C4B4A9BFB6C0C5B4A9BFB4C4C8C1AB1D
:102F1000B4B3B4B5A7ABBFB4C3C7C1ABBEB5C1C42E
:102F2000B4A9B4B1BABBC1ABB4B1B8B9A7ABB4B36F
:102F3000B7B7A7ACB4B1BABBC1ABBFB4C3C7C1AB21
:102F4000BFB6C0C5B4A9B4B1B8B9A7ABC0B3C1C608
:102F5000B4A9C0B4C1C6B4A9C1B2C4C8C1ABC0B3DE
:102F6000C3C8C1ABC1B2C3C8C1ABC0B3C3C7C1AB97
:102F7000C0B3C1C6B4A9C1B2C3C8C1ABC0B4C1C695
:102F8000B4A9C0B4C1C6B4A9C1B2C4C8C1ABC0B4AD
:102F9000C1C6B4A9C0B3C3C8C1ABC0B3C4C8C1AB78
:102FA000C0B3C1C6B4A9C0B3C3C8C1ABC1B2C4C861
:102FB000C1ABC0B3C1C6B4A9C0B3C3C8C1ABC0B470
:102FC000C1C5B4A9C0B4C1C6B4A9C0B4C1C5B4A96F
:102FD000C1B2C4C8C1ABC0B3C3C8C1ABC0B3C3C81E
:102FE000C1ABC1B2C3C8C1ABC0B4C1C6B4A9C0B43F
:102FF000C1C6B4A9C0B3C1C6B4A9C0B4C1C5B4A93F
:10300000C0B4C1C6B4A9C1B2C4C8C1ABC1B2C3C8FF
:10301000C1ABC0B3C3C8C1ABC0B4C1C6B4A9C0B30F
:10302000C3C7C1ABC0B3C3C8C1ABC1B2C3C8C1ABD6
:10303000C1B2C4C9C1ABC0B3C1C6B4A9C0B4C1C6D2
:10304000B4A9C0B3C3C8C1ABC0B3C1C6B4A9C0B3EF
:10305000C3C7C1ABC0B3C3C7C1ABC1B2C4C8C1ABA6
:10306000C0B4C1C6B4A9C0B3C1C6B4A9C0B3C1C6B7
:10307000B4A9C0B3C3C7C1ABC0B3C3C7C1ABC0B3AE
:10308000C3C8C1ABC0B4C1C6B4A9C1B2C3C8C1AB87
:10309000C0B4C1C6B4A9C0B4C1C5B4A9C1B2C3C883
:1030A000C1ABC0B3C2C6B4A9C0B4C1C6B4A9C0B490
:1030B000C1C6B4A9C1B2C3C8C1ABC0B3C1C6B4A96B
:1030C000C0B3C3C7C1ABC1B2C4C8C1ABBAB5BCBE43
:1030D000B4A9BDB4BDC1B4AABFB4C0C4B4ABC0B47C
:1030E000BFC4B4ABC1B4BFC5B4ABB7B3BFBFC1AB52
:1030F000B7B4BFBFC1ADB9B4BFC0C1AEBCB4C0C22C
:10310000C1ADBFB3C1C5C1AEC1B3C1C6C1AFC1B40A
:10311000C1C6C1AEC1B5BFC6C1ABBFB4C1C5CEAAE1
:10312000C0B4C1C6CEABB7B4BEBEA7ABB7B5BDBE0B
:10313000A7ABB9B5BDBEA7AABDB4BFC3A7AABFB34D
:10314000C1C5C1AEBAB5BCBEB4A9BAB5BCBEB4A9FE
:10315000C2B5BFC6C1ABB7B4BEBEA7ABB9B5BFC0E1
:10316000C1AEB9B5BDBEA7AAC1B4BFC5B4ABB7B3F4
:10317000BFBFC1ABC0B3C1C6CEABC1B4C1C6C1AE87
:10318000BAB5BCBEB4A9C1B4C1C6C1AEB7B3BFBFA6
:10319000C1ABB7B4BFBFC1ADC0B3C1C6CEABB7B48E
:1031A000BEBEA7ABBFB3C1C5C1AEBDB4BFC3A7AAA6
:1031B000B9B5BDBEA7AAB7B4BEBEA7ABC0B4BFC4A5
:1031C000B4ABB9B5BDBEA7AABDB4BFC2A7AAB7B5B7
:1031D000BDBEA7ABC1B3C0C6C1AFC0B3C1C6CEAB45
:1031E000B7B3BFBFC1ABC0B4BFC4B4ABBCB4C0C243
:1031F000C1ADB7B5BDBEA7ABBFB4C0C4B4ABB7B467
:10320000BFBFC1ABC1B4BFC5B4ABC1B4BFC5B4AB24
:10321000BEB4C0C4B4ABBEB4C0C4B4ABB9B4BFC018
:10322000C1AEBFB4C0C4B4ABBDB5BDC1B4AAB7B420
:10323000BFBFC1ABBAB5BCBEB4A9C1B4C1C6C1AEF3
:10324000BFB3C1C5C1AEBFB3C1C5C1AEC2B3B8C2C1
:10325000B4AAC1B3BBC2B4ADC2B3BBC4B4B0C2B4F0
:10326000BCC4B4B1C1B5BCC4B4AFC0B5BDC3B4ACCB
:10327000C2B3BBC3C1B3C2B3BCC4C1B8C1B4BDC483
:10328000C1BAC1B4BDC4C1B6C0B5BEC4C1B0C1B37A
:10329000BDC4CEAEC1B3BEC4CEB1C1B4BEC4CEB245
:1032A000C1B4BFC5CEB0B5AFC9CAB4A9C1B4BDC45D
:1032B000C1B6C1B4BDC4C1B6C1B3BBC3B4ADC0B364
:1032C000BDC4CEAEC1B3B8C2B4AAC2B3BBC3C1B34E
:1032D000B5AFC9CAB4A9C1B3BDC4CEB1C1B5BCC430
:1032E000B4AFC2B3BCC4C1B8C0B5BEC4C1B0C1B430
:1032F000BFC5CEB0C1B4BDC4C1BAB5AFC9CAB4A907
:10330000C2B3BBC3C1B3C2B3BBC4B4B0C2B4BCC408
:10331000B4B1C2B4BCC4B4B1C2B3BBC4B4B0C1B321
:10332000B8C2B4AAC1B4BFC5CEB0C1B4BEC4CEB2D7
:10333000C2B3BBC3C1B3C1B4BFC5CEB0C2B3BCC4BA
:10334000C1B8C0B5BDC3B4ACC1B4BDC4C1BAC1B3CA
:10335000BDC4CEAEC1B3BEC4CEB1C1B3BDC4CEAE8A
:10336000C2B3BCC4C1B8C2B4BCC4B4B1C1B4BFC59B
:10337000CEB0C1B5BCC3B4AFC1B4BDC4C1B6C0B595
:10338000BDC3B4ACC0B5BEC3C1B0C1B4BFC5CEB07F
:10339000C2B4BCC4B4B1C1B5BCC3B4AFC2B3B8C28B
:1033A000B4AAC1B3BEC4CEB1C2B3BBC3C1B3C1B36F
:1033B000BEC4CEB1C2B4BCC4B4B1C1B3BEC4CEB13C
:1033C000C2B4BCC4B4B1C0B6BDC3B4ACB8B4BEBF63
:1033D000B4ACB9B5BCBDB4ADBAB5BCBEB4ADBAB68B
:1033E000BBBDB4ACB4B1B8B9C1ABB4B2B8B8C1AD7F
:1033F000B4B2B9B9C1ADB4B3B9B9C1ACB8B3BFC057
:10340000C1AEB8B3BFC0C1B5BAB4BFC0C1B9BAB418
:10341000BEC0C1B8BAB5BEBFC1B2B7B4BFBFCEADF2
:10342000B4B1B8B9A7ABB3B2B9B9A7ACB4B3B7B775
:10343000A7ACB4B3B7B7A7ABBAB4BDBFA7AEBAB465
:10344000BDBFA7B0BAB5BDBEA7AFBBB5BCBFA7AC2B
:10345000C592D5E7B4AAC59293E7B4ABC592D8E9B3
:10346000B4ABC499D4E0CEABBAB5BEBFC1B2B4B2AE
:10347000B9B9C1ADB7B4BFBFCEADB4B1B8B9A7ABE0
:10348000B8B4BFBFCEADB8B5BCBDB4ADB7B4BFBFA7
:10349000CEADB4B3B7B7A7ABC592D5E6B4AAB4B3B3
:1034A000B7B7A7ABB4B2B8B8C1ADC499D4E0CEAB8E
:1034B000BAB6BBBDB4ACBAB6BBBDB4ACB9B3BFC091
:1034C000C1B5B4B1B8B9C1ABBAB5BDBEA7AFBAB496
:1034D000BFC0C1B9C59293E7B4ABB8B3BFC0C1AE6A
:1034E000B4B3B9B9C1ACBAB5BEBFC1B2BBB5BCBF4C
:1034F000A7ACB8B3BFC0C1B5BAB4BDBFA7B0C59281
:1035000093E7B4ABBAB5BCBEB4ADBAB4BFC0C1B931
:10351000C592D8E9B4ABC592D5E7B4AAC59293E7F2
:10352000B4ABB8B3BFC0C1AEB8B4BFC0C1B5C49925
:10353000D3E0CEABBBB5BCBFA7ACB4B3B7B7A7ACF9
:10354000BAB4BFC0C1B9BAB5BDBFA7AFBFB3B8C0E9
:10355000B4ACBFB3B8C0B4B4BEB4B9BFB4BDBEB4EC
:10356000B9C0B4C0C0B5B9C1B4BBBFB5BAC0B4B2BC
:10357000BFB3B7BFC1B0BEB3BABFC1BFBEB4BAC09C
:10358000C1CFBEB4BAC0C1D5C0B5BAC1C1CCBFB538
:10359000BBC1C1BBBFB3B9C0CEACBFB3BAC1CEB360
:1035A000BEB4BBC0CEBBBEB4BCC1CEBDC0B4BBC23A
:1035B000CEB9BFB5BCC1CEB1B4B2B7B8A7AAB8B482
:1035C000BDBEA7ACBBB5BBBDA7AEBBB5BBBEA7ADB3
:1035D000BAB5BDBFA7ABBEB4BBC1CEBDBEB4BCC146
:1035E000CEBDB8B4BDBEA7ACBFB3B8C0B4B4BBB554
:1035F000BBBEA7ADBEB3BABFC1BFBFB5BBC1C1BB28
:10360000BBB5BBBEA7ADBFB3B8C0B4ACBFB5BCC142
:10361000CEB1BFB5BBC1C1BBBFB5B9C0B4BBBBB4F4
:10362000BBBDA7AEBEB3BBC1CEBBBFB3B7C0C1B0FD
:10363000C0B5B9C1B4BBC0B5B9C1B4BBBFB3B9C0E3
:10364000CEACBEB3BAC0C1BFBBB5BBBEA7ADC0B4E4
:10365000BAC1C1CCBAB5BDBFA7ABC0B5B9C1B4BBC7
:10366000BBB5BBBEA7ADBEB4BAC0C1CFBFB3B8C0B7
:10367000B4B4BFB5BBC1C1BBBFB5B9C0B4BBB4B2B4
:10368000B7B8A7AABEB4B9C0B4C0BFB3B9C0CEACB6
:10369000BFB5BAC0B4B2BEB3BBC1CEBBBAB5BDBF75
:1036A000A7ABBBB5BBBEA7ADC0B4BAC1C1CCBEB59C
:1036B000B9C0B4C0BFB3B8C0B4B4BFB5BCC1CEB15B
:1036C000C0B5BAC1C1CCBBB5BABDA7AEBCB2B9BE5C
:1036D000B4AABCB3B9BDB4AEBCB4B9BDB4B5BCB486
:1036E000B9BDB4BBBCB5B9BDB4BABCB5B8BDB4B452
:1036F000BDB6B4BDB4ADB9B2BCBEC1ACBCB3BABE4C
:10370000C1B5BCB3BABEC1C4BCB4BABEC1D1BCB4ED
:10371000BABEC1CFBDB5B8BEC1C2BCB6B6BDC1B3DD
:10372000B8B7B8BAC1ADB8B8B6B9C1ACB8B8B5BA1F
:10373000C1ABBCB3BBBFCEADBBB3BCBFCEB3BCB4DF
:10374000BBBFCEB7BCB4BBBECEB7BCB5BABECEB2A3
:10375000B6B7B9BACEACB8B8B8BACEACB8B4BCBDCE
:103760009AAABAB5BCBD9AAAB7B3BEBFA7ABB8B345
:10377000BDBEA7AFB8B4BDBEA7B2BAB4BCBEA7B2F7
:10378000BAB5BBBDA7AEC3AC9ED0C1ABC3A597D8DD
:10379000CEAAC69290E9CEAAC69290E9CEAABCB2B1
:1037A000B9BEB4AABCB3BBBFCEADBAB4BCBEA7B29F
:1037B000B8B8B8BACEACBCB4BBBECEB7BCB5B9BD58
:1037C000B4BABCB5B8BDB4B4B8B3BDBEA7AFBAB592
:1037D000BCBDA7AEB8B8B6BAC1ABB8B4BCBD9AAAA6
:1037E000B7B3BEBFA7ABBCB3B9BDB4B5BCB4BBBE69
:1037F000C1D1BAB5BCBD9AAABCB3B9BDB4AEB9B259
:10380000BCBEC1ACBCB4BABEC1CFBCB5BABECEB2F0
:10381000B9B2BCBEC1ACB8B8B5BAC1ABBDB6B4BD27
:10382000B4ADBBB3BCBECEB3BCB5B8BDB4B4BCB410
:10383000BBBECEB7BCB3BABEC1C4BCB4BBBFCEB7AF
:10384000BCB4BABEC1D1BAB5BCBE9AAAB8B3B7B9F6
:10385000B4A9B9B4B8BBB4ABBBB4B9BDB4ADBEB315
:10386000BDC1B4ACB6B6B7B8B4B1B6B6B8B9B4B6F3
:10387000B7B6B8BAB4B6B8B7B8BAB4B0BCA7DEE198
:10388000B4A9B4B0C0C1C1AAB4B2BEBEC1ACB5B3D4
:10389000BCBCC1ADB9B3BCBEC1B2BBB3BCBEC1B789
:1038A000BCB4BCBFC1B6B5B6B6B7C1B5B6B6B9BA89
:1038B000C1C1B7B6BABBC1C2B8B7BABBC1B8B9B754
:1038C000B9BCC1AEB6B2BDBECEAAB8B3BDBECEAB5A
:1038D000BBB3BBBECEACBDB2BFC2CEABB5B5B9B942
:1038E000CEAFB6B6BBBCCEB4B7B6BBBCCEB4B8B622
:1038F000BBBDCEB0B8B7BABCCEACB6B8B8BADBAA0E
:10390000B8B4B9BB9AAAB8B5B9BB9AAAB9B5B9BB8C
:103910009AA9B4B2BCBDA7AAB4B2BCBCA7ABB4B39D
:10392000BABAA7ABB9B3BBBDA7ACB9B4BABCA7B060
:10393000BAB4BABCA7B2BAB5B9BCA7B0BBB5B9BD29
:10394000A7ACD3928CF1A7ABD4928BF2A7ACB4CA3C
:10395000BDCBA7AAB4B5AFB9B4ABD59290F0B4A91A
:10396000C0A9CDD2C1B1A8A699D5CEAABDABDCDE87
:10397000A7ABBDAADCDFA7AB7D9EBAEFA7AABAB3FF
:10398000BBBECEACBBB3BCBEC1B7A8A599D5CEAAB1
:10399000BDB2BFC2CEABB6B6B9BAC1C1BBB3BBBE76
:1039A000CEACA8A699D5CEAAA8A699D5CEAABBB3C7
:1039B000BBBECEACB6B8B8BADBAAB6B6B8B9B4B668
:1039C000B7B6BABBC1C2D59290F0B4A9B7B4B4B778
:1039D000B4A9B7B4B3B7B4AAB8B4B6B9B4ACB7B5B0
:1039E000B6B8B4AEB7B6B7B9B4AEB7B6B6B9B4AC8C
:1039F000B9B6B7BAB4AAB8B3B2B9C1ACB8B4B5B96C
:103A0000C1B0B7B4B7B9C1B6B8B5B8BAC1BBB7B52C
:103A1000B8BAC1BBB7B6B8BAC1B6B7B6B8BAC1B012
:103A2000B9B7B7BAC1ACB7B4B5B8CEABB7B4B8B91B
:103A3000CEADB8B5B8BACEAFB7B5B8B9CEB0B7B6E7
:103A4000B8B9CEAEB9B6B7BACEAEBAB7B7BBCEADCF
:103A5000B8B8B4B9CEABBAB5BCBEDBAAB9B7B8BBBF
:103A6000DBAAB8B5B6B99AAAB9CBBFCE9AA8BACADA
:103A7000A2D19AA8B9B2ACBDA7AAB7B4B3B7A7AB45
:103A8000B8B4B6B9A7AEB7B5B7B9A7B0B7B5B8B9F6
:103A9000A7B0B7B6B7B9A7AEB7B7B6B9A7ABDE92FE
:103AA00080FFA7A9BAC89ED3A7A9D792EBFE9AA870
:103AB000D992EF029AA8AFB1C1C2A7A9B8C293D850
:103AC000A7A9DB9282FCA7A9AFB1C1C2A7A9B8B4CC
:103AD000B5B8C1B0B8B4B3B9C1ACB7B7B6B9A7AB94
:103AE000B8B4B6B9C1B0B8B6B6B9B4ACB9B3ACBD78
:103AF000A7AAB7B6B8B9A7B0B7B4B8B9CEADD9927E
:103B0000EF029AA8B8B4B6B9B4ACB7B4B6B8CEABF5
:103B1000B8B5B8BAC1BBB7B5B8B9A7B0B9B6B7BA36
:103B2000B4AADE9280FFA7A9B9B5B6B9A7AEB7B55A
:103B3000B7B9C1B6B7B4B7B9C1B6B8B4B6B9C1B000
:103B4000B9B3ACBDA7AAB7B6B7B9A7AEB6B6B9BA3E
:103B5000C1AAB8B7B8BAC1AAD992EAFEA7A97EA8E5
:103B6000BFECA7A9B6B7B9BAC1AAB6B7B9BAC1AAC4
:103B7000B8B7B8BAC1AAB8B7B8BAC1AAD992EAFE5A
:103B8000A7A97FA8BFECA7A9D992EAFEA7A9B7B7B2
:103B9000B8BAC1AA7EA8BFECA7A9B6B7B9BAC1AADC
:103BA000B8B7B8BAC1AAD992EAFEA7A9D992EAFED3
:103BB000A7A97EA8BFECA7A9D992EAFEA7A97EA8CB
:103BC000BFECA7A9B6B7B9BAC1AAB6B7B9BAC1AA64
:103BD000D992EAFEA7A9B6B7B9BAC1AAD992EAFEA4
:103BE000A7A9D992EAFEA7A97EA8BFECA7A97EA89B
:103BF000BFECA7A9D992EAFEA7A9B7B7B8BAC1AADC
:103C00007EA8BFECA7A9B6B6B9BAC1AAD992EAFEF6
:103C1000A7A9B6B6B9BAC1AA7EA8BFECA7A9B7B77B
:103C2000B8BAC1AAD992EAFEA7A9B7B7B8BAC1AAC9
:103C3000B7B7B8BAC1AAB7B7B8BAC1AAB8B7B8BA0D
:103C4000C1AAB7B7B8BAC1AAB8B7B8BAC1AAB8B703
:103C5000B8BAC1AA7FA8BFECA7A9B7B7B8BAC1AA1A
:103C6000D992EAFEA7A97EA8BFECA7A9B8B7B8BAAF
:103C7000C1AAD992EAFEA7A9B8B7B8BAC1AAB6B77D
:103C8000B9BAC1AA7FA8BFECA7A9D992EAFEA7A991
:103C90007EA8BFECA7A9B6B6B9BAC1AAD992EAFE66
:103CA000A7A9B8B7B8BAC1AAB8B7B8BAC1AAB8B7BD
:103CB000B8BAC1AA7EA8BFECA7A9B8B7B8BAC1AABA
:103CC000B8B7B8BAC1AAB8B7B8BAC1AAB7B4B4B786
:103CD000C1AAB8B4B5B8C1AAB6B5B3B7C1AAB8B489
:103CE000B4B8C1AAB7B4B4B7C1AAB7B3B4B7C1AA7C
:103CF000B7B4B4B7C1AAB7B4B4B7C1AAB7B4B4B76C
:103D0000C1AAB8B4B4B8C1AAB6B5B3B7C1AAB8B459
:103D1000B5B8C1AAB8B4B5B8C1AAB6B5B3B7C1AA47
:103D2000B8B4B5B8C1AAB6B5B3B7C1AAB7B3B4B73A
:103D3000C1AAB6B4B3B6C1AAB6B5B3B7C1AAB8B42E
:103D4000B5B9C1AAB6B5B3B7C1AAB6B5B3B7C1AA1A
:103D5000B7B4B4B7C1AAB6B4B3B7C1AAB7B3B4B70E
:103D6000C1AAB7B3B4B7C1AAB7B3B4B7C1AAB7B4FD
:103D7000B4B7C1AAB6B5B3B6C1AAB6B5B3B7C1AAEE
:103D8000B7B4B4B7C1AAB8B4B4B8C1AAB8B4B5B8D6
:103D9000C1AAB7B4B4B7C1AAB8B4B4B8C1AAB6B5C9
:103DA000B3B7C1AAB6B5B3B7C1AAB7B4B4B7C1AABD
:103DB000B6B5B3B7C1AAB8B4B5B8C1AAB6B4B3B6AC
:103DC000C1AAB6B5B3B7C1AAB8B4B4B8C1AAB7B39B
:103DD000B4B7C1AAB8B4B5B8C1AAB8B4B4B8C1AA86
:103DE000B7B4B4B7C1AAB8B4B5B8C1AAB6B5B3B779
:103DF000C1AAB8B4B5B8C1AAB8B4B5B8C1AAB8B464
:103E0000B5B8C1AAB7B3B4B7C1AAB8B4B4B8C1AA57
:103E1000B8B4B4B8C1AAB7B3B4B7C1AAB6B5B3B74A
:103E2000C1AAB6B5B3B7C1AAB7B4B4B7C1AAB7B43B
:103E3000B4B7C1AAB7B3B4B7C1AAB7B4B4B7C1AA2B
:103E4000B8B4B5B8C1AAB7B3B4B7C1AAB5B6B8B912
:103E5000B4A9B7B5BABBC1ABB7B5BBBCC1ACB6B6FC
:103E6000BABBC1ADB7B6B9BAC1ACB5B7B9BAC1AAD8
:103E7000B7B5BABBA7AAB9B6B8BAA7ABB7B7B8BAFD
:103E8000A7AAB9B6B8BAA7ABB5B7B9BAC1AAB6B6F8
:103E9000BABBC1ADB5B6B8B9B4A9B7B5BBBCC1ACB6
:103EA000B7B7B8BAA7AAB7B5BABBA7AAB7B6B8B9D1
:103EB000A7AAB7B5BABBA7AAB8B6B9BAC1ACB7B5C5
:103EC000BBBCC1ACB8B7B8BAA7AAB8B6B8BAA7AAAB
:103ED000B7B5BABBA7AAB7B7B9BAC1ACB7B6B8BA83
:103EE000A7AAB5B6B8B9B4A9B5B6B8B9B4A9B7B5A3
:103EF000BABBA7AAB5B7B9BAC1AAB7B6B8BAA7AA82
:103F0000B7B5BABBC1ABB5B7B9BAC1AAB7B6B9BA3A
:103F1000C1ACB5B6B9B9B4A9B7B6B8BAA7AAB6B65E
:103F2000BABBC1ADB5B6B8B9B4A9B7B5BBBCC1AC25
:103F3000B7B4BABBC1ABB6B6BABBC1ADB9B6B8BA05
:103F4000A7ABB7B5B9BBA7AAB9B6B8BAA7ABB7B54F
:103F5000B9BBA7AAB7B5BABBC1ABB7B6B8BAA7AA1F
:103F6000B7B7B8BAA7AAB5B6B9B9B4A9B7B5BABB05
:103F7000C1ABB7B5BBBCC1ACB5B7B9BAC1AAB9B6CC
:103F8000B8BAA7ABB6B6BABBC1ADB8B6B9BAC1ACD0
:103F9000B5B7B9BAC1AAB9B6B8BAA7ABB9B6B8BAC3
:103FA000A7ABB8B7B8BAA7AAB7B5BBBCC1ACB5B7D1
:103FB000B9BAC1AAB8B6B8BAA7AAB5B7B9BAC1AAA8
:103FC000B7B6B9BAC1ACB7B5BABBA7AAB7B3ADBC9F
:103FD000A7AAB7B3ACBDA7AAB7B4AEBBA7A9B5B5DE
:103FE000BABAA7AAB7B3ADBCA7AAB7B4AEBAA7A9C5
:103FF000B7B3ADBCA7AAB7B4AEBAA7A9B7B4AEBAA7
:10400000A7A9B7B4AEBBA7A9B7B3ACBDA7AAB7B3AE
:10401000ACBCA7AAB5B5BABAA7AAB7B3ACBDA7AA94
:10402000B7B3ACBDA7AAB7B3ADBCA7AAB7B3ADBC75
:10403000A7AAB7B4AEBAA7A9B7B4AEBAA7A9B5B57F
:10404000BABAA7AAB7B4AEBBA7A9B7B3ACBDA7AA63
:10405000B7B4AEBBA7A9B7B3ADBCA7AAB7B3ADBC45
:10406000A7AAB7B4AEBBA7A9B5B5BABAA7AAB7B342
:10407000ACBDA7AAB7B4AEBAA7A9B5B5BABAA7AA34
:10408000B7B3ADBCA7AAB5B5BABAA7AAB7B3ADBC0A
:10409000A7AAB7B4AEBBA7A9B7B3ADBCA7AAB7B31D
:1040A000ADBCA7AAB7B3ADBCA7AAB5B5BABAA7AA03
:1040B000B7B4AEBAA7A9B7B4AEBBA7A9B7B3ADBCE6
:1040C000A7AAB7B4AEBAA7A9B7B3ACBCA7AAB7B3EF
:1040D000ADBCA7AAB7B3ACBDA7AAB7B3ADBCA7AADE
:1040E000B5B5BABAA7AAB7B3ADBCA7AAB7B3ACBDAA
:1040F000A7AAB5B5BABAA7AAB5B5BABAA7AAB7B3A7
:10410000ADBCA7AAB7B3ADBCA7AAB7B4AEBBA7A9AD
:10411000B7B4AEBBA7A9B7B3ACBDA7AAB5B5BABA79
:10412000A7AAB7B3ACBDA7AAB5B5BABAA7AAB7B381
:10413000ACBDA7AAB7B3ACBCA7AAB7B3ACBCA7AA7F
:10414000B7B3ADBCA7AAB5B5BABAA7AAB4B3B3B64C
:10415000A7AAB4B3B0B8A7AAB4B3B3B6A7AAB4B366
:10416000B3B6A7AAB4B3B3B6A7AAB4B3B3B6A7AA53
:10417000B4B4B0B8A7AAB4B4B0B8A7AAB4B4B0B82D
:10418000A7AAB4B4B0B8A7AAB4B3B3B6A7AAB4B335
:10419000B3B6A7AAB4B3B3B6A7AAB4B3B0B8A7AA24
:1041A000B4B3B3B5A7AAB4B3B2B6A7AAB4B3B3B6FF
:1041B000A7AAB4B3B0B8A7AAB4B3B3B6A7AAB4B306
:1041C000B3B6A7AAB4B3B3B6A7AAB4B3B0B8A7AAF4
:1041D000B4B3B3B6A7AAB4B3B2B6A7AAB4B3B0B8CF
:1041E000A7AAB4B3B3B5A7AAB4B3B3B5A7AAB4B3D7
:1041F000B3B6A7AAB4B3B3B6A7AAB4B4B0B8A7AAC3
:10420000B4B3B0B8A7AAB4B3B3B6A7AAB4B3B0B89E
:10421000A7AAB4B3B0B8A7AAB4B3B3B5A7AAB4B3A6
:10422000B0B8A7AAB4B3B3B6A7AAB4B3B0B8A7AA94
:10423000B4B4B0B8A7AAB4B3B0B8A7AAB4B3B3B66D
:10424000A7AAB4B4B0B8A7AAB4B3B3B5A7AAB4B375
:10425000B3B6A7AAB4B4B0B8A7AAB4B4B0B8A7AA62
:10426000B4B3B3B6A7AAB4B3B3B6A7AAB4B3B3B63C
:10427000A7AAB4B3B3B6A7AAB4B4B0B8A7AAB4B344
:10428000B0B8A7AAB4B3B0B8A7AAB4B3B0B8A7AA35
:10429000B4B4B0B8A7AAB4B3B2B6A7AAB4B3B3B50E
:1042A000A7AAB4B3B3B6A7AAB4B3B3B6A7AAB4B314
:1042B000B3B6A7AAB4B4B0B8A7AAB4B3B3B6A7AA02
:1042C000B4B3B3B6A7AAB4B3B3B6A7AAB6B5BBBBCB
:1042D000B4AAB6B5BBBBB4ACB7B6BABBB4ADB6B690
:1042E000BBBBB4ADB8B7BABBB4ACB6B8B9BAB4AA74
:1042F000B4B0BDBDC1A9B4B1BBBCC1AAB4B2BBBB53
:10430000C1AAB5B4BCBCC1ABB6B5BBBCC1ADB6B639
:10431000BBBCC1ADB5B6BABBC1ACD79283F9C1A91C
:10432000BDC090DBC1A9B6B5B9BA9AACB6B6B9BA38
:104330009AADB6B7B8B99AADB6B7B8B99AACB6B87F
:10434000B7B99AAAB4B2B9B9A7AAB4B2B9BAA7AA66
:10435000B7B5B9BAA7AFB6B5B9BAA7B4B7B6B9BA0F
:10436000A7B7B7B6B9BBA7B6B8B7B8BAA7B2B8B807
:10437000B7BAA7ADBBBA8ADFC1A9D99285F9C1A9DD
:10438000B7B6B9BBA7B6B8B8B7BAA7ADB4B1BBBCDE
:10439000C1AAB4B2BBBBC1AAB6B5BBBBB4ACB6B5BF
:1043A000BBBBB4AAB4B1BBBCC1AAB4B2B9BAA7AAC8
:1043B000B6B5B9BA9AACB4B2BBBBC1AAD79283F9AD
:1043C000C1A9B4B1BBBCC1AAB5B5BCBCC1ABBBBA79
:1043D0008BDFC1A9B4B2B9B9A7AAB4B1BBBCC1AA99
:1043E000B7B8B7BAA7ADB8B6B9BBA7B6B6B8B9BA79
:1043F000B4AAB4B1BBBCC1AAB4B2BBBBC1AAB6B566
:10440000BBBBB4AAB6B8B7BA9AAAB4B2B9B9A7AA8C
:10441000B4B0BDBDC1A9B5B4BCBCC1ABB6B6BABB26
:10442000B4ADBBBA8ADFC1A9B6B5BBBCC1ADB8B823
:10443000B7BAA7ADB6B8B9BAB4AAB6B4BBBBB4AA3A
:10444000BBBA8BDFC1A9B6B5B9BAA7B4B7B4BBBC08
:10445000B4ACB7B5BABBB4B2B7B5BABBB4B9B7B6FA
:10446000BABBB4BBB7B6BABBB4B9B8B7BABBB4B2CF
:10447000B6B8B9BAB4ACB4B1BABAC1ABB3B2BABADD
:10448000C1ACB4B2B9B9C1ABB4B3B9BAC1AAB8B4CA
:10449000BCBDC1ABB7B4BCBDC1AFB6B5BCBCC1B18E
:1044A000B7B5BCBDC1B1B7B6BBBCC1AEB6B7BABB80
:1044B000C1ABB6B4BEBECEAAB7B5BCBDCEAAB9B765
:1044C000B5BA8DAAB8B8B5B98DABB8B8B3BA8DAA1C
:1044D000B7B4B9BA9AACB7B5B8B99AB1B9B5B8BAB0
:1044E0009AB7B9B6B7BA9ABAB7B7B7B99AB9B8B7A7
:1044F000B7BA9AB6B9B7B7BB9AB1B8B8B7BA9AACA7
:10450000B4B1B8B9A7ABB4B2B6B7A7ACB4B2B8B887
:10451000A7ABB4B3B8B8A7AAB8B4BABBA7B3B8B579
:10452000B9BBA7C1B9B5B9BBA7CFB7B6B9BAA7D5FB
:10453000B7B6B8BAA7CEB9B7B9BBA7C0B9B7B8BBF9
:10454000A7B3B8B8B8BBA7ACB9B7B8BBA7B3B8B72F
:10455000BABBB4B2B3B2BABAC1ACB9B7B5BA8DAA24
:10456000B7B6BABBB4BBB8B7BABBB4B2B4B1B8B9DA
:10457000A7ABB8B5BABBB4B2B6B5BCBCC1B1B7B6DF
:10458000BABBB4BBB8B6BABBB4B9B4B1B8B9A7ABCF
:10459000B9B6B7BA9ABAB7B5BCBDCEAAB8B5B8BAAB
:1045A0009AB7B7B6BABBB4B9B8B8B5B98DABB9B7E5
:1045B000B7BB9AB1B7B5BABBB4B9B8B5B9BBA7CF99
:1045C000B6B4BEBECEAAB8B5B9BBA7C1B9B3BFC059
:1045D000B4ABBAB3BEC0B4ADB9B4BDBEB4AEB7B679
:1045E000BABBB4B2B7B6BABBB4B2B8B7BABCB4AE61
:1045F000B4B0BDBDC1AAB4B1BABBC1ACB4B2BABA51
:10460000C1ACB4B3B7B7C1ABB5B4B6B6C1AAB6B452
:10461000BABBC1ABB8B3BDBEC1AEB8B4BDBEC1B00C
:10462000B9B4BEBFC1B0B9B5BEBFC1ADB8B3C0C1EA
:10463000CEAABBB4BDBF9AADB9B5BBBC9AAEB7B636
:10464000B9BA9AB0B7B6B8BA9AB0B8B7B7BA9AAD5D
:10465000B8B8B6BA9AAB7D9BC6F39AA9DBA48BEE29
:104660009AA9B3B1B8B9A7ABB4B2B7B8A7ACB4B351
:10467000B6B6A7ADB4B3B6B6A7ABB4B4B7B7A7AA2E
:10468000B7B3BABBA7ADB9B3BCBEA7B4BAB4BDBFCC
:10469000A7B7BBB4BFC1A7B7B7B6BABBA7B9B7B6C0
:1046A000B9BBA7BAB9B7B9BCA7B4B8B7B8BBA7ADBF
:1046B0007C92C2F7A7A97992C3FAA7AA7992C1FA04
:1046C000A7A9BBB2C0C2CEAAD99E88F19AA97992F5
:1046D000C3FA9AA9DA9286F9A7A9DA9287F8A7A964
:1046E000DB9285FAA7A97D9BC6F39AA9B8B5BEBF90
:1046F000C1ADB4B2BABBC1ACB8B6B9BBA7BABBB452
:10470000BFC1A7B7B4B2BABAC1ACBBB3BFC1A7B738
:10471000B7B6B9BA9AB0B7B6BABBA7B9B4B1BABB53
:10472000C1ACBBB3C0C2CEAAD99E88F19AA9B9B513
:10473000BEBFC1AD7992C1FAA7A9B4B1BBBBC1AC30
:10474000B7B6BABBB4B2B9B3BCBEA7B4BAB3B6BB02
:10475000B4A9BEB2B9BFB4ADBDB3BABFB4B2BDB4F3
:10476000BABFB4B7BDB4BABFB4B7BDB5BBBFB4B3BD
:10477000BCB5BBBFB4AEB8B3BFC0C1AEBAB3BEBFA9
:10478000C1B2BAB4BEC0C1B3BAB4BEC0C1B0BBB589
:10479000BEC0C1ACB7B3C0C1CEAABBB3C0C2CEAB62
:1047A000BDB3B7BD9AACBDB3B8BE9AB1BDB4B8BEC7
:1047B0009AB5BDB4B8BE9AB6BCB5B9BD9AB2BDB5CE
:1047C000B8BE9AADB6B2AFBAA7AAB6B2AEBBA7AAE8
:1047D000BEB2B6BEA7ABBEB3B7BEA7B2BDB3B9BE7D
:1047E000A7BEBCB4BABEA7C9BCB4BABEA7CCBCB540
:1047F000BABEA7C3BCB5BABEA7B6BCB6BABEA7AD53
:10480000BCB5BBBFB4AEB7B3C1C1CEAABDB3B8BE11
:10481000A7BEBDB4B8BE9AB5BBB5BEC0C1ACBDB431
:10482000B8BE9AB5BEB3B9BFB4ADBBB3C0C1CEAB11
:10483000BCB4BABEA7C9BBB3C0C2CEABB8B3BFC0CD
:10484000C1AEBDB3B7BD9AACBDB4BABFB4B7B6B212
:10485000AEBBA7AABDB3BBBFB4B2BDB4B8BE9AB617
:10486000BDB4BABFB4B7B8B3BFC0C1AEBDB6B8BEB1
:104870009AADBCB6BABEA7ADBBB3C0C1CEABBDB4DA
:10488000B8BE9AB5BCB5BBBFB4AEBCB5BABEA7C3C3
:10489000B6B2AEBBA7AABDB4B8BE9AB6B8B3BFC0D5
:1048A000C1AEBDB4B8BE9AB5BDB3B7BD9AACBDB3C9
:1048B000B7BD9AACBCB4BABEA7C9BEB3B9BFB4AD9C
:1048C000B7B3C0C1CEAABBB3C0C2CEABB492B4D64C
:1048D000B4A8B492B4D6B4A8B492B4D6B4A8B492DE
:1048E000B4D6B4A8B492B4D6B4A8B492B4D6B4A88A
:1048F000B492B4D6B4A8B492B4D6B4A8B492B4D690
:10490000B4A8B492B4D6B4A8B492B4D6B4A8B492AD
:10491000B4D6B4A8B492B4D6B4A8B492B4D6B4A859
:10492000B492B4D6B4A8B492B4D6B4A8B492B4D65F
:10493000B4A8B492B4D6B4A8B492B4D6B4A8B4927D
:10494000B4D6B4A8B492B4D6B4A8B492B4D6B4A829
:10495000B492B4D6B4A8B492B4D6B4A8B492B4D62F
:10496000B4A8B492B4D6B4A8B492B4D6B4A8B4924D
:10497000B4D6B4A8B492B4D6B4A8B492B4D6B4A8F9
:10498000B492B4D6B4A8B492B4D6B4A8B492B4D6FF
:10499000B4A8B492B4D6B4A8B492B4D6B4A8B4921D
:1049A000B4D6B4A8B492B4D6B4A8B492B4D6B4A8C9
:1049B000B492B4D6B4A8B492B4D6B4A8B492B4D6CF
:1049C000B4A8B492B4D6B4A8B492B4D6B4A8B492ED
:1049D000B4D6B4A8B492B4D6B4A8B492B4D6B4A899
:1049E000B492B4D6B4A8B492B4D6B4A8B492B4D69F
:1049F000B4A8B492B4D6B4A8B492B4D6B4A8B492BD
:104A0000B4D6B4A8B492B4D6B4A8B492B4D6B4A868
:104A1000B492B4D6B4A8B492B4D6B4A8B492B4D66E
:104A2000B4A8B492B4D6B4A8B492B4D6B4A8B4928C
:104A3000B4D6B4A8B492B4D6B4A8B492B4D6B4A838
:104A4000B492B4D6B4A8B492B4D6B4A8B492B4D63E
:104A5000B4A8B492B4D6B4A8B492B4D6B4A8B4925C
:104A6000B4D6B4A8B492B4D6B4A8B492B4D6B4A808
:104A7000B492B4D6B4A8B492B4D6B4A8B492B4D60E
:104A8000B4A8B492B4D6B4A8B492B4D6B4A8B4922C
:104A9000B4D6B4A8B492B4D6B4A8B492B4D6B4A8D8
:104AA000B492B4D6B4A8B492B4D6B4A8B492B4D6DE
:104AB000B4A8B492B4D6B4A8B492B4D6B4A8B492FC
:104AC000B4D6B4A8B492B4D6B4A8B492B4D6B4A8A8
:104AD000B492B4D6B4A8B492B4D6B4A8B492B4D6AE
:104AE000B4A8B492B4D6B4A8B492B4D6B4A8B492CC
:104AF000B4D6B4A8B492B4D6B4A8B492B4D6B4A878
:104B0000B492B4D6B4A8B492B4D6B4A8B492B4D67D
:104B1000B4A8B492B4D6B4A8B492B4D6B4A8B4929B
:104B2000B4D6B4A8B492B4D6B4A8B492B4D6B4A847
:104B3000B492B4D6B4A8B492B4D6B4A8B492B4D64D
:104B4000B4A8B492B4D6B4A8B492B4D6B4A8B4926B
:104B5000B4D6B4A8B492B4D6B4A8B492B4D6B4A817
:104B6000B492B4D6B4A8B492B4D6B4A8B492B4D61D
:104B7000B4A8B492B4D6B4A8B492B4D6B4A8B4923B
:104B8000B4D6B4A8B492B4D6B4A8B492B4D6B4A8E7
:104B9000B492B4D6B4A8B492B4D6B4A8B492B4D6ED
:104BA000B4A8B492B4D6B4A8B492B4D6B4A8B4920B
:104BB000B4D6B4A8B492B4D6B4A8B492B4D6B4A8B7
:104BC000B492B4D6B4A8B492B4D6B4A8B492B4D6BD
:104BD000B4A8B492B4D6B4A8B492B4D6B4A8B492DB
:104BE000B4D6B4A8B492B4D6B4A8B492B4D6B4A887
:104BF000B492B4D6B4A8B492B4D6B4A8B492B4D68D
:104C0000B4A8B492B4D6B4A8B492B4D6B4A8B492AA
:104C1000B4D6B4A8B492B4D6B4A8B492B4D6B4A856
:104C2000B492B4D6B4A8B492B4D6B4A8B492B4D65C
:104C3000B4A8B492B4D6B4A8B492B4D6B4A8B4927A
:104C4000B4D6B4A8B492B4D6B4A8B492B4D6B4A826
:104C5000B492B4D6B4A8B492B4D6B4A8B492B4D62C
:104C6000B4A8B492B4D6B4A8B492B4D6B4A8B4924A
:104C7000B4D6B4A8B492B4D6B4A8B492B4D6B4A8F6
:104C8000B492B4D6B4A8B492B4D6B4A8B492B4D6FC
:104C9000B4A8B492B4D6B4A8B492B4D6B4A8B4921A
:104CA000B4D6B4A8B492B4D6B4A8B492B4D6B4A8C6
:104CB000B492B4D6B4A8B492B4D6B4A8B492B4D6CC
:104CC000B4A8B492B4D6B4A8B492B4D6B4A8B492EA
:104CD000B4D6B4A8B492B4D6B4A8B492B4D6B4A896
:104CE000B492B4D6B4A8B492B4D6B4A8B492B4D69C
:104CF000B4A8B492B4D6B4A8B492B4D6B4A8B492BA
:104D0000B4D6B4A8B492B4D6B4A8B492B4D6B4A865
:104D1000B492B4D6B4A8B492B4D6B4A8B492B4D66B
:104D2000B4A8B492B4D6B4A8B492B4D6B4A8B49289
:104D3000B4D6B4A8B492B4D6B4A8B492B4D6B4A835
:104D4000B492B4D6B4A8B492B4D6B4A8384B020086
:104D50001C00000054464C33140020001C001800B6
:104D6000140010000C0000000800040014000000F3
:104D70001C00000084000000DC000000707F0000C8
:104D8000807F0000304A02000300000001000000A4
:104D9000040000000A62FFFF0C0000001C0000007D
:104DA0003C0000000F00000073657276696E675F5B
:104DB00064656661756C7400010000000400000009
:104DC00098FFFFFFFA000000040000000800000048
:104DD0006F75747075745F31000000000100000091
:104DE00004000000E261FFFF040000000700000073
:104DF000696E7075745F31000200000034000000BD
:104E000004000000DCFFFFFFFD00000004000000C4
:104E100013000000434F4E56455253494F4E5F4DCD
:104E2000455441444154410008000C00080004006E
:104E300008000000FC000000040000001300000057
:104E40006D696E5F72756E74696D655F766572739C
:104E5000696F6E00FE000000907E0000887E0000FA
:104E6000687E00004C7E0000387E0000207E00003E
:104E7000047E0000107D000080600000705E000075
:104E8000603E0000502E0000402D0000382D000034
:104E9000302D0000282D0000202D0000182D0000CE
:104EA000102D0000082D0000002D0000F82C00003F
:104EB000F02C0000E82C0000E02C0000D82C0000B2
:104EC000D02C0000C82C0000C02C0000B82C000022
:104ED000B02C0000A82C0000A02C0000982C000092
:104EE000902C0000882C0000802C0000782C000002
:104EF000702C0000682C0000602C0000582C000072
:104F0000502C0000482C0000381C0000281B00001A
:104F1000180F0000480E000038080000A807000025
:104F2000D8060000D0060000C8060000C006000039
:104F3000B8060000B0060000A8060000A0060000A9
:104F40009806000090060000880600008006000019
:104F50007806000070060000680600006006000089
:104F600058060000500600004806000040060000F9
:104F70003806000030060000280600002006000069
:104F800018060000100600000806000000060000D9
:104F9000F8050000F0050000E8050000E00500004D
:104FA000D8050000D0050000C8050000C0050000BD
:104FB000B8050000B0050000A8050000A00500002D
:104FC000980500009005000088050000800500009D
:104FD000780500007005000068050000600500000D
:104FE000580500005005000048050000400500007D
:104FF00038050000300500002805000020050000ED
:10500000180500001005000008050000000500005C
:10501000F8040000F0040000E8040000E0040000D0
:10502000D8040000D0040000C8040000C004000040
:10503000B8040000B0040000A8040000A0040000B0
:105040009804000090040000880400008004000020
:105050007804000070040000680400006004000090
:105060005804000050040000480400004004000000
:105070003804000030040000280400002004000070
:1050800018040000100400000804000000040000E0
:10509000F8030000F0030000E8030000E003000054
:1050A000D8030000D0030000C8030000C0030000C4
:1050B000B8030000B0030000A8030000A003000034
:1050C00098030000900300008803000080030000A4
:1050D0007803000070030000680300006003000014
:1050E0005803000050030000480300004003000084
:1050F00038030000300300002803000020030000F4
:105100001803000010030000080300000003000063
:10511000F8020000F0020000E8020000E0020000D7
:10512000D8020000D0020000C8020000C002000047
:10513000B8020000B0020000A8020000A0020000B7
:105140009802000090020000880200008002000027
:105150007802000070020000680200006002000097
:105160005802000050020000480200004002000007
:105170003802000030020000280200002002000077
:1051800018020000100200000802000000020000E7
:10519000F8010000F0010000E8010000E00100005B
:1051A000D8010000D0010000C8010000C0010000CB
:1051B000B8010000B0010000A8010000A00100003B
:1051C00098010000900100008801000080010000AB
:1051D000780100007001000068010000600100001B
:1051E000580100005001000048010000400100008B
:1051F00038010000300100002801000020010000FB
:10520000180100001001000008010000000100006A
:10521000F8000000F0000000E8000000E0000000DE
:10522000D8000000D0000000C8000000C00000004E
:10523000B8000000B0000000A8000000A0000000BE
:1052400098000000900000007000000004000000C2
:105250004E66FFFF040000005C0000000C00000030
:1052600008000C0008000400080000001000000006
:105270002C00000008000C000800070008000000D7
:10528000000000010400000001000000EB0300002A
:1052900000000A0010000C00080004000A000000D2
:1052A00002000000020000000400000006000000F0
:1052B000322E31342E300000B666FFFF04000000AD
:1052C00010000000312E31342E30000000000000AC
:1052D0000000000028BCFDFF2CBCFDFF30BCFDFF22
:1052E00034BCFDFF38BCFDFF3CBCFDFF40BCFDFFF6
:1052F00044BCFDFF48BCFDFF4CBCFDFF50BCFDFFA6
:1053000054BCFDFF58BCFDFF5CBCFDFF60BCFDFF55
:1053100064BCFDFF68BCFDFF6CBCFDFF70BCFDFF05
:1053200074BCFDFF78BCFDFF7CBCFDFF80BCFDFFB5
:1053300084BCFDFF88BCFDFF8CBCFDFF90BCFDFF65
:1053400094BCFDFF98BCFDFF9CBCFDFFA0BCFDFF15
:10535000A4BCFDFFA8BCFDFFACBCFDFFB0BCFDFFC5
:10536000B4BCFDFFB8BCFDFFBCBCFDFFC0BCFDFF75
:10537000C4BCFDFFC8BCFDFFCCBCFDFFD0BCFDFF25
:10538000D4BCFDFFD8BCFDFFDCBCFDFFE0BCFDFFD5
:10539000E4BCFDFFE8BCFDFFECBCFDFFF0BCFDFF85
:1053A000F4BCFDFFF8BCFDFFFCBCFDFF00BDFDFF34
:1053B00004BDFDFF08BDFDFF0CBDFDFF10BDFDFFE1
:1053C00014BDFDFF18BDFDFF1CBDFDFF20BDFDFF91
:1053D00024BDFDFF28BDFDFF2CBDFDFF30BDFDFF41
:1053E00034BDFDFF38BDFDFF3CBDFDFF40BDFDFFF1
:1053F00044BDFDFF48BDFDFF4CBDFDFF50BDFDFFA1
:1054000054BDFDFF58BDFDFF5CBDFDFF60BDFDFF50
:1054100064BDFDFF68BDFDFF6CBDFDFF70BDFDFF00
:1054200074BDFDFF78BDFDFF7CBDFDFF80BDFDFFB0
:1054300084BDFDFF88BDFDFF8CBDFDFF90BDFDFF60
:1054400094BDFDFF98BDFDFF9CBDFDFFA0BDFDFF10
:10545000A4BDFDFFA8BDFDFFACBDFDFFB0BDFDFFC0
:10546000B4BDFDFFB8BDFDFFBCBDFDFFC0BDFDFF70
:10547000C4BDFDFFC8BDFDFFCCBDFDFFD0BDFDFF20
:10548000D4BDFDFFD8BDFDFFDCBDFDFFE0BDFDFFD0
:10549000E4BDFDFFE8BDFDFFECBDFDFFF0BDFDFF80
:1054A000F4BDFDFFF8BDFDFFFCBDFDFF00BEFDFF2F
:1054B00004BEFDFF08BEFDFF0CBEFDFF10BEFDFFDC
:1054C00014BEFDFF18BEFDFF1CBEFDFF20BEFDFF8C
:1054D00024BEFDFF28BEFDFF2CBEFDFF30BEFDFF3C
:1054E00034BEFDFF38BEFDFF3CBEFDFF40BEFDFFEC
:1054F00044BEFDFF48BEFDFF4CBEFDFF50BEFDFF9C
:1055000054BEFDFF58BEFDFF5CBEFDFF60BEFDFF4B
:1055100064BEFDFF68BEFDFF6CBEFDFF70BEFDFFFB
:1055200074BEFDFF78BEFDFF7CBEFDFF80BEFDFFAB
:1055300084BEFDFF88BEFDFF8CBEFDFF90BEFDFF5B
:1055400094BEFDFF98BEFDFF9CBEFDFFA0BEFDFF0B
:10555000A4BEFDFFA8BEFDFFACBEFDFFB0BEFDFFBB
:10556000B4BEFDFFB8BEFDFFBCBEFDFFC0BEFDFF6B
:10557000C4BEFDFFC8BEFDFFCCBEFDFFD0BEFDFF1B
:10558000D4BEFDFFD8BEFDFFDCBEFDFFE0BEFDFFCB
:10559000E4BEFDFFE8BEFDFFECBEFDFFF0BEFDFF7B
:1055A000F4BEFDFFF8BEFDFFFCBEFDFF00BFFDFF2A
:1055B00004BFFDFF08BFFDFF0CBFFDFF10BFFDFFD7
:1055C00014BFFDFF18BFFDFF1CBFFDFF20BFFDFF87
:1055D00024BFFDFF28BFFDFF2CBFFDFF30BFFDFF37
:1055E00034BFFDFF38BFFDFF3CBFFDFF40BFFDFFE7
:1055F00044BFFDFF48BFFDFFF669FFFF0400000048
:10560000C00000009CD469207F42040C0A007FF691
:105610003E099B197F0655047FC81A2FAE814BA601
:1056200019023881C6BE01FC5081E66CC71C9F6F11
:10563000D281F801517FFEF0D602FCAB7F91CB20E6
:105640008F81DB88F00109BE00435481867FB3E07F
:10565000CD2DF4FEAC1D810CDE6381A6520EAF92FF
:10566000BF81352B817E0D0862D9D1BD81525BFF90
:10567000167FC5D61AFC01B8E33681044D0190812E
:1056800015071E814099FD00C8540A7FFB0E7F302C
:1056900032EA05012BEB0BF6C5813A3C7FF5F2BCF3
:1056A000810C41CA9FF3DC5F7F95DD1D63D7BD810F
:1056B000FC287FEF519A0B26CB168F811EF54F8168
:1056C000A815070EC26AFFFF04000000800000005A
:1056D00019FDFFFFB0FFFFFFA6FFFFFFD2FFFFFF97
:1056E0000A020000DB02000004F9FFFFB807000017
:1056F0009C0100001A010000AF050000B2F8FFFF96
:10570000AB0400009BFFFFFF46080000F506000009
:10571000D6000000E2FBFFFF10040000EFFBFFFFDC
:10572000030B00006C0200000FFAFFFF32010000C3
:1057300065FFFFFF88FEFFFF730100007603000096
:1057400057070000C2020000E80600007DFFFFFFCF
:105750004E6BFFFF0400000000060000F24AD35A1F
:10576000002B0DA7DFAF25F2C01D2D0D24E7213042
:1057700041194A7FD11D013D1C233A8749D6EB1CB4
:10578000E0B1D732BF5A251BA5BB11C681FE1EEE64
:105790006920EDC31E6E423BEFE2ECD081E3F3A241
:1057A000D9DB9DFF94C3B8C7FFF8461839F00F3D09
:1057B00021D2A7FD07B0FE2010E9FEFCE8F3BDBF33
:1057C000F9E4BEC5DE052EF3F408FCFE4A1E25F8FA
:1057D000FE2E2BEAFE519281D9FE4924EAD9CC3F14
:1057E000E1818FF82C9DECD2D1A27F5F32FA17C7EE
:1057F00008A1E816D8E649FBA329DBFE0AB801BDDB
:10580000F8CB18DD799A043C82E8F0D8EDA9CC8178
:105810005AFD07EFD7BE12FE190C0EC92AF3F55236
:10582000B6C602C2261D51C9E3040F811A26C9D883
:10583000CA3B2359402B05412D4220EE30D82DC9BB
:1058400007D508BED26AF0543564FB07F82D1C0F4B
:1058500038E52E03500DF650EED0810EEF0B100CF4
:10586000ACFFE44003F7AF35725ED4405C3BB21549
:105870001B81DE25DAA6EFAE4559C69B2A5402E409
:105880005231B45EEAEC0C3E1172B22EA03F83F2AC
:10589000E3F28C81000B8D28B03C47D3FBA9BAC73B
:1058A000B927304C1F81FC4733C5D2351CA33DC6F8
:1058B000EDFC25420ACAB350DD0CC5FF3A02FED208
:1058C0009F340651BA16EA3C48E63BBA0DF181C94D
:1058D0002EFE526E1EB334CDDBC726FB81F6C6D337
:1058E0000EF3FC221706CCAECEF61820D10AE33E0A
:1058F00009FC19F82C03E2140327FDF852AB3A33E4
:10590000355258478119D402FFC8F52C96490D54D9
:105910000D9EF3E1FA7E54EF323522170DF8E52E95
:105920004BE8129DD4DAD803B195F91501C1D4CB57
:10593000200A062813DC37A0110381F5D8C0B00D6A
:10594000FF2CE403D82B0593413D2626FBB4ADFA8A
:105950001581DEC857E31AA9092AABC206FF0D2537
:105960000B0C0A26172CEA0D1DE4F4FFFD23141777
:10597000E481DFFEFF1EE7F403C705A8139C0FF5C3
:1059800004D32A04F3FC6008DDBCC8FEA41CF0C2EA
:1059900005E803811FC8203419BEF81CDA878B3153
:1059A0009A05314B051F40399C8130B3DD1F33B35D
:1059B000D4BE11AFFD3EEFE40858FF22234E50F550
:1059C000AE142D455E1248C6CFF61754E142AC40E6
:1059D000A9FF42B97FB7D255E5A30FD92E100A11FE
:1059E000CB2EC6B29AFE20FADC0A192F3CFF2C06F9
:1059F00025C302E6FB81F6FA2040E102DCD5CF1296
:105A000035C2F83ABBE81D55DF61F8AEBE947FE3BE
:105A1000D720D7160E05AFC1BFA7284016E502CE86
:105A200047D0A4FFFE3B0ABB59ED0B65A2FADF0984
:105A30008149B0F81B2021E9CCD802212719022383
:105A4000CE091403F719DB819D922BC812F2F0A83E
:105A500017E80ED66EBF83D2EA21B40809A211FA64
:105A60004AE6FBDE3D12E9ED16F8D303CD11D3F281
:105A700014CDABFAFF1CF1CB2F3A813B30C234B3CB
:105A8000D6200681F4F51A2719CF3134F7B00B066A
:105A90000FBBDD0BD90045FAB7D5F0FE6E9E2D0D7C
:105AA000B757F1F05B7FF4D108E3FEB92F12591517
:105AB00074FE2F0298182F3502A111E7E10727E0A5
:105AC000EB2C37F5BFA8A60A2A191FFC13DF11EF2C
:105AD000BF2ECA819F4D27521FEA3723D8F8B92A13
:105AE00050A84BB597263307DF24CA341F4D109FAB
:105AF000DDA1ADEE1BDD3102990D47814ABBECD231
:105B0000DDC60519D6C1C008201D23F4811101137B
:105B10000E4A12E4F0E6F2DB0CDAABD506F7E10749
:105B2000C5E90558FCCB81091C191DC2240D0AD0FA
:105B30001B2CF8B9081C2C2217FD2909E71B6A3019
:105B4000BE23D704F7C1DB1CA1F7EF21DFC2274139
:105B50003A083B8D2CC266813C519BF34EFC1512DA
:105B6000230F03DEF8E1E4CAF8E7681B098113EBB1
:105B7000BE9A24BB0EE13ADF050A41E9BD13D7EE18
:105B80000463E7E006015A035FFCFC3D230EDBCE15
:105B9000F7D635EEE12233815A7C76E110EB4642AE
:105BA0002A9B574F0645EF09FDDB13DB022BC71479
:105BB0005972E58114D6302FD7CFFFB72C25BEF010
:105BC0002FEBE6D649B05F071FECBE30F6438104E9
:105BD0004E1EFCFC313C1D004A3E369729D093AD49
:105BE000BC03B5F1811FAE2F26D80CE609A1F11830
:105BF0002BFD3D41BADCFB210625081751E833DBBC
:105C0000DD5A1DEFEB2E1EEF35F5140AC81E81A9D3
:105C100018B8F81DE90049E5D4CFBC2D1834BC4AAA
:105C20001B27F6B083E7D1080412B10DF9425FB625
:105C300099E4D00EEE81C2DFA1AD2F11CAF6D93E94
:105C4000CCFEE4B00CD91AC422CF81B2BC2047C824
:105C5000FC8CF1EED4037AEA3225B7E4F8372ADA7D
:105C60000D81D3FF22260EC31E290D23D70509104F
:105C700026E0A50DD7D6321CE134FEE281100247A2
:105C8000CE13225005403ECB02030DE6ABE60BDB04
:105C9000B7CA2863D9FC18002B167CAC2DF4023748
:105CA0003CD4B77045F20DCCD8E03DC9DA602C6F1A
:105CB000DD81E6448CD6147A39E1FEF7D3F1EF109A
:105CC00002062F81D94FFA16C9E7E0EA10182B2BEC
:105CD0001E2F2C03E9EDEF07F2FDEAC9BDF8DFE561
:105CE0000650D9A9ED411C26D00D1EF5F82A06CB89
:105CF0006FFA71D57B39E1317F5CEB02BE4F011B3E
:105D000088562720F2D940FC285C10FC14D09B2830
:105D1000ED078142060AEF15C73E02F8EF1E2B4041
:105D200011DD81283003CED2D6EC2216EE24F3D832
:105D30001AFAF72EB8C892EE0BEEC318FC191C1510
:105D400000233E432FEB81CA44F11AD833F0E0F32D
:105D5000E9D6313CCF1C4077E5F014105A71FFFFB3
:105D600004000000C0000000CCD0FFFFB0FDFFFF2A
:105D7000C93D0000E40A0000921E000083290000D3
:105D800095E3FFFFDBDBFFFF02030000EC030000F5
:105D9000E8080000A5F5FFFF8F12000017D1FFFFF4
:105DA000591D0000521F0000440900001A1C000089
:105DB000122B0000B2E4FFFF80FBFFFF421F000038
:105DC000170A000048200000B4100000DF0F000098
:105DD000CAD6FFFF0E0F0000031B0000721D00005B
:105DE0003C010000E30500000509000056DFFFFF4D
:105DF00032E8FFFFFBDCFFFF051500007BFAFFFF29
:105E0000B6370000922A000092FCFFFFDE0200007D
:105E100010ECFFFFE303000043D0FFFFB8EAFFFFF1
:105E2000230B00000DE3FFFF2672FFFF04000000BC
:105E3000000C0000D7810CD490973BD53E222E0257
:105E4000BE49F5EE0F1ED1EB42D7162FB300F91461
:105E5000F0DE77DFFE1AA030DA24AF61B3E1233041
:105E6000B2189FABF325E2C81BAF59F4E150F2C35F
:105E7000424320745D24EAFD1FCEDB7FC0E3D7D30D
:105E8000E57504473CF687143EE65F5790CF2DDF5B
:105E90002ABAEE0CF1DC1211F41E0D5506C9F01CE5
:105EA000ABF2E31941DE3990B8CF2FD3E00114FFF4
:105EB000DFD910D0ED811109431A305019CC400EB2
:105EC0000E35FCEFC05F8C39E92B0E1927FA1E3C0A
:105ED00012BDE5BAD914FCE7B1F4493D8C99E750FD
:105EE000D295900060F37BF7F518C210884BA28121
:105EF00003C934EF369BBEFFF4113A3BA5A103A1C1
:105F0000CDFBF466AE3DE7ED280EBC812174F9436C
:105F10001B4B2BF80694E333380F03B4843332B7AA
:105F2000F03332D9D10BC7E02C4400D935E73B54CC
:105F3000D9B02677F00BF8472533F90D1606EC2E6D
:105F40000E07242D4D81B8043E16F6FCC2274C2FB7
:105F5000458A33C72F8FEA81D0BF3A13BB000BD8D5
:105F600022EC0E8C3E94385EF56310E7F1F4CA8B98
:105F70002D352B3D412C42AC1B033B2FACD06BB6D7
:105F8000DA30FE24D7D8F70C910A15BAFFF31DFCBE
:105F9000E4E33315AD180AE127F6E524F3EDEFFA53
:105FA000DC10251FCD06FFAA2122FEFA131E39336D
:105FB000000C81FF391C421FDBE547CD39D9D4C322
:105FC000EC002ABFF9E2DFFF15E581FE41C74A6F09
:105FD000733FEC0CCE00C5FE0D0B9F20CDFFDC08FF
:105FE000D31835C003C904D3821A09FC0481E21511
:105FF00021240823C2A701D400E7241C012FE806AE
:106000008D0FBE00F9ECF52D111D17DCCA2DD9DB63
:10601000F70F14C4D61D462406F808BA067F03F00D
:10602000BDE3F8DF071F062DC53DEA058D0CC967E6
:10603000EF1AD3E8E25E7A0EF9DA0FE03D32BDB92D
:1060400027E4FA5C4AF30255E324F8EBA71139245C
:1060500028BC0315E6F5230FFDA5E5242943D30E3F
:10606000142C2C06030021317FAE0E2C12322B4350
:10607000F4E72CA5FE0B35A444491113CFE22CCD37
:10608000C658D0E908E84EA512F6F92481D22A3381
:106090002CB7D51CD70014F3E0FF1DA704DD27049F
:1060A000C025DB27C82B13E422A818E1DF30E54F19
:1060B0000BBABCD1DAC7C4062C229AE0165E0E8158
:1060C0005A6110B4095140DB411CF060C8CCDDFDC1
:1060D000BE1FC74E29A8DE81F8D6F6E857B2E128E0
:1060E00065DA3708EF08EA044050B4CB1747F901E6
:1060F000E58B2C2DC5F78DF6360DF2AF30BE260997
:10610000061614072838FDF3177AAB2326BD390885
:1061100010CC252DF2D2EF3353E4EA4DBFD3A9239F
:1061200043FAE6F4003C3AA3F8CCF6F90028D1E7AC
:106130001B18D27FF381E1FBF2FDE0E636C51DE6D8
:10614000FBE42415202C1F2D001B1818DE22FE1640
:10615000F1EDEE07EEAD17B40DF4F90034DD10E00B
:10616000D441FB0F0AF8B841AFA1C7D3B9BB501255
:106170004D5A3400B6BC18ADE805F4C40F7F1709BA
:106180000021EC45B853101E5620D0C36AE557E7EE
:10619000FBFE1CCF45B3201603B8EFF53FBCA4A807
:1061A000E1F07FC3196541D8D5A3CCE1C5D146D86C
:1061B000ADF213FF2B08F89031F8F1D7DE035E142F
:1061C000B8B5ECBA0FA6BB24AE09E8F726F8CCF7B1
:1061D00012DB17B4090E29D923FC305D1DECFC0736
:1061E000D3151638F1FF141D9E1C0920411C37FFE2
:1061F000E47F001A421A23CB3CCB39BCC781E1DFD4
:10620000040A32CAEF51D1E4F2DCE804D3E71516F0
:10621000B9E80C1D5FF6F6025834FF044D64EAE35A
:10622000F60515F50BD5D502BD6B0EE339EB390636
:10623000B6D1D12A17D701F043013D813EF7171798
:106240001437D7F7F7F6F40F24F73DD0CFECBE3173
:10625000ECFCB9080A39AEA7D3241AA4A722CBC0F4
:106260001FE73D3057C8BD6439ED01FB171EF2240E
:106270002A7F1217FA64CFFDB2FD4510AB153CEA38
:10628000F4FB1BC8CC83976C1909E2026BD1F2EBCB
:10629000B6CC0781BCEB433AEA3CC8262537B604A6
:1062A000DB434AEF6B13E98C40CFED24F9CE40106D
:1062B000F348578E4FC7EA3AB735D0DA9C2405FF2A
:1062C00031FFFBF4C09C317FC6BAC6DCE010F71783
:1062D000411634030307D6E03AACB842F80ABD0FC2
:1062E000104930DA8DE302385000C81D1D5B575D40
:1062F000E6091112A769236DA0E26F1C5FFF962EBD
:10630000C5D2301C278107BD758DF2000FE8FD0155
:10631000E3E84CD8D7F3ECD8C0F6E64A27E3954338
:106320001FA1C9F90F052B22D703D1695EDBD33D2D
:10633000ED02E10756F500ED81D35113F53E312A08
:106340009A27CA1970C881F2CB0AC308A0A78EF792
:1063500041FE8DC3E4EB3C0D39C56FEFFE6866BEB0
:10636000F5DAEDC91FC619105416664B887A4A0231
:1063700099CACB53B115E4FB2CCEAEF638F8F42510
:10638000191CA405CED12922811AD9293F11F8A5BB
:10639000DAAEDF03A10F09D4C7F62DD40D1C9B1E66
:1063A000DB2CCACEE70813F12F12FACDFCD4BE6065
:1063B00028076426274F8BC015EB35853954DBDB66
:1063C0000BF97F3BCCAB17F538C44F9F3219D9DEA0
:1063D000C71DA3EC2303D9E51F692802EBF2EA09E4
:1063E000E9A5AAE07F0FD7E1F100252D01173B2891
:1063F000E433A5FCB5DEB672DB1BF4CBD1CCB12BFC
:10640000CD11E007EBED9A26C8B77FD6C0FECE20AF
:10641000F5B648F515025D28EB85EB2AC8D4CF1AEE
:1064200039FDE30455EA8CC7517CB6654A1497C11F
:106430002299D705053797D8437D4B1BEC1A1F00CF
:10644000D61C1FAF441FEBE81401223C0C4DB7C90A
:1064500004FCF5D83EF6EE0326EBFE7FBB062EFECF
:10646000E81353252299BB1732186E33EFEAD13463
:106470001AAF89881EB066D2C2202C1426D23612DA
:10648000423A223E94F98844D612155435E47FCD21
:10649000CC766387E052D92103154F2FECEB19D44A
:1064A000DE0447261705A9D4D6D91AA1E10A9833E4
:1064B00051BB9E0851F7F9F800DBD00A097F18A4F8
:1064C000F5F1B91F022BCE13EABBE5813D942E03F3
:1064D000F7DF1BE40D9CEBED0C0B0C05AF9217D016
:1064E000CF79E2D63C45DA28EFA909A73B4219BC8F
:1064F000DC59131039A6C60BE028264FC98125E6C2
:106500006827ABEBF507FC1F8D0BFE51A70CEFBA0C
:106510005608E5F304013EDC59F91897F1F7318884
:106520000DE40FBBAC5C2FD33909FF114130C335EB
:10653000E7BC310AF60D00E406F692163AE026EFC3
:106540001E2BC8CBB8E721810E48C70EDAE1390C03
:10655000EB0F4A03011E16DDFF06E9102E0700D5DA
:10656000D1E825FFBFF30CB4E9C4E41D08EF139094
:10657000F557E2140A12EDDAEBE3E830FCD8E42434
:10658000D581E0CD1925DABCD934B82D03B3811DEE
:106590001E3A99D54A9D56CCC8BF150F00BF1ECDD7
:1065A0003620523BB9B1EEDF1DE81AEC1FA560DDC5
:1065B00051F118B0EF0FDEDA2FF02CFCFA0E0B0FB2
:1065C00005F2FFA8F0FDBC0ED7FC422303EF27BB6A
:1065D0001FF824ED411DB8262F3236FB1D0041CC9B
:1065E000DE160E81409806910496545DEBD1D330AF
:1065F00033DDA6010D078CA000E0448BA7F7A5446E
:1066000023B4D91AC8E12D81E609CFEB3FF96A45D9
:10661000B012FD16D8AE0509E50E08C914ED2E33EB
:10662000BEE90C7FC539F95BC8CC1CB70711DCFE8D
:10663000D5A283F2273BE0BA05AA2209A3234E354F
:10664000A82341B9B7F5D52DC61139D71311F3B029
:10665000DE8E2450BB7FDF0014D8E7FCE63CC0D4BC
:1066600032169E19F60529F6D90FD328BACC39214E
:10667000C64959F621C01CFCCA450BF8042381F712
:10668000DCB62719AAF13E291EE846BA09F8ABDAAA
:106690005E004136AFE6C115381B2C22E98C491C3F
:1066A00016EFA0F9FFF21B1CD606D4FA48C4ED0F72
:1066B00003D2474E051B1A1BCCF5E2FDE8F3E62892
:1066C00081F804CE12ED25230CD92601E9FC41FB0B
:1066D000DA18D32109A72BBE0D3C18644DBEDB533D
:1066E000AEC001B0FE1B542FDDD20216E43DA7134D
:1066F0002117DD21A7D0FA5E81B52B3B0CD6AC1952
:1067000006FF853F08BBD0C4FF52AEA396810E3270
:10671000E923C7E51E04CDFCEE4FF6BD022B0BE0CE
:1067200044DC430CDEB01EE7F5D2E6F7D3F315C325
:10673000C40021F23B1A7F11B130B33C114B32201F
:1067400012FA181B6CC1E2FEC2DC45EEF801DFA9AB
:10675000EE00F90668D0DD915227184443EF3C2043
:106760003A03AFF3D43207EAF5C231F4E3204D0F18
:10677000FE2CE3231B278107E408D3FD0BF710D879
:106780000CE0F4ED31E0E4E325E7FBFB22EEDCE690
:10679000FFFD1DFF0A94C4FC13D9FF17B6B3D00048
:1067A00032CBD28115FC31DEC53E1500F6A80316AA
:1067B000D506F025B92FAA0D92D21726BA0A23E4DE
:1067C000D1322BCECDF309D946E3EADCBEFDF9E6A2
:1067D000CB1C173D7F30F8340618FFFB01C0F7AF24
:1067E000ED03F4F6EBD6B9081826C6FB13E40C4605
:1067F0001110D0F3021CA33BED0B0217AD47FDAD0A
:1068000044E70E0D7F2A36FC14F8FBEBFC5B27EB0C
:1068100082E51346522B1719DE37B713BA051AEF64
:10682000C9E4FCD7266BEE81A6D8EA04C7F3AB7A9D
:1068300027ED071B6BCBA427CC43FB51E30FD9FCFF
:106840002412FFF06495FF90FEEF3F1A3EF82CD91A
:10685000D0020D01150D02CE0811E11EEEC9FF3B5D
:106860000814FB097FF814CDF7ECA5D808D6CEC9DB
:10687000A5100603DEF3E9E6D9331739D9FB15E095
:10688000F7F322FC28FEDF11090ED3DFD8DB1A292B
:10689000E7DC1204050A5349028AADCACE1A01FE8A
:1068A0002716F325F8F40FE1CC05F4EDF70EE023FD
:1068B0008126EC08262AD60E50C8ECBFE5197F4E7B
:1068C000FAF5E52F2DFD17F50CEEE027FA11EBF1A7
:1068D0009D1133F34FC91FD9E200F41E04EC14D309
:1068E00014F91EC0BF1F356EC5C94F27B606BDF0CF
:1068F0007FB51CCEACAF30A641D9F632FEF6764558
:106900001709BAE15FFB04CAEFDEC02F69CB51FD66
:1069100099F9C295D0F8F9B13711D602D21AFCEE26
:10692000A91B47D223650F3D18B812E31C09DFF5F8
:10693000FDBE3D2BFDF808ED2881F721C70042E19F
:10694000E414C6321F0CC5DE5D05EE3023312A0388
:106950005BF837E2F2091A000AF4AC4FD8E27F1E66
:106960000BFB00CAB3F8CD2A2D25ABE606E9CF0014
:106970009E493F2B50407FCA6C0C0EE826591915D2
:1069800023B7BA0A30ED0DE8501D37FDDA24DCFAE2
:106990007A641E8BFAC4F87EE71E1C23D13A2AF6CD
:1069A000FA28F6FB941EA81F5EFC1A3427BF2AFDA6
:1069B00072DB9E02F34FEEEED9045F13CD3C2C2028
:1069C0003ABBA7BEF4D1220E30AC60403F7FC03A44
:1069D000C103DA1CD7C2E12906B6C2D3E697183E36
:1069E0000FF7F2EED109EE5128D00F6F0807D5024C
:1069F000964935B636C80BEC2C2FCD4DC781E1E456
:106A0000C9F4CE1EDDD5FA3CE7212A2214F4CCD5F8
:106A1000DEEBBCC1F7D1ACD1BEA1D2DDDE3B93141D
:106A2000EC0F59BE271026D7A142F1D9D2FD81FB28
:106A3000CA1EB766327EFFFF04000000000100009E
:106A40006B1D000039E7FFFFCEFFFFFF6F1C00004A
:106A50004C0A0000BBE0FFFF90FFFFFF540D000059
:106A6000370500008D190000F2EFFFFF0EDEFFFF7B
:106A7000420B0000940600005C0A0000BBF1FFFF1F
:106A80005B0400008E06000071180000BBF3FFFFDE
:106A900094FBFFFF61020000FCF7FFFFB80300005A
:106AA00095090000B5EAFFFFC9F7FFFFCB0C000016
:106AB0002924000071EFFFFF700D0000DD120000BF
:106AC0003EE9FFFF5DF1FFFFED080000B11200009D
:106AD0003E11000094030000C4160000750F000072
:106AE00040020000522A00000A130000910F00002B
:106AF0008EFDFFFFD7F7FFFFF0FBFFFFCF23000066
:106B000082E3FFFF9B0D0000FE20000081090000D2
:106B100043F2FFFF8AFAFFFFB2090000900A00006B
:106B200062F7FFFF850700005E020000CCF6FFFF62
:106B3000DFC5FFFF3FECFFFF40160000792B000090
:106B40003E7FFFFF04000000001000002400F6C894
:106B5000D1DFE3DDEDDBD3DAFF1AF8E303D624EC73
:106B6000FD2B1414FA3424D7CB2E28ED01F607F3AD
:106B7000BE23DFEEDF1ABBA70002422ADB2CFEFC9D
:106B80002A0F09D71EDADED7D8EE1A06DB4BCBF771
:106B9000E60E2DD9D1EC08F0FCDA272112321DEFD8
:106BA00018E80AF52201E1EA160ED01B0BFD151AB2
:106BB00008151AE0192FBDE7EA421307CFFA2CEEA9
:106BC0000315FD40D0EBD2DBF90E1208F6F819C51B
:106BD0000F1C0117F2010DF21E29D81DF8F71AE259
:106BE0000D0DF1D7F1D9FB1017E132FFFEC5E90A0F
:106BF00016D60405F3D71ADBDEF23A1D052B05EA9B
:106C0000E92DFD22D5CA33D4110AF4CDFD0427099C
:106C1000FCF11CD6B60205E729EC0C1FFD0707B7EF
:106C20000C05FC0DF6F60B0300FDF01DFDDA0E1E43
:106C3000001C100EDCF5ECE6F7310AE7C8EF26235E
:106C4000F9ED132DC20008D5F220FA132506F43B06
:106C5000F5F115371D4D2C0A171BECFF18E101202B
:106C6000F1D5233C26FFE1E92FF8EC1906FB0316CA
:106C700021161D2B24F90CDB05EDD90CE5FE15348E
:106C800015FE0702FA3CFBFF25F82D0CED1A2EFF2E
:106C90001517FFFECF002EDE09D712181825F704AE
:106CA000ECF9F9E7040EE4EDE8CF0008EE1520DA80
:106CB00004FC1D0F01121B2D21E82519B4F234002C
:106CC00030DDE0F71FE6E51C0503FA2CFB260A1071
:106CD000FEF415FB08FD04071504F41305090CF177
:106CE000F0FA2BF91CF5DA02FE0EED02F9D01FFEC8
:106CF000F314FAED12F10DFEEBFA191FCFF4112384
:106D0000060C13ED1CF0EDDC0CC807082E28EE066F
:106D1000F725D318122ACD21CA3FCE0C23E232091F
:106D200014E9C22418FE221F2111063CDFDB2616BF
:106D3000E02F09CAF2FA19DEF533E612330AFAEA4D
:106D40002206BF45E8F631CD37F15E24E9E81D277C
:106D500009F603EFD8071E07DD15E418C5E306049E
:106D600012F82411EE05E61231DC161C061009EDAE
:106D700010100AFDF5FD2436C9CDBDD90DFEF1F286
:106D8000E5EE11F80805F0E822F224F3F60724FAFC
:106D900015E2EB12F017231604EA0BFCEC13E3EDFB
:106DA0000DF0F7E9DC0E17030DE413031D17F50BC7
:106DB0001CEC23FA211BFEDAF81E07090705EBF984
:106DC000F0FA001D103403F2E30F0B03F81A053339
:106DD000FCF5172543A6EEF9E52F0FC5E2D8EC0B1D
:106DE000F8FD210603F0EDE6FC32F03D3D3953D7C6
:106DF000EB26EEF7242B001B25E61827C643EFE40D
:106E00000E0EDBE1071FCE3FEE380ADECF1D15E187
:106E1000E9E7D316F7FF081CDFC6F5F5D93BD30821
:106E2000F50843D7E8FFE507DDE30BEAEE00D80CF1
:106E3000FB0AF0E2342121543E0E1A20DDF5F0E683
:106E400013E9F4E758DF030CCF0F0F201FDDFD56C9
:106E5000F2D2F706F90D201C11E3122CDCF7F1F049
:106E60000D00EEE30C00E80EE632FF02D3060AD175
:106E70000BF523D5F347E10DDEFB101F24F3E731BB
:106E80001C0701EB193BD7E1E8F30912E5D90433FC
:106E90000DCAE7F63B34ECF41717CB0A0BDFECF91D
:106EA0001BFB10F7F612122A28130DE8C6D40402B1
:106EB00012E7E51E0C2607F7FD01010D0AD1F6E6E3
:106EC000FBF52115152D20EAD700EAFAD81D16D3B7
:106ED00034E9EE2B2423DDEAF5C138CF1304C825AD
:106EE000F7192BC62401EFFFC613F522E024C4C214
:106EF0002101DADBECDC20F21BCD280FB8B7DEFA7B
:106F0000E2FCD1EAD1D7F62B0CDFEDCAF40BF6E5A3
:106F1000F91324072DD41CEDD610FAECF407BD4468
:106F200000E6F6EF1F20FAF60837F1D52A1C18DD27
:106F300002EE12EAF7B70607071CE3FB09FADD15B4
:106F4000FDD401E2CCF01E29E41BEFF6F61FD2DAE5
:106F50002B1F2302F0E9E004F8EBF31A2BE62202E0
:106F60001816EA1BD50819FDE2131CFB2503D9CD21
:106F7000BFF2002C00D02BE00B180A20DAFF21E131
:106F8000230602EBE70C2AE314F514D2F8051DF8EA
:106F90000419EAF2D2FD1927E20D012D10FCE620BA
:106FA000E720E2F10E15F5ED10CCF41C2223DDEB09
:106FB00011E832E61F112126ED02C4D328D12F2F6C
:106FC000FFFE21E632FB18D40808FC372DEA2727FC
:106FD0001A3101113BDEF2170416F0EAF5C028E77A
:106FE000F407FBEF1EE111C9F8F01BF8F8FAF5C33E
:106FF000E83AE42EDDE6E83523D512282107DC2720
:107000002ADA0415F6F2F720F607CC2D22E30DE07C
:10701000DA08E90BFAFDDC19D8F10BE2E8F71CFD00
:10702000102AE112E91BD9EDE213311106FB11C55B
:10703000EAECDAF70FE7D1F222DB08003E0616F899
:10704000EC02D9ECDDDCFAE83203161EE5D31BDDD9
:10705000E1E9DB0C16FF1912EFEEFFE5ECF9E71D95
:10706000041AFDDD0D0D1F0A01FD1504F10AFDF0E6
:107070000B04ED38EB1A27EBE208F4F41712E81CC6
:10708000E1EB090D1E011B0EF615F414242222114A
:1070900000030E0D05E7EAEE49E211DCFA1BFB0BDB
:1070A00004F3F80416F71DF1E7D605AEE03FDBF474
:1070B0003203E647E8D81E36D2E1F7F6250CC62B98
:1070C0002006F501E9FAE2E01105CED22208D61831
:1070D000FBD6FB57342FF8331F23E7041124FA6C37
:1070E000E901F100D106CB152EFC36D0C2FBF9E147
:1070F000F60BFD160EFA1B0A1C05C71321FEF73608
:10710000DB1AFD0FDE2C14251FEDF8DC27E5E4DE8D
:10711000D8DE144D0B090C2F40310F4EBD2536C162
:10712000206F2CD1CEE8C4FA11C9FFCEE7C6E1200A
:10713000FC4156F03619DC1D440D10D4D65AA1037B
:10714000FAF6F126EF14163E18E71BF0EEE4BD1533
:10715000E80E15ECF70A13D9FDF7FE1FE420FFF83F
:1071600022F7F10C0DEBF013FF3EF11A150B0F1582
:1071700014E7EA1B1704EE230716010EFCEF07D3F2
:10718000E62725FFF4FA0206E30CF4FD02FBE6DF36
:10719000CD081D21DD1618E5210D1A04F006CFEBF0
:1071A000FBF60503DB11FD0AFAC7DABBD8D81126B6
:1071B000180202F11601D6FDF4080EC8CD1EF20623
:1071C0001C10362A07161127D4D2E2F8F4FCDFF49B
:1071D000DCD911FA61EFE30A27DE3EEFE51E041B5E
:1071E0003F10E805D3050924E5172328FE5EFC348B
:1071F000FF03F6040829FFDB0C0BEEF10CE60FF49D
:10720000FC0844F02338B159C311EFD328ED36E818
:10721000F7F5ECF107E9DFFCED0D3F02EEEA11EFC7
:107220000727F619F8E720D510D81E1E0AB80FE96F
:10723000C81023F3F226E917FE2424FE17280708B6
:1072400024DAF613ECF51727DEE4DE09F2F10C0080
:10725000000CE5FB23140D202C2A3A0A01F50AFE46
:107260003DFF25FC15132D0001FE1608D539EA1146
:1072700013E8F353EEF710EAEAF911280DEFF207DD
:10728000D227303E18DBE92303FBF3BBF8F4360FBB
:10729000FFFBF5EC131C0A1CE80FDA1AE7160A428A
:1072A000F90F20120BFE0010E40006F9EBF9E7F4E9
:1072B0000BF80D0AD8130C2FEF010508F50DF70F89
:1072C000FCD6F1F511F0F9F506FBEDF2FF29CAFE47
:1072D000E93A1DF0F11615E3E40A0AEF0FF3DC2D8D
:1072E00013F71702122B19F2F4F60305F9F9BFF997
:1072F000E5EB22EF2CDB0D1711C7F1F7F8222EC9B1
:107300000922E2171FD9092812E900D4121204F940
:107310002CEA06D21CD9CDCF1310FB22DEF301CA12
:10732000170FDAF8E9D9F14024CCC715300E2E0634
:107330000FEA09E315FD0C1805F9E53A3BEF0601E4
:10734000EEFD16FFD3F225DB0E022AECE8EF110763
:10735000F5E123168FE914E1D718A8DD1507DD3212
:10736000A910E2CD810CEF28E501FC26F7E4FEEB45
:10737000F6EC1396FC431C15FADFF1C5F632DEE29B
:1073800004DBC5FD24D1F63FF0D11E211D182619BE
:107390000FDB00F4D10DEA05FC1FFB270D3541E39F
:1073A000E20FCC2BEEDD0C1909C5DF0F25CE112D18
:1073B000090BD1F2F219BA1F04030FEBD5BEF6EF99
:1073C000FADB1806F2F7FED501000618BFD7EC105D
:1073D000F4F741E4DD1804121A3D0D2019EFD734FB
:1073E000C8B2CEE036011CF5090ED61FCD3A2002F8
:1073F000D40DFC2E071904BAD8ED1DEA1A0C19C8D1
:10740000FC33D046BEF0ED1627061F0D3D1FEF11D1
:10741000D5E5052311CD000ED4F93B00E9DC1AEEC9
:1074200004F8FBE81327EDD802E51EDCD4EE00F0EB
:10743000102C2FCD082CC1D2E92F20D3063CDFF52C
:10744000F326E1ED102EC82409F9D80CECEE08D390
:107450000CF4B21223CCF019E81E0BD427DE15244D
:1074600009300EDCFD0F10E8032900E7C73FFACF13
:10747000F7EBDFF3E425233026D00518490EF91386
:10748000F018FDD250F4F215F1DD06F004CAF2BD99
:107490001DFD131B0610A9EAFB14C92016F31809D9
:1074A000144E14CBC5032240D4ED07E92DF104207E
:1074B000D5D2FF0531DDE10134F53FFF1415DCBC09
:1074C000C7010414D3DC31F4EE00E2B9EEFCC014C1
:1074D00005120AF2FCF308F60501010611E4E1E2E7
:1074E00012EC2800F8FCE9F4D6111E2308ECDCFAB3
:1074F000FDE10D1E0BC20AEDFFE014EFFD0D1FD6DE
:107500001AF7F40AF60001EE17D10AEFEAF0EA2BB7
:10751000EC0439F506EF18FBFB03EF2BDAF1F11958
:107520001BDB0B231BFEF22E0120F6EBFAFA0BF20B
:10753000DBF416310ED4FCDFF8F61C1FEAF8FA195A
:10754000F82223F7EDF913E6E6FFF0070D17222ADC
:107550003534FEE1F6B7F9122A242AF7EF0313E1D6
:107560001AEB293011FC2A12E4E61DF104E7D6F6E5
:1075700013D7FD2603F91222D3F406D22D05F1F814
:107580004612DBDD1AC119FCE6F2BBE7DA1D310653
:1075900037271811EA1AE624F6DEF500F8DD162E74
:1075A000FD112503E60219E1EC0840D1D810BA0913
:1075B000EEE2FCE6E12916CD39DD1FDC33E03BDEEF
:1075C0003C1BD9021301F8D8B6ECE909E63BB2F14D
:1075D000EC3242FD170121D9050F02FCD71ADE0457
:1075E0001CDA2FF1E63BE0D7F30EE40830F9FECECB
:1075F00024C936E257EA183FFAF5C80ACC193EEA20
:10760000F920DA1614C6D3281CCF1AE306F6F302C3
:1076100012FA1DCA22B9F5FB1601F82FF4FE19E281
:10762000E529F4D9DF11DF2325210BDA1CF8F0E47A
:1076300017D10911151515051D1A0B111C0BF0F7A3
:10764000F8F1FAD1F9FEFAEFFB22DFDBED131D0AA8
:1076500011FC0EE8DE232513EFF82714D1F90E0BE9
:10766000EA10F822F3F0E30909F106FFF216FDF83B
:1076700013F001F80BFB0A2F0A0DF0D8EDE4F72404
:10768000FD05F9F801FD221D10D1E705F40B39F1D4
:1076900003EFD51CE81D15001607FCEDEC010234C4
:1076A000E410EE0D3815FF071A1911F10B130C0435
:1076B000F3F3E3FEF32C05E8E6211B06F61BE52FAA
:1076C000E01AEF0B00320200E11CFAFEF704F800AA
:1076D000C843D2D42E000922FB081CDAFDBE35FABD
:1076E000E8EDE1D6353B1BA1E3E026DAFFEC37D528
:1076F000AC2BFDF7F6EA0415231D3AE4DD18EE275E
:107700003DCE222C221C1D20D1F9CE061DD9401AB7
:1077100001BAD3F516F6D5DB03D70218091A01E929
:10772000C421B6BE06BD27312C0E0C12EB0331DE90
:107730000E0BDAD3D44AC411FD3C01F222D4F62652
:10774000E8DEF613DD57F7E4DC25FC2F11D7632EB6
:1077500016D6ECFEE71AE3F62611FA2F08E6F8E053
:107760000B1107E5F2D72A1117E7ECF9EB0B43F100
:10777000DC25E315F103E4FBE12727FAD8E718300D
:107780000501EF20DA1817D4C2040BEAE102AC0EAF
:10779000D40A00EE04FC071FD530D9E21C13210DDA
:1077A00011DEE3030410F0E6050F0B2121F00D05B7
:1077B000C8F3350AFC13D1E41520282CE11336EC6C
:1077C000D0D320F023F023FC17E25D3004F91EF63D
:1077D0000BFDD727F403CF181308F70803F208F5B9
:1077E0000523EEE008D90BC915FAF0F502D617010A
:1077F000D928001415E813DC3BF1212BE83E22EDDB
:10780000151ADE030F32E609EFF5DF0719CC6828F9
:1078100021D4F211FB05FC020411EE1A20F91C0B15
:107820001928CDF7EEF0395325D7F20B090F27228F
:107830000D05DE1EF92FD6E8DD2A08F1FDCBE6089E
:107840001FCCE81DCA12FFD9E237EF2D08F30A1743
:10785000F700F7FEDDC2FD13FE0000FCBB1CDC13CD
:107860000D1408DA02F20C30EAFCD7F31E29ED26DB
:107870001F03F1031301EDE51615C3F0F41AD9F552
:1078800026242707EEFFDC21E4FBFB143F19D0047C
:10789000C8E81A29F9FCE7E2E1FA27E8D0F9E70994
:1078A0002BFC22FB01ECBE0D0CEFDBFA110F0A00E2
:1078B000030424B01D15F02510E5BEBCF208023209
:1078C000F1F1D3C9E022D631EBE82C25F848F00AD3
:1078D00014F6161AE614FCF1F20A08FD15F820EB6E
:1078E000E7DE01170625FAE7DFD9F5FA29D3DAF53D
:1078F000E6FFF0FB08D2170C05E7FCF1EAF31618D7
:107900000DFD04FAFCFDE9F416FC180004EDDFEFB0
:107910001FF1E91E23EC190721F702E602E90BF932
:10792000210EDFFEF32EFCF9284709E7F90A0A0ABF
:1079300016EEE51006D50D11F4ECE1181801190446
:10794000D3022403221513F9FBF12DE5181FDFC123
:10795000D91BDE23CCF70E0508E30F0F2EFF2223E1
:10796000F6EFF402E0471506ED352FDF1004DCF4E6
:10797000E82D0DEA0105D0D128321805DF2F44D0BB
:10798000391614EB1302F2E5E50EF120DCC5F4F52F
:10799000D9E3CD1808FFFFFDFD07DCF22AE4FA1158
:1079A00000F503FD113809E8E2E92109B6FD1ED30F
:1079B0001D03D71DDA36DDD4130BE8F83B0101DBDC
:1079C000E9DEF21307F7FDF7FD0FFA39E40CEB09D6
:1079D000042FF00C2C11460CF6F1F6F8E603F81D16
:1079E000FEC9470B0643F2E9EC2C3BD6F2EBEA1D4D
:1079F00002CE1A09FAE81AF434DCED0D1F190E0B49
:107A000027FDDFF32BCDED24FBFAD71DECDF354C42
:107A1000C4EE17BCCCCF5B40FC0D3F1F23EBC22B49
:107A2000DBA7C5173A4C0F0125E7D13A1E50E6FEF9
:107A3000130FEAF7C82BF1F6D1DFC4FCCCCCFE174C
:107A4000E33A1EDBFEF7C4091B041F1A10F4F90603
:107A500007EFD1FD07E8F131F8E90F0CF1ED1F1F39
:107A6000102CF603E903E00D21FF2BEE0A09F208C2
:107A7000E50424351917FAE10C1A10090C0F1B172D
:107A800007D0F1F2D9090F071A28130EFCF6022FBE
:107A900015E63A3629E4FEEF2EEF06C3190DD9ECB0
:107AA000F5EAE4F9DD0ABE0BF10C0C452A7A010374
:107AB000F3E0F3F33CFBFAF503DF1E0FEC110605D0
:107AC000F80827EFD7DDD2FEF120DD17F412CDE75D
:107AD000E1F91AE3FA3CF5F501000111EB0FF3258A
:107AE000E7E925FDEE0AE902F5CCB3F5F519230225
:107AF00027041720FD111F11EA1ECEF703FF03E82C
:107B0000C3E7FAFAD32014F8F814FBD1F7CA4AEE07
:107B10000CD7C5F405FBDCDED2E90AE9EECC13F3A1
:107B2000AAFFF4FA2ACDFC3117BAED25D4EF1CF4E4
:107B30000F2ED1FDBF1AC2EEDD1F0AD247E6D3ECED
:107B4000F4DCF8FBEA09D505CAEAE90BA0E4FDFF7D
:107B5000A4E4FDFFA8E4FDFFACE4FDFFB0E4FDFFFD
:107B6000B4E4FDFFB8E4FDFFBCE4FDFFC0E4FDFFAD
:107B7000C4E4FDFFC8E4FDFFCCE4FDFFD0E4FDFF5D
:107B8000D4E4FDFFD8E4FDFFDCE4FDFFE0E4FDFF0D
:107B9000E4E4FDFFE8E4FDFFECE4FDFFF0E4FDFFBD
:107BA000F4E4FDFFF8E4FDFFFCE4FDFF00E5FDFF6C
:107BB00004E5FDFF08E5FDFF0CE5FDFF10E5FDFF19
:107BC00014E5FDFF18E5FDFFC68FFFFF0400000070
:107BD00000010000F2FBFFFFE800000070FEFFFF65
:107BE000130600008C170000E5FFFFFFBB0200003A
:107BF000C9FFFFFFCDFEFFFF31060000310400008A
:107C000045010000B3040000C40300007FFAFFFF39
:107C1000F9FBFFFFE6FDFFFF930000009504000065
:107C2000D8FCFFFF22F6FFFF2E01000051080000E4
:107C30002F090000CA01000094F8FFFFA202000013
:107C400046FEFFFF0A04000052FBFFFF56FEFFFF47
:107C50001EFCFFFF50F8FFFFDBF6FFFFC9FDFFFF33
:107C600015FFFFFF6CFFFFFF49FEFFFF68FCFFFFF2
:107C70006302000037FEFFFFE5F8FFFF750200001A
:107C80001BFDFFFF8FFDFFFFDB020000C6FEFFFFB5
:107C9000290100004D050000FE0000002107000042
:107CA0003C01000001FDFFFF6CFFFFFFEFFCFFFF49
:107CB00039050000EF00000023F9FFFFE90900008B
:107CC000A7FCFFFF07090000120100002EFDFFFFC7
:107CD000D3F4FFFFD290FFFF04000000001000006B
:107CE0002E161501FA04FCF6E3F70215030BFEEF5E
:107CF000110B130DF408E7F9FBE10A1CFDFF02F874
:107D0000000F11F4120F0508F219F210FCF73402FB
:107D100000FF23120C060CEB58060B0E0B1A0C0A74
:107D20001A28041EF92DF107D4FCFD09F0F9E7EB40
:107D3000E3FBF0F6DEE8EE1500E3F7F2F3E9FC14FE
:107D40000F0A1610EAEBF802000BF2F2160CFA0D0D
:107D500007010F00F503E50C20DB030107FC07F624
:107D6000071735F5F6EB0DFE0804E9EEE21016F5FF
:107D70000AF4F5FD0505F020F8FEE3260A0FFA00E7
:107D8000F6FD32F407210BEF0C05F921F50306F09F
:107D900008F80BEF11DBE00A01FF03DEF8EB12ED50
:107DA000F802FA5010FF1EEEFA14FAF30FE2F5FE95
:107DB0000FEDFEF7E5EDEA0B15000AEEEF2A1D12B6
:107DC000FFE8F1FB04F2E807F3FF0A00EDFF1228D9
:107DD000FDF502FEF4E5DCFF02FB0A043303FD19A6
:107DE000DEF3F3FE33E90B0FE9EC0AEC30CB1B07B3
:107DF000F70203F70AFF02FB01200B1C0612120E0A
:107E0000EA0EF5FD0AE623E9FB1E05ECE425F2F790
:107E1000F7FF12F1F00617D80706EFE30C0ACDE8DA
:107E200014FA0202EA5901E0E4FF0D0A05FC23DD21
:107E3000EE0AEFF40117FBFAFA130AF7170B021810
:107E40001DF62EE2EDEEFBEBFBF304FF0D0311EA52
:107E5000FDFFF210D51008E813010C35FD150702DF
:107E6000FD050607110731000E1A000BF0EA0BEAB8
:107E7000FDF20304F80411091FF3F3190DF12800B2
:107E800004E902FC0EF0060A10F5FE16FFE5FC22DE
:107E9000FE15093103F8351DFD0BDDFD090918F844
:107EA0000C0806FBF0DAFE580806F2E404F2E2F0F1
:107EB0002719FC0CF1EC1502E3FAF007ECFFFF17B1
:107EC0000A27FB1B03110BF4FD01FCF10FF414EE68
:107ED000F120FB18F809F60B05111AE916F905EE61
:107EE000EEE6F80D0DF5FBFD3D04FB0EEF0BE40295
:107EF0000110F70A0A001BFDF5FBE2FB07E60F1E67
:107F000016FEF4FFFCF6FBFC0AFDEC000FFBFBEF9A
:107F1000F5F7F1E5050708E5DF140B0E110008146D
:107F200001DAFF2F020045080127F6FAE9F10DFEFC
:107F300001F40500EF11091622F000F1000624FB00
:107F400008E1F7021712F3F9F9FDF5FC14EB0A1535
:107F5000E3FEF216FFF917F51618FC0901F7081EE3
:107F600028F0EF09001DF2F505FA470903F41C118A
:107F7000F9F60F0609F50FFF07F71AF9FA090327B3
:107F8000F4FFF2081609FFF40CF10807F7F6030EE8
:107F9000EDFE02E92806FA10ED0AFF0BF84CF7F0A7
:107FA000F602EBF5F8060FEDF20F0C4E010A1CF08D
:107FB000E815F7D5FCF4FC1FE911F401DEFAF50130
:107FC0001CFDBED4FFE8F002EE10FAF908D8FA0A58
:107FD0000B1BEAFB18FBF5F223000806E6E802F6A5
:107FE000EAE6FA10F3FA07E7F2FBF4FC141BF016CA
:107FF0000DDE14F917F20FFE0D02F9F30419060A4B
:10800000D21BEEE837E1EF051B2F15020B18F9E83C
:108010001FE4EF1403F5D9E9F628EFEBFDF8ECEBDC
:1080200003E6FDE90100F8F40FE6EA01032FF5018C
:10803000F219FDF603FE1DFA0006FD03F6FFE20A43
:10804000FC0108FC0408FC3904180512E9FE17E2DB
:108050000400F401EBE5071FFDFB0A0BF70316070D
:1080600010F2F20B030B0CE6CCFF0639F6FD70F5AF
:108070000CD204F001EBFD19EE001F0A040CF3070B
:108080000C13D7D7103604000701ECF9EFF5F7060B
:1080900019F31C10F3E40D05E0EE0DEFE7FF1C02F1
:1080A0000512E525F4DFFEFCF7FDFB031011F92EA8
:1080B000FF1200F317F505151A09F809F2F3041178
:1080C000E70CFAF80AFCF00618022B1C0F1D0FF53E
:1080D0000811E6E306D7FED70C1501102212F2F0C4
:1080E00008F3F7210EF1F113F6F7F7ECE9FCF705C9
:1080F0002AF905F4010710E805F5FAE8E3F9FEF0BE
:10810000F60709DA0F1906F10F0B0A1AE9F205EF63
:10811000F10BF8F3FCF601F8F9F0FBF20C09F200B0
:108120000401E2E902F4F91310EEEE0F080DF5FD7B
:10813000FD1E0222DC0D13F5FDEDFD10FFF5E5023D
:108140001C00FAFEE409ED07FFFC030E0D0DFC0414
:108150001A0AFB03FA01E8EFECEEF604EC00031751
:10816000FCEA0C0107F822F0010A0802F4FA1009EF
:10817000F00A2905FF0904EFD1F802160704EC0CF8
:10818000F5EDDAE715F410E611F1F3E30BF9470B1F
:108190000D012A08F70B0103DEEC08F81E03E7F7D0
:1081A0001C0DF4F2F4EB06040817F6FFF0E1F10CF5
:1081B0000C1F002805E705EC0ED5EC1C0709000E86
:1081C0000BE9F71A060301F6E7051A13EF20F9F990
:1081D000FB0C1405081D0E09EE1ED608E306F31568
:1081E000F31003F004F1E2F70CD9FF071C04F703C6
:1081F000E4E203DC2E0013091CEF0AED03E7FBFCAD
:108200000D3004FCFCFD1EF3EEF0FDFF16150A1008
:10821000100908BA09E60606140E08F507E8F0ED9D
:10822000F4ECFDFF1B00F5CFF514E801F4F6F609B8
:1082300007F40BE00035FD11060E11F5EE04EAEA35
:10824000F80405140105EFF71C1AF00D0DF31406E0
:10825000E8CDF40FF2F7FCF1FF07F9E7E40703FDBF
:10826000E8ECEEE6FA190701F80BF908FC1DFBFF34
:10827000EA1B02ECF102290E03312F130E071C0733
:10828000032219FA050DF5E5FB1B0008F513181478
:108290000021DBF3040FECEA0D1BF609F5112409AC
:1082A000080500ED00FB08FCF4FB090FF7FF0005D3
:1082B000D1ECEEF506F513640F5C1A14FD04F727F4
:1082C000EB0FDC250916F110F4D2FD1C150E0E067D
:1082D00018001BF6FA1FF1F0FD01F5DA13FAFBFFA7
:1082E000080BDDF5040023E7F9F1FE011C02DC04B4
:1082F00004F5F40016FEF1081CFBFFE908FE15F377
:1083000001E2F3FE040D01E202FBE40E0E03EB2694
:10831000F50C0817E9F4222D0E04F6F8F61016EC09
:108320000E0C0AFE0D0308FC17FDED121AF80605E7
:10833000FAE4E5CB0F1A0B30E625FCFFFCF0100940
:10834000E701FB1AEB26F210FFF414F501FB05D24E
:1083500004F5F114150FFCF1FF01EEEEF2F0FC1341
:10836000EE06EE1BF9F7EBEEEE0A3EFCFE0A07FC0A
:1083700002FCF4EBF30E1701020659EC27E0EE06BF
:10838000E5001B28ECF00DFF011D00F606FD1606AA
:10839000F903EDE6000DFA1804F4FA05FF3AED09C9
:1083A0000A0404F50C102C06EDFAF40CFAFDF71093
:1083B00004EC0C0BF8F30202E529F52007160AF786
:1083C00016040D150D08080DF9FD0508170C27F802
:1083D0001FF307000B0E0FEA01ECE9020009FBE6B0
:1083E00002001900FEFC040DED05F4E704F7F9F6B0
:1083F000FAECFE0E1608F7EBF1F316FF260302EF78
:10840000E3061B0105FA0A0DF8EF0F07FE0AFDEB64
:1084100006FEF20113D1EE0EEF11FB100EDAF3FEA1
:10842000F5F30F1C0D0F0606012DFE190E01F7FDC9
:10843000F8F8F8FCDB0DF614DE13160EFC1901F447
:10844000FDFA180E0B02E30E00141305D8FC12DD22
:10845000ED1909F010F3D8F5F90A0BECFEFFE02056
:10846000F1F5FC0BFD0B46091233030323E2071F52
:10847000FBE9F6E61CF6F70623F00F0806EA23F9F7
:10848000FE080EF40A06E3F219FEFFF915F41127AF
:10849000FA02040DF0FBFA02130503FE2CF80EF3AA
:1084A000F3F3F50D18061B122E0816E9140A0B1328
:1084B000EF1C06F70CEF0B05F6E5FF08EC0BF63B9F
:1084C00003F600DFFB140E050BF0F4110005D00ECF
:1084D00017F9F9F0FE0207F9EC13F9F30805FCEDC2
:1084E0000EFF0703EB2EF3EE0BFB1C18FB06FCF94B
:1084F00006FBF0F8F2F7E70203FBEE08EA07F501E6
:108500001BF8F4051C1B160F14FF0D0EFAE0F615F0
:10851000ECE800E80008F3FE00052A07F1EF0D166D
:108520001203F7112305E807FDDDEFF50FCF00F685
:1085300014F8F1DD37F9FE250B050E06020AF407E3
:10854000F248F1F8280113E50A05FB100CFA0007C0
:10855000F500F0FEF70DFAE20303E418EDF3CEF8B0
:10856000EF1413040F0C0F07FFFC09DD03FAF2FCF4
:10857000F3E9E1030A0102FCF80901031B1102EF10
:108580000EFB70040B130205FC1805E90D02010433
:10859000FA0B0C0102F30EE4E510FF1CF20010EBE5
:1085A0000D0EF901EBDDF00CFCFD07E50AF5F1F429
:1085B000F1F4FC15FD090D1707111D0D0EF7F7EC71
:1085C00014F70A350DFBE8071A02030AFBF8020943
:1085D000FDF1FDEE0E33061C0610080B0501FA1620
:1085E000FCDD0BE803F61206181727FA11D4041065
:1085F000EEF6041A03E3FDF11712F4F00914FE0479
:10860000EAF10FFA14F8F8EAF51E0FFDE70909F38D
:10861000FDFAEBF8110F21FC051C13FBFFECFAFE31
:108620000C1A2DF706EEED06EEFB0E01F113080B0A
:108630002203EDFBF9DD0C0504FA0BFC0DFF100F16
:10864000FFE813E7074EF3FBFAF8FF08FDDEF3112E
:10865000F6F61103F2E2FDFD0A05F6C8FB1E0AFF5D
:10866000030809F3F8FE030900E80DFC0ADD04D253
:1086700012F916F429FCEFF4F0070BF21005F214CE
:10868000F524ECF6ED0B23FDF9F7F11B12FB0101CC
:108690003410F3DBFAFC3806FEF6F2F3F6FEFAEEDF
:1086A00003F0F90CEC0518ECFE20F8FAFA2EFFE7BF
:1086B000F7F0EEFBD3F3F906F31A170E0910EF03E8
:1086C0000EF0F9F70DFBFB440CE4FBE81817FAEF8A
:1086D000FF06E7F20AE51F12FCF4E8ED08E5FA0FE1
:1086E000161009FE04E309E614FF05F2011BE5FE7E
:1086F000FA211BEF0E1DFBE205090703FF06031518
:1087000002010518F412FC05531800070704FEF7D0
:108710000FE1F11019E0FBF3EDEA14FA0007F6019E
:1087200011FB06FB1608E8F9FF09F00001300CF414
:108730001DFEF809FB08F9FCECE90AF6F6032AF03D
:10874000FF1809F70A00FDF7125DFE0E1200E3FEA6
:108750000000FB0BF319FA04110407E3FD14E20017
:10876000FDF1F6250E06F7FC07F1F5F31ED4EE2811
:1087700025ED0BEB03FAEE05F81003F012F00D0DEA
:10878000F70AFFF310002D0106F80406CDFCFAE20B
:10879000FE060AE8F91111D108FDF407F40A0F04E6
:1087A000F60A1505E1F914F12EF6EDF109FAFC14BB
:1087B0001CFCE2FB0409F424FF0CFBFCF0EC100AA7
:1087C000131BF61D100B15EB1501F34DEFFB1A15DE
:1087D0000DF8E80AF1EB0B0E0313EFF3ED00E5F2F1
:1087E000DF1E09E2FA051E0C04FCFB0507FDF0F490
:1087F000061B200A0811170F17FA03F2F6FD0304EF
:108800000AF30302EB071DE811FAD21D1DFEF5164F
:10881000FFF8FD180711231BE8E7010E08EBFCEC3D
:10882000ECF70207EB04CDE2FBF407F5F90EF614C2
:10883000E21C0714F4F6FAFCEEEEFFEC2204E9E881
:10884000F9F2EF02EC0DD51401F52CFEF929FBE24B
:10885000050A19ED04E9E70B09FE0605240DEBF9FD
:1088600009FAEB05F50B050C01EE16FAFA03F00513
:10887000060020F8FCFEFBF8FCF9F21D03FD07E6FC
:10888000F206F819FF00050400F9DF0205FB7FF985
:1088900000FE06F7D4E7FAF81009F8FDF4F7FA0934
:1088A0002625FFF7F3FFD50FFBF5EFF40AFBFF0CCE
:1088B000D4FF0BDA03F8F10810F90BE5FCEE040124
:1088C00015E604EE01FFE4FAF805E1F91A10FB2CB5
:1088D000ECF905FAF6F6FDFE07F126FA1CFFFBFFA0
:1088E000FB00F03F03EDECFB08FA0EF612F317EF76
:1088F000070C1AF43DEBF7E8E4FC14F2FF01FE1E4E
:10890000F602FFF4F4EC1BD6080F11FEF422F50971
:108910002FF50C25FEE603E3140AC00423F115F637
:1089200006F7F104060DFE25FC0FE20DF2FDF0083E
:10893000071AF8260BD8011009F210F310FF1103E3
:108940002BF31605ED0D0F01D60105F7E7EDFE013E
:108950001844E403EB0204090911F8020CE9FCF6DF
:108960001AEC270704030CFC05F0FDEEF40706E7FC
:10897000FCF4180E06EFEC200502FE00FDE6F7EC15
:10898000F8D81007FDFEF9F0E6F505FDF711020A2B
:108990000BEE2718FE0002F9E7000EE90F04F20AB9
:1089A000EEE3F1EEEFF0E703F607FE0011FA060B37
:1089B000F21F0F1305FD06E50507FA220213F3F86F
:1089C00003FE01EF0905F401FC07D5EBF7EFFB1CF3
:1089D00014F7103F18011CFDE427CD00CCFEF30472
:1089E000F4F9E8FE1AFB070905E50EF406CEFEF8D9
:1089F000F9EA0AFF03F2F1E6FF0DF50E1000FAFDA9
:108A00000404FF0F06FF091513EFF004FD0AE5FB50
:108A1000FBF5EB0B4108F91C260EFA041004EB0DD4
:108A2000FE05CDFDFA06F01918F1FFF724E9FFE283
:108A3000DFFBF60BFAE7141BEFFCFE05EF07FD0D5D
:108A400016F0F2300CE604E3E30BFDF800E0FDEE77
:108A5000FDFB1111F53A0BE607E1F0EC19040FFFED
:108A6000070701E70D12FAF7ECDAFBF61CEFFA0440
:108A70000AEEF40428FBE605150D0112EDE5FF0EE4
:108A8000F4F7F703ECF525F20DFFE90D0FDF0CF617
:108A90001D0DEFF808075FFDFC13DF050600150745
:108AA00001EF02D7C8F510011CF808FDEE0105DE44
:108AB0000505F3160C06FCFE03FA1311140012EB65
:108AC000FAEE0007FBFE191AF905F113F90AF2FC98
:108AD00009FFF80E13F90120FDE100FDE911FDF099
:108AE0001D16F80EFA05070BF40C011E1500FFEB1E
:108AF00008EFE40802F803F90E2000FBFEF1F5E0B0
:108B0000F706E916031300F7FD16E80DDF14180B3E
:108B1000FB08F90015FF10ED5922FA040BF403E2EB
:108B2000F8DC17F415E6F3ED0B050EF91A0FFC0946
:108B3000F8EE070A37FB2AEF040408F00D1D05FACA
:108B40000C0107FF270605E7F80811FBF215F3E90A
:108B50000CFD02FB01FFF1F4FF23E80EE8F7F3F14F
:108B600000111407F00A0404E5F010FCF5F8F4F025
:108B7000EDF408EE03F514F9FEDBE5C8F8EBF6F1C9
:108B800012F91507F7F815101BEAFBF226010C1B6A
:108B9000E8FEFBD8FF07020F1DE63BF02F020C1B7F
:108BA0000115F200051AFBF719FF11050A08F8FC78
:108BB000EE1EFD090DEAEBED010002EC040319E7DE
:108BC00006063D0903E5E50408E106EF0A0E11E596
:108BD0000D0DEAF503000D0C09FBEF53EB02FA0E45
:108BE00006F4020A17F5190EE9E9FC050B0EE6E09A
:108BF000EDF01A0AF1F4EEFBFD06FE07FF0D020F81
:108C0000ECF20702EC11E318090703CB1CFAEB2284
:108C1000E6F60302FD230B0904F802F740F709CF3B
:108C2000060DF3FFF311FBF9DFFB47F7EDF2050447
:108C30000908F30EF21900E7FCE6350AF7E6160B11
:108C400007FFFD240D1E020D0EFE0210FC0402EBB8
:108C50001002F804FE2BF906F702E0FB07581CF49B
:108C60000230F4CEF113EA06EFE7C6FDDCF8FEC9E8
:108C7000F5F2F8003107E30DEA1A1BEA00FACF0417
:108C800011DD120EF315120620E7E001DDEEE927F3
:108C900004FFD3E903F1FF0820F3F10EDDD3250A29
:108CA00007ECF53CD602F7000F1E0902FCDEEE0DC4
:108CB0001DFB01071B11F9FC0F021A06FC02060638
:108CC00015EAEC0A07F3F6EFFEF8FB14FCDAE80508
:108CD000F406090DF6FC06E8FC1EF8F3E9DF0917B7
:108CE000DEA0FFFF04000000002000000704EEEA01
:108CF000E6E21C34ED180AFAF1EC0DDF0FF4F6058C
:108D000015FC06C9FCDC0A01F90120FA28F811F863
:108D1000F8F72E01F7F1E00FF0F0092CF303051C32
:108D200007E61A12EC05010600F317EC0300F40342
:108D300018F906F60AFEF9FD0AF2FF08F90001FB30
:108D4000F100040BFDF7030308FEFEFC0CFAFE0322
:108D5000FB0314FB0205F3FDF506EDFFF5FF0D0324
:108D6000F80803FCFEF5F8010105F4FDFF070BF11F
:108D700017FBEC01FDF10A0D050DF0FE0A0907FADB
:108D800009FBF518FC080A0403E5F404F40D0B09CB
:108D9000FDFF0DF9F6FB0011F10A00F304FB04F3EB
:108DA000FA0DF40604E9FAFEF2FE0700F5F0FD2DD7
:108DB000E7060A24F7BEFB0A07FE05F21126F8F1C2
:108DC000F9F503DC08ECF40A0B11E3EE0EF61410CF
:108DD0001806EAFB18EC0F0A01EF1AFA0A18FEF956
:108DE00006FCF4F804F41FEAF61D1D3313F106081F
:108DF000050FFA1B0005F110F212D3D2FC07D610B2
:108E0000FB0E08FAF4F31006D61602EB18FBEC077B
:108E1000AF1EFD0DE9ECF0DA0A1B0DE00CE01203C9
:108E2000E4070D04E70E15F403EA241DE219FC1112
:108E3000E3EBFE2804E203FCFEEC09C8EBF4F6FBCE
:108E4000F7FC19E8ECDB0C11F0FBF40D030CF9094D
:108E5000FFFC2F1D0AFBED031011011D01E2DEFBDB
:108E6000EDE52B1209EE0CFFEDF4FB15F4E8051609
:108E7000FC09F30BF3250B04F50705F80F06110E9B
:108E8000F00610D6ECF913E407FA01030703EE0528
:108E900004FCF61CFBFD0B06F6150B01F80301EDB7
:108EA00009F7ECFCE3F7F7F904FC0B1C042902F0CA
:108EB000F6FFE9DBF0DF19FFE9090DE6E9ECF5075C
:108EC000ED1FED0BF6E417EBFBFC01DC10D70A33CA
:108ED000E118ECEE07E9FB19E7040F1C080905DBB4
:108EE000FCF9F4F71EDA421BE9EC0C0B0409E3EC85
:108EF000EAEC18F9F7270F02F0F203EE14ECFE008B
:108F00001DFD0FB5F8F51C03F5FF250604000BFA4F
:108F1000EF0B2502F2F1DB06EDF60B35FBFC070843
:108F2000FBFA202EF500F501EF0D22D4070E00FD0F
:108F30000709EE0C06FE07000700EBF204FF08FD30
:108F40000807F009F9030A030708F90D0CF50810E2
:108F5000F1FF000402FBFF01FD020E02FF00FAFB1D
:108F6000F5070705FFFF06F9F70AF30A10EBE8001B
:108F700003F811000122170FF0F71B0603F801FC9C
:108F8000010A061B09031E07080B080915F3040E46
:108F9000020A1909F8FF0308010D0418FAFD120965
:108FA0000110EF09F306FE0AFB1A1301F90606FC8D
:108FB000E5110F06FB161FE1EA0714F0F7F6FB13A5
:108FC000010B0219FF030EE809F8FD0904F1F7E2AD
:108FD000F80A090009EEFB15E3F9500EEBFB1AF74E
:108FE000E9E2F5F9040C11E4F2F81D0CFD1C050E84
:108FF000D302E3F70FEB0428FDFEECF3121100F8A7
:1090000000FAED130DFB24F9FC15DEFF01FCDF294E
:10901000051511F608DEF30E0E10FFFE1BE4EDF150
:10902000FE0A091304F507EEF20E09040AF903FB20
:10903000081102FBFD04E9F8E5F7EBF30E0015F467
:10904000FF0808E503EE03FE13FD0510E9FFFA0132
:10905000F6FF000D0B0C0002F4F2EC0FFA11FA0D02
:1090600000CD0904070203020CFC0215F710271CAF
:10907000F8FF0BEB12F2F011EEE1E7F3EDDBF1F1AB
:1090800009F7121207EFF2F20D22F20D0DDDFBEFE0
:10909000F4FB1CE3FBD3D002F305060721E4120F17
:1090A00002DF1624F8F51CF2EDDF1313F50B00EACE
:1090B000E1FBFD040C01173504F609E6DB18E5F6C3
:1090C000EBF4E61113E323F4F61DE9ED0DF5F808D2
:1090D000E6F9F6F826FD051200F5183420D928E344
:1090E000F70F0319F6D022FBFEFD0D18F4FE081150
:1090F000FC1AFA11F40F10F9E6EE1BEDFDFAFEFF73
:10910000F112F009F9EF0809050DF6052900FF0A2B
:10911000061622FBE3F028F604FC3E01EFFA0FEE00
:10912000E5E6B61AEAED0C07DCFE1F17E00FFCF9C6
:1091300009F506FC1607FDF7F611050FF500FE0808
:1091400006030004EC0105F8FEFD0022F7FC0CF418
:1091500003FD04FEF1F109051203C0FE06F1F7015B
:1091600003E7F3FAF1F6F90CFCFE03F810F7F40943
:10917000EC0C0FE5150AF514FFEF25EBFF09EF0ED8
:10918000F7FBE9F5F803FCCFDA0511F919DF07F66B
:10919000EB100BF7F11AEA2AF8D0D91509081302D7
:1091A000E609EF1827FD310BFEE31410110A14F540
:1091B0000614EF0FF4D80E09FDF108E403F0F1E214
:1091C00020EFFEE211F709E80A0BF41205DD2B0C83
:1091D000DEF2280715F4D9FB08EA2E04E013F206A4
:1091E000F5101B2422E12E21DA10020AFD0505FFED
:1091F000EF02F9D7FE01FEF600070F020EF90E028C
:10920000F5080E060A070A0B0BF900F801FAF6FD3D
:10921000FEFF1003E502F9070313230BF8FB020519
:10922000FFFDFCF9030506F7FD04F70201F5F60062
:10923000F006FAF60C23F331DCF723FE24EEF3FC00
:1092400006FDF0FD2EED01F6F402280903EAF4E92B
:109250000203E9FFDFE6FE09F7E6DF16F501E71195
:1092600015E3F72A13FC17FCE20605011513FDFCB4
:10927000ECEEF11EF7FC1F05EEF103FCF2F80BFD1E
:109280000AF2000B080917F4F9F2EC071FFF261A7F
:10929000F0F0090BD7C401F4E0FD14F7FB001DE763
:1092A0000408070CF3F1FD22F0F2100FFBFEFEFBA9
:1092B000050EF818F601F8FFE40400E3010B14FFB3
:1092C0000F0503E411EFEDF3F3050408F5EAFDF2F1
:1092D000E7F105070009FC04DCFDC50BFF11FF07E2
:1092E000F6010204FCFE1209F1E6021BE1F3011093
:1092F000E9071028FC2105F9F0E909E1E80001FB84
:10930000F82607C6F8F018CD04E9FD0B14F803E9B8
:1093100002F2F70403D51CF2FEE00E0BDD06F4F2B8
:10932000FBF1C90616080EF1EAEE0E19F505FB026F
:10933000FEF70007E2000A050503FE0008F210FE32
:10934000FB08F527EF0809F7F20302F3FFEC111B06
:1093500000F103EFF8FDE50AFEFC49FEF90516FFF2
:10936000EF08010A30FB12F6EFFAF90101F60801E5
:10937000EE1CE8EA0E0AF416D81F17F80706DB0DF4
:10938000FCE0F61A0B0E04E1DE18FBF7FAE8010523
:10939000F507F6FD09DC19FD14161F13F40805DAAC
:1093A000BC212608C4D607EEF5D51A11F7F2F01243
:1093B000D8F7EB05F212EFFFFDF2F3D905F8EE0254
:1093C000E61CFD21081A0CD311F3FEF2F8CF00FFC2
:1093D000F2F4F70C1BFF0C09E925F60AEC1212FF58
:1093E00002F5EB0B0BFF1DF7E5CC09271F0CF60A66
:1093F000EFEADF07FCEBEED8F1EFEDE0F5FEEC3243
:1094000007EE0305FBFF110514F7FEF8170B022BFF
:10941000E6EC080DECEAF809E515CC04170A26E994
:10942000E6070A10E1F519FAE6FFFEFD08150DE161
:10943000DFF4EDCEF1F207F5E720F4EC0C070FF6C0
:109440000CF2D3391414F8E10F34EA0F00FBFA10D0
:10945000F8E8EFE720EEFAFFD00500F20B04FCE09D
:10946000FF021BE9F6E31C32F6000D0AF3051013A8
:10947000EF02FAF8F9F0F9FBF30F10EB0D09041EF7
:10948000E70EF7FA06F105F1F20CF20312FF0117ED
:10949000070B100B020EF105FDF31101F608EFF0BA
:1094A000FA0B0FFA0C0914F2F4080B000108040778
:1094B000F307EB1E0BF2FC03DDFD0004E8F8DEF71A
:1094C00004DCFE080AEC0500F90E0F0E1DEDE7099D
:1094D000F9050B11E9360BF3FAFCC701F515011973
:1094E000EB0FFE0E12000DE5FAED041BFCF9FB017B
:1094F000E8FC0F171017F514F2F5FEFD171BFA061E
:10950000F1010617E7F003FEFCFA14FE03E7E00B97
:10951000F60A1809ECC3E42819E10333ED1806FD37
:10952000FE1A0BEF03110410FEED020AFE0DF40CFF
:10953000020FF5F5F914EBEAFBFFF20DFB04F0F175
:10954000021D0605070705F9010201E20AFCF91CE4
:10955000E80402FDFEF3F30D0AFF03000013F60317
:10956000DAEC0604F110F90BF5051C0FFD000600FE
:10957000EDFA04DEEB0F1206E2FA4007F9FC08F1FF
:1095800001FBF40B0AF719F4170300FE09FAF2E6DF
:109590000113140CF3DEF712EF07E804070F1EF8AF
:1095A000FFCFF911F0FA02E7FB0C0B08FA080703EA
:1095B0001B09F5050FF9FF010EFAF5F3090502097C
:1095C00001FEFDF0FCFE0D01F60304FB08F70B099C
:1095D0000001FEFCFAFDFDFC09FB0705EFFEFB02A6
:1095E000F5040101F9F6F704FE01ED020EEFF7179D
:1095F000F2F8F004F412FAFDFEF602F8E606052988
:10960000010207F90A040401F71AFFDD06F7F91B46
:1096100018FAE811ECC4FC1503F40626DD17FBEE7E
:10962000020AE20BF2F00CE4F0D717291324FCFF36
:10963000E1FFE60F01C80210FDFA10E60C230E054B
:10964000EA1300F0FD16D109F112E1021CFCF31936
:10965000F5F709D92708DEF528E0DAFE2ED9F8EA71
:1096600003160004CAB80CFFF1D3120A06FB060267
:10967000F21AF9F7FCFC090208FCF3050601FC00EC
:10968000FC0DFFFA16FDFFFB0407F9F3F6E80506EB
:10969000F90DF7F201FB01F103F0250B0CFFF8F8CF
:1096A000F40B0CFB02FBFFFAFD05F40DFD13190989
:1096B000DD32FFEA3C00F135C94917FBE204FDE861
:1096C000EDCEDB11E3F72DCC1BE8FFE5F106EBEF68
:1096D0000320EA08FC08F51B2D10160E10F933E9DB
:1096E0001B29052110DF0609F7100A0302030E0DDE
:1096F00000F30209FD01E4E7F40605E30AF31A0F9B
:109700000908031601FEEF0207F7F801F40502EE5F
:10971000FE14FF0803FEFBF9EA0405FDFDF6100444
:109720000BDA040905FB08E0FC03FB08EE0A06055A
:1097300006FB061E02FBF8FD06FBF9F5FD070D0E04
:1097400001E70A00F8FF09FF0206F8FF10FB0BFE15
:10975000F3040EF90BFAFA00F510260003F70AF8E5
:10976000FF1004FDEA0501F0F30A14F5060201EF0B
:109770000BF215F50C18F80915F81B05FAF2FCFFA9
:10978000FC01F609FBFCF2080AE106FFFEFE030FEE
:1097900008FB11FEF505F716F416EE0BF2050903AA
:1097A00005FDFBFEFCFFF10C03F1F1EE1702E7FAF9
:1097B00004E8F61CFDFC12F4F4FBF5FF00F409E7E5
:1097C00001E70B27F9EB11F105F6F3F905EA190D9D
:1097D000F0FD070DE7C506F6FFE10E0DF71816FDC3
:1097E000F8F9F60FFC03050AE8FE1F2BF62606FA29
:1097F000F6FFFCE92DFE05400901CDE70EFAEFFD6D
:10980000F30CEF18FCFF040BEFF804F507F01C2431
:1098100000F60AF31E03FD05FC05D808FFE50A0360
:10982000E30D0103F6FBF714FAF60607200F0BF918
:10983000DDF9EFF7FD0F1EFAF0F3FAF6FE100FFF59
:109840000C0509EEFFE51FF0080AEF1CF1F5F32205
:10985000F40D100F0EE50010EFF60FFFFC0E0504DF
:10986000080BFA0F35061CFFF9FCF11313040F0364
:10987000EE00F1FD080EFC11060209E6EF01F5FE0F
:109880000C0007050BF0F7FFF8FAF0070CF20915CA
:10989000F409041301F7EC05F6EAF703FE0608F5F0
:1098A000F0040DFBFAF2FBF8FEFD050DFD00F008DB
:1098B000FE091FE20A0E0720F3E032F7EDF8F6FE8C
:1098C000F30A0304FCF303FDFE0421000AF3EAF9A2
:1098D000F90403FB04EEF5170BFAF90EF613F91170
:1098E000F6111A00EC0609F902111A05FA0AFD062A
:1098F00001E8E90C00E103080D02F9ECF6FB0104B4
:1099000005F1F702FC0BFD0E00EFE70210F7D21293
:10991000F0FB09060AFCFCFF0BFF07F110F8FEEF55
:10992000092CFC0715F20CF2F9EB070DFAF903EF1D
:10993000F601F3E810F10806ED0E32FFDEE6090944
:10994000040FFCFCF1FB14F1FCF6F90608CBFD0357
:109950000EF1F60A0CF804090002F5F002FEF90611
:10996000EA22FDF9DEE50DE401EA0E34F118070301
:10997000E8F301090A11C8E6D913E2EC130FF8E77E
:1099800001081E1E010D10F10AEEFFEF12FFF7FA9B
:10999000F8070CF505F2ECFDE80906FD0DF9FCFAF7
:1099A000F6D60619F0F404E0EDDB1411F811FBF81B
:1099B000FC0009EDFCF510FBFBF4FCF9FFEE04FCE8
:1099C00004F8F235F304FCF61AF7F5EF0AE515147E
:1099D000FAE2070B06EFFE0D040B0D06F9F3150175
:1099E00002FEF303FF0C0E34EEF40D0A0F02E71231
:1099F000F104170DF711E9050F00D7C4FFF3E2F8E2
:109A000013F1EF1715F8FBEFEC03F3F4231CEF044D
:109A1000F1EB0D071FFCF318F8E3EE1611E218ED59
:109A2000D1250223F1E40A051FFE1C03F7F5F70B0D
:109A3000E7F91DFCF80E20EACEF0F1F800DCF5FFA6
:109A4000010FF00705F8060519E90CFCF2D708FF2D
:109A50000819FE0AF3E5F700EFFBFB1FFD060C0CEF
:109A6000EBDE0A100205FFBEF9120D15F912EB0F1D
:109A7000E90806EF27DAF11DEE1705F1F50CF715E9
:109A800003FD030919F80FF5EEFEFEE41002E610DF
:109A9000F71E06F00CF8FC0D0900062A0FE01BF378
:109AA000FB180410FEC910E50501100DF902F8E8D5
:109AB00009FDDE10F01A1229D204F0E70AF8FFF6C9
:109AC000060706090CF611F2030B1A111AEBEB0B41
:109AD000062C02FAF5FC05ECF2EA160FFB07FAF584
:109AE000EFDDDF0CF00B0FF6E02401100313F82D6F
:109AF000F02AF72821150714FDF110F0FD14F100EC
:109B000012200724F01AEFDDCCFE00E129F1F71D49
:109B1000E721F7F1D5E2F10C20FF0CEC0015F9FE7E
:109B2000D40AF90FF5F7171FF1FC0D13EAE41A0335
:109B3000F4F72218FFFFD4EDEBEF04ED0BFFF2E09A
:109B40000811FF13EB0BFAF502D91FFA1DFF0600EF
:109B50000C0BFA16F3EFED09F7EF1726F8F9FC13E3
:109B6000F9DD031DEBF3EFDEF0DB1319DE1D11F859
:109B700006F91F04F212162401E00BE5FC00F5EDD6
:109B80000013F81104ED0B070600FE110D01F4148B
:109B9000122034EAF1F7ECE4FBE50B0E18D61BDEDD
:109BA000F202F71710E60721ED261E06010306084C
:109BB000F0FBEFFFF3FC0500FD1408EC12FBE8FEE0
:109BC0000F01FA0A11EB0AF209060D0D12EEF20E60
:109BD000EDF50E0EED0308080D0A1003F10508FE61
:109BE0000F0E07F8F7090103F9051419D7ED02FE66
:109BF000F7EFDFE0FE06E406E524EA2ACA1BF4F4E8
:109C0000D815020217FEFB0BF2E3EFF501D0EF28A7
:109C1000E418010BE5F9100101061103E3F30BD27F
:109C2000F81B2314DCE930ECE5F230FE0602F8F70D
:109C3000FCF2111D0F0D05FF05FBF003F5F2EB051E
:109C4000F1D30C1906020707F2F9050D20EFD72909
:109C500006EAF8F7F1ED080606EF020C000613FF1E
:109C6000FE2200FAF9F910F10AF7FF0AF6F8EE03FE
:109C7000F70A07030C000C0803FF0C08010CF8039B
:109C8000F9FC161100F6030F05FA060003F8C009E7
:109C9000F50208F40E00F702FB02FC0CF8F1FCFFE1
:109CA000F42F05FBF60208D6F7080EFF01FFF4F4C7
:109CB000E8F7FE1108000E24F9F206EDEC09F506AE
:109CC0000AE5000BF906FCF304F3F9F007EFC11302
:109CD000E6F6040AF1BFFC07F90118EEFE09ECF7FD
:109CE0000704F602F7E9FF0511DA0E2A0C1CFC0C3A
:109CF0000315FF08E912ED26DBF63EF61207081001
:109D00001CDC08EBF3FE20F10BFD0AF703E8F31A65
:109D10000F1405E0F53003E7EFEFD700E60A0AFC81
:109D2000F00F07051213121505072B1705F812FB84
:109D3000D3FD0401FD110909F6F11CD9FFFBF1FB6C
:109D400012FAE8192BE324000A00F10DFA17E70EC6
:109D5000021808FAF3DDF11903FCF12610FAFAEF04
:109D6000EDDAE34226DC1803FA101701FFEE0606CF
:109D7000F40703E905FB1023EDF14307F7F6FDF7C0
:109D8000FB00ED1403F124000C0805FBF1F3E2D213
:109D9000FE0E0D08F7DF010901FEF40F070910049C
:109DA000FEF9000EF10008D3F718FB030705FBFED0
:109DB000FADD141FF130F7FAEAE8FA02F2F1011DB8
:109DC000070C0C1E18EC03E205FEFCED21D8190768
:109DD000F3F9FDE4EBCDF600FAEDDB17F9131E0500
:109DE000F8100FF7D91609F0F2051401271E0C0917
:109DF000F9362033F90701000CFCCBF7CEDEEB2F50
:109E0000EE0D0F04FCE3FFD9E21808F5550604F245
:109E1000010E02F3F2140AEA0E07FDEF07F403EE57
:109E2000E2F105F2EC0C29EDE9F916F70B2C060826
:109E3000D70BF3090A06DFE6F20CE1EE062808F676
:109E40000CF5311B12110AE8FE22D4260EECEEF4BA
:109E5000F10725F603FCFA05EF1402F40FF5F8E814
:109E600000E3EEF7F7FC1EFAEDDF410DF71F19FED8
:109E7000F70ACE10F812021BFA12D412E5E7FDE938
:109E8000010DF00312091CD9FFF0EDF9FAD6F11615
:109E90001F0005F4E2EFEFFBFE101318EBE7E809F3
:109EA000B40D1823D0FF08E6EEED152F1DFC00F6CB
:109EB000EA0CF109EF03F20AF9E7EDEA13F90309F5
:109EC000FCFBE7FDF6FC1DFB12FF00F50CF3C8E6FA
:109ED00003E1FCFD0402F905FDF8EC03FEFEF610BB
:109EE00017DDF60F24050607FFF91F0712151E22BE
:109EF000E22FF4D6EBF90A14FDEBFFE6D5FBEC24D8
:109F0000F3E9F9F9FDD5B0FECE010FD37F04F7FEDA
:109F10000F0AE5161519251217060309FDEA2BFB92
:109F2000F7E800FB3BF60D11FC030BFD140EFE02DF
:109F3000F8F1F8F9DC121D08070018F708F1F6F837
:109F400009F7FB1AF9EA11EE07FF0AFF0E080703EB
:109F5000021607FFEFF7F30AFBFDDCFB0309130012
:109F600005EEFA16120208CDF71904FE0004FCFFF4
:109F7000EEF3FC2D04F91509F70708F3F504F712C1
:109F8000F6D60E16F600190AE2FB051B19F4E721B6
:109F90000200FBF5F5F207FF06E513060E0B0EECCB
:109FA000FD2D06F303EC0DCE0101020AF70EF80AAF
:109FB00007191B35FC060BF005F30905EBF2ECF174
:109FC000FEE7FD14F80B0EF6FFF10A0018E41E156B
:109FD000FFEF0805D6C5F40103001105F6180501C9
:109FE000F41813080F0E08FFFCF3260DE90EF00914
:109FF00002F6FCFAF60FF0F7F50BFA090A00F0E9A1
:10A00000F8F207FA0EF801F10DFBFF07120008073E
:10A0100002020604F402FB06F302AD00FCF5F2FFB7
:10A02000FBF50B06110B020AFDF4010304F80BFD0E
:10A03000F022FA06E12C093EEA0A21F02407FA068A
:10A04000F3F30A080CFBF1F4FFFE17E11DFEE4F543
:10A050000004F0F8DAEF15ECF204120B0200FD0C2C
:10A0600006F90DF62BF715FE050E0EF7E8FFFE02BA
:10A07000E8FDF11DF4FA13F7F5E9E0E5F8E20AF678
:10A08000FF15FF06F8F60DED10E0EA0E10F2FBFEEC
:10A090000717EFFFF9F9FFFE01F400F4FC03E80CE9
:10A0A000FDF6F818F50709DC04221D18FDFFEE1374
:10A0B000D7EC0E09E41B1AFFEAF8F1E50707FCF7F5
:10A0C0000D12F81912FD02E618F600F00EF4F11365
:10A0D00009151903F9EFE101E2E90D0E00ED03FFA7
:10A0E000FE1BF5112711F8E2EBFF16FEF9FFFC0E3F
:10A0F000EBFAECEBD81217F8F8F234F00DF50EFE8F
:10A10000FFECF9E7F4FF07EDFE11E50803F111FF9D
:10A11000EDFC15091AEAFAFDF210EEE3FBF414F572
:10A120001906DD0FEDFC26E7DDD00E1E0A06F9FA52
:10A1300015FBFF0504FE24FEFAFD12F100000805E0
:10A14000091017DC00FB2504F60DF50A11020500C5
:10A15000070E0A030A0202FA01F70AFD0D0103F7CE
:10A1600007FFF407FF07080404090001F9100812AB
:10A17000DA15F80E2800FE06F6EEDAE0F7F5F8122A
:10A1800003EEE41BFB0AFBD6E9090108120DF415E6
:10A19000DEDAFAFCF3CF0F120C0311E0F31528ED11
:10A1A000D91CE810E9E61623E603011B0412F7FDAB
:10A1B000E0DBFA11EC01FFEFF5F4F7FB06FDFCF62E
:10A1C000FFF8FA0E08E8080A13E8F0FC0C05FF1681
:10A1D00005F3FB01F3F9FCFDEFF1F305F3EFFCFAF6
:10A1E000E720F80F2904FEF9F4F9F1190203F90543
:10A1F00003F7FB2CF4FBF2F9EF05EAF2FE10F6048C
:10A2000009F70BF8F8F11006D60B08051300070341
:10A21000F4F10A02FD050401F30B1DFE011601FC19
:10A22000FF0307F507FE0A0BF801F8FCFD0CFDFD26
:10A23000E6F0E319F3F1DCF9DB19FADF0B0D10F2AC
:10A24000F1F70BFF001821EA03FEFAFFFFD82C25D7
:10A25000D20925F40A0702DCD6F31218E014F6F44A
:10A26000EBEE060B02E31BE9FDE9221A12FAFFFDF1
:10A27000F9FCE60BF30D05FFFF06FDF90FF8E4FF0F
:10A28000040CF0D809060C00F3F808F2F801F8FA0B
:10A29000F9FAF707030900F60104F0FD0709F9FCD4
:10A2A0000A07FDFE0FFE0703F1FCF101F40F11E4B4
:10A2B000EF091C10DC170FF9F6F40AFFEAD7F1E8F2
:10A2C00017F7E5FCF7FAFEEE09F8051003EA162980
:10A2D000DCF729FCCFDCE112140C1A17070AEC009A
:10A2E00005171512240F0E0B0BF3120DFD1BFDEDC0
:10A2F000E3F3F3FEFD0B05F3F40317FCF9EAF006B4
:10A3000005FBE7F61103EEF9EF00F402FE0207FA8F
:10A3100000091013F508F9FE12E816F9E801020029
:10A32000F30AEB01170B0410F810FFF909FF190AE3
:10A33000FC09120907FDEB0AE906E9F2FFE70D0C3B
:10A3400003091216021D10F0CA0C08EF08F1FCFFF9
:10A35000FA0CF5FD0406F3FAF7093209FB12080DB1
:10A36000FFDF0AF930FA19EFE6D4140E0D26EEF5E8
:10A37000E5300B080EFE1112F0ED1507F30219E897
:10A3800013F9F7F2CD0A02070B1208FC2401221080
:10A39000E5F50DF4F2F1F419F8CA191A0209F312ED
:10A3A000F71B04FD11F8ED1A01FB1B1E0019FF0D30
:10A3B000E914E21BF8F5F3FEFB01ECD7131AEFFEEC
:10A3C0001FDE00FAFE0922F3150EDC0217F1C802A7
:10A3D000E3F91007DF1E02F5F615E00A0813FEEF99
:10A3E000031C040909F414F4F4E70A070B04FA0245
:10A3F00017F6F3FBEB02FDF71504F709010305FD62
:10A4000000F80208FEF705FD0208FFF6EB00F8056C
:10A41000FF0609F7FEFFF801F105F1F70A080EF84B
:10A420001203080310F501FEFD04FAF4F0FEF9032F
:10A430002704FB0804F4001A0B09FFF7F300FA02E3
:10A4400004F90BEEF6020C10FB0D0A03FF0308FCE7
:10A45000FE0C01FDFC1708F908FA040403FD0608C8
:10A46000E70603F0FAFF0CF0FAFCF904CF06120439
:10A47000EF2EEFFEF4F8010DDBC31DC301FB050E4B
:10A48000FA0100FADDF30107EFF4100E00EAF10A19
:10A4900005071FE6D2F5FCD7F9FBDE12050400061E
:10A4A00014300BFF08DB12E90221170EF60C01F243
:10A4B0000C021201060EFAE1FB04F7F60EF5FF0599
:10A4C000F60B12E419030801FCE6FAFC0DDC0FFDA3
:10A4D000010318F701F0FDE8EA280F1205F5FB006B
:10A4E000F4F212FEFDFD03FEF4181D16FD0EF50C30
:10A4F0001E01FF09F7EC06FD0402F4080207020240
:10A500000102FAFEF1FDF800FD02FAFE110304FD5E
:10A51000F005FBFE0BF6F7FCFAF7FEF0050206FF6E
:10A5200000020B0105FF0AF1FC050206DF170D18FA
:10A5300005E1DE02DE25010103FBF2E6F7030AE78F
:10A54000F11017F424DFFACFEDF8DF0D07F00FEC70
:10A55000DBFB13F40DC80C0AF7F2DEFBEEEE01F0A4
:10A56000F00AF6FE17FF0113FAFD1C0DE40AFCE7E2
:10A57000FAEFF5DFFD0B0A20F7F20CF0EADDFDE063
:10A5800007F8E3D7071620DDF604E1E510DC001537
:10A59000EBE914071EE8E20F05FE050AFA210F0198
:10A5A000F900E00F14D23039FC14161410FFFF002C
:10A5B00006FB0140F9F5FEFCEFFFF5F80208FDFA95
:10A5C00010FEFFD1FCD9F9FC040AF4FF07EB0B0ED7
:10A5D0000BFE05070EF90A09FFF902FC030CFC0843
:10A5E00008EBF2F5F8FD13FEFE050516F8F9F7FE87
:10A5F000050EFA11F5F705F6F503FDDFF901EF0198
:10A6000000F003F5F7D9C7E9FEF6F5F5F5FF02FC12
:10A61000FD02FD1011F508FD05020CFB06F90CFB0F
:10A62000F3F0E8F4FCFC1105EED0042BFE1F10182B
:10A63000021902F121FD1A08FF093C0304E8F007A2
:10A64000F5F9E7E506FBD3DC0C0DFC10EFEEE3FFBC
:10A6500006072DF3060706EB06C8FAFE20FCFBEB07
:10A66000E827C515F5D105F2E10A1BFEFA0002F74D
:10A67000E9F815F904182306DFF1F902E9F0F5F11C
:10A68000E417FE0501EF18F40D131C0107EDEB0AAA
:10A690000B1312FA01E7F109F6ED0221F3FC06159E
:10A6A000F2051DFDF4FD0EBE050BF611100904FAAE
:10A6B000E60CF1EAFFE8000DE0F800F30D0204FDFE
:10A6C000FAF6FA1FF214F9E8E406E7F402E82D09B5
:10A6D000FAF9FBE608EFF21312F6EF040601FEF6B4
:10A6E000E6FD14F5FFE3121805F11112FBF1F8FC79
:10A6F000F30DFBFD1715FB2301061AF3050E04EEFF
:10A70000FB0A0910F5F60BFDF90A0F0D0DF3D6F44F
:10A71000FE000EFA15FE050B07FBFB0DFFF40B0BFD
:10A72000061BFDF7FBEF0FFEF51E040605021301E5
:10A73000EEEB050DEF0EDDF7F507DF0B08ED03037C
:10A74000050BFDE703F4F0FC00FCFE0BFAFD06FB35
:10A75000F717120903FEF601DB0FE600FEF7190BEF
:10A760001BDB01120FFA0DE5FFFF170DFE1CFBEDC1
:10A77000DC0F001D0FF0F91CF9F0F2EA001B20FBC2
:10A78000F201FAFD0206C3F4FA07FBFA24EEFE0A10
:10A7900003ECEEE80F1AFDF605E7D20515D7050420
:10A7A000001603FFCCDD10D4F2EB1A0803F9F80011
:10A7B0000719FF0AFF05F704ED04100206FAFB0073
:10A7C000FF000DF90E000E0BF60708F2F7F20F0767
:10A7D000EB0406F4FF12F7FEFB071B0F0814F4024C
:10A7E000F10904F603F402F3FE05FC0206000FF380
:10A7F000F704E302DA010F2B050026FFFCFFEEFD54
:10A8000011F5F011F5F525F6F602EB0702FCF7F766
:10A810000A3508F8F9F2FF03EEFBF4FC14FF01E837
:10A8200006F3F607ECF90DDEF61BFD061CF60E0D21
:10A83000E20E0307F6FBEEFAE90A07FEFBF2F11659
:10A84000FB04FEF60AFD02EBEF0D06FBF80AF5FB32
:10A85000E5F20C0DFF090906FBEC04F9F1F2F9F63B
:10A86000FD18010A0303080CFF0118110102020080
:10A870001D0209F1020EFA1217F5140201FC00057F
:10A88000FAFEFAEF0AF4EF1500FA110313F20204CC
:10A89000FCF800FF0104FB0BF6041A0BF5FC0302A5
:10A8A00005000803F913F2F504F204F603FFEC3196
:10A8B000E5F42014F538F606E7EC1D040B07FC0D53
:10A8C000EBF70AF0F8EC0F12FDF1EB0D21F3FA07AC
:10A8D00000F80AFB1100140709D9FA43DE08020E3A
:10A8E000F8E414FBDA0702111A0B043DF90DF80F16
:10A8F000D1EFF3DB0DFD1556EC0701000EE7EDF689
:10A900000006FA0B12F613FA090FFE07FAE5E2F554
:10A91000EF1300F7E4C8F80801EBFEFF070AFB0895
:10A9200003C9F914FD050EEBF91013F6FC130A0622
:10A93000EDFB0708CF2BF717FFF0F9EBEC0B0D023F
:10A94000FC27E61F0FEC0BFC00FDFBE818DE3A12BB
:10A95000EDD8F2F3DCD80A0E1AF0061624D3160A44
:10A960000B06EF0008EF430ADE193123FEFC06FD5B
:10A97000F1FDF4B301F805F4F200E3EF02F804FA94
:10A98000F81415F00C0D1CF71A03F2FA0CF3FD0481
:10A99000E9DEFF0405F00BF50915FB00F90412FCD4
:10A9A000FDFDFEFC06010D2AF0FF0B1FF611FB005A
:10A9B000E7E7FEF30C19FAF3E6E9DCF3F4F7F8F64F
:10A9C000FAFFF7F917F216EC051C110327FFD82739
:10A9D00012FE020D1DDFF7090DDCE62ADBF9191A5C
:10A9E000D4130F02F91203E2E909F915FE070EFC70
:10A9F000E2F51BE6F735F402DDF8F806EFE8D61DC0
:10AA000005E1F0050B14170CFDFE0D1802060A09EE
:10AA1000F30304FEE30AFAEFF3F3D40CFEFDF5FFB3
:10AA2000EC0FF70518F6020904F61D12F5FCF9F90A
:10AA3000E8FB032BF9FFDA1DFAF701E6FA22E91128
:10AA400014ECFB0EE80DE507F5FDF1FC29FEF10223
:10AA5000EDEF14E5E5DDFFF414F1D002FEECF9E8CA
:10AA6000F328FDF1FEFD0FFEF5E515FE190701FCCB
:10AA7000DD1402F90306DD1203123413D60E13F3AC
:10AA8000070307F3F505080B1107FEF002F203F7C1
:10AA9000EEFA1302FA08DEF5F30719FCF915EBEAF2
:10AAA0000BF5FEFE1203F7F9EBC60021010208FACE
:10AAB000F1F91B12EA0823F20BFA1BFAF6F4FF0A6B
:10AAC00002ED0D0BEA0A110605DFF90D03F3101371
:10AAD000F20D0E06F0F7FF02F0120A09FC0B0AF65F
:10AAE000FDEBF9F401FAFD06FF04F6FEF6FDEB05B9
:10AAF000F51A13370A03E60D03FDDD00050DEA0E16
:10AB000008FB1B03EFFBE200EE00F7F93A02D1026B
:10AB1000DC0614F3EBF2F7F711F7EE08031FFEF370
:10AB2000F02000FF09050BEBF8E806FEFCF20EFC36
:10AB300026051A000E0804011AF70803FFFBFCFFA4
:10AB4000F909FE080F06F4FD0AF1FE04080200FBF5
:10AB50000DF5FC0B03FD05030905120CF7F9F404D0
:10AB6000FDF7F402F40EFD0B08F9050702FCEA08F4
:10AB7000E601FFFA160A1227F8FC41F1111B01FE4B
:10AB8000F7D8EE0CEB0F0905FFF007E30EEBF4101E
:10AB9000030309E6F207FFD701F22E14FC0013F8B5
:10ABA000F722090928F3FDE7FDEF12FA09FD10FF6E
:10ABB0000B08EB04ED050AF9020502FE0A02050581
:10ABC0000C02F5F9050DFFFBFF00FC03EB04FB078E
:10ABD00000FAEB06FBF5050203FC10F80A0BF5F88A
:10ABE00012FB010E0DFF0C00FE000101FB070CF92A
:10ABF00007FCE6FD0313000DC90306EFFFF8F2FAA8
:10AC0000F7020BFAF5EF01040AEEF6000AF800FE6F
:10AC100005F8F911FFE5FB1001EFFE0B0D06000230
:10AC2000000003080AF40EFCFE0706E5EF0C0FF522
:10AC3000F3F9F30319F507EEFEF204E5E3E2020F80
:10AC4000FEFB0100F703180518EBF2080FE0D3161E
:10AC5000E8E9FB0FFEF11914080EF90316F4FCE9FC
:10AC6000F31ADA0CDEE8FCE6F0EA07170AF909FA4B
:10AC7000F606FFF2E4FCED18F40309E116F1140006
:10AC800003F606E106F1FF1AFCFA0706EDF302F9F6
:10AC9000F3FEF800FD0B04EFEAFD27FF1005FEFEB2
:10ACA00006EF070636080EE8FBFDEA0C0B1315FD50
:10ACB000E0060705F9FDEFF9EBF010F1EBFF03F308
:10ACC0000AEFFBF4030A00E7E9060D0C10FBFC0693
:10ACD000EBFE1513FF08F315FAFF09F5E70CF60272
:10ACE000F20E08FAF3F3EF010EF30906EAC0FFFFD4
:10ACF000040000000002000059F4FFFF9A0A00005F
:10AD00004A070000DBFAFFFFD0FCFFFF32F8FFFF2D
:10AD10002E06000054FBFFFF4BF2FFFFFA09000074
:10AD200001F9FFFF40F8FFFFF1F4FFFF8100000091
:10AD300004FAFFFFFEFDFFFF91F8FFFF820700000E
:10AD40005AFCFFFF2FFAFFFF0908000005F2FFFF82
:10AD50009AF4FFFFF8FBFFFFD5F7FFFF84F9FFFF31
:10AD600035FAFFFF35F4FFFFDBFDFFFF51F5FFFF75
:10AD70003CFDFFFF1DFBFFFF51FDFFFF78FEFFFFC6
:10AD80002DFAFFFFC30D00007AFBFFFF8BF7FFFFDB
:10AD900076050000AFF5FFFF32FEFFFF00FEFFFF6C
:10ADA000C80300002CF8FFFF8DFEFFFF55FFFFFFDB
:10ADB0002DFAFFFFF7FCFFFF0AFBFFFF28FCFFFF58
:10ADC000E8FAFFFFF3FCFFFF4DFFFFFFBDF6FFFFBB
:10ADD0006CF9FFFF16FBFFFF23FDFFFF73ECFFFF86
:10ADE000CAF4FFFFE1FBFFFFCDF9FFFF680400009D
:10ADF000AE0100009EF5FFFF51F5FFFFCCECFFFF19
:10AE000076FFFFFFF2FCFFFF30FDFFFFB5F9FFFF0C
:10AE1000E0EEFFFF80F9FFFF14F9FFFF6101000082
:10AE20003CFBFFFF9BFDFFFFB4040000BEFDFFFFE6
:10AE3000DAF6FFFF38F1FFFFE4FDFFFFFA03000041
:10AE400027FDFFFFA8FAFFFF81020000F2F7FFFFD6
:10AE5000F60A00007EF6FFFFFEF9FFFF24FBFFFF6E
:10AE60007DF9FFFF56F7FFFF19110000CC0E00001F
:10AE70000EF9FFFFCC000000BC0D000088FFFFFFB3
:10AE80009FFDFFFF78F8FFFFA0FCFFFFFFF6FFFF2D
:10AE90007B000000E9F3FFFF3EFFFFFF8AF9FFFFA1
:10AEA0001EFBFFFF4007000006F6FFFFEFFAFFFF63
:10AEB0006D0C0000CAF9FFFF9CF7FFFFDFECFFFFFE
:10AEC000D0FEFFFF55F9FFFF78F6FFFFCBF9FFFF3C
:10AED00005F8FFFF820500006EFAFFFF6116000013
:10AEE0009DF8FFFF760E00007C210000EBF7FFFFCE
:10AEF00098FDFFFFEBF8FFFFF6C2FFFF0400000024
:10AF0000801C00000000FFFDDF00010DFFFE0302BA
:10AF1000F8060FF42600DD00080614FDFCFCFCFB1F
:10AF200019FC1307EB09F9020C0A04290DFE03EDC5
:10AF3000FCF90F0907F515F6142C0D0DEBF8F1FBD4
:10AF400003F5010A1FD112E5DB0304F8C60604ED80
:10AF50000003040BF10322FCFDF8021A0CEF1E0F94
:10AF60000708F90001FCFE0300F10DF9FEF6F00000
:10AF7000ED0CFCFF03F3F9F7EE0F04FEED04040003
:10AF80000903020402FB0300FBFB04FF00FDFFFDBD
:10AF9000F70AF7E9FA012B0006F5F902FA0201FCBB
:10AFA0000305F7FEEDFE06FE061E00DF05FB0006AC
:10AFB000030313F2FA0B000000001F0208FFFFFB5F
:10AFC0001708060BE10AF3FDED022E0B0406FAF852
:10AFD00001F40A2206FF020604FD03030B03FF0629
:10AFE00003F7EFFE0201FDF800140303F9FED4FAA3
:10AFF00004EEFDFF040AFA0D0A080004F3FD030540
:10B000000106F90100020302060003F0FFFD02073A
:10B010000C05060FF20B2B0500F0FA0408F14BFEAD
:10B020000B07FF03F802F7FB11FA040702FF02EF18
:10B030000DF6F904090A070619FA0301FB0009F3E2
:10B04000B7F6F30AE71400F80105AAFCFB020E03A9
:10B050000AFF06FC0203100702FFFF08F4030B06B9
:10B06000FCFDF700FD170200FF02EC0701FEFCFFEC
:10B0700004EC00030109FED1F4FC03FEFAF40A001B
:10B08000F70DF3F10003FEFDE2000015FFFE06FEE2
:10B09000F80611F42601E00006FF19FBFCFBFEF5A3
:10B0A0001AF41107E80AFC020D0A02270FFF03EE4B
:10B0B000FBF9EC0B08F221F0162C100EEAF1EE1160
:10B0C00001F5000820D212E0DB0104F8C80602EA0C
:10B0D00001030406EC0226FFFDEF021EFAEF1E0C30
:10B0E000050AF80102FDFC0301F10CF2FDF3EE0389
:10B0F000EDF6FEFFFFE8F9F8F21004FEEF03040599
:10B100000802021101FA020005FB0300000002FD23
:10B11000FE0BFAEDF901280105FCFB05FC0113FE0D
:10B12000040012FCEEFB04FF071AFEE906FD00070F
:10B13000F8040FF3FE0EFDFF06FC1C000A0103F4E9
:10B1400003030108DF0EF6FDF101140C0202FBF807
:10B1500000F3090705FF060604FF0404F2040107D3
:10B1600006F8F4FE030100FBFF15FFFEF8FDDFFA11
:10B1700007EBFDFF0403FD080506FC03F8000703C9
:10B180000204FAEB000403010C0103F200FE0308C1
:10B190000D070710F00E2C0400F2FB0606EE50011E
:10B1A0000A03170BF801F40013FA020C03FE01ED79
:10B1B00012F5F0040A0906071BFB0303F8020AF55F
:10B1C000B3F4F108E41600F70504A0FAFD02100438
:10B1D0000EFF06EF0203110B0202FF0AEF030B033F
:10B1E0000804F5FF011A0301FF03EA0403FEF90155
:10B1F00005FF02030504FFCFF4FB03FDFC000B0376
:10B20000020DF20AFFFDFEFDE500001DFFFF09FB38
:10B21000F70611F42701E40005F91EFAFDFB00F022
:10B220001AEDF707E50BFE040F09FF24110003EFE9
:10B23000FCFA080C0AF12BE9172C130FE8EAEB10C3
:10B2400000F5000721D313DBDCFF04F8CB0501E890
:10B2500002030401E7022901FDE70321E8EF1E0BC9
:10B26000090AF70104FDFB0202F10BEBFDF1ED060B
:10B27000ED0FFF00FBDDF9F8F71005FDF005050106
:10B280000A0202ED00FA01000EFB0201000204FDB9
:10B29000050BFEF2F80125010403FD08FD01250060
:10B2A00006FC0BF9EFF802000915FDF407FE010892
:10B2B000EC0510F30310FAFE0CF819FE0C0308F766
:10B2C000EFFEFC06DD12F9FCF501FC0E00FFFDF9B6
:10B2D00000F208EC05FF0A0604000605EC05030968
:10B2E00006F8F9FE030002FDFE15FCF9F6FCEBF989
:10B2F0000910FE0004FBFF020105F802FC010A022E
:10B300000201FBED00030400120203F40200050A2F
:10B310000E090811EF112C0201F4FC0705EB530490
:10B320000AFFF812F701F10815FA001103FD00EA0F
:10B3300018F5EC040B0805081DFB0405F6030B14B7
:10B34000B0F3EF07E11800F5080397F9FF021104C5
:10B35000110006E3030412100206FE0CFE030C01AA
:10B360001A0CF2FF081C04010005E80006FDF602B5
:10B3700006F90303070001CDF5FA03FCFD110C04E7
:10B38000120CF11300FFFEFCD201001EFF0009FAAF
:10B39000F70711F62802E60102F621F8FDFBFEF19F
:10B3A0001AEE0109E40DFA021008FF2E120402EA57
:10B3B000FBFBFC0C0AF02BE7172E150FE4EBE9F072
:10B3C000FFF6010524D119D8DAFE03F7BC0500E821
:10B3D00001020401E4022DFCFCE80323FBEF220838
:10B3E000070AF3FF02FEFA0105EE0AEDFEEFEC0795
:10B3F000ECF1010001DFF9F9F916FFFDE70408049B
:10B400000A0002FF0000010012FC0200000104FA21
:10B41000060A00F3F70220010506FE0700FF2800D8
:10B4200006FBF2FBEEF602FF0817FDF60800010826
:10B43000E905F7F30311FAFE0FF815FC0C0309F602
:10B44000EDFDFC07DC11F8FCF601F80D0300FEF938
:10B45000FCF109E706FF0B0405FD050504080509D5
:10B46000FFF7FA0001FF02FEFE14FAF8F6FBE9F915
:10B47000090CFE0003FAFF03FF04F901FDFD0B08B0
:10B48000FF06FB01010B0500100303F40201050A8E
:10B490000D0B0A12EE142D0201F6FB0805E8540408
:10B4A0000AFDF914F701F00816FB001203FC01E88D
:10B4B0001AF412030A0606091EFB0506F6040CEC34
:10B4C000B1F3EE09DE19FDF50A0297F90003120542
:10B4D00013FF07E1040412120207FD0C0E040B0215
:10B4E0001D12F2FF091E04020005E80007FCF2022B
:10B4F000070E0403080001CCF4FB05FCFB160C0E40
:10B50000180DF0010009FFFECCFF0119FC0006FE3A
:10B51000F80812F72703E60204FD1DFBFFF8FFF50C
:10B5200019EFEB07E70FFD021105022B0E0304EBE9
:10B53000FAF9F30D09F126EA162E150FE7EFEB09DC
:10B5400001F7000620D314DADB0004F1BE0700EB9C
:10B5500001010502E8052BFCFDED0321F1ED220AB6
:10B560000810F90103FFFA0201EE0CEEFEF3EF07FB
:10B57000EBF6FE01FBE2F9F8F41502FEE508060C15
:10B580000F0201F000030102E5FB01F9FE01FF01DA
:10B59000010BFCFBF802280402FCFD0AFFFF1E045D
:10B5A00002020DF9F1FAFAFB0C1501050201010383
:10B5B000EE01EBF20114F70006FB17FD0606040E80
:10B5C000F1FEFD00E21504FCF002FF08E403FEFBBF
:10B5D000FFF008F505030B0202040604FB04070450
:10B5E000FFF9F4FDFF0202FDFE0DFC00FBFEE7FD8E
:10B5F0000801FD010A06FF03010EF104EBFE0F0A2C
:10B6000000FEFAF80106040308FE04E8FEFF00113C
:10B610000D090412F10E2E0701F4F90607EC4F068E
:10B620000909050CF702F40414FC030AFEFC03EC00
:10B6300013F3EF02090CFF091AFB0704F6060B10BF
:10B64000B5F6F004E21900F904049FF9FC030F06B3
:10B650000DFF06EF060611060307FD08F1030F03B1
:10B66000110AF70104190100FC03EC0A0603F801B2
:10B6700005EDFE04020E00CFF3FC04FFF9090806F5
:10B680000C0CF20701020AFBC4F108FAE3FEFC0409
:10B69000F90808F52906D41308050FF608F6F6EBA5
:10B6A00016000901E80A030A110703190EFFF9F44D
:10B6B000FAF9FE0C08EA15EC1A311710E3F6E8EE79
:10B6C0000B0804041FD310DDD40411F3C012F1F1F0
:10B6D00000030B06E81029FDFEEA0A1EF0EF210820
:10B6E0001812070D0900F0FFEFF214FD00F0EF074C
:10B6F000E10E010DF7FEF8F8F113FF08E51206035D
:10B700001B04FBF000F9FF03AE0202F10201FE058B
:10B71000FF0804FEF7011E0204FAFC0E03FD1B06DF
:10B72000010715FBF5F9ECFD1012061400050202E5
:10B73000F801EBF30115FDFF02FD1DFC03070202FA
:10B74000F1FAFC01E5130EFEE602F909C10502FD5E
:10B75000F8F002F606040B0502030502EFFF07FFEF
:10B7600004F7F2F903FF06FCFF08FB04FCFEE5FF0B
:10B7700009FAFC00140A0002031AEE03D5051504A9
:10B7800003F9F90C01080B0A05E40DB1D801F51C09
:10B790000B07F517F60C122602FAF4071BED45FE0F
:10B7A000033A14F6FA0000080FFE1102F5FA06F942
:10B7B000FFF808080909EBFC1CFCFCFEF80D06FA72
:10B7C000BD06FAF7EC1C02FB0109ADFAFE0BFC0A00
:10B7D00009040FF9061913F2050400050404130601
:10B7E000080A08090719EEFCE304F529FC08020120
:10B7F000F702F116F544FFCDEBEFFA0A05020C074C
:10B80000051AF0F804121DDBBBED08DDC6F5F002E9
:10B81000F20D06D5280DD2150D04F4EBECF503E579
:10B82000151BFFFDE9FEFD071107FF1C1702D607D8
:10B83000F7F9011400E607021B423B11DEFFE508A1
:10B84000050FEDF625D814E8D00303F9B11EF3FA7D
:10B85000FF041405EE1829F801E5131B0EF322FA74
:10B860001D0CE236F602F601F0FB151802E7EF09AF
:10B87000D9F4131CF424EFF8F41DFD1AE1180E049A
:10B880001EFDF5EE02040006B2FF03EE0103FC0EFE
:10B8900007080203F70014FF03010210070127073E
:10B8A000FA10FBF8F6FFF0F80E110A14FC08040A6F
:10B8B000E90313F4011EFDFF05FD15F8070702EE6D
:10B8C000E7F9FA05EB121102E804EE08C00402FBE6
:10B8D000F0F0FFEA08050CF6030204FFFDFC0D0280
:10B8E000FAF5EEFCFDFB05FBFC04FD09FA04F2FE93
:10B8F00009FDF5010F13FFFE0117EC06DA0112072F
:10B90000FDF9FB0B00FB0C192FC41D81B7FCEC1AD1
:10B910000E03E03EF60CD55305FEF8F744EE38EF83
:10B92000FF5DEDFEFDFBFF1207FF0F09ECFB10FCB6
:10B93000F5FAF2021809CDE228FEC3F8F119FFFA70
:10B94000CC241605E4180BFC040FC7F90618D5061D
:10B95000FD000C00022E1CEF02030A04EF060F0C80
:10B96000041108F61818D2F6B9EF0339FF0802F9E6
:10B97000E90CE92A0D6D0ACFE4DFF10B13F2100791
:10B98000081EEDFF02F7FDFDE4010119FFFD08FAB5
:10B99000F80610F328FFDFFF06FB1FFBF9FEFDF49E
:10B9A00019F30A02E409FA030E0A002C0F0003EC53
:10B9B000FBFDFC0C09EF28EB152E100DE8EDEC1249
:10B9C00000F5010624D116DCDA0003FCC30301E80C
:10B9D00002040303E70129FEFBEB0420F3F0200E31
:10B9E0000605F40001FBFEFE01F10CEFFDF3EE0392
:10B9F000EEF8FFFE03E3F9F8F50F04FEF3FE07FB94
:10BA000004FF04F0FEF7020132FA0307000303FF0C
:10BA1000000BFDEBF901270301FEF808FDFF27FAF3
:10BA200009F907F6EE010B020718FEDE06FA010817
:10BA3000F10002F4040F00FB0DF91DFF12FF070DCA
:10BA4000F102FA14D813F0FBF900FD061E00FDFD0B
:10BA500003F407F105FE090805FE0304EE02FF10DA
:10BA600009FAFE000303FCFFFD19FDF9F7FEEBFEEA
:10BA700008F0FE01F8F8FC0002FB00020B0102FFD7
:10BA800002FDFA0BFE080402080003FB01FF040993
:10BA90000B090610F1102B06FEF2FD0309EC51FC18
:10BAA0000AFDEF09F907F70212FC0209040201EC92
:10BAB00015F4ED03090709041CFB0804FBFF08ED5E
:10BAC000B3F6F010E21700F30704A0F9FF020F0429
:10BAD0000FFF09E60104130A01FEFF0CFE020C042D
:10BAE000100AF5FE041CFE030305E90005FBF5043E
:10BAF00004050205FEFEFDD0F7FC03FDFA090B0A62
:10BB00000C0DF1041CFEF611FE15FB1801F90AFAE2
:10BB1000F50C20F029FDF2F203FB23F9F0FF080DEC
:10BB20001AF1F1F8E401FAFE0E0B02330A0208E200
:10BB3000F7FE020D0BEE1CEF142A120CF200F0F0CF
:10BB4000F5E9FC1426CF15DCDFFFF5FAC7FB0CE89E
:10BB50000504FDFDE2FE2702F7050320FEF2211495
:10BB6000F904EB01F9FA19ECFFF209E8FAF4F10231
:10BB7000F5F9FDE808E50CF4F10910F7FFF503030A
:10BB8000FAFD070F02F8030656FF030C0206040035
:10BB9000FD0C01E7F9023400FDFCFA05FD0232F666
:10BBA00007F70FEFEE051603061BF5C504F30105B5
:10BBB000F9FE0EF7061707FD0DFC26FF19FC06021D
:10BBC000ED01F61DD211E9FC00FFF4053DFCFEFB82
:10BBD00000F3FCF201FD060A08FB0007E9FDFE1276
:10BBE00009FDFF030203FDFFFE1BFBFCF501E9035A
:10BBF000081200FEE7FC010004F208021C01FB0031
:10BC000002F9F70FD9080907F6E206FBFD0C021747
:10BC10000BFEED19F00E181EF6F1FCF827E74FD9D0
:10BC200009000005F913FBFC15F902030706FFF1F3
:10BC300003F3F1FD09050FF91EFFFE03F8E705E622
:10BC4000B303FC02D91806F5080FABFF030A01067F
:10BC50000FFE11F1000813F70EDAFE0DFF021100BE
:10BC60000B080FFE011FD7140E03EC0801FC050C96
:10BC7000FD16FD25FEFBE9C9F5FCF802F6070B07EA
:10BC80000917F10C37FCEB73FF20F714050311F7CC
:10BC9000F80D2A1427FBFAF402F33BF92502F91FE9
:10BCA00014F502F3E4F5F9F50909FB38FF040AD0AD
:10BCB000F8000D0714F007EA1219EC09F519F2154E
:10BCC000FFE4142E2AC619DBDCF804F8C1F10BDC02
:10BCD0000405EBFDDEF92507F22A042201F4211800
:10BCE000F700F8FFF3F623CF06E50AE6F8F9F6FECB
:10BCF000F9E9F6CF15E81CF5EF0613E901F302FCAC
:10BD0000F8070EEEFF00040756FE020E01070203BD
:10BD1000030BFCEEF9003003F601FB0102043DF0D9
:10BD200005FBF7F0EC0D1A00081AF4C802F402043F
:10BD3000EDFFF3F4051D0BFC0EFC21FE18F60513B8
:10BD4000DFFFF518CD0DEEFA0401E90741FCFDFD1A
:10BD5000FFEFFBEEFFFE08FA0BF2FD0A12FE0512E2
:10BD600000FC1303FB03F5020216FC01F603F208C4
:10BD700004EE0102E203FFFD05F40A041BF9F407D7
:10BD8000FBFCF7FFB20E0C2B1BB50F02FF13FF20BD
:10BD90000DF5D140F30FD73DF9F602FF5EE73EB057
:10BDA00007FD0613FD24FCF20EFA010D0603FAF05E
:10BDB00000EE08F717040DEC2FFEC600F4D403FEC6
:10BDC000C41C1C12DB120DF90B22C6FD0915E3037E
:10BDD00007FD0DF3F60814F518B9050DF9FF160067
:10BDE000020A0EFE041AA22617EDF608FE0001074D
:10BDF000F3ECF84616EBC9C8F2F3E8FEFCFE1108B6
:10BE00000819F20E0002FFFDDD00010EFF00030223
:10BE1000F8060FF42501E100070512FDFCFBFEFB0F
:10BE20001AFB0009EB0AFA040C0A04280DFE03EEC3
:10BE3000FAF9F90907F814F7142B0E0DECF9F0F7DD
:10BE400003F6010A1DD312E6DC0305F7C60604EE6D
:10BE50000002040CF20322FAFDF8021AEAEE1E0DAB
:10BE60000B0AF90002FCFE0400F10DFAFDF5F202E6
:10BE7000ED02FCFF01F4F9F7EE0F03FFEB090201FD
:10BE80000D0302F403FF0200F0FB04FDFFFDFEFCC6
:10BE9000F70AF7EBFA012A0006F4F902FB03FFFDAB
:10BEA000010617FFEEFF04FC061E00E304FD00067A
:10BEB0000203F2F3F90BFE01FF001E010701FFF27E
:10BEC00017080709E30BF5FEEC012F0BFB06F9F849
:10BED000FFF5092406FF020404FF0302090301031E
:10BEE000FFF6EEFE0101FEF801120305F9FFD5FA97
:10BEF00004F0FCFF060DFA0E0A0BFD04EEFB04082D
:10BF00000006F9F400020302080003EDFFFC01083B
:10BF10000C05050FF20B290500F2F90407F149FFA2
:10BF20000B0A1303F801F7FB11FB040602FE02F0F3
:10BF30000DF61004090A030819FA0201FB020910A0
:10BF4000B8F6F30AE81300FA0104ACFCFC020E0494
:10BF50000AFF05FD03030F070201FF070E040A068F
:10BF6000FBFCF900FD160200FE02ED0901FFFCFFDB
:10BF700003FD0003010CFED2F4FB03FEFBF30900FA
:10BF8000F60DF40A02FF03FEEC0003E2FF03FF0FCD
:10BF9000F20501F02603C9FE07080AF9FFFBF3FBCF
:10BFA0000F2E1016EB08FA05091109310EFB00F2ED
:10BFB000FEF6F80802F403F90E26010EEDFBF2F886
:10BFC0001101010E1FD515EBE1FB0BFAC910FDF7AE
:10BFD00002050BF6F00419FAFDFFFF13FBF5160836
:10BFE000110BF20001FFFA0000EA0E2105F5E4FE54
:10BFF000E7F700000B2FF600F00B0902F20804FE31
:10C000001001FC140106FF002BFC0005FF00FE04DC
:10C01000110DF9F9EE05370303F4F60500014AFEA8
:10C0200001F9F406F80100FC061301D60205010F20
:10C03000FE00FCFB0721000013F81CFB190208019D
:10C04000CBFAF30FD81FF40405FEDD0920FB02FF35
:10C05000FCF5080A0C02080004000402120304FBA9
:10C0600003F9E8FFFD0102FD001DF5F9ED01F3F90B
:10C07000100B0001F4FBFFF509F9F20205FB050CBA
:10C08000010AF8F102F80201000404CB00FE0402E8
:10C0900000FFFFFE00040A0002F2F4FB04F50DFEAF
:10C0A0000C40FA00FCF1FFFC0600060001FD01F85F
:10C0B0000102F904FF02040209FD0001FCFD040174
:10C0C000F7FFFF0AFD0001FDF7FDF605F608040481
:10C0D000FE01080703FE050805FBFC01FB0C010B34
:10C0E000F3F4F802FD08FFFA00FAF72EFF01FFF95A
:10C0F000FCEDFF020540FBF8F50000FEFBEF09FB3D
:10C10000F105F9F4040806FF0BFF03B2FF09F70F6E
:10C11000F501F1F40B06CBFD0800F2EF02FC04F987
:10C12000066C1121F803F00203140B2F0CF7FEFA32
:10C13000FDF510FBFDFFF1FB090CF304F90000F91C
:10C14000FC08FA0A0CF816F9FBFBF400E312FA0BF0
:10C15000050710F9FC040CFEFA02F90507FB0208BA
:10C160000E0EED010001F3FE03F7075107F8E3FFA0
:10C17000F0F107001771F2FCF7041306FF03050A3C
:10C1800010FCF80401FD000346FC0009FE02FE035A
:10C19000050CFAEEFD04230302F4FA03FF012CFE62
:10C1A00000F2FC0202FC13FF001100C00600FF0BAE
:10C1B000FD00020D071901FE100117031B00FD0110
:10C1C000F405FC1AEB0CE70005FF0B0E3803FBFD32
:10C1D000FAF50B09040102FE05FB0501F303030850
:10C1E00008F8E3FFFFFF00FA0009FDF5F1FFF4F89E
:10C1F00004F20000E1F5FE04FFF2E604120100047F
:10C200000503F7F500F400020D0201C4FFFC04FD74
:10C2100001FFFCFEFAFFFF00FD00FEFE020001012F
:10C220000257070CFEFAFFF902F606FF02FE0101B3
:10C23000FE02FEFFFFF8FDFD03F8FFFEF8FF05F02C
:10C24000F7FDFE03FC0301FCFFFEF90003FE030003
:10C250000001FBFE07FF0202FEFF00011304FF03C3
:10C26000E7EC0800F60402FDFEFFFA3B000119FAB4
:10C27000011501030655FD0001FFF70000DF02F480
:10C28000E405FF09050A06FFF9FD03ABFF0BF412F5
:10C29000F702EFF60B06CDFE0501F1EE01F906FB04
:10C2A00002750217F906F00105130F3109F7FCF7C3
:10C2B000FCEF0DFDFE01EFFD040EF503FB02FFF0A8
:10C2C000FB09FA030BFC19FBF8FDF5FEDA14F91172
:10C2D000030715FF000509F8FA01FA02EEFC0A123D
:10C2E0001010EC000000F3FD05F7055A04F9DE021A
:10C2F000F1FF08FF167CF001F9050D07FB06060C9F
:10C3000013FAF8FB02FB00034DFAFF0EFE04FB08D4
:10C31000060CFBED05032603FDEEFA00FD002EFFE3
:10C32000FFEFF4FC010217FDFF1001B904FDFE0947
:10C33000FDF6F1130A1D01FD0A0519041E02F7FF9F
:10C34000F508FD14E80CEA010401100D3B05F7FDAA
:10C35000F7F311130201010208F807FFFF020610AC
:10C3600008F8D8FFFFFE01FB0005FCF7ED01EFFC2C
:10C37000021101FFD9F4FF0BFEEDE60516010201E3
:10C3800004FCF6F1FFEEFF02070102C0FFFC05FE10
:10C39000FEFEFBFDFAFDF600010201FDFF03FCFEBF
:10C3A000005D100E01F7FDF802F70404010001031F
:10C3B000000AEBFAFDF8FEFF03F8FDFDF7FD070BA1
:10C3C000F9FCFE05FF0001FB01FCF70200FD04FF84
:10C3D0000102FCF205FD0105FC0101001404F9FA5B
:10C3E000E9EA0BFEF50202FBFE01FD3E03011DF82A
:10C3F000020EFF030A5BFBFA0301F800FFDE02EC0A
:10C40000E20501130001FEFDE400010CFFFD030243
:10C41000F9060EF526FFDB00090514FDFBFDFAFA0F
:10C4200018FCF305EB08F9010A0B04280CFF03EED6
:10C43000FEFAF90907F315F6142C0B0CECF8F204CC
:10C4400003F5010920D211E5DB0204FAC70603EC6B
:10C450000004040AF10221FEFDF7011AF1F11D0F9B
:10C460000307FA0100FBFE03FFF20DF8FEF6EFFFF3
:10C47000EEFDFCFF03F3F9F8EF0D04FEF1FF0502FA
:10C480000503020D02F6020007FB040100FE00FD99
:10C49000F70AF7E7FB012B0006F5F803FA0203FAA7
:10C4A0000403EAFBEDFF0800051FFFDA06FA0008A7
:10C4B00004030BF2FA0C01FF010020030AFDFFEF59
:10C4C0001708060EDF0AF1FDEE022D0B0C05F9F838
:10C4D00002F40A2105FE020905FC03030B03FD0813
:10C4E00007F7F1FF0301FCF800150402F8FED5F987
:10C4F00004FAFDFF0106F90C0A040304F9FF010127
:10C500000305F9EE00010301030003F4FFFE020638
:10C510000C06060FF20C2B0500F0FC0408F149FC98
:10C520000B04F104F803F7FC11F90207030002EF12
:10C530000EF60804090A090419FB0301FAFE08EEC5
:10C54000B8F7F40AE71401F70206ABFDFB020E038D
:10C550000AFF06FA0103110701FC0009E9020B05B5
:10C56000FFFDF700FE170200FF02EC0501FEFC00D4
:10C5700004F201030105FED2F6FD03FEFAF60BFFFD
:10C58000F90DF30EFF07FCFDE0FFFE05FFFD04F4CF
:10C59000FC051BFD1CFDF00209061404FAFE05153E
:10C5A0001B03F5FAEE02F9FD090401260A0102E473
:10C5B000FFFC0B0C0AF5FDFE14231108F111F9160E
:10C5C000F4EBFF0F1FDC0EEBD8E0F5FBC4FE0CE72D
:10C5D0000103FF0EF8022405FB24041AFFF12210C8
:10C5E000FD0601FFFDFB080BFDFA0600F6F6FBFE5B
:10C5F000F6FBFBFEFDFFFFF3EB0E02FCEBFF060478
:10C60000000208ED01040001EAFE0101FEFFFF0047
:10C61000100CF600FA05240306FBF401FDFF4804A4
:10C6200011FD10F1F403F3FF0C1A000706FA0202E1
:10C63000F5030DFF090FFBFE130B18040E0201F9A1
:10C64000CFF2F50CEC0A08FAE6F7E103DD0506FB8C
:10C6500001F60B10020414090506020C0F0A0A1158
:10C6600000FBEDFFFE05FDFA0212F6FBF4FFDEF91A
:10C6700002F3010106FDFBF808070303EFFA0610B9
:10C68000010CFA0801F90100F90004F6FFFEFFFAB7
:10C6900004FFFC00F804180105EBFBF904F80AE8B4
:10C6A00004071302FBF9FCF608FA00FE07FF02F389
:10C6B000FFFD1201FA03100404FE00FEFCEF020964
:10C6C000F403FF03F00802FA0038F311F704020440
:10C6D000FEFE09FE02FE040804CE01011104FE0361
:10C6E000F2F3F302FC0AFEFBFFFEF90600FE02F97C
:10C6F00002F8FE020106FBF7EE0103FFFCED10F766
:10C70000F006F5E9FD0CFDFFD5FDFC05010307ED85
:10C71000FF052D0808FA0A0204070C0FF701F03391
:10C72000060514F409010AF703FDFA0E040301E6F5
:10C73000FBFDFA0503F0E70900090700052D02F4E7
:10C7400002F2050C13F30303F2B704F5E0F10BEF6B
:10C75000FF05F209FA020900F6590C0808E70F0272
:10C76000FB0315FCFCFD1016FC0AFE06EFF80208A0
:10C7700002F2FAFBF0050802F40C02FCE802FFFAF0
:10C78000FCFE10F201FB0003BC000101FE00FDF8FD
:10C790000909F703FB03160407F6EF01FF001F0763
:10C7A0000AFD00F407FFF1000411FB2206FB01065D
:10C7B000EF04FD03000DF600030301030F05FDF96F
:10C7C000F1FEFE02FD071501EDF6080EC406FFFF9F
:10C7D00000FB080A06040809030900030C09FCFE13
:10C7E00007F8E3FE0004FBF90202FAFDF9FFDBF8AB
:10C7F000FE0F010010FFFC0903110704DFFE0E030A
:10C800000306F8F700F4FD01FE020101FEFEFEEE54
:10C810000500F7FCF7FF0F0102F605FAFF0203E43B
:10C820000202F903010208F404FC00FF07FD02FB09
:10C83000FAFFF505FDF811FC02020200FAEBFF0E0B
:10C84000F4FEFFFF00FF02FA0150F906FAFE04FCB5
:10C85000FF00FBF708FF050001BF0103F8FFFF0021
:10C86000E5E90500F305FEFB00FAFF01FDFE0EFB06
:10C87000010EFC0200FEFBFDFB00FF02FFDD03F1E9
:10C88000E308FFFFFD0FFCFECAFCFC03010408E502
:10C89000FC052F0C05FBFF0005160A14F601F03706
:10C8A000050611F20BFF09F403FEF717080202E672
:10C8B000FD01E7FE02F2E10AFF090302043104135D
:10C8C00006F0060D11ED0404F0B606F7DCF10CEFEE
:10C8D000FF05F008FD02070BF5600C0511E706FFE8
:10C8E000F70315FCFAFF1018FB0CFF07F2F6FF0622
:10C8F00001F9F9FBED060800F90E03FCE5FFFDFE6A
:10C90000F9FF1112FF010104B9FE0003FFFBFAFE5B
:10C910000F0CF706FF01220807E5F203FB011C09D3
:10C9200006FE0CF30B01F1FD0214002102010005CB
:10C93000ED02E90C010CF7040100FEFF1406FEF8FD
:10C94000ED00FD02060A1702F2F00904C504000218
:10C9500000FB0D13030307FB000D0402F50903F8A8
:10C9600001F8E8FAFB03FBF802FCFAFDF701D6F840
:10C97000000C00011601FB0C07110604DEF80E0581
:10C98000FFFFFB0001F0FCFF04FF0102FD02FFE9D5
:10C9900000FDF8F7FAFE01FEFF0101F9FD0306E0D4
:10C9A00005010100FC030CF303FBFFFD0AF802FE86
:10C9B000FD00F901FEFA12FB02030602F8EAFDE9A6
:10C9C000F6FE00FFFEFA01FAFC54F90AFEFF02FC33
:10C9D000FF01F9EE0BFD050903BC0102F2FDFB03AB
:10C9E000E4E9FE03F404FDFCFFFD0002FEFD10FC83
:10C9F000FF11FC01F9FDFBF800FEFD0303DC00F074
:10CA0000E106FFF9FF01FEFDE500001BFFFE08FB4C
:10CA1000F70611F42701E30005FA1DFAFDFBFFF10B
:10CA20001AEF1307E60BFD030E090025100003EFB4
:10CA3000FBF9EC0C09F129EB172C130FE9ECECF2E4
:10CA400000F5000721D312DCDCFF04F8CA0501E879
:10CA500001030402E8022800FDE9022003EF1E0B97
:10CA6000050AF80103FDFB0201F10BEDFDF2ED05F6
:10CA7000EDFCFF00FCDFF9F8F61005FDF0030505FD
:10CA80000902021300F801000BFB0200000103FD84
:10CA9000030BFDF0F80126010401FD07FD0120FF55
:10CAA00005FD0DFAEEF902010816FDF107FE00077B
:10CAB000EF05EFF30210FBFE0BF919FE0B0207EB7B
:10CAC000F5FFFD06DE11F8FCF401020E0100FDF990
:10CAD00000F208F205FF0906040005040505020836
:10CAE00008F8F8FE030002FCFE15FCFBF6FCE8FA71
:10CAF00009FBFE0004FDFF030205F902FB02090029
:10CB00000302FBF901070400110203F401FF040909
:10CB10000E090812EF112C0301F4FC0705EB530377
:10CB20000A001510F701F20514FA011003FD01EBDC
:10CB300016F5F4040A0806081DFB0305F7030B0F9E
:10CB4000B1F3F007E217FFF6080399F9FF021104A9
:10CB500010FF06E60304110F0205FE0BF2030C02A0
:10CB6000140BF3FF061B04020004E90205FDF602A4
:10CB7000060A0303070100CEF4FA03FCFD0C0C07C0
:10CB80000E0CF1F582DFFFFF04000000E40000005E
:10CB9000710900002D04000007F5FFFF6008000088
:10CBA00063020000D7080000CD050000B1000000BE
:10CBB000251500004C060000D9030000511B0000A1
:10CBC000A9120000120200009E110000F6130000DE
:10CBD000CC000000250800002C120000B701000066
:10CBE000DF0500004CFBFFFF8CFFFFFF7A0F00000A
:10CBF00022F6FFFF63FFFFFFE506000084F7FFFF5B
:10CC0000A2010000ED070000560C0000BC0100006E
:10CC10001CF7FFFF8E100000C4FEFFFFCCDDFFFFFE
:10CC20004B150000CCFFFFFF9CC8FFFF1B1300004B
:10CC30000DF8FFFFD5C5FFFFFC0300001BFFFFFF42
:10CC4000F3F2FFFF79000000D3FEFFFF7BE0FFFF60
:10CC5000F1FCFFFF96030000B6CCFFFFBFFCFFFF17
:10CC60000CFFFFFF55C8FFFF3C07000077000000E6
:10CC70005411000072E0FFFF040000000C000000EF
:10CC80000100000020000000390000008AE0FFFFE2
:10CC90000400000008000000200000004000000028
:10CCA0009EE0FFFF040000000400000001000000FF
:10CCB000AEE0FFFF040000000C00000020000000B8
:10CCC0004000000040000000C6E0FFFF040000003C
:10CCD00010000000200000000100000040000000E3
:10CCE000060000003836FEFF3C36FEFF0F00000055
:10CCF0004D4C495220436F6E7665727465642E0008
:10CD0000010000001400000000000E0018001400D4
:10CD100010000C00080004000E00000014000000C9
:10CD20001C000000E8200000EC200000F0200000C3
:10CD3000040000006D61696E00000000AA000000A0
:10CD4000AC2000004C200000F41F0000AC1F0000CD
:10CD5000881F0000481F0000901E0000581E0000A1
:10CD6000341E0000041E0000CC1D0000941D0000B5
:10CD70005C1D0000241D0000EC1C0000B41C000021
:10CD80007C1C0000481C0000241C0000001C00004B
:10CD9000C81B0000901B0000581B0000201B000057
:10CDA000E81A0000B01A0000781A0000401A0000CB
:10CDB000081A0000D019000098190000601900003E
:10CDC0002C19000008190000E4180000AC1800003D
:10CDD000741800003C18000004180000CC17000074
:10CDE000941700005C17000024170000EC160000E8
:10CDF000B41600007C160000441600001016000057
:10CE0000EC150000C8150000901500005815000032
:10CE100020150000E8140000B41400009014000075
:10CE20006C1400003414000000140000DC13000037
:10CE3000B8130000801300004C13000028130000FA
:10CE400004130000CC1200009812000074120000BD
:10CE50005012000018120000E4110000C011000080
:10CE60009C11000064110000301100000C11000042
:10CE7000E8100000B01000007C1000005810000006
:10CE800034100000FC0F0000C80F0000A40F0000C9
:10CE9000800F0000480F0000140F0000F00E00008B
:10CEA000CC0E0000940E0000600E00003C0E00004E
:10CEB000180E0000E00D0000AC0D0000880D000011
:10CEC000640D00002C0D0000F80C0000D40C0000D4
:10CED000B00C0000780C0000440C0000200C000096
:10CEE000FC0B0000C40B0000900B00006C0B00005A
:10CEF000480B0000100B0000DC0A0000B80A00001C
:10CF0000940A00005C0A0000280A0000040A0000DD
:10CF1000E0090000A80900007409000050090000A1
:10CF20002C090000F4080000C00800009C08000064
:10CF300078080000400800000C080000E807000026
:10CF4000C40700008C0700005807000034070000E9
:10CF500010070000D8060000A406000080060000AC
:10CF60005C06000024060000F0050000CC0500006F
:10CF7000A8050000700500003C0500001805000031
:10CF8000F4040000BC0400008804000064040000F5
:10CF90004004000008040000D4030000B0030000B7
:10CFA0008C0300005403000020030000FC0200007A
:10CFB000D8020000A00200006C020000480200003D
:10CFC00024020000EC010000B80100009401000000
:10CFD00070010000C00000009C0000006000000024
:10CFE000280000000400000006E2FFFF0800000027
:10CFF0000C00000001000000FA0000000200000028
:10D00000F90000000500000086E2FFFF14000000A8
:10D0100000000008100000001400000004000000E0
:10D020007439FEFF01000000F90000000300000059
:10D03000F80000000700000006000000BAE2FFFF51
:10D040001400000000000008140000001800000098
:10D05000040000009EE3FFFF00000001010000004B
:10D06000F800000003000000F700000009000000C5
:10D070000800000092E2FFFF080000000C00000022
:10D0800001000000F700000002000000F6000000B0
:10D090000400000012E3FFFF140000000000003B4A
:10D0A000140000001800000008000000AAE4FFFFC0
:10D0B0002000000001000000F60000002000000039
:10D0C0005A000000640000007300000082000000AD
:10D0D000890000008D000000910000009500000014
:10D0E000990000009D000000A1000000A5000000C4
:10D0F000A9000000AD000000B1000000B500000074
:10D10000B9000000BD000000C1000000C500000023
:10D11000C9000000CD000000D1000000D5000000D3
:10D12000D9000000DD000000E1000000E500000083
:10D13000E9000000ED000000F1000000F500000033
:10D14000B6E5FFFF0C000000100000000600000024
:10D1500001000000F500000001000000F4000000E4
:10D16000D6E5FFFF0C0000001000000005000000E5
:10D1700001000000F400000001000000F3000000C6
:10D18000FEE3FFFF140000000000000B1000000091
:10D190001400000007000000EC3AFEFF0100000050
:10D1A000F30000000200000085000000F200000013
:10D1B0002EE4FFFF14000000000000081000000033
:10D1C00014000000040000001C3BFEFF01000000F2
:10D1D000F200000003000000F10000000A0000005F
:10D1E000FFFFFFFF5AE6FFFF0C00000010000000E9
:10D1F0000600000001000000F10000000100000036
:10D20000F00000007AE6FFFF0C00000010000000B4
:10D210000500000001000000F00000000100000017
:10D22000EF000000A2E4FFFF140000000000000B6C
:10D23000100000001400000007000000903BFEFFFB
:10D2400001000000EF000000020000008400000068
:10D25000EE000000D2E4FFFF140000000000000810
:10D26000100000001400000004000000C03BFEFF9E
:10D2700001000000EE00000003000000ED000000CF
:10D280000A000000FFFFFFFFFEE6FFFF0C000000AA
:10D29000100000000600000001000000ED0000008A
:10D2A00001000000EC0000001EE7FFFF0C00000082
:10D2B000100000000500000001000000EC0000006C
:10D2C00001000000EB00000046E5FFFF1400000035
:10D2D0000000000B10000000140000000700000018
:10D2E000343CFEFF01000000EB00000002000000E3
:10D2F0007E000000EA00000076E5FFFF1400000059
:10D3000000000008100000001400000004000000ED
:10D31000643CFEFF01000000EA0000000300000082
:10D32000E90000000A000000FFFFFFFFA2E7FFFF87
:10D330000C000000100000000600000001000000CA
:10D34000E900000001000000E8000000C2E7FFFF64
:10D350000C000000100000000500000001000000AB
:10D36000E800000001000000E7000000EAE5FFFF20
:10D37000140000000000000B10000000140000006A
:10D3800007000000D83CFEFF01000000E70000009D
:10D39000020000007D000000E60000001AE6FFFF2A
:10D3A000140000000000000810000000140000003D
:10D3B00004000000083DFEFF01000000E600000040
:10D3C00003000000E50000000A000000FFFFFFFF6F
:10D3D00046E8FFFF0C0000001000000006000000FF
:10D3E00001000000E500000001000000E400000072
:10D3F00066E8FFFF0C0000001000000005000000C0
:10D4000001000000E400000001000000E300000053
:10D410008EE6FFFF140000000000000B100000006B
:10D4200014000000070000007C3DFEFF010000002A
:10D43000E3000000020000007C000000E2000000A9
:10D44000BEE6FFFF1400000000000008100000000E
:10D450001400000004000000AC3DFEFF01000000CD
:10D46000E200000003000000E10000000A000000EC
:10D47000FFFFFFFFEAE8FFFF0C00000010000000C4
:10D480000600000001000000E100000001000000B3
:10D49000E00000000AE9FFFF0C000000100000009F
:10D4A0000500000001000000E00000000100000095
:10D4B000DF00000032E7FFFF140000000000000B57
:10D4C000100000001400000007000000203EFEFFD6
:10D4D00001000000DF000000020000007B000000EF
:10D4E000DE00000062E7FFFF1400000000000008FB
:10D4F000100000001400000004000000503EFEFF79
:10D5000001000000DE00000003000000DD0000005C
:10D510000A000000FFFFFFFF8EE9FFFF0C00000084
:10D52000100000000600000001000000DD00000007
:10D5300001000000DC000000AEE9FFFF0C0000006D
:10D54000100000000500000001000000DC000000E9
:10D5500001000000DB000000D6E7FFFF1400000020
:10D560000000000B10000000140000000700000085
:10D57000C43EFEFF01000000DB00000002000000CE
:10D580007A000000DA00000006E8FFFF1400000047
:10D59000000000081000000014000000040000005B
:10D5A000F43EFEFF01000000DA000000030000006E
:10D5B000D90000000A000000FFFFFFFF32EAFFFF72
:10D5C0000C00000010000000060000000100000038
:10D5D000D900000001000000D800000052EAFFFF5F
:10D5E0000C00000010000000050000000100000019
:10D5F000D800000001000000D70000007AE8FFFF1B
:10D60000140000000000000B1000000014000000D7
:10D6100007000000683FFEFF01000000D700000087
:10D620000200000079000000D6000000AAE8FFFF19
:10D6300014000000000000081000000014000000AA
:10D6400004000000983FFEFF01000000D60000002B
:10D6500003000000D50000000A000000FFFFFFFFEC
:10D66000D6EAFFFF0C0000001000000006000000DA
:10D6700001000000D500000001000000D4000000FF
:10D68000F6EAFFFF0C00000010000000050000009B
:10D6900001000000D400000001000000D3000000E1
:10D6A0001EE9FFFF140000000000000B1000000046
:10D6B00014000000070000000C40FEFF0100000005
:10D6C000D30000000200000078000000D20000003B
:10D6D0004EE9FFFF140000000000000810000000E9
:10D6E00014000000040000003C40FEFF01000000A8
:10D6F000D200000003000000D10000000A0000007A
:10D70000FFFFFFFF7AEBFFFF0C000000100000009E
:10D710000600000001000000D10000000100000030
:10D72000D00000009AEBFFFF0C000000100000008A
:10D730000500000001000000D00000000100000012
:10D74000CF000000C2E9FFFF140000000000000B42
:10D75000100000001400000007000000B040FEFFB1
:10D7600001000000CF000000020000007700000070
:10D77000CE000000F2E9FFFF1400000000000008E6
:10D78000100000001400000004000000E040FEFF54
:10D7900001000000CE00000003000000CD000000EA
:10D7A0000A000000FFFFFFFF1EECFFFF0C0000005F
:10D7B000100000000600000001000000CD00000085
:10D7C00001000000CC0000003EECFFFF0C00000058
:10D7D000100000000500000001000000CC00000067
:10D7E00001000000CB00000066EAFFFF140000000B
:10D7F0000000000B100000001400000007000000F3
:10D800005441FEFF01000000CB00000002000000B8
:10D8100076000000CA00000096EAFFFF1400000036
:10D8200000000008100000001400000004000000C8
:10D830008441FEFF01000000CA0000000300000058
:10D84000C90000000A000000FFFFFFFFC2ECFFFF5D
:10D850000C000000100000000600000001000000A5
:10D86000C900000001000000C8000000E2ECFFFF5A
:10D870000C00000010000000050000000100000086
:10D88000C800000001000000C70000000AEBFFFF15
:10D89000140000000000000B100000001400000045
:10D8A00007000000F841FEFF01000000C700000073
:10D8B0000200000075000000C60000003AEBFFFF08
:10D8C0001400000000000008100000001400000018
:10D8D000040000002842FEFF01000000C600000016
:10D8E00003000000C50000000A000000FFFFFFFF6A
:10D8F00066EDFFFF0C0000001000000006000000B5
:10D9000001000000C500000001000000C40000008C
:10D9100086EDFFFF0C000000100000000500000075
:10D9200001000000C400000001000000C30000006E
:10D93000AEEBFFFF140000000000000B1000000021
:10D9400014000000070000009C42FEFF01000000E0
:10D95000C3000000020000006F000000C2000000D1
:10D96000DEEBFFFF140000000000000810000000C4
:10D970001400000004000000CC42FEFF0100000083
:10D98000C200000003000000C10000000A00000007
:10D99000FFFFFFFF0AEEFFFF0C0000001000000079
:10D9A0000600000001000000C100000001000000AE
:10D9B000C00000002AEEFFFF0C0000001000000075
:10D9C0000500000001000000C00000000100000090
:10D9D000BF00000052ECFFFF140000000000000B2D
:10D9E0001000000014000000070000004043FEFF8C
:10D9F00001000000BF000000020000006E000000F7
:10DA0000BE00000082ECFFFF1400000000000008D0
:10DA10001000000014000000040000007043FEFF2E
:10DA200001000000BE00000003000000BD00000077
:10DA30000A000000FFFFFFFFAEEEFFFF0C0000003A
:10DA4000100000000600000001000000BD00000002
:10DA500001000000BC000000CEEEFFFF0C00000043
:10DA6000100000000500000001000000BC000000E4
:10DA700001000000BB000000F6ECFFFF14000000F6
:10DA80000000000B10000000140000000700000060
:10DA9000E443FEFF01000000BB00000002000000A4
:10DAA0006D000000BA00000026EDFFFF140000002A
:10DAB0000000000810000000140000000400000036
:10DAC0001444FEFF01000000BA0000000300000043
:10DAD000B90000000A000000FFFFFFFF52EFFFFF48
:10DAE0000C00000010000000060000000100000013
:10DAF000B900000001000000B800000072EFFFFF55
:10DB00000C000000100000000500000001000000F3
:10DB1000B800000001000000B70000009AEDFFFF10
:10DB2000140000000000000B1000000014000000B2
:10DB3000070000008844FEFF01000000B70000005D
:10DB4000020000006C000000B6000000CAEDFFFFFC
:10DB50001400000000000008100000001400000085
:10DB600004000000B844FEFF01000000B600000001
:10DB700003000000B50000000A000000FFFFFFFFE7
:10DB8000F6EFFFFF0C000000100000000600000090
:10DB900001000000B500000001000000B40000001A
:10DBA00016F0FFFF0C000000100000000500000050
:10DBB00001000000B400000001000000B3000000FC
:10DBC0003EEEFFFF140000000000000B10000000FC
:10DBD00014000000070000002C45FEFF01000000BB
:10DBE000B3000000020000006B000000B200000063
:10DBF0006EEEFFFF1400000000000008100000009F
:10DC000014000000040000005C45FEFF010000005D
:10DC1000B200000003000000B10000000A00000094
:10DC2000FFFFFFFF9AF0FFFF0C0000001000000054
:10DC30000600000001000000B1000000010000002B
:10DC4000B0000000BAF0FFFF0C0000001000000060
:10DC50000500000001000000B0000000010000000D
:10DC6000AF000000E2EEFFFF140000000000000B18
:10DC7000100000001400000007000000D045FEFF67
:10DC800001000000AF000000020000006A00000078
:10DC9000AE00000012EFFFFF1400000000000008BB
:10DCA0001000000014000000040000000046FEFF09
:10DCB00001000000AE00000003000000AD00000005
:10DCC0000A000000FFFFFFFF3EF1FFFF0C00000015
:10DCD000100000000600000001000000AD00000080
:10DCE00001000000AC0000005EF1FFFF0C0000002E
:10DCF000100000000500000001000000AC00000062
:10DD000001000000AB00000086EFFFFF14000000E0
:10DD10000000000B100000001400000007000000CD
:10DD20007446FEFF01000000AB000000020000008E
:10DD300069000000AA000000B6EFFFFF1400000019
:10DD400000000008100000001400000004000000A3
:10DD5000A446FEFF01000000AA000000030000002E
:10DD6000A90000000A000000FFFFFFFFE2F1FFFF33
:10DD70000C00000010000000060000000100000080
:10DD8000A900000001000000A800000002F2FFFF4F
:10DD90000C00000010000000050000000100000061
:10DDA000A800000001000000A70000002AF0FFFF0B
:10DDB000140000000000000B100000001400000020
:10DDC000070000001847FEFF01000000A700000048
:10DDD0000200000068000000A60000005AF0FFFFEB
:10DDE00014000000000000081000000014000000F3
:10DDF000040000004847FEFF01000000A6000000EC
:10DE000003000000A50000000A000000FFFFFFFF64
:10DE100086F2FFFF0C00000010000000060000006A
:10DE200001000000A500000001000000A4000000A7
:10DE3000A6F2FFFF0C00000010000000050000002B
:10DE400001000000A400000001000000A300000089
:10DE5000CEF0FFFF140000000000000B10000000D7
:10DE60001400000007000000BC47FEFF0100000096
:10DE7000A30000000200000067000000A2000000F4
:10DE8000FEF0FFFF1400000000000008100000007A
:10DE90001400000004000000EC47FEFF0100000039
:10DEA000A200000003000000A10000000A00000022
:10DEB000FFFFFFFF2AF3FFFF0C000000100000002F
:10DEC0000600000001000000A100000001000000A9
:10DED000A00000004AF3FFFF0C000000100000004B
:10DEE0000500000001000000A0000000010000008B
:10DEF0009F00000072F1FFFF140000000000000B03
:10DF00001000000014000000070000006048FEFF41
:10DF1000010000009F0000000200000066000000F9
:10DF20009E000000A2F1FFFF1400000000000008A6
:10DF30001000000014000000040000009048FEFFE4
:10DF4000010000009E000000030000009D00000092
:10DF50000A000000FFFFFFFFCEF3FFFF0C000000F0
:10DF60001000000006000000010000009D000000FD
:10DF7000010000009C000000EEF3FFFF0C00000019
:10DF80001000000005000000010000009C000000DF
:10DF9000010000009B00000016F2FFFF14000000CB
:10DFA0000000000B1000000014000000070000003B
:10DFB0000449FEFF010000009B0000000200000079
:10DFC000600000009A00000046F2FFFF140000000D
:10DFD0000000000810000000140000000400000011
:10DFE0003449FEFF010000009A0000000300000019
:10DFF000990000000A000000FFFFFFFF72F4FFFF1E
:10E000000C000000100000000600000001000000ED
:10E0100099000000010000009800000092F4FFFF4A
:10E020000C000000100000000500000001000000CE
:10E03000980000000100000097000000BAF2FFFF06
:10E04000140000000000000B10000000140000008D
:10E0500007000000A849FEFF010000009700000033
:10E06000020000005F00000096000000EAF2FFFFDF
:10E070001400000000000008100000001400000060
:10E0800004000000D849FEFF0100000096000000D7
:10E0900003000000950000000A000000FFFFFFFFE2
:10E0A00016F5FFFF0C000000100000000600000045
:10E0B0000100000095000000010000009400000035
:10E0C00036F5FFFF0C000000100000000500000006
:10E0D0000100000094000000010000009300000017
:10E0E0005EF3FFFF140000000000000B10000000B2
:10E0F00014000000070000004C4AFEFF0100000071
:10E1000093000000020000005E000000920000008A
:10E110008EF3FFFF14000000000000081000000054
:10E1200014000000040000007C4AFEFF0100000013
:10E130009200000003000000910000000A000000AF
:10E14000FFFFFFFFBAF5FFFF0C000000100000000A
:10E150000600000001000000910000000100000026
:10E1600090000000DAF5FFFF0C0000001000000036
:10E170000500000001000000900000000100000008
:10E180008F00000002F4FFFF140000000000000BED
:10E19000100000001400000007000000F04AFEFF1D
:10E1A000010000008F000000020000005D00000080
:10E1B0008E00000032F4FFFF140000000000000891
:10E1C000100000001400000004000000204BFEFFBF
:10E1D000010000008E000000030000008D00000020
:10E1E0000A000000FFFFFFFF5EF6FFFF0C000000CB
:10E1F0001000000006000000010000008D0000007B
:10E20000010000008C0000007EF6FFFF0C00000003
:10E210001000000005000000010000008C0000005C
:10E22000010000008B000000A6F4FFFF14000000B6
:10E230000000000B100000001400000007000000A8
:10E24000944BFEFF010000008B0000000200000064
:10E250005C0000008A000000D6F4FFFF14000000FC
:10E26000000000081000000014000000040000007E
:10E27000C44BFEFF010000008A0000000300000004
:10E28000890000000A000000FFFFFFFF02F7FFFF08
:10E290000C0000001000000006000000010000005B
:10E2A00089000000010000008800000022F7FFFF45
:10E2B0000C0000001000000005000000010000003C
:10E2C0008800000001000000870000004AF5FFFF01
:10E2D000140000000000000B1000000014000000FB
:10E2E00007000000384CFEFF01000000870000001E
:10E2F0000200000086000000830000007AF5FFFFA6
:10E3000014000000000000081000000014000000CD
:10E3100004000000684CFEFF0100000086000000C1
:10E32000030000003C0000002B0000002A00000059
:10E33000AEF5FFFF14000000000000081000000010
:10E3400014000000040000009C4CFEFF01000000CF
:10E350008500000003000000570000002B000000B3
:10E3600029000000E2F5FFFF140000000000000893
:10E37000100000001400000004000000D04CFEFF5C
:10E3800001000000840000000300000056000000AF
:10E390002B0000002800000016F6FFFF140000000C
:10E3A000000000081000000014000000040000003D
:10E3B000044DFEFF01000000830000000300000088
:10E3C000820000000A000000FFFFFFFF42F8FFFF8D
:10E3D0000C0000001000000006000000010000001A
:10E3E00082000000010000008100000062F8FFFFD1
:10E3F0000C000000100000000500000001000000FB
:10E400008100000001000000800000008AF6FFFF8C
:10E41000140000000000000B1000000014000000B9
:10E4200007000000784DFEFF0100000080000000A2
:10E43000020000007F00000074000000BAF6FFFF39
:10E44000140000000000000810000000140000008C
:10E4500004000000A84DFEFF010000007F00000046
:10E46000030000003B0000002B000000270000001C
:10E47000EEF6FFFF1400000000000008100000008E
:10E480001400000004000000DC4DFEFF010000004D
:10E490007E00000003000000550000002B0000007B
:10E4A0002600000022F7FFFF140000000000000813
:10E4B000100000001400000004000000104EFEFFD9
:10E4C000010000007D000000030000005400000077
:10E4D0002B0000002500000056F7FFFF140000008D
:10E4E00000000008100000001400000004000000FC
:10E4F000444EFEFF010000007C000000030000000D
:10E50000530000002B000000240000008AF7FFFFEA
:10E5100014000000000000081000000014000000BB
:10E5200004000000784EFEFF010000007B000000A8
:10E5300003000000520000002B0000002300000038
:10E54000BEF7FFFF140000000000000810000000EC
:10E550001400000004000000AC4EFEFF01000000AB
:10E560007A00000003000000510000002B000000B2
:10E5700022000000F2F7FFFF140000000000000876
:10E58000100000001400000004000000E04EFEFF38
:10E5900001000000790000000300000050000000AE
:10E5A0002B0000002100000026F8FFFF14000000EF
:10E5B000000000081000000014000000040000002B
:10E5C000144FFEFF0100000078000000030000006F
:10E5D0004F0000002B000000200000005AF8FFFF51
:10E5E00014000000000000081000000014000000EB
:10E5F00004000000484FFEFF01000000770000000B
:10E60000030000004E0000002B0000001F0000006F
:10E610008EF8FFFF1400000000000008100000004A
:10E6200014000000040000007C4FFEFF0100000009
:10E6300076000000030000004D0000002B000000E9
:10E640001E000000C2F8FFFF1400000000000008D8
:10E65000100000001400000004000000B04FFEFF96
:10E660000100000075000000030000004C000000E5
:10E670002B0000001D000000F6F8FFFF1400000052
:10E68000000000081000000014000000040000005A
:10E69000E44FFEFF010000007400000003000000D2
:10E6A000730000000A000000FFFFFFFF22FBFFFFD6
:10E6B0000C00000010000000060000000100000037
:10E6C00073000000010000007200000042FBFFFF29
:10E6D0000C00000010000000050000000100000018
:10E6E0007200000001000000710000006AF9FFFFE5
:10E6F000140000000000000B1000000014000000D7
:10E70000070000005850FEFF0100000071000000EB
:10E710000200000070000000650000009AF9FFFF91
:10E7200014000000000000081000000014000000A9
:10E73000040000008850FEFF01000000700000008F
:10E74000030000003A0000002B0000001C00000045
:10E75000CEF9FFFF140000000000000810000000C8
:10E760001400000004000000BC50FEFF0100000087
:10E770006F000000030000004B0000002B000000B1
:10E780001B00000002FAFFFF140000000000000858
:10E79000100000001400000004000000F050FEFF14
:10E7A000010000006E000000030000004A000000AD
:10E7B0002B0000001A00000036FAFFFF14000000D2
:10E7C0000000000810000000140000000400000019
:10E7D0002451FEFF010000006D0000000300000056
:10E7E000490000002B000000190000006AFAFFFF3A
:10E7F00014000000000000081000000014000000D9
:10E80000040000005851FEFF010000006C000000F1
:10E8100003000000480000002B000000180000006A
:10E820009EFAFFFF14000000000000081000000026
:10E8300014000000040000008C51FEFF01000000E5
:10E840006B00000003000000470000002B000000E8
:10E8500017000000D2FAFFFF1400000000000008BB
:10E86000100000001400000004000000C051FEFF72
:10E87000010000006A0000000300000046000000E4
:10E880002B0000001600000006FBFFFF1400000034
:10E890000000000810000000140000000400000048
:10E8A000F451FEFF010000006900000003000000B9
:10E8B000450000002B000000150000003AFBFFFFA0
:10E8C0001400000000000008100000001400000008
:10E8D000040000002852FEFF010000006800000054
:10E8E00003000000440000002B00000014000000A2
:10E8F0006EFBFFFF14000000000000081000000085
:10E9000014000000040000005C52FEFF0100000043
:10E910006700000003000000430000002B0000001F
:10E9200013000000A2FBFFFF14000000000000081D
:10E930001000000014000000040000009052FEFFD0
:10E94000010000006600000003000000420000001B
:10E950002B00000012000000D6FBFFFF1400000097
:10E960000000000810000000140000000400000077
:10E97000C452FEFF0100000065000000030000001B
:10E98000640000000A000000FFFFFFFF02FEFFFF1F
:10E990000C00000010000000060000000100000054
:10E9A00064000000010000006300000022FEFFFF81
:10E9B0000C00000010000000050000000100000035
:10E9C0006300000001000000620000004AFCFFFF3D
:10E9D000140000000000000B1000000014000000F4
:10E9E000070000003853FEFF010000006200000035
:10E9F00002000000610000005B0000007AFCFFFFE5
:10EA000014000000000000081000000014000000C6
:10EA1000040000006853FEFF0100000061000000D8
:10EA200003000000390000002B000000110000006E
:10EA3000AEFCFFFF14000000000000081000000002
:10EA400014000000040000009C53FEFF01000000C1
:10EA50006000000003000000410000002B000000E7
:10EA600010000000E2FCFFFF14000000000000089E
:10EA7000100000001400000004000000D053FEFF4E
:10EA8000010000005F0000000300000040000000E3
:10EA90002B0000000F00000016FDFFFF1400000017
:10EAA0000000000810000000140000000400000036
:10EAB0000454FEFF010000005E000000030000009F
:10EAC0003F0000002B0000000E0000004AFDFFFF89
:10EAD00014000000000000081000000014000000F6
:10EAE000040000003854FEFF010000005D0000003B
:10EAF000030000003E0000002B0000000D0000009D
:10EB00007EFDFFFF14000000000000081000000060
:10EB100014000000040000006C54FEFF010000001F
:10EB20005C000000030000003D0000002B0000001E
:10EB30000C000000B2FDFFFF140000000000000800
:10EB4000100000001400000004000000A054FEFFAC
:10EB5000010000005B000000030000005A000000FC
:10EB60000A000000FFFFFFFFDEFFFFFF0C000000B8
:10EB70001000000006000000010000005A00000024
:10EB8000010000005900000000000A0010000C0005
:10EB9000080004000A0000000C0000001000000043
:10EBA0000500000001000000590000000100000005
:10EBB0005800000032FEFFFF1400000000000008B3
:10EBC0001000000014000000040000002055FEFFAB
:10EBD00001000000580000000300000038000000A1
:10EBE0002B0000000B00000066FEFFFF1C00000071
:10EBF000000000401C0000009C000000030000001A
:10EC000000000600080004000600000020000000CC
:10EC10002000000038000000390000003A00000029
:10EC20003B0000003C0000003D0000003E000000F2
:10EC30003F000000400000004100000042000000D2
:10EC400043000000440000004500000046000000B2
:10EC50004700000048000000490000004A00000092
:10EC60004B0000004C0000004D0000004E00000072
:10EC70004F00000050000000510000005200000052
:10EC80005300000054000000550000005600000032
:10EC90005700000001000000370000001AFFFFFFCE
:10ECA0001C0000000000001B1C00000020000000F1
:10ECB0000200000000000600080007000600000037
:10ECC0000000000101000000370000000200000009
:10ECD0003600000003000000F6FEFFFF0800000001
:10ECE0000C000000010000003600000002000000DF
:10ECF000350000000200000076FFFFFF1400000056
:10ED000000000001200000002400000001000000BD
:10ED100068FFFFFF0000000101000000010000008B
:10ED200000000001010000003500000003000000A9
:10ED3000340000002D0000002C000000BAFFFFFF8F
:10ED4000140000000000000120000000240000006A
:10ED500001000000ACFFFFFF000000010100000007
:10ED6000010000000000000101000000340000006C
:10ED700003000000330000002F0000002E00000000
:10ED800000000E001800140010000C000B0004001E
:10ED90000E00000020000000000000012C00000018
:10EDA00030000000010000000C00140013000C00F3
:10EDB000080007000C000000000000010100000036
:10EDC000010000000000000101000000330000000D
:10EDD000030000003200000031000000300000009D
:10EDE00000000A000C000000080004000A000000F7
:10EDF000080000000C0000000100000032000000CC
:10EE000002000000000000000100000001000000FE
:10EE1000FA0000000100000000000000FB000000FC
:10EE200000A901006CA80100E0A7010070A7010083
:10EE3000F8A6010084A60100ECA5010058A5010078
:10EE4000C4A4010030A4010094A30100F0A20100B9
:10EE500044A2010098A10100ECA0010040A0010023
:10EE6000949F0100E89E01003C9E0100909D0100DE
:10EE7000E49C0100389C01008C9B0100E09A010099
:10EE8000349A010088990100DC9801003098010053
:10EE900084970100D89601002C960100809501000E
:10EEA000D4940100289401007C930100D0920100C9
:10EEB0002492010078910100CC9001002090010083
:10EEC000748F0100C88E01001C8E0100808D01002E
:10EED000B4870100B8820100AC7D010070790100A7
:10EEE00024750100A871010004710100206E010069
:10EEF0003C6B010058680100B4650100B06401007A
:10EF0000045D010058550100AC4D010000460100B0
:10EF1000543E0100A8360100FC2E010050270100DC
:10EF2000A41F0100F81701004C100100A008010007
:10EF3000F400010048F900009CF10000F0E9000035
:10EF400044E2000098DA0000ECD2000040CB000060
:10EF500094C30000E8BB00003CB4000090AC00008B
:10EF6000E4A40000389D00008C950000E08D0000B6
:10EF700034860000887E0000DC760000306F0000E0
:10EF80004C6E0000B06D0000146D0000786C000045
:10EF90008C6B0000A06A0000B4690000C868000023
:10EFA000DC670000F066000054660000B8650000F1
:10EFB0001C6500008064000094630000A8620000EB
:10EFC000BC610000D0600000E45F0000F85E00005B
:10EFD0000C5E0000205D0000345C0000485B000017
:10EFE0005C5A0000C05900002459000088580000F5
:10EFF000EC57000000570000145600002855000090
:10F000003C5400005053000064520000785100004E
:10F010008C500000A04F0000B44E0000C84D00000E
:10F020002C4D0000904C0000F44B0000584B0000A9
:10F030006C4A00008049000094480000F847000036
:10F040005C470000C04600002446000088450000E0
:10F05000EC44000050440000B4430000184300009A
:10F060007C420000E041000044410000A840000054
:10F070000C400000703F0000D43E0000383E00000D
:10F080009C3D0000003D0000643C0000C83B0000C7
:10F090002C3B0000903A0000F43900005839000081
:10F0A000BC3800002038000084370000E83600003B
:10F0B0004C360000B03500001435000078340000F4
:10F0C000DC33000040330000A432000008320000AE
:10F0D0006C310000D030000034300000982F000068
:10F0E000FC2E0000602E0000C42D0000282D000022
:10F0F0008C2C0000F02B0000542B0000B82A0000DC
:10F100001C2A000080290000E42800004828000094
:10F11000AC2700001027000074260000D82500004E
:10F120003C250000A0240000042400006823000007
:10F13000CC2200003022000094210000F8200000C2
:10F140005C200000C01F0000241F0000881E00007B
:10F15000EC1D0000501D0000B41C0000181C000035
:10F160007C1B0000E01A0000441A0000A8190000EF
:10F170000C19000070180000D417000038170000A8
:10F180009C1600000016000064150000C814000062
:10F190002C14000090130000F4120000581200001C
:10F1A000BC1100002011000084100000E80F0000D6
:10F1B0004C0F0000B00E0000140E0000780D00008F
:10F1C000DC0C0000400C0000A40B0000080B000049
:10F1D0006C0A0000D0090000340900009808000003
:10F1E000FC07000060070000C406000028060000BD
:10F1F0008C050000F004000064040000D00300004F
:10F200000C0200007800000004000000925BFEFF8A
:10F21000000000011400000034000000FB000000AA
:10F220000000000948000000D45AFEFF080000005A
:10F2300014000000010000000200000000000000B7
:10F2400000000000010000006ED8F73B190000002C
:10F25000537461746566756C506172746974696F1A
:10F260006E656443616C6C3A30000000030000007E
:10F27000010000002000000039000000025CFEFFD9
:10F28000000000011400000030000000FA0000003F
:10F29000000000096C010000445BFEFF0800000054
:10F2A000100000000100000002000000000000004B
:10F2B000010000006ED8F73B430100006D5F6D63F5
:10F2C000755F6E65745F707265646963746F722FC9
:10F2D00073696D706C655F6B705F667573696F6E77
:10F2E0005F686561642F64656E73655F312F546577
:10F2F0006E736F72646F742F4D61744D756C3B6DDE
:10F300005F6D63755F6E65745F7072656469637469
:10F310006F722F73696D706C655F6B705F6675736C
:10F32000696F6E5F686561642F64656E73655F31D8
:10F330002F426961734164643B6D5F6D63755F6EFD
:10F3400065745F707265646963746F722F73696D41
:10F35000706C655F6B705F667573696F6E5F686513
:10F3600061642F64656E73655F312F54656E736FD2
:10F3700072646F742F73686170653B6D5F6D637548
:10F380005F6E65745F707265646963746F722F730A
:10F39000696D706C655F6B705F667573696F6E5FCA
:10F3A000686561642F64656E73655F312F54656EA7
:10F3B000736F72646F743B6D5F6D63755F6E6574C0
:10F3C0005F707265646963746F722F73696D706CBE
:10F3D000655F6B705F667573696F6E5F68656164AA
:10F3E0002F64656E73655F312F4269617341646498
:10F3F0002F526561645661726961626C654F70007D
:10F40000020000002000000039000000925DFEFFB5
:10F41000000000011400000030000000F9000000AE
:10F42000000000099C010000D45CFEFF0800000001
:10F43000100000000100000080FFFFFFFFFFFFFF42
:10F44000010000006B2AC03B700100006D5F6D631E
:10F45000755F6E65745F707265646963746F722F37
:10F4600073696D706C655F6B705F667573696F6EE5
:10F470005F686561642F64656E73652F54656E7394
:10F480006F72646F742F4D61744D756C3B6D5F6D61
:10F4900063755F6E65745F707265646963746F72C3
:10F4A0002F73696D706C655F6B705F667573696FE4
:10F4B0006E5F686561642F72655F6C755F322F5295
:10F4C000656C753B6D5F6D63755F6E65745F7072C3
:10F4D00065646963746F722F73696D706C655F6BBF
:10F4E000705F667573696F6E5F686561642F6465D0
:10F4F0006E73652F426961734164643B6D5F6D6338
:10F50000755F6E65745F707265646963746F722F86
:10F5100073696D706C655F6B705F667573696F6E34
:10F520005F686561642F64656E73652F54656E73E3
:10F530006F72646F742F73686170653B6D5F6D638C
:10F54000755F6E65745F707265646963746F722F46
:10F5500073696D706C655F6B705F667573696F6EF4
:10F560005F686561642F64656E73652F54656E73A3
:10F570006F72646F743B6D5F6D63755F6E65745F12
:10F58000707265646963746F722F73696D706C65F6
:10F590005F6B705F667573696F6E5F686561642F1E
:10F5A00064656E73652F426961734164642F5265AF
:10F5B00061645661726961626C654F7000000000A1
:10F5C000020000002000000080000000525FFEFFEB
:10F5D000000000011400000030000000F8000000EE
:10F5E000000000096C000000945EFEFF08000000AF
:10F5F0001000000001000000FFFFFFFFFFFFFFFF02
:10F60000010000007B7A003C410000006D5F6D63EB
:10F61000755F6E65745F707265646963746F722F75
:10F6200073696D706C655F6B705F667573696F6E23
:10F630005F686561642F64656E73652F54656E73D2
:10F640006F72646F742F526573686170650000009B
:10F65000020000002000000040000000E25FFEFF0A
:10F66000000000011400000030000000F70000005E
:10F670000000000960000000245FFEFF0800000099
:10F680001000000001000000FFFFFFFFFFFFFFFF71
:10F69000010000007B7A003C360000006D5F6D6366
:10F6A000755F6E65745F707265646963746F722FE5
:10F6B000676C6F62616C5F73696D706C655F726EB1
:10F6C0006E2F73696D706C655F726E6E2F737461EF
:10F6D000636B000003000000200000000100000038
:10F6E000400000006A60FEFF0000000114000000FE
:10F6F00030000000F6000000000000097400000067
:10F70000AC5FFEFF080000001000000001000000D8
:10F71000FFFFFFFFFFFFFFFF010000007B7A003CBF
:10F72000490000006D5F6D63755F6E65745F707298
:10F7300065646963746F722F676C6F62616C5F736D
:10F74000696D706C655F726E6E2F73696D706C653C
:10F750005F726E6E2F73696D706C655F726E6E5F37
:10F7600063656C6C2F54616E685F3331320000004A
:10F770000200000001000000400000000261FEFFE6
:10F78000000000011400000030000000F50000003F
:10F7900000000009740000004460FEFF0800000043
:10F7A0001000000001000000000000000000000048
:10F7B000010000000000003C490000006D5F6D6327
:10F7C000755F6E65745F707265646963746F722FC4
:10F7D000676C6F62616C5F73696D706C655F726E90
:10F7E0006E2F73696D706C655F726E6E2F73696DCD
:10F7F000706C655F726E6E5F63656C6C2F54616ECA
:10F80000685F333131000000020000000100000099
:10F81000400000009A61FEFF00000001140000009B
:10F8200034000000F4000000000000097400000033
:10F83000DC60FEFF08000000140000000100000072
:10F8400002000000000000000000000001000000B5
:10F85000089E003D470000006D5F6D63755F6E653B
:10F86000745F707265646963746F722F676C6F6226
:10F87000616C5F73696D706C655F726E6E2F73691A
:10F880006D706C655F726E6E2F73696D706C655F05
:10F89000726E6E5F63656C6C2F6164645F33310000
:10F8A0000200000001000000400000003262FEFF84
:10F8B000000000011400000030000000F300000010
:10F8C00000000009740000007461FEFF08000000E1
:10F8D0001000000001000000010000000000000016
:10F8E00001000000C497ED3C4B0000006D5F6D63AC
:10F8F000755F6E65745F707265646963746F722F93
:10F90000676C6F62616C5F73696D706C655F726E5E
:10F910006E2F73696D706C655F726E6E2F73696D9B
:10F92000706C655F726E6E5F63656C6C2F4D617499
:10F930004D756C5F3633310002000000010000009D
:10F9400040000000CA62FEFF000000011400000039
:10F9500030000000F2000000000000097400000008
:10F960000C62FEFF08000000100000000100000013
:10F97000FFFFFFFFFFFFFFFF010000007B7A003C5D
:10F98000490000006D5F6D63755F6E65745F707236
:10F9900065646963746F722F676C6F62616C5F730B
:10F9A000696D706C655F726E6E2F73696D706C65DA
:10F9B0005F726E6E2F73696D706C655F726E6E5FD5
:10F9C00063656C6C2F54616E685F333031000000EA
:10F9D0000200000001000000400000006263FEFF22
:10F9E000000000011400000030000000F1000000E1
:10F9F0000000000974000000A462FEFF080000007F
:10FA000010000000010000000000000000000000E5
:10FA1000010000000000003C480000006D5F6D63C5
:10FA2000755F6E65745F707265646963746F722F61
:10FA3000676C6F62616C5F73696D706C655F726E2D
:10FA40006E2F73696D706C655F726E6E2F73696D6A
:10FA5000706C655F726E6E5F63656C6C2F54616E67
:10FA6000685F333000000000020000000100000069
:10FA700040000000FA63FEFF0000000114000000D7
:10FA800034000000F00000000000000974000000D5
:10FA90003C63FEFF080000001400000001000000AD
:10FAA0000400000000000000000000000100000051
:10FAB00040DE023D470000006D5F6D63755F6E655F
:10FAC000745F707265646963746F722F676C6F62C4
:10FAD000616C5F73696D706C655F726E6E2F7369B8
:10FAE0006D706C655F726E6E2F73696D706C655FA3
:10FAF000726E6E5F63656C6C2F6164645F3330009F
:10FB00000200000001000000400000009264FEFFBF
:10FB1000000000011400000030000000EF000000B1
:10FB20000000000974000000D463FEFF080000001C
:10FB300010000000010000000000000000000000B4
:10FB4000010000001A15F03C4A0000006D5F6D6373
:10FB5000755F6E65745F707265646963746F722F30
:10FB6000676C6F62616C5F73696D706C655F726EFC
:10FB70006E2F73696D706C655F726E6E2F73696D39
:10FB8000706C655F726E6E5F63656C6C2F4D617437
:10FB90004D756C5F3631000002000000010000006E
:10FBA000400000002A65FEFF000000011400000074
:10FBB00030000000EE0000000000000974000000AA
:10FBC0006C64FEFF0800000010000000010000004F
:10FBD000FFFFFFFFFFFFFFFF010000007B7A003CFB
:10FBE000490000006D5F6D63755F6E65745F7072D4
:10FBF00065646963746F722F676C6F62616C5F73A9
:10FC0000696D706C655F726E6E2F73696D706C6577
:10FC10005F726E6E2F73696D706C655F726E6E5F72
:10FC200063656C6C2F54616E685F3239310000007F
:10FC3000020000000100000040000000C265FEFF5D
:10FC4000000000011400000030000000ED00000082
:10FC500000000009740000000465FEFF08000000B9
:10FC60001000000001000000000000000000000083
:10FC7000010000000000003C480000006D5F6D6363
:10FC8000755F6E65745F707265646963746F722FFF
:10FC9000676C6F62616C5F73696D706C655F726ECB
:10FCA0006E2F73696D706C655F726E6E2F73696D08
:10FCB000706C655F726E6E5F63656C6C2F54616E05
:10FCC000685F3239000000000200000001000000FF
:10FCD000400000005A66FEFF000000011400000012
:10FCE00034000000EC000000000000097400000077
:10FCF0009C65FEFF080000001400000001000000E9
:10FD000008000000000000000000000001000000EA
:10FD1000F2EE063D470000006D5F6D63755F6E6536
:10FD2000745F707265646963746F722F676C6F6261
:10FD3000616C5F73696D706C655F726E6E2F736955
:10FD40006D706C655F726E6E2F73696D706C655F40
:10FD5000726E6E5F63656C6C2F6164645F32390034
:10FD6000020000000100000040000000F266FEFFFB
:10FD7000000000011400000030000000EB00000053
:10FD800000000009740000003466FEFF0800000057
:10FD90001000000001000000010000000000000051
:10FDA00001000000C6B0F23C4A0000006D5F6D63C8
:10FDB000755F6E65745F707265646963746F722FCE
:10FDC000676C6F62616C5F73696D706C655F726E9A
:10FDD0006E2F73696D706C655F726E6E2F73696DD7
:10FDE000706C655F726E6E5F63656C6C2F4D6174D5
:10FDF0004D756C5F35390000020000000100000005
:10FE0000400000008A67FEFF0000000114000000AF
:10FE100030000000EA00000000000009740000004B
:10FE2000CC66FEFF0800000010000000010000008A
:10FE3000FFFFFFFFFFFFFFFF010000007B7A003C98
:10FE4000490000006D5F6D63755F6E65745F707271
:10FE500065646963746F722F676C6F62616C5F7346
:10FE6000696D706C655F726E6E2F73696D706C6515
:10FE70005F726E6E2F73696D706C655F726E6E5F10
:10FE800063656C6C2F54616E685F3238310000001E
:10FE90000200000001000000400000002268FEFF98
:10FEA000000000011400000030000000E900000024
:10FEB00000000009740000006467FEFF08000000F5
:10FEC0001000000001000000000000000000000021
:10FED000010000000000003C480000006D5F6D6301
:10FEE000755F6E65745F707265646963746F722F9D
:10FEF000676C6F62616C5F73696D706C655F726E69
:10FF00006E2F73696D706C655F726E6E2F73696DA5
:10FF1000706C655F726E6E5F63656C6C2F54616EA2
:10FF2000685F32380000000002000000010000009D
:10FF300040000000BA68FEFF00000001140000004D
:10FF400034000000E8000000000000097400000018
:10FF5000FC67FEFF08000000140000000100000024
:10FF60000900000000000000000000000100000087
:10FF70002C28093D470000006D5F6D63755F6E655D
:10FF8000745F707265646963746F722F676C6F62FF
:10FF9000616C5F73696D706C655F726E6E2F7369F3
:10FFA0006D706C655F726E6E2F73696D706C655FDE
:10FFB000726E6E5F63656C6C2F6164645F323800D3
:10FFC0000200000001000000400000005269FEFF36
:10FFD000000000011400000030000000E7000000F5
:10FFE00000000009740000009468FEFF0800000093
:10FFF0001000000001000000FFFFFFFFFFFFFFFFF8
:020000040802F0
:100000000100000013E5EE3C4A0000006D5F6D63E7
:10001000755F6E65745F707265646963746F722F6B
:10002000676C6F62616C5F73696D706C655F726E37
:100030006E2F73696D706C655F726E6E2F73696D74
:10004000706C655F726E6E5F63656C6C2F4D617472
:100050004D756C5F353700000200000001000000A4
:1000600040000000EA69FEFF0000000114000000EB
:1000700030000000E60000000000000974000000ED
:100080002C69FEFF080000001000000001000000C5
:10009000FFFFFFFFFFFFFFFF010000007B7A003C36
:1000A000490000006D5F6D63755F6E65745F70720F
:1000B00065646963746F722F676C6F62616C5F73E4
:1000C000696D706C655F726E6E2F73696D706C65B3
:1000D0005F726E6E2F73696D706C655F726E6E5FAE
:1000E00063656C6C2F54616E685F323731000000BD
:1000F000020000000100000040000000826AFEFFD4
:10010000000000011400000030000000E5000000C5
:100110000000000974000000C469FEFF0800000030
:1001200010000000010000000000000000000000BE
:10013000010000000000003C480000006D5F6D639E
:10014000755F6E65745F707265646963746F722F3A
:10015000676C6F62616C5F73696D706C655F726E06
:100160006E2F73696D706C655F726E6E2F73696D43
:10017000706C655F726E6E5F63656C6C2F54616E40
:10018000685F32370000000002000000010000003C
:10019000400000001A6BFEFF000000011400000088
:1001A00034000000E40000000000000974000000BA
:1001B0005C6AFEFF0800000014000000010000005F
:1001C000040000000000000000000000010000002A
:1001D000B363083D470000006D5F6D63755F6E653A
:1001E000745F707265646963746F722F676C6F629D
:1001F000616C5F73696D706C655F726E6E2F736991
:100200006D706C655F726E6E2F73696D706C655F7B
:10021000726E6E5F63656C6C2F6164645F32370071
:10022000020000000100000040000000B26BFEFF71
:10023000000000011400000030000000E300000096
:100240000000000974000000F46AFEFF08000000CE
:10025000100000000100000000000000000000008D
:1002600001000000F774F03C4A0000006D5F6D6310
:10027000755F6E65745F707265646963746F722F09
:10028000676C6F62616C5F73696D706C655F726ED5
:100290006E2F73696D706C655F726E6E2F73696D12
:1002A000706C655F726E6E5F63656C6C2F4D617410
:1002B0004D756C5F35350000020000000100000044
:1002C000400000004A6CFEFF000000011400000026
:1002D00030000000E200000000000009740000008F
:1002E0008C6BFEFF08000000100000000100000001
:1002F000FFFFFFFFFFFFFFFF010000007B7A003CD4
:10030000490000006D5F6D63755F6E65745F7072AC
:1003100065646963746F722F676C6F62616C5F7381
:10032000696D706C655F726E6E2F73696D706C6550
:100330005F726E6E2F73696D706C655F726E6E5F4B
:1003400063656C6C2F54616E685F3236310000005B
:10035000020000000100000040000000E26CFEFF0F
:10036000000000011400000030000000E100000067
:100370000000000974000000246CFEFF080000006B
:10038000100000000100000000000000000000005C
:10039000010000000000003C480000006D5F6D633C
:1003A000755F6E65745F707265646963746F722FD8
:1003B000676C6F62616C5F73696D706C655F726EA4
:1003C0006E2F73696D706C655F726E6E2F73696DE1
:1003D000706C655F726E6E5F63656C6C2F54616EDE
:1003E000685F3236000000000200000001000000DB
:1003F000400000007A6DFEFF0000000114000000C4
:1004000034000000E000000000000009740000005B
:10041000BC6CFEFF0800000014000000010000009A
:1004200005000000000000000000000001000000C6
:1004300071BC073D470000006D5F6D63755F6E65C1
:10044000745F707265646963746F722F676C6F623A
:10045000616C5F73696D706C655F726E6E2F73692E
:100460006D706C655F726E6E2F73696D706C655F19
:10047000726E6E5F63656C6C2F6164645F32360010
:10048000020000000100000040000000126EFEFFAC
:10049000000000011400000030000000DF00000038
:1004A0000000000974000000546DFEFF0800000009
:1004B000100000000100000001000000000000002A
:1004C000010000004B34F23C4A0000006D5F6D6398
:1004D000755F6E65745F707265646963746F722FA7
:1004E000676C6F62616C5F73696D706C655F726E73
:1004F0006E2F73696D706C655F726E6E2F73696DB0
:10050000706C655F726E6E5F63656C6C2F4D6174AD
:100510004D756C5F353300000200000001000000E3
:1005200040000000AA6EFEFF000000011400000061
:1005300030000000DE000000000000097400000030
:10054000EC6DFEFF0800000010000000010000003C
:10055000FFFFFFFFFFFFFFFF010000007B7A003C71
:10056000490000006D5F6D63755F6E65745F70724A
:1005700065646963746F722F676C6F62616C5F731F
:10058000696D706C655F726E6E2F73696D706C65EE
:100590005F726E6E2F73696D706C655F726E6E5FE9
:1005A00063656C6C2F54616E685F323531000000FA
:1005B000020000000100000040000000426FFEFF4A
:1005C000000000011400000030000000DD00000009
:1005D0000000000974000000846EFEFF08000000A7
:1005E00010000000010000000000000000000000FA
:1005F000010000000000003C480000006D5F6D63DA
:10060000755F6E65745F707265646963746F722F75
:10061000676C6F62616C5F73696D706C655F726E41
:100620006E2F73696D706C655F726E6E2F73696D7E
:10063000706C655F726E6E5F63656C6C2F54616E7B
:10064000685F323500000000020000000100000079
:1006500040000000DA6FFEFF0000000114000000FF
:1006600034000000DC0000000000000974000000FD
:100670001C6FFEFF080000001400000001000000D5
:100680000500000000000000000000000100000064
:10069000B71C093D470000006D5F6D63755F6E65B7
:1006A000745F707265646963746F722F676C6F62D8
:1006B000616C5F73696D706C655F726E6E2F7369CC
:1006C0006D706C655F726E6E2F73696D706C655FB7
:1006D000726E6E5F63656C6C2F6164645F323500AF
:1006E0000200000001000000400000007270FEFFE8
:1006F000000000011400000030000000DB000000DA
:100700000000000974000000B46FFEFF0800000044
:100710001000000001000000FEFFFFFFFFFFFFFFD1
:10072000010000004AB8EE3C4A0000006D5F6D63B6
:10073000755F6E65745F707265646963746F722F44
:10074000676C6F62616C5F73696D706C655F726E10
:100750006E2F73696D706C655F726E6E2F73696D4D
:10076000706C655F726E6E5F63656C6C2F4D61744B
:100770004D756C5F35310000020000000100000083
:10078000400000000A71FEFF00000001140000009C
:1007900030000000DA0000000000000974000000D2
:1007A0004C70FEFF08000000100000000100000077
:1007B000FFFFFFFFFFFFFFFF010000007B7A003C0F
:1007C000490000006D5F6D63755F6E65745F7072E8
:1007D00065646963746F722F676C6F62616C5F73BD
:1007E000696D706C655F726E6E2F73696D706C658C
:1007F0005F726E6E2F73696D706C655F726E6E5F87
:1008000063656C6C2F54616E685F32343100000098
:10081000020000000100000040000000A271FEFF85
:10082000000000011400000030000000D9000000AA
:100830000000000974000000E470FEFF08000000E2
:100840001000000001000000000000000000000097
:10085000010000000000003C480000006D5F6D6377
:10086000755F6E65745F707265646963746F722F13
:10087000676C6F62616C5F73696D706C655F726EDF
:100880006E2F73696D706C655F726E6E2F73696D1C
:10089000706C655F726E6E5F63656C6C2F54616E19
:1008A000685F323400000000020000000100000018
:1008B000400000003A72FEFF00000001140000003A
:1008C00034000000D800000000000009740000009F
:1008D0007C71FEFF08000000140000000100000011
:1008E0000200000000000000000000000100000005
:1008F0008285043D470000006D5F6D63755F6E6526
:10090000745F707265646963746F722F676C6F6275
:10091000616C5F73696D706C655F726E6E2F736969
:100920006D706C655F726E6E2F73696D706C655F54
:10093000726E6E5F63656C6C2F6164645F3234004D
:10094000020000000100000040000000D272FEFF23
:10095000000000011400000030000000D70000007B
:1009600000000009740000001472FEFF080000007F
:100970001000000001000000FEFFFFFFFFFFFFFF6F
:10098000010000007B31EF3C4A0000006D5F6D63A9
:10099000755F6E65745F707265646963746F722FE2
:1009A000676C6F62616C5F73696D706C655F726EAE
:1009B0006E2F73696D706C655F726E6E2F73696DEB
:1009C000706C655F726E6E5F63656C6C2F4D6174E9
:1009D0004D756C5F3439000002000000010000001A
:1009E000400000006A73FEFF0000000114000000D8
:1009F00030000000D6000000000000097400000074
:100A0000AC72FEFF080000001000000001000000B2
:100A1000FFFFFFFFFFFFFFFF010000007B7A003CAC
:100A2000490000006D5F6D63755F6E65745F707285
:100A300065646963746F722F676C6F62616C5F735A
:100A4000696D706C655F726E6E2F73696D706C6529
:100A50005F726E6E2F73696D706C655F726E6E5F24
:100A600063656C6C2F54616E685F32333100000037
:100A70000200000001000000400000000274FEFFC0
:100A8000000000011400000030000000D50000004C
:100A900000000009740000004473FEFF080000001D
:100AA0001000000001000000000000000000000035
:100AB000010000000000003C480000006D5F6D6315
:100AC000755F6E65745F707265646963746F722FB1
:100AD000676C6F62616C5F73696D706C655F726E7D
:100AE0006E2F73696D706C655F726E6E2F73696DBA
:100AF000706C655F726E6E5F63656C6C2F54616EB7
:100B0000685F3233000000000200000001000000B6
:100B1000400000009A74FEFF000000011400000075
:100B200034000000D4000000000000097400000040
:100B3000DC73FEFF0800000014000000010000004C
:100B400000000000000000000000000001000000A4
:100B500007BD023D470000006D5F6D63755F6E6508
:100B6000745F707265646963746F722F676C6F6213
:100B7000616C5F73696D706C655F726E6E2F736907
:100B80006D706C655F726E6E2F73696D706C655FF2
:100B9000726E6E5F63656C6C2F6164645F323300EC
:100BA0000200000001000000400000003275FEFF5E
:100BB000000000011400000030000000D30000001D
:100BC00000000009740000007474FEFF08000000BB
:100BD0001000000001000000FEFFFFFFFFFFFFFF0D
:100BE00001000000A1A2F23C4A0000006D5F6D63AD
:100BF000755F6E65745F707265646963746F722F80
:100C0000676C6F62616C5F73696D706C655F726E4B
:100C10006E2F73696D706C655F726E6E2F73696D88
:100C2000706C655F726E6E5F63656C6C2F4D617486
:100C30004D756C5F343700000200000001000000B9
:100C400040000000CA75FEFF000000011400000013
:100C500030000000D2000000000000097400000015
:100C60000C75FEFF080000001000000001000000ED
:100C7000FFFFFFFFFFFFFFFF010000007B7A003C4A
:100C8000490000006D5F6D63755F6E65745F707223
:100C900065646963746F722F676C6F62616C5F73F8
:100CA000696D706C655F726E6E2F73696D706C65C7
:100CB0005F726E6E2F73696D706C655F726E6E5FC2
:100CC00063656C6C2F54616E685F323231000000D6
:100CD0000200000001000000400000006276FEFFFC
:100CE000000000011400000030000000D1000000EE
:100CF0000000000974000000A475FEFF0800000059
:100D000010000000010000000000000000000000D2
:100D1000010000000000003C480000006D5F6D63B2
:100D2000755F6E65745F707265646963746F722F4E
:100D3000676C6F62616C5F73696D706C655F726E1A
:100D40006E2F73696D706C655F726E6E2F73696D57
:100D5000706C655F726E6E5F63656C6C2F54616E54
:100D6000685F323200000000020000000100000055
:100D700040000000FA76FEFF0000000114000000B1
:100D800034000000D00000000000000974000000E2
:100D90003C76FEFF08000000140000000100000087
:100DA000FCFFFFFFFFFFFFFF00000000010000004D
:100DB000E164053D470000006D5F6D63755F6E6522
:100DC000745F707265646963746F722F676C6F62B1
:100DD000616C5F73696D706C655F726E6E2F7369A5
:100DE0006D706C655F726E6E2F73696D706C655F90
:100DF000726E6E5F63656C6C2F6164645F3232008B
:100E00000200000001000000400000009277FEFF99
:100E1000000000011400000030000000CF000000BE
:100E20000000000974000000D476FEFF08000000F6
:100E30001000000001000000FEFFFFFFFFFFFFFFAA
:100E400001000000B04CF13C4A0000006D5F6D6392
:100E5000755F6E65745F707265646963746F722F1D
:100E6000676C6F62616C5F73696D706C655F726EE9
:100E70006E2F73696D706C655F726E6E2F73696D26
:100E8000706C655F726E6E5F63656C6C2F4D617424
:100E90004D756C5F34350000020000000100000059
:100EA000400000002A78FEFF00000001140000004E
:100EB00030000000CE0000000000000974000000B7
:100EC0006C77FEFF08000000100000000100000029
:100ED000FFFFFFFFFFFFFFFF010000007B7A003CE8
:100EE000490000006D5F6D63755F6E65745F7072C1
:100EF00065646963746F722F676C6F62616C5F7396
:100F0000696D706C655F726E6E2F73696D706C6564
:100F10005F726E6E2F73696D706C655F726E6E5F5F
:100F200063656C6C2F54616E685F32313200000073
:100F3000020000000100000040000000C278FEFF37
:100F4000000000011400000030000000CD0000008F
:100F500000000009740000000478FEFF0800000093
:100F60001000000001000000000000000000000070
:100F7000010000000000003C490000006D5F6D634F
:100F8000755F6E65745F707265646963746F722FEC
:100F9000676C6F62616C5F73696D706C655F726EB8
:100FA0006E2F73696D706C655F726E6E2F73696DF5
:100FB000706C655F726E6E5F63656C6C2F54616EF2
:100FC000685F3231310000000200000001000000C3
:100FD000400000005A79FEFF0000000114000000EC
:100FE00034000000CC000000000000097400000084
:100FF0009C78FEFF080000001400000001000000C3
:10100000FEFFFFFFFFFFFFFF0000000001000000E8
:10101000AFF0073D470000006D5F6D63755F6E6563
:10102000745F707265646963746F722F676C6F624E
:10103000616C5F73696D706C655F726E6E2F736942
:101040006D706C655F726E6E2F73696D706C655F2D
:10105000726E6E5F63656C6C2F6164645F32310029
:10106000020000000100000040000000F279FEFFD5
:10107000000000011400000030000000CB00000060
:1010800000000009740000003479FEFF0800000031
:101090001000000001000000FDFFFFFFFFFFFFFF49
:1010A0000100000040B8F03C4A0000006D5F6D6335
:1010B000755F6E65745F707265646963746F722FBB
:1010C000676C6F62616C5F73696D706C655F726E87
:1010D0006E2F73696D706C655F726E6E2F73696DC4
:1010E000706C655F726E6E5F63656C6C2F4D6174C2
:1010F0004D756C5F343300000200000001000000F9
:10110000400000008A7AFEFF000000011400000089
:1011100030000000CA000000000000097400000058
:10112000CC79FEFF08000000100000000100000064
:10113000FFFFFFFFFFFFFFFF010000007B7A003C85
:10114000490000006D5F6D63755F6E65745F70725E
:1011500065646963746F722F676C6F62616C5F7333
:10116000696D706C655F726E6E2F73696D706C6502
:101170005F726E6E2F73696D706C655F726E6E5FFD
:1011800063656C6C2F54616E685F32303100000013
:10119000020000000100000040000000227BFEFF72
:1011A000000000011400000030000000C900000031
:1011B0000000000974000000647AFEFF08000000CF
:1011C000100000000100000000000000000000000E
:1011D000010000000000003C480000006D5F6D63EE
:1011E000755F6E65745F707265646963746F722F8A
:1011F000676C6F62616C5F73696D706C655F726E56
:101200006E2F73696D706C655F726E6E2F73696D92
:10121000706C655F726E6E5F63656C6C2F54616E8F
:10122000685F323000000000020000000100000092
:1012300040000000BA7BFEFF000000011400000027
:1012400034000000C8000000000000097400000025
:10125000FC7AFEFF080000001400000001000000FE
:10126000FCFFFFFFFFFFFFFF000000000100000088
:10127000CBB6063D470000006D5F6D63755F6E6520
:10128000745F707265646963746F722F676C6F62EC
:10129000616C5F73696D706C655F726E6E2F7369E0
:1012A0006D706C655F726E6E2F73696D706C655FCB
:1012B000726E6E5F63656C6C2F6164645F323000C8
:1012C000020000000100000040000000527CFEFF10
:1012D000000000011400000030000000C700000002
:1012E0000000000974000000947BFEFF080000006D
:1012F0001000000001000000FFFFFFFFFFFFFFFFE5
:1013000001000000D716EF3C4A0000006D5F6D63DE
:10131000755F6E65745F707265646963746F722F58
:10132000676C6F62616C5F73696D706C655F726E24
:101330006E2F73696D706C655F726E6E2F73696D61
:10134000706C655F726E6E5F63656C6C2F4D61745F
:101350004D756C5F34310000020000000100000098
:1013600040000000EA7CFEFF0000000114000000C5
:1013700030000000C60000000000000974000000FA
:101380002C7CFEFF0800000010000000010000009F
:10139000FFFFFFFFFFFFFFFF010000007B7A003C23
:1013A000490000006D5F6D63755F6E65745F7072FC
:1013B00065646963746F722F676C6F62616C5F73D1
:1013C000696D706C655F726E6E2F73696D706C65A0
:1013D0005F726E6E2F73696D706C655F726E6E5F9B
:1013E00063656C6C2F54616E685F313931000000A9
:1013F000020000000100000040000000827DFEFFAE
:10140000000000011400000030000000C5000000D2
:101410000000000974000000C47CFEFF080000000A
:1014200010000000010000000000000000000000AB
:10143000010000000000003C480000006D5F6D638B
:10144000755F6E65745F707265646963746F722F27
:10145000676C6F62616C5F73696D706C655F726EF3
:101460006E2F73696D706C655F726E6E2F73696D30
:10147000706C655F726E6E5F63656C6C2F54616E2D
:10148000685F313900000000020000000100000028
:10149000400000001A7EFEFF000000011400000062
:1014A00034000000C40000000000000974000000C7
:1014B0005C7DFEFF08000000140000000100000039
:1014C000FDFFFFFFFFFFFFFF000000000100000025
:1014D0006EF4053D470000006D5F6D63755F6E65DE
:1014E000745F707265646963746F722F676C6F628A
:1014F000616C5F73696D706C655F726E6E2F73697E
:101500006D706C655F726E6E2F73696D706C655F68
:10151000726E6E5F63656C6C2F6164645F3139005D
:10152000020000000100000040000000B27EFEFF4B
:10153000000000011400000030000000C3000000A3
:101540000000000974000000F47DFEFF08000000A8
:101550001000000001000000030000000000000077
:1015600001000000672CEB3C4A0000006D5F6D63DA
:10157000755F6E65745F707265646963746F722FF6
:10158000676C6F62616C5F73696D706C655F726EC2
:101590006E2F73696D706C655F726E6E2F73696DFF
:1015A000706C655F726E6E5F63656C6C2F4D6174FD
:1015B0004D756C5F3339000002000000010000002F
:1015C000400000004A7FFEFF000000011400000000
:1015D00030000000C200000000000009740000009C
:1015E0008C7EFEFF080000001000000001000000DB
:1015F000FFFFFFFFFFFFFFFF010000007B7A003CC1
:10160000490000006D5F6D63755F6E65745F707299
:1016100065646963746F722F676C6F62616C5F736E
:10162000696D706C655F726E6E2F73696D706C653D
:101630005F726E6E2F73696D706C655F726E6E5F38
:1016400063656C6C2F54616E685F31383100000047
:10165000020000000100000040000000E27FFEFFE9
:10166000000000011400000030000000C100000074
:101670000000000974000000247FFEFF0800000045
:101680001000000001000000000000000000000049
:10169000010000000000003C480000006D5F6D6329
:1016A000755F6E65745F707265646963746F722FC5
:1016B000676C6F62616C5F73696D706C655F726E91
:1016C0006E2F73696D706C655F726E6E2F73696DCE
:1016D000706C655F726E6E5F63656C6C2F54616ECB
:1016E000685F3138000000000200000001000000C7
:1016F000400000007A80FEFF00000001140000009E
:1017000034000000C0000000000000097400000068
:10171000BC7FFEFF08000000140000000100000074
:10172000FEFFFFFFFFFFFFFF0000000001000000C1
:1017300027EDFF3C470000006D5F6D63755F6E65D0
:10174000745F707265646963746F722F676C6F6227
:10175000616C5F73696D706C655F726E6E2F73691B
:101760006D706C655F726E6E2F73696D706C655F06
:10177000726E6E5F63656C6C2F6164645F313800FC
:101780000200000001000000400000001281FEFF86
:10179000000000011400000030000000BF00000045
:1017A00000000009740000005480FEFF08000000E3
:1017B0001000000001000000020000000000000016
:1017C0000100000066A4E53C4A0000006D5F6D6307
:1017D000755F6E65745F707265646963746F722F94
:1017E000676C6F62616C5F73696D706C655F726E60
:1017F0006E2F73696D706C655F726E6E2F73696D9D
:10180000706C655F726E6E5F63656C6C2F4D61749A
:101810004D756C5F333700000200000001000000CE
:1018200040000000AA81FEFF00000001140000003B
:1018300030000000BE00000000000009740000003D
:10184000EC80FEFF08000000100000000100000016
:10185000FFFFFFFFFFFFFFFF010000007B7A003C5E
:10186000490000006D5F6D63755F6E65745F707237
:1018700065646963746F722F676C6F62616C5F730C
:10188000696D706C655F726E6E2F73696D706C65DB
:101890005F726E6E2F73696D706C655F726E6E5FD6
:1018A00063656C6C2F54616E685F313731000000E6
:1018B0000200000001000000400000004282FEFF24
:1018C000000000011400000030000000BD00000016
:1018D00000000009740000008481FEFF0800000081
:1018E00010000000010000000000000000000000E7
:1018F000010000000000003C480000006D5F6D63C7
:10190000755F6E65745F707265646963746F722F62
:10191000676C6F62616C5F73696D706C655F726E2E
:101920006E2F73696D706C655F726E6E2F73696D6B
:10193000706C655F726E6E5F63656C6C2F54616E68
:10194000685F313700000000020000000100000065
:1019500040000000DA82FEFF0000000114000000D9
:1019600034000000BC00000000000009740000000A
:101970001C82FEFF080000001400000001000000AF
:10198000FBFFFFFFFFFFFFFF000000000100000062
:10199000129D033D470000006D5F6D63755F6E65CE
:1019A000745F707265646963746F722F676C6F62C5
:1019B000616C5F73696D706C655F726E6E2F7369B9
:1019C0006D706C655F726E6E2F73696D706C655FA4
:1019D000726E6E5F63656C6C2F6164645F3137009B
:1019E0000200000001000000400000007283FEFFC2
:1019F000000000011400000030000000BB000000E7
:101A00000000000974000000B482FEFF080000001E
:101A100010000000010000000200000000000000B3
:101A200001000000F73EE23C4A0000006D5F6D637C
:101A3000755F6E65745F707265646963746F722F31
:101A4000676C6F62616C5F73696D706C655F726EFD
:101A50006E2F73696D706C655F726E6E2F73696D3A
:101A6000706C655F726E6E5F63656C6C2F4D617438
:101A70004D756C5F3335000002000000010000006E
:101A8000400000000A84FEFF000000011400000076
:101A900030000000BA0000000000000974000000DF
:101AA0004C83FEFF08000000100000000100000051
:101AB000FFFFFFFFFFFFFFFF010000007B7A003CFC
:101AC000490000006D5F6D63755F6E65745F7072D5
:101AD00065646963746F722F676C6F62616C5F73AA
:101AE000696D706C655F726E6E2F73696D706C6579
:101AF0005F726E6E2F73696D706C655F726E6E5F74
:101B000063656C6C2F54616E685F31363100000084
:101B1000020000000100000040000000A284FEFF5F
:101B2000000000011400000030000000B9000000B7
:101B30000000000974000000E483FEFF08000000BC
:101B40001000000001000000000000000000000084
:101B5000010000000000003C480000006D5F6D6364
:101B6000755F6E65745F707265646963746F722F00
:101B7000676C6F62616C5F73696D706C655F726ECC
:101B80006E2F73696D706C655F726E6E2F73696D09
:101B9000706C655F726E6E5F63656C6C2F54616E06
:101BA000685F313600000000020000000100000004
:101BB000400000003A85FEFF000000011400000014
:101BC00034000000B80000000000000974000000AC
:101BD0007C84FEFF080000001400000001000000EB
:101BE000FFFFFFFFFFFFFFFF0000000001000000FC
:101BF0001D59063D470000006D5F6D63755F6E65A2
:101C0000745F707265646963746F722F676C6F6262
:101C1000616C5F73696D706C655F726E6E2F736956
:101C20006D706C655F726E6E2F73696D706C655F41
:101C3000726E6E5F63656C6C2F6164645F31360039
:101C4000020000000100000040000000D285FEFFFD
:101C5000000000011400000030000000B700000088
:101C600000000009740000001485FEFF0800000059
:101C70001000000001000000000000000000000053
:101C800001000000A26BDE3C4A0000006D5F6D6346
:101C9000755F6E65745F707265646963746F722FCF
:101CA000676C6F62616C5F73696D706C655F726E9B
:101CB0006E2F73696D706C655F726E6E2F73696DD8
:101CC000706C655F726E6E5F63656C6C2F4D6174D6
:101CD0004D756C5F3333000002000000010000000E
:101CE000400000006A86FEFF0000000114000000B2
:101CF00030000000B6000000000000097400000081
:101D0000AC85FEFF0800000010000000010000008C
:101D1000FFFFFFFFFFFFFFFF010000007B7A003C99
:101D2000490000006D5F6D63755F6E65745F707272
:101D300065646963746F722F676C6F62616C5F7347
:101D4000696D706C655F726E6E2F73696D706C6516
:101D50005F726E6E2F73696D706C655F726E6E5F11
:101D600063656C6C2F54616E685F31353100000023
:101D70000200000001000000400000000287FEFF9A
:101D8000000000011400000030000000B500000059
:101D900000000009740000004486FEFF08000000F7
:101DA0001000000001000000000000000000000022
:101DB000010000000000003C480000006D5F6D6302
:101DC000755F6E65745F707265646963746F722F9E
:101DD000676C6F62616C5F73696D706C655F726E6A
:101DE0006E2F73696D706C655F726E6E2F73696DA7
:101DF000706C655F726E6E5F63656C6C2F54616EA4
:101E0000685F3135000000000200000001000000A2
:101E1000400000009A87FEFF00000001140000004F
:101E200034000000B400000000000009740000004D
:101E3000DC86FEFF08000000140000000100000026
:101E40000100000000000000000000000100000090
:101E5000040D073D470000006D5F6D63755F6E65A3
:101E6000745F707265646963746F722F676C6F6200
:101E7000616C5F73696D706C655F726E6E2F7369F4
:101E80006D706C655F726E6E2F73696D706C655FDF
:101E9000726E6E5F63656C6C2F6164645F313500D8
:101EA0000200000001000000400000003288FEFF38
:101EB000000000011400000030000000B30000002A
:101EC00000000009740000007487FEFF0800000095
:101ED0001000000001000000FEFFFFFFFFFFFFFFFA
:101EE000010000000A39DA3C4A0000006D5F6D63B2
:101EF000755F6E65745F707265646963746F722F6D
:101F0000676C6F62616C5F73696D706C655F726E38
:101F10006E2F73696D706C655F726E6E2F73696D75
:101F2000706C655F726E6E5F63656C6C2F4D617473
:101F30004D756C5F333100000200000001000000AD
:101F400040000000CA88FEFF0000000114000000ED
:101F500030000000B2000000000000097400000022
:101F60000C88FEFF080000001000000001000000C7
:101F7000FFFFFFFFFFFFFFFF010000007B7A003C37
:101F8000490000006D5F6D63755F6E65745F707210
:101F900065646963746F722F676C6F62616C5F73E5
:101FA000696D706C655F726E6E2F73696D706C65B4
:101FB0005F726E6E2F73696D706C655F726E6E5FAF
:101FC00063656C6C2F54616E685F313431000000C2
:101FD0000200000001000000400000006289FEFFD6
:101FE000000000011400000030000000B1000000FB
:101FF0000000000974000000A488FEFF0800000033
:1020000010000000010000000000000000000000BF
:10201000010000000000003C480000006D5F6D639F
:10202000755F6E65745F707265646963746F722F3B
:10203000676C6F62616C5F73696D706C655F726E07
:102040006E2F73696D706C655F726E6E2F73696D44
:10205000706C655F726E6E5F63656C6C2F54616E41
:10206000685F313400000000020000000100000041
:1020700040000000FA89FEFF00000001140000008B
:1020800034000000B00000000000000974000000EF
:102090003C89FEFF08000000140000000100000061
:1020A000FFFFFFFFFFFFFFFF000000000100000037
:1020B0006DADFA3C470000006D5F6D63755F6E6546
:1020C000745F707265646963746F722F676C6F629E
:1020D000616C5F73696D706C655F726E6E2F736992
:1020E0006D706C655F726E6E2F73696D706C655F7D
:1020F000726E6E5F63656C6C2F6164645F31340077
:10210000020000000100000040000000928AFEFF73
:10211000000000011400000030000000AF000000CB
:102120000000000974000000D489FEFF08000000D0
:102130001000000001000000FDFFFFFFFFFFFFFF98
:10214000010000008461D83C4A0000006D5F6D63AF
:10215000755F6E65745F707265646963746F722F0A
:10216000676C6F62616C5F73696D706C655F726ED6
:102170006E2F73696D706C655F726E6E2F73696D13
:10218000706C655F726E6E5F63656C6C2F4D617411
:102190004D756C5F32390000020000000100000044
:1021A000400000002A8BFEFF000000011400000028
:1021B00030000000AE0000000000000974000000C4
:1021C0006C8AFEFF08000000100000000100000003
:1021D000FFFFFFFFFFFFFFFF010000007B7A003CD5
:1021E000490000006D5F6D63755F6E65745F7072AE
:1021F00065646963746F722F676C6F62616C5F7383
:10220000696D706C655F726E6E2F73696D706C6551
:102210005F726E6E2F73696D706C655F726E6E5F4C
:1022200063656C6C2F54616E685F31333100000060
:10223000020000000100000040000000C28BFEFF11
:10224000000000011400000030000000AD0000009C
:102250000000000974000000048BFEFF080000006D
:10226000100000000100000000000000000000005D
:10227000010000000000003C480000006D5F6D633D
:10228000755F6E65745F707265646963746F722FD9
:10229000676C6F62616C5F73696D706C655F726EA5
:1022A0006E2F73696D706C655F726E6E2F73696DE2
:1022B000706C655F726E6E5F63656C6C2F54616EDF
:1022C000685F3133000000000200000001000000E0
:1022D000400000005A8CFEFF0000000114000000C6
:1022E00034000000AC000000000000097400000091
:1022F0009C8BFEFF0800000014000000010000009D
:10230000FCFFFFFFFFFFFFFF0000000001000000D7
:10231000C217FE3C470000006D5F6D63755F6E6520
:10232000745F707265646963746F722F676C6F623B
:10233000616C5F73696D706C655F726E6E2F73692F
:102340006D706C655F726E6E2F73696D706C655F1A
:10235000726E6E5F63656C6C2F6164645F31330015
:10236000020000000100000040000000F28CFEFFAF
:10237000000000011400000030000000AB0000006D
:102380000000000974000000348CFEFF080000000B
:102390001000000001000000FBFFFFFFFFFFFFFF38
:1023A0000100000066DADB3C4A0000006D5F6D63EF
:1023B000755F6E65745F707265646963746F722FA8
:1023C000676C6F62616C5F73696D706C655F726E74
:1023D0006E2F73696D706C655F726E6E2F73696DB1
:1023E000706C655F726E6E5F63656C6C2F4D6174AF
:1023F0004D756C5F323700000200000001000000E4
:10240000400000008A8DFEFF000000011400000063
:1024100030000000AA000000000000097400000065
:10242000CC8CFEFF0800000010000000010000003E
:10243000FFFFFFFFFFFFFFFF010000007B7A003C72
:10244000490000006D5F6D63755F6E65745F70724B
:1024500065646963746F722F676C6F62616C5F7320
:10246000696D706C655F726E6E2F73696D706C65EF
:102470005F726E6E2F73696D706C655F726E6E5FEA
:1024800063656C6C2F54616E685F313231000000FF
:10249000020000000100000040000000228EFEFF4C
:1024A000000000011400000030000000A90000003E
:1024B0000000000974000000648DFEFF08000000A9
:1024C00010000000010000000000000000000000FB
:1024D000010000000000003C480000006D5F6D63DB
:1024E000755F6E65745F707265646963746F722F77
:1024F000676C6F62616C5F73696D706C655F726E43
:102500006E2F73696D706C655F726E6E2F73696D7F
:10251000706C655F726E6E5F63656C6C2F54616E7C
:10252000685F31320000000002000000010000007E
:1025300040000000BA8EFEFF000000011400000001
:1025400034000000A8000000000000097400000032
:10255000FC8DFEFF080000001400000001000000D8
:10256000FCFFFFFFFFFFFFFF000000000100000075
:10257000926E003D470000006D5F6D63755F6E6594
:10258000745F707265646963746F722F676C6F62D9
:10259000616C5F73696D706C655F726E6E2F7369CD
:1025A0006D706C655F726E6E2F73696D706C655FB8
:1025B000726E6E5F63656C6C2F6164645F313200B4
:1025C000020000000100000040000000528FFEFFEA
:1025D000000000011400000030000000A70000000F
:1025E0000000000974000000948EFEFF0800000047
:1025F0001000000001000000FBFFFFFFFFFFFFFFD6
:102600000100000094DDDF3C4A0000006D5F6D6357
:10261000755F6E65745F707265646963746F722F45
:10262000676C6F62616C5F73696D706C655F726E11
:102630006E2F73696D706C655F726E6E2F73696D4E
:10264000706C655F726E6E5F63656C6C2F4D61744C
:102650004D756C5F32350000020000000100000083
:1026600040000000EA8FFEFF00000001140000009F
:1026700030000000A6000000000000097400000007
:102680002C8FFEFF08000000100000000100000079
:10269000FFFFFFFFFFFFFFFF010000007B7A003C10
:1026A000490000006D5F6D63755F6E65745F7072E9
:1026B00065646963746F722F676C6F62616C5F73BE
:1026C000696D706C655F726E6E2F73696D706C658D
:1026D0005F726E6E2F73696D706C655F726E6E5F88
:1026E00063656C6C2F54616E685F3131320000009D
:1026F0000200000001000000400000008290FEFF88
:10270000000000011400000030000000A5000000DF
:102710000000000974000000C48FFEFF08000000E4
:102720001000000001000000000000000000000098
:10273000010000000000003C490000006D5F6D6377
:10274000755F6E65745F707265646963746F722F14
:10275000676C6F62616C5F73696D706C655F726EE0
:102760006E2F73696D706C655F726E6E2F73696D1D
:10277000706C655F726E6E5F63656C6C2F54616E1A
:10278000685F3131310000000200000001000000EC
:10279000400000001A91FEFF00000001140000003C
:1027A00034000000A40000000000000974000000D4
:1027B0005C90FEFF08000000140000000100000013
:1027C000FAFFFFFFFFFFFFFF000000000100000015
:1027D000B2AD003D470000006D5F6D63755F6E65D3
:1027E000745F707265646963746F722F676C6F6277
:1027F000616C5F73696D706C655F726E6E2F73696B
:102800006D706C655F726E6E2F73696D706C655F55
:10281000726E6E5F63656C6C2F6164645F31310052
:10282000020000000100000040000000B291FEFF25
:10283000000000011400000030000000A3000000B0
:102840000000000974000000F490FEFF0800000082
:102850001000000001000000FBFFFFFFFFFFFFFF73
:10286000010000004F6DE23C4A0000006D5F6D63A7
:10287000755F6E65745F707265646963746F722FE3
:10288000676C6F62616C5F73696D706C655F726EAF
:102890006E2F73696D706C655F726E6E2F73696DEC
:1028A000706C655F726E6E5F63656C6C2F4D6174EA
:1028B0004D756C5F32330000020000000100000023
:1028C000400000004A92FEFF0000000114000000DA
:1028D00030000000A20000000000000974000000A9
:1028E0008C91FEFF080000001000000001000000B5
:1028F000FFFFFFFFFFFFFFFF010000007B7A003CAE
:10290000490000006D5F6D63755F6E65745F707286
:1029100065646963746F722F676C6F62616C5F735B
:10292000696D706C655F726E6E2F73696D706C652A
:102930005F726E6E2F73696D706C655F726E6E5F25
:1029400063656C6C2F54616E685F3130310000003C
:10295000020000000100000040000000E292FEFFC3
:10296000000000011400000030000000A100000081
:1029700000000009740000002492FEFF080000001F
:102980001000000001000000000000000000000036
:10299000010000000000003C480000006D5F6D6316
:1029A000755F6E65745F707265646963746F722FB2
:1029B000676C6F62616C5F73696D706C655F726E7E
:1029C0006E2F73696D706C655F726E6E2F73696DBB
:1029D000706C655F726E6E5F63656C6C2F54616EB8
:1029E000685F3130000000000200000001000000BC
:1029F000400000007A93FEFF000000011400000078
:102A000034000000A0000000000000097400000075
:102A1000BC92FEFF0800000014000000010000004E
:102A2000FBFFFFFFFFFFFFFF0000000001000000B1
:102A30003B15043D470000006D5F6D63755F6E657B
:102A4000745F707265646963746F722F676C6F6214
:102A5000616C5F73696D706C655F726E6E2F736908
:102A60006D706C655F726E6E2F73696D706C655FF3
:102A7000726E6E5F63656C6C2F6164645F313000F1
:102A80000200000001000000400000001294FEFF60
:102A90000000000114000000300000009F00000052
:102AA00000000009740000005493FEFF08000000BD
:102AB0001000000001000000F8FFFFFFFFFFFFFF14
:102AC000010000006210E73C4A0000006D5F6D638A
:102AD000755F6E65745F707265646963746F722F81
:102AE000676C6F62616C5F73696D706C655F726E4D
:102AF0006E2F73696D706C655F726E6E2F73696D8A
:102B0000706C655F726E6E5F63656C6C2F4D617487
:102B10004D756C5F323100000200000001000000C2
:102B200040000000AA94FEFF000000011400000015
:102B3000300000009E00000000000009740000004A
:102B4000EC93FEFF080000001000000001000000F0
:102B5000FFFFFFFFFFFFFFFF010000007B7A003C4B
:102B6000480000006D5F6D63755F6E65745F707225
:102B700065646963746F722F676C6F62616C5F73F9
:102B8000696D706C655F726E6E2F73696D706C65C8
:102B90005F726E6E2F73696D706C655F726E6E5FC3
:102BA00063656C6C2F54616E685F39310000000002
:102BB0000200000001000000400000004295FEFFFE
:102BC0000000000114000000340000009D0000001F
:102BD00000000009740000008494FEFF080000005B
:102BE00014000000010000000000000000000000D0
:102BF00000000000010000000000003C4700000051
:102C00006D5F6D63755F6E65745F70726564696337
:102C1000746F722F676C6F62616C5F73696D706C3B
:102C2000655F726E6E2F73696D706C655F726E6E2C
:102C30002F73696D706C655F726E6E5F63656C6C2F
:102C40002F54616E685F390002000000010000002F
:102C500040000000DA95FEFF0000000114000000B3
:102C6000340000009C000000000000097400000017
:102C70001C95FEFF08000000140000000100000089
:102C8000FFFFFFFFFFFFFFFF00000000010000004B
:102C9000B9FE063D460000006D5F6D63755F6E65B1
:102CA000745F707265646963746F722F676C6F62B2
:102CB000616C5F73696D706C655F726E6E2F7369A6
:102CC0006D706C655F726E6E2F73696D706C655F91
:102CD000726E6E5F63656C6C2F6164645F390000B7
:102CE0000200000001000000400000007296FEFF9C
:102CF0000000000114000000300000009B000000F4
:102D00000000000974000000B495FEFF08000000F8
:102D10001000000001000000F7FFFFFFFFFFFFFFB2
:102D2000010000001C92EF3C4A0000006D5F6D63E3
:102D3000755F6E65745F707265646963746F722F1E
:102D4000676C6F62616C5F73696D706C655F726EEA
:102D50006E2F73696D706C655F726E6E2F73696D27
:102D6000706C655F726E6E5F63656C6C2F4D617425
:102D70004D756C5F31390000020000000100000059
:102D8000400000000A97FEFF000000011400000050
:102D9000300000009A0000000000000974000000EC
:102DA0004C96FEFF0800000010000000010000002B
:102DB000FFFFFFFFFFFFFFFF010000007B7A003CE9
:102DC000480000006D5F6D63755F6E65745F7072C3
:102DD00065646963746F722F676C6F62616C5F7397
:102DE000696D706C655F726E6E2F73696D706C6566
:102DF0005F726E6E2F73696D706C655F726E6E5F61
:102E000063656C6C2F54616E685F383100000000A0
:102E1000020000000100000040000000A297FEFF39
:102E200000000001140000003400000099000000C0
:102E30000000000974000000E496FEFF0800000096
:102E4000140000000100000000000000000000006D
:102E500000000000010000000000003C47000000EE
:102E60006D5F6D63755F6E65745F707265646963D5
:102E7000746F722F676C6F62616C5F73696D706CD9
:102E8000655F726E6E2F73696D706C655F726E6ECA
:102E90002F73696D706C655F726E6E5F63656C6CCD
:102EA0002F54616E685F38000200000001000000CE
:102EB000400000003A98FEFF0000000114000000EE
:102EC00034000000980000000000000974000000B9
:102ED0007C97FEFF080000001400000001000000C5
:102EE000FCFFFFFFFFFFFFFF0000000001000000EC
:102EF00090630A3D460000006D5F6D63755F6E650F
:102F0000745F707265646963746F722F676C6F624F
:102F1000616C5F73696D706C655F726E6E2F736943
:102F20006D706C655F726E6E2F73696D706C655F2E
:102F3000726E6E5F63656C6C2F6164645F38000055
:102F4000020000000100000040000000D298FEFFD7
:102F50000000000114000000300000009700000095
:102F600000000009740000001498FEFF0800000033
:102F70001000000001000000F7FFFFFFFFFFFFFF50
:102F8000010000002572F63C4A0000006D5F6D6391
:102F9000755F6E65745F707265646963746F722FBC
:102FA000676C6F62616C5F73696D706C655F726E88
:102FB0006E2F73696D706C655F726E6E2F73696DC5
:102FC000706C655F726E6E5F63656C6C2F4D6174C3
:102FD0004D756C5F313700000200000001000000F9
:102FE000400000006A99FEFF00000001140000008C
:102FF000300000009600000000000009740000008E
:10300000AC98FEFF08000000100000000100000066
:10301000FFFFFFFFFFFFFFFF010000007B7A003C86
:10302000480000006D5F6D63755F6E65745F707260
:1030300065646963746F722F676C6F62616C5F7334
:10304000696D706C655F726E6E2F73696D706C6503
:103050005F726E6E2F73696D706C655F726E6E5FFE
:1030600063656C6C2F54616E685F3731000000003F
:10307000020000000100000040000000029AFEFF74
:103080000000000114000000340000009500000062
:1030900000000009740000004499FEFF08000000D1
:1030A000140000000100000000000000000000000B
:1030B00000000000010000000000003C470000008C
:1030C0006D5F6D63755F6E65745F70726564696373
:1030D000746F722F676C6F62616C5F73696D706C77
:1030E000655F726E6E2F73696D706C655F726E6E68
:1030F0002F73696D706C655F726E6E5F63656C6C6B
:103100002F54616E685F370002000000010000006C
:10311000400000009A9AFEFF000000011400000029
:10312000340000009400000000000009740000005A
:10313000DC99FEFF08000000140000000100000000
:10314000F8FFFFFFFFFFFFFF00000000010000008D
:10315000489D0F3D460000006D5F6D63755F6E65B5
:10316000745F707265646963746F722F676C6F62ED
:10317000616C5F73696D706C655F726E6E2F7369E1
:103180006D706C655F726E6E2F73696D706C655FCC
:10319000726E6E5F63656C6C2F6164645F370000F4
:1031A000020000000100000040000000329BFEFF12
:1031B0000000000114000000300000009300000037
:1031C0000000000974000000749AFEFF080000006F
:1031D0001000000001000000F4FFFFFFFFFFFFFFF1
:1031E00001000000111FF73C4A0000006D5F6D6395
:1031F000755F6E65745F707265646963746F722F5A
:10320000676C6F62616C5F73696D706C655F726E25
:103210006E2F73696D706C655F726E6E2F73696D62
:10322000706C655F726E6E5F63656C6C2F4D617460
:103230004D756C5F31350000020000000100000098
:1032400040000000CA9BFEFF0000000114000000C7
:10325000300000009200000000000009740000002F
:103260000C9BFEFF080000001000000001000000A1
:10327000FFFFFFFFFFFFFFFF010000007B7A003C24
:10328000480000006D5F6D63755F6E65745F7072FE
:1032900065646963746F722F676C6F62616C5F73D2
:1032A000696D706C655F726E6E2F73696D706C65A1
:1032B0005F726E6E2F73696D706C655F726E6E5F9C
:1032C00063656C6C2F54616E685F363100000000DE
:1032D000020000000100000040000000629CFEFFB0
:1032E0000000000114000000340000009100000004
:1032F0000000000974000000A49BFEFF080000000D
:1033000014000000010000000000000000000000A8
:1033100000000000010000000000003C4700000029
:103320006D5F6D63755F6E65745F70726564696310
:10333000746F722F676C6F62616C5F73696D706C14
:10334000655F726E6E2F73696D706C655F726E6E05
:103350002F73696D706C655F726E6E5F63656C6C08
:103360002F54616E685F360002000000010000000B
:1033700040000000FA9CFEFF000000011400000065
:1033800034000000900000000000000974000000FC
:103390003C9CFEFF0800000014000000010000003B
:1033A000EFFFFFFFFFFFFFFF000000000100000034
:1033B000023C043D460000006D5F6D63755F6E6505
:1033C000745F707265646963746F722F676C6F628B
:1033D000616C5F73696D706C655F726E6E2F73697F
:1033E0006D706C655F726E6E2F73696D706C655F6A
:1033F000726E6E5F63656C6C2F6164645F36000093
:10340000020000000100000040000000929DFEFF4D
:103410000000000114000000300000008F000000D8
:103420000000000974000000D49CFEFF08000000AA
:103430001000000001000000F0FFFFFFFFFFFFFF92
:10344000010000007F29ED3C4A0000006D5F6D63C4
:10345000755F6E65745F707265646963746F722FF7
:10346000676C6F62616C5F73696D706C655F726EC3
:103470006E2F73696D706C655F726E6E2F73696D00
:10348000706C655F726E6E5F63656C6C2F4D6174FE
:103490004D756C5F31330000020000000100000038
:1034A000400000002A9EFEFF000000011400000002
:1034B000300000008E0000000000000974000000D1
:1034C0006C9DFEFF080000001000000001000000DD
:1034D000FFFFFFFFFFFFFFFF010000007B7A003CC2
:1034E000480000006D5F6D63755F6E65745F70729C
:1034F00065646963746F722F676C6F62616C5F7370
:10350000696D706C655F726E6E2F73696D706C653E
:103510005F726E6E2F73696D706C655F726E6E5F39
:1035200063656C6C2F54616E685F3531000000007C
:10353000020000000100000040000000C29EFEFFEB
:103540000000000114000000340000008D000000A5
:103550000000000974000000049EFEFF0800000047
:103560001400000001000000000000000000000046
:1035700000000000010000000000003C47000000C7
:103580006D5F6D63755F6E65745F707265646963AE
:10359000746F722F676C6F62616C5F73696D706CB2
:1035A000655F726E6E2F73696D706C655F726E6EA3
:1035B0002F73696D706C655F726E6E5F63656C6CA6
:1035C0002F54616E685F35000200000001000000AA
:1035D000400000005A9FFEFF0000000114000000A0
:1035E000340000008C00000000000009740000009E
:1035F0009C9EFEFF08000000140000000100000077
:10360000F5FFFFFFFFFFFFFF0000000001000000CB
:103610007B3F003D460000006D5F6D63755F6E652A
:10362000745F707265646963746F722F676C6F6228
:10363000616C5F73696D706C655F726E6E2F73691C
:103640006D706C655F726E6E2F73696D706C655F07
:10365000726E6E5F63656C6C2F6164645F35000031
:10366000020000000100000040000000F29FFEFF89
:103670000000000114000000300000008B0000007A
:103680000000000974000000349FFEFF08000000E5
:103690001000000001000000F2FFFFFFFFFFFFFF2E
:1036A00001000000C6F1E33C4A0000006D5F6D635D
:1036B000755F6E65745F707265646963746F722F95
:1036C000676C6F62616C5F73696D706C655F726E61
:1036D0006E2F73696D706C655F726E6E2F73696D9E
:1036E000706C655F726E6E5F63656C6C2F4D61749C
:1036F0004D756C5F313100000200000001000000D8
:10370000400000008AA0FEFF00000001140000003D
:10371000300000008A000000000000097400000072
:10372000CC9FFEFF08000000100000000100000018
:10373000FFFFFFFFFFFFFFFF010000007B7A003C5F
:10374000480000006D5F6D63755F6E65745F707239
:1037500065646963746F722F676C6F62616C5F730D
:10376000696D706C655F726E6E2F73696D706C65DC
:103770005F726E6E2F73696D706C655F726E6E5FD7
:1037800063656C6C2F54616E685F3431000000001B
:1037900002000000010000004000000022A1FEFF26
:1037A0000000000114000000340000008900000047
:1037B000000000097400000064A0FEFF0800000083
:1037C00014000000010000000000000000000000E4
:1037D00000000000010000000000003C4700000065
:1037E0006D5F6D63755F6E65745F7072656469634C
:1037F000746F722F676C6F62616C5F73696D706C50
:10380000655F726E6E2F73696D706C655F726E6E40
:103810002F73696D706C655F726E6E5F63656C6C43
:103820002F54616E685F3400020000000100000048
:1038300040000000BAA1FEFF0000000114000000DB
:10384000340000008800000000000009740000003F
:10385000FCA0FEFF080000001400000001000000B2
:10386000FAFFFFFFFFFFFFFF000000000100000064
:1038700086B5F03C460000006D5F6D63755F6E6558
:10388000745F707265646963746F722F676C6F62C6
:10389000616C5F73696D706C655F726E6E2F7369BA
:1038A0006D706C655F726E6E2F73696D706C655FA5
:1038B000726E6E5F63656C6C2F6164645F340000D0
:1038C00002000000010000004000000052A2FEFFC4
:1038D0000000000114000000340000008700000018
:1038E00000000009C400000094A1FEFF08000000D1
:1038F0001400000001000000FAFFFFFFFFFFFFFFC0
:10390000000000000100000086B5F03C94000000BB
:103910006D5F6D63755F6E65745F7072656469631A
:10392000746F722F676C6F62616C5F73696D706C1E
:10393000655F726E6E2F73696D706C655F726E6E0F
:103940002F73696D706C655F726E6E5F63656C6C12
:103950002F4D61744D756C5F383B6D5F6D63755FA6
:103960006E65745F707265646963746F722F676CE3
:103970006F62616C5F73696D706C655F726E6E2FE4
:1039800073696D706C655F726E6E2F73696D706CAC
:10399000655F726E6E5F63656C6C2F426961734127
:1039A00064645F34000000000200000001000000B9
:1039B000400000003AA3FEFF0000000114000000D8
:1039C000340000008600000000000009C400000070
:1039D0007CA2FEFF080000001400000001000000AF
:1039E00002000000000000000000000001000000D4
:1039F000089E003D960000006D5F6D63755F6E650B
:103A0000745F707265646963746F722F676C6F6244
:103A1000616C5F73696D706C655F726E6E2F736938
:103A20006D706C655F726E6E2F73696D706C655F23
:103A3000726E6E5F63656C6C2F4D61744D756C5F5B
:103A400036323B6D5F6D63755F6E65745F70726576
:103A5000646963746F722F676C6F62616C5F736906
:103A60006D706C655F726E6E2F73696D706C655FE3
:103A7000726E6E2F73696D706C655F726E6E5F63D0
:103A8000656C6C2F426961734164645F333100007F
:103A900002000000010000004000000022A4FEFF20
:103AA0000000000114000000340000008500000048
:103AB00000000009C400000064A3FEFF080000002D
:103AC00014000000010000000400000000000000DD
:103AD000000000000100000040DE023D96000000F2
:103AE0006D5F6D63755F6E65745F70726564696349
:103AF000746F722F676C6F62616C5F73696D706C4D
:103B0000655F726E6E2F73696D706C655F726E6E3D
:103B10002F73696D706C655F726E6E5F63656C6C40
:103B20002F4D61744D756C5F36303B6D5F6D637505
:103B30005F6E65745F707265646963746F722F671E
:103B40006C6F62616C5F73696D706C655F726E6ED5
:103B50002F73696D706C655F726E6E2F73696D7017
:103B60006C655F726E6E5F63656C6C2F426961732A
:103B70004164645F33300000020000000100000077
:103B8000400000000AA5FEFF000000011400000034
:103B900030000000840000000000000974000000F4
:103BA0004CA4FEFF0800000010000000010000000F
:103BB000F0FFFFFFFFFFFFFF0100000044C8C93C0A
:103BC000490000006D5F6D63755F6E65745F7072B4
:103BD00065646963746F722F676C6F62616C5F7389
:103BE000696D706C655F726E6E2F73696D706C6558
:103BF0005F726E6E2F73696D706C655F726E6E5F53
:103C000063656C6C2F4D61744D756C5F39000000FD
:103C1000020000000100000040000000A2A5FEFF1D
:103C200000000001140000003000000083000000CC
:103C30000000000974000000E4A4FEFF080000007A
:103C40001000000001000000FFFFFFFFFFFFFFFF6B
:103C5000010000007B7A003C480000006D5F6D634E
:103C6000755F6E65745F707265646963746F722FDF
:103C7000676C6F62616C5F73696D706C655F726EAB
:103C80006E2F73696D706C655F726E6E2F73696DE8
:103C9000706C655F726E6E5F63656C6C2F54616EE5
:103CA000685F3331000000000200000001000000E6
:103CB000400000003AA6FEFF0000000114000000D2
:103CC00034000000820000000000000974000000C1
:103CD0007CA5FEFF080000001400000001000000A9
:103CE00000000000000000000000000001000000D3
:103CF0000000003C470000006D5F6D63755F6E65FE
:103D0000745F707265646963746F722F676C6F6241
:103D1000616C5F73696D706C655F726E6E2F736935
:103D20006D706C655F726E6E2F73696D706C655F20
:103D3000726E6E5F63656C6C2F54616E685F3300EA
:103D4000020000000100000040000000D2A6FEFFBB
:103D50000000000114000000340000008100000099
:103D6000000000097400000014A6FEFF0800000017
:103D70001400000001000000F3FFFFFFFFFFFFFF42
:103D80000000000001000000D889E93C4600000066
:103D90006D5F6D63755F6E65745F70726564696396
:103DA000746F722F676C6F62616C5F73696D706C9A
:103DB000655F726E6E2F73696D706C655F726E6E8B
:103DC0002F73696D706C655F726E6E5F63656C6C8E
:103DD0002F6164645F3300000200000001000000F6
:103DE000400000006AA7FEFF000000011400000070
:103DF000340000008000000000000009C400000042
:103E0000ACA6FEFF08000000140000000100000046
:103E1000F3FFFFFFFFFFFFFF0000000001000000B5
:103E2000D889E93C940000006D5F6D63755F6E6535
:103E3000745F707265646963746F722F676C6F6210
:103E4000616C5F73696D706C655F726E6E2F736904
:103E50006D706C655F726E6E2F73696D706C655FEF
:103E6000726E6E5F63656C6C2F4D61744D756C5F27
:103E7000363B6D5F6D63755F6E65745F7072656410
:103E80006963746F722F676C6F62616C5F73696DC9
:103E9000706C655F726E6E2F73696D706C655F72AA
:103EA0006E6E2F73696D706C655F726E6E5F6365A9
:103EB0006C6C2F426961734164645F3300000000E1
:103EC00002000000010000004000000052A8FEFFB8
:103ED0000000000114000000340000007F0000001A
:103EE00000000009C400000094A7FEFF08000000C5
:103EF00014000000010000000800000000000000A5
:103F00000000000001000000F2EE063D96000000F7
:103F10006D5F6D63755F6E65745F70726564696314
:103F2000746F722F676C6F62616C5F73696D706C18
:103F3000655F726E6E2F73696D706C655F726E6E09
:103F40002F73696D706C655F726E6E5F63656C6C0C
:103F50002F4D61744D756C5F35383B6D5F6D6375CA
:103F60005F6E65745F707265646963746F722F67EA
:103F70006C6F62616C5F73696D706C655F726E6EA1
:103F80002F73696D706C655F726E6E2F73696D70E3
:103F90006C655F726E6E5F63656C6C2F42696173F6
:103FA0004164645F3239000002000000010000003B
:103FB000400000003AA9FEFF0000000114000000CC
:103FC000340000007E00000000000009C400000072
:103FD0007CA8FEFF080000001400000001000000A3
:103FE00009000000000000000000000001000000C7
:103FF0002C28093D960000006D5F6D63755F6E654E
:10400000745F707265646963746F722F676C6F623E
:10401000616C5F73696D706C655F726E6E2F736932
:104020006D706C655F726E6E2F73696D706C655F1D
:10403000726E6E5F63656C6C2F4D61744D756C5F55
:1040400035363B6D5F6D63755F6E65745F7072656D
:10405000646963746F722F676C6F62616C5F736900
:104060006D706C655F726E6E2F73696D706C655FDD
:10407000726E6E2F73696D706C655F726E6E5F63CA
:10408000656C6C2F426961734164645F3238000073
:1040900002000000010000004000000022AAFEFF14
:1040A0000000000114000000340000007D0000004A
:1040B00000000009C400000064A9FEFF0800000021
:1040C00014000000010000000400000000000000D7
:1040D0000000000001000000B363083D96000000EE
:1040E0006D5F6D63755F6E65745F70726564696343
:1040F000746F722F676C6F62616C5F73696D706C47
:10410000655F726E6E2F73696D706C655F726E6E37
:104110002F73696D706C655F726E6E5F63656C6C3A
:104120002F4D61744D756C5F35343B6D5F6D6375FC
:104130005F6E65745F707265646963746F722F6718
:104140006C6F62616C5F73696D706C655F726E6ECF
:104150002F73696D706C655F726E6E2F73696D7011
:104160006C655F726E6E5F63656C6C2F4269617324
:104170004164645F3237000002000000010000006B
:10418000400000000AABFEFF000000011400000028
:10419000340000007C00000000000009C4000000A2
:1041A0004CAAFEFF080000001400000001000000FF
:1041B00005000000000000000000000001000000F9
:1041C00071BC073D960000006D5F6D63755F6E65A5
:1041D000745F707265646963746F722F676C6F626D
:1041E000616C5F73696D706C655F726E6E2F736961
:1041F0006D706C655F726E6E2F73696D706C655F4C
:10420000726E6E5F63656C6C2F4D61744D756C5F83
:1042100035323B6D5F6D63755F6E65745F7072659F
:10422000646963746F722F676C6F62616C5F73692E
:104230006D706C655F726E6E2F73696D706C655F0B
:10424000726E6E2F73696D706C655F726E6E5F63F8
:10425000656C6C2F426961734164645F32360000A3
:10426000020000000100000040000000F2ABFEFF71
:104270000000000114000000340000007B0000007A
:1042800000000009C400000034ABFEFF080000007D
:104290001400000001000000050000000000000004
:1042A0000000000001000000B71C093D960000005E
:1042B0006D5F6D63755F6E65745F70726564696371
:1042C000746F722F676C6F62616C5F73696D706C75
:1042D000655F726E6E2F73696D706C655F726E6E66
:1042E0002F73696D706C655F726E6E5F63656C6C69
:1042F0002F4D61744D756C5F35303B6D5F6D63752F
:104300005F6E65745F707265646963746F722F6746
:104310006C6F62616C5F73696D706C655F726E6EFD
:104320002F73696D706C655F726E6E2F73696D703F
:104330006C655F726E6E5F63656C6C2F4269617352
:104340004164645F3235000002000000010000009B
:1043500040000000DAACFEFF000000011400000085
:10436000340000007A00000000000009C4000000D2
:104370001CACFEFF0800000014000000010000005B
:10438000020000000000000000000000010000002A
:104390008285043D960000006D5F6D63755F6E65FC
:1043A000745F707265646963746F722F676C6F629B
:1043B000616C5F73696D706C655F726E6E2F73698F
:1043C0006D706C655F726E6E2F73696D706C655F7A
:1043D000726E6E5F63656C6C2F4D61744D756C5FB2
:1043E00034383B6D5F6D63755F6E65745F707265C9
:1043F000646963746F722F676C6F62616C5F73695D
:104400006D706C655F726E6E2F73696D706C655F39
:10441000726E6E2F73696D706C655F726E6E5F6326
:10442000656C6C2F426961734164645F32340000D3
:10443000020000000100000040000000C2ADFEFFCD
:1044400000000001140000003400000079000000AA
:1044500000000009C400000004ADFEFF08000000D9
:104460001400000001000000000000000000000037
:10447000000000000100000007BD023D96000000A2
:104480006D5F6D63755F6E65745F7072656469639F
:10449000746F722F676C6F62616C5F73696D706CA3
:1044A000655F726E6E2F73696D706C655F726E6E94
:1044B0002F73696D706C655F726E6E5F63656C6C97
:1044C0002F4D61744D756C5F34363B6D5F6D637558
:1044D0005F6E65745F707265646963746F722F6775
:1044E0006C6F62616C5F73696D706C655F726E6E2C
:1044F0002F73696D706C655F726E6E2F73696D706E
:104500006C655F726E6E5F63656C6C2F4269617380
:104510004164645F323300000200000001000000CB
:1045200040000000AAAEFEFF0000000114000000E1
:10453000340000007800000000000009C400000002
:10454000ECADFEFF080000001400000001000000B8
:10455000FCFFFFFFFFFFFFFF000000000100000065
:10456000E164053D960000006D5F6D63755F6E65EB
:10457000745F707265646963746F722F676C6F62C9
:10458000616C5F73696D706C655F726E6E2F7369BD
:104590006D706C655F726E6E2F73696D706C655FA8
:1045A000726E6E5F63656C6C2F4D61744D756C5FE0
:1045B00034343B6D5F6D63755F6E65745F707265FB
:1045C000646963746F722F676C6F62616C5F73698B
:1045D0006D706C655F726E6E2F73696D706C655F68
:1045E000726E6E2F73696D706C655F726E6E5F6355
:1045F000656C6C2F426961734164645F3232000004
:1046000002000000010000004000000092AFFEFF29
:1046100000000001140000003400000077000000DA
:1046200000000009C4000000D4AEFEFF0800000036
:104630001400000001000000FEFFFFFFFFFFFFFF6E
:104640000000000001000000AFF0073D96000000F0
:104650006D5F6D63755F6E65745F707265646963CD
:10466000746F722F676C6F62616C5F73696D706CD1
:10467000655F726E6E2F73696D706C655F726E6EC2
:104680002F73696D706C655F726E6E5F63656C6CC5
:104690002F4D61744D756C5F34323B6D5F6D63758A
:1046A0005F6E65745F707265646963746F722F67A3
:1046B0006C6F62616C5F73696D706C655F726E6E5A
:1046C0002F73696D706C655F726E6E2F73696D709C
:1046D0006C655F726E6E5F63656C6C2F42696173AF
:1046E0004164645F323100000200000001000000FC
:1046F000400000007AB0FEFF00000001140000003E
:10470000340000007600000000000009C400000032
:10471000BCAFFEFF08000000140000000100000014
:10472000FCFFFFFFFFFFFFFF000000000100000093
:10473000CBB6063D960000006D5F6D63755F6E65DC
:10474000745F707265646963746F722F676C6F62F7
:10475000616C5F73696D706C655F726E6E2F7369EB
:104760006D706C655F726E6E2F73696D706C655FD6
:10477000726E6E5F63656C6C2F4D61744D756C5F0E
:1047800034303B6D5F6D63755F6E65745F7072652D
:10479000646963746F722F676C6F62616C5F7369B9
:1047A0006D706C655F726E6E2F73696D706C655F96
:1047B000726E6E2F73696D706C655F726E6E5F6383
:1047C000656C6C2F426961734164645F3230000034
:1047D00002000000010000004000000062B1FEFF86
:1047E000000000011400000030000000750000000F
:1047F0000000000974000000A4B0FEFF08000000E3
:104800001000000001000000F6FFFFFFFFFFFFFFA8
:1048100001000000502EAA3C490000006D5F6D634E
:10482000755F6E65745F707265646963746F722F13
:10483000676C6F62616C5F73696D706C655F726EDF
:104840006E2F73696D706C655F726E6E2F73696D1C
:10485000706C655F726E6E5F63656C6C2F4D61741A
:104860004D756C5F37000000020000000100000081
:1048700040000000FAB1FEFF00000001140000003B
:104880003000000074000000000000097400000007
:104890003CB1FEFF08000000100000000100000015
:1048A000FFFFFFFFFFFFFFFF010000007B7A003CDE
:1048B000480000006D5F6D63755F6E65745F7072B8
:1048C00065646963746F722F676C6F62616C5F738C
:1048D000696D706C655F726E6E2F73696D706C655B
:1048E0005F726E6E2F73696D706C655F726E6E5F56
:1048F00063656C6C2F54616E685F3231000000009C
:1049000002000000010000004000000092B2FEFF23
:1049100000000001140000003400000073000000DB
:104920000000000974000000D4B1FEFF0800000080
:104930001400000001000000000000000000000062
:1049400000000000010000000000003C47000000E3
:104950006D5F6D63755F6E65745F707265646963CA
:10496000746F722F676C6F62616C5F73696D706CCE
:10497000655F726E6E2F73696D706C655F726E6EBF
:104980002F73696D706C655F726E6E5F63656C6CC2
:104990002F54616E685F32000200000001000000C9
:1049A000400000002AB3FEFF0000000114000000D8
:1049B00034000000720000000000000974000000D4
:1049C0006CB2FEFF080000001400000001000000AF
:1049D000F1FFFFFFFFFFFFFF0000000001000000EC
:1049E000B401DA3C460000006D5F6D63755F6E6573
:1049F000745F707265646963746F722F676C6F6245
:104A0000616C5F73696D706C655F726E6E2F736938
:104A10006D706C655F726E6E2F73696D706C655F23
:104A2000726E6E5F63656C6C2F6164645F32000050
:104A3000020000000100000040000000C2B3FEFFC1
:104A400000000001140000003400000071000000AC
:104A500000000009C400000004B3FEFF08000000CD
:104A60001400000001000000F1FFFFFFFFFFFFFF47
:104A70000000000001000000B401DA3C94000000D6
:104A80006D5F6D63755F6E65745F70726564696399
:104A9000746F722F676C6F62616C5F73696D706C9D
:104AA000655F726E6E2F73696D706C655F726E6E8E
:104AB0002F73696D706C655F726E6E5F63656C6C91
:104AC0002F4D61744D756C5F343B6D5F6D63755F29
:104AD0006E65745F707265646963746F722F676C62
:104AE0006F62616C5F73696D706C655F726E6E2F63
:104AF00073696D706C655F726E6E2F73696D706C2B
:104B0000655F726E6E5F63656C6C2F4269617341A5
:104B100064645F3200000000020000000100000039
:104B200040000000AAB4FEFF0000000114000000D5
:104B3000340000007000000000000009C400000004
:104B4000ECB3FEFF080000001400000001000000AC
:104B5000FDFFFFFFFFFFFFFF00000000010000005E
:104B60006EF4053D960000006D5F6D63755F6E65C8
:104B7000745F707265646963746F722F676C6F62C3
:104B8000616C5F73696D706C655F726E6E2F7369B7
:104B90006D706C655F726E6E2F73696D706C655FA2
:104BA000726E6E5F63656C6C2F4D61744D756C5FDA
:104BB00033383B6D5F6D63755F6E65745F707265F2
:104BC000646963746F722F676C6F62616C5F736985
:104BD0006D706C655F726E6E2F73696D706C655F62
:104BE000726E6E2F73696D706C655F726E6E5F634F
:104BF000656C6C2F426961734164645F31390000F8
:104C000002000000010000004000000092B5FEFF1D
:104C10000000000114000000340000006F000000DC
:104C200000000009C4000000D4B4FEFF080000002A
:104C30001400000001000000FEFFFFFFFFFFFFFF68
:104C4000000000000100000027EDFF3C960000007E
:104C50006D5F6D63755F6E65745F707265646963C7
:104C6000746F722F676C6F62616C5F73696D706CCB
:104C7000655F726E6E2F73696D706C655F726E6EBC
:104C80002F73696D706C655F726E6E5F63656C6CBF
:104C90002F4D61744D756C5F33363B6D5F6D637581
:104CA0005F6E65745F707265646963746F722F679D
:104CB0006C6F62616C5F73696D706C655F726E6E54
:104CC0002F73696D706C655F726E6E2F73696D7096
:104CD0006C655F726E6E5F63656C6C2F42696173A9
:104CE0004164645F313800000200000001000000F0
:104CF000400000007AB6FEFF000000011400000032
:104D0000340000006E00000000000009C400000034
:104D1000BCB5FEFF08000000140000000100000008
:104D2000FBFFFFFFFFFFFFFF00000000010000008E
:104D3000129D033D960000006D5F6D63755F6E65AB
:104D4000745F707265646963746F722F676C6F62F1
:104D5000616C5F73696D706C655F726E6E2F7369E5
:104D60006D706C655F726E6E2F73696D706C655FD0
:104D7000726E6E5F63656C6C2F4D61744D756C5F08
:104D800033343B6D5F6D63755F6E65745F70726524
:104D9000646963746F722F676C6F62616C5F7369B3
:104DA0006D706C655F726E6E2F73696D706C655F90
:104DB000726E6E2F73696D706C655F726E6E5F637D
:104DC000656C6C2F426961734164645F3137000028
:104DD00002000000010000004000000062B7FEFF7A
:104DE0000000000114000000340000006D0000000D
:104DF00000000009C4000000A4B6FEFF0800000087
:104E00001400000001000000FFFFFFFFFFFFFFFF95
:104E100000000000010000001D59063D9600000042
:104E20006D5F6D63755F6E65745F707265646963F5
:104E3000746F722F676C6F62616C5F73696D706CF9
:104E4000655F726E6E2F73696D706C655F726E6EEA
:104E50002F73696D706C655F726E6E5F63656C6CED
:104E60002F4D61744D756C5F33323B6D5F6D6375B3
:104E70005F6E65745F707265646963746F722F67CB
:104E80006C6F62616C5F73696D706C655F726E6E82
:104E90002F73696D706C655F726E6E2F73696D70C4
:104EA0006C655F726E6E5F63656C6C2F42696173D7
:104EB0004164645F31360000020000000100000020
:104EC000400000004AB8FEFF00000001140000008E
:104ED000340000006C00000000000009C400000065
:104EE0008CB7FEFF08000000140000000100000065
:104EF00001000000000000000000000001000000B0
:104F0000040D073D960000006D5F6D63755F6E6573
:104F1000745F707265646963746F722F676C6F621F
:104F2000616C5F73696D706C655F726E6E2F736913
:104F30006D706C655F726E6E2F73696D706C655FFE
:104F4000726E6E5F63656C6C2F4D61744D756C5F36
:104F500033303B6D5F6D63755F6E65745F70726556
:104F6000646963746F722F676C6F62616C5F7369E1
:104F70006D706C655F726E6E2F73696D706C655FBE
:104F8000726E6E2F73696D706C655F726E6E5F63AB
:104F9000656C6C2F426961734164645F3135000058
:104FA00002000000010000004000000032B9FEFFD6
:104FB0000000000114000000340000006B0000003D
:104FC00000000009C400000074B8FEFF08000000E3
:104FD0001400000001000000FFFFFFFFFFFFFFFFC4
:104FE00000000000010000006DADFA3C96000000DA
:104FF0006D5F6D63755F6E65745F70726564696324
:10500000746F722F676C6F62616C5F73696D706C27
:10501000655F726E6E2F73696D706C655F726E6E18
:105020002F73696D706C655F726E6E5F63656C6C1B
:105030002F4D61744D756C5F32383B6D5F6D6375DC
:105040005F6E65745F707265646963746F722F67F9
:105050006C6F62616C5F73696D706C655F726E6EB0
:105060002F73696D706C655F726E6E2F73696D70F2
:105070006C655F726E6E5F63656C6C2F4269617305
:105080004164645F31340000020000000100000050
:10509000400000001ABAFEFF0000000114000000EA
:1050A000340000006A00000000000009C400000095
:1050B0005CB9FEFF080000001400000001000000C1
:1050C000FCFFFFFFFFFFFFFF0000000001000000EA
:1050D000C217FE3C960000006D5F6D63755F6E65E4
:1050E000745F707265646963746F722F676C6F624E
:1050F000616C5F73696D706C655F726E6E2F736942
:105100006D706C655F726E6E2F73696D706C655F2C
:10511000726E6E5F63656C6C2F4D61744D756C5F64
:1051200032363B6D5F6D63755F6E65745F7072657F
:10513000646963746F722F676C6F62616C5F73690F
:105140006D706C655F726E6E2F73696D706C655FEC
:10515000726E6E2F73696D706C655F726E6E5F63D9
:10516000656C6C2F426961734164645F3133000088
:1051700002000000010000004000000002BBFEFF32
:10518000000000011400000034000000690000006D
:1051900000000009C400000044BAFEFF080000003F
:1051A0001400000001000000FCFFFFFFFFFFFFFFF5
:1051B0000000000001000000926E003D960000001B
:1051C0006D5F6D63755F6E65745F70726564696352
:1051D000746F722F676C6F62616C5F73696D706C56
:1051E000655F726E6E2F73696D706C655F726E6E47
:1051F0002F73696D706C655F726E6E5F63656C6C4A
:105200002F4D61744D756C5F32343B6D5F6D63750E
:105210005F6E65745F707265646963746F722F6727
:105220006C6F62616C5F73696D706C655F726E6EDE
:105230002F73696D706C655F726E6E2F73696D7020
:105240006C655F726E6E5F63656C6C2F4269617333
:105250004164645F31320000020000000100000080
:1052600040000000EABBFEFF000000011400000047
:10527000340000006800000000000009C4000000C5
:105280002CBBFEFF0800000014000000010000001D
:10529000FAFFFFFFFFFFFFFF00000000010000001A
:1052A000B2AD003D960000006D5F6D63755F6E6589
:1052B000745F707265646963746F722F676C6F627C
:1052C000616C5F73696D706C655F726E6E2F736970
:1052D0006D706C655F726E6E2F73696D706C655F5B
:1052E000726E6E5F63656C6C2F4D61744D756C5F93
:1052F00032323B6D5F6D63755F6E65745F707265B2
:10530000646963746F722F676C6F62616C5F73693D
:105310006D706C655F726E6E2F73696D706C655F1A
:10532000726E6E2F73696D706C655F726E6E5F6307
:10533000656C6C2F426961734164645F31310000B8
:10534000020000000100000040000000D2BCFEFF8F
:10535000000000011400000034000000670000009D
:1053600000000009C400000014BCFEFF080000009B
:105370001400000001000000FBFFFFFFFFFFFFFF24
:1053800000000000010000003B15043D96000000F5
:105390006D5F6D63755F6E65745F70726564696380
:1053A000746F722F676C6F62616C5F73696D706C84
:1053B000655F726E6E2F73696D706C655F726E6E75
:1053C0002F73696D706C655F726E6E5F63656C6C78
:1053D0002F4D61744D756C5F32303B6D5F6D637541
:1053E0005F6E65745F707265646963746F722F6756
:1053F0006C6F62616C5F73696D706C655F726E6E0D
:105400002F73696D706C655F726E6E2F73696D704E
:105410006C655F726E6E5F63656C6C2F4269617361
:105420004164645F313000000200000001000000B0
:1054300040000000BABDFEFF0000000114000000A3
:105440003000000066000000000000097400000049
:10545000FCBCFEFF0800000010000000010000007E
:10546000FEFFFFFFFFFFFFFF010000009D18873CCC
:10547000490000006D5F6D63755F6E65745F7072EB
:1054800065646963746F722F676C6F62616C5F73C0
:10549000696D706C655F726E6E2F73696D706C658F
:1054A0005F726E6E2F73696D706C655F726E6E5F8A
:1054B00063656C6C2F4D61744D756C5F3500000039
:1054C00002000000010000004000000052BEFEFF8C
:1054D0000000000114000000300000006500000022
:1054E000000000097400000094BDFEFF08000000E9
:1054F0001000000001000000FFFFFFFFFFFFFFFFA3
:10550000010000007B7A003C480000006D5F6D6385
:10551000755F6E65745F707265646963746F722F16
:10552000676C6F62616C5F73696D706C655F726EE2
:105530006E2F73696D706C655F726E6E2F73696D1F
:10554000706C655F726E6E5F63656C6C2F54616E1C
:10555000685F31310000000002000000010000001F
:1055600040000000EABEFEFF000000011400000041
:105570003400000064000000000000097400000016
:105580002CBEFEFF08000000140000000100000017
:10559000000000000000000000000000010000000A
:1055A0000000003C470000006D5F6D63755F6E6535
:1055B000745F707265646963746F722F676C6F6279
:1055C000616C5F73696D706C655F726E6E2F73696D
:1055D0006D706C655F726E6E2F73696D706C655F58
:1055E000726E6E5F63656C6C2F54616E685F310024
:1055F00002000000010000004000000082BFFEFF2A
:1056000000000001140000003400000063000000EE
:105610000000000974000000C4BEFEFF0800000086
:105620001400000001000000F2FFFFFFFFFFFFFF7A
:105630000000000001000000C25CCA3C46000000FF
:105640006D5F6D63755F6E65745F707265646963CD
:10565000746F722F676C6F62616C5F73696D706CD1
:10566000655F726E6E2F73696D706C655F726E6EC2
:105670002F73696D706C655F726E6E5F63656C6CC5
:105680002F6164645F31000002000000010000002F
:10569000400000001AC0FEFF0000000114000000DE
:1056A000340000006200000000000009C400000097
:1056B0005CBFFEFF080000001400000001000000B5
:1056C000F2FFFFFFFFFFFFFF0000000001000000EE
:1056D000C25CCA3C940000006D5F6D63755F6E65CF
:1056E000745F707265646963746F722F676C6F6248
:1056F000616C5F73696D706C655F726E6E2F73693C
:105700006D706C655F726E6E2F73696D706C655F26
:10571000726E6E5F63656C6C2F4D61744D756C5F5E
:10572000323B6D5F6D63755F6E65745F707265644B
:105730006963746F722F676C6F62616C5F73696D00
:10574000706C655F726E6E2F73696D706C655F72E1
:105750006E6E2F73696D706C655F726E6E5F6365E0
:105760006C6C2F426961734164645F31000000001A
:1057700002000000010000004000000002C1FEFF26
:10578000000000011400000034000000610000006F
:1057900000000009C400000044C0FEFF0800000033
:1057A0001400000001000000FFFFFFFFFFFFFFFFEC
:1057B0000000000001000000B9FE063D9500000059
:1057C0006D5F6D63755F6E65745F7072656469634C
:1057D000746F722F676C6F62616C5F73696D706C50
:1057E000655F726E6E2F73696D706C655F726E6E41
:1057F0002F73696D706C655F726E6E5F63656C6C44
:105800002F4D61744D756C5F31383B6D5F6D637505
:105810005F6E65745F707265646963746F722F6721
:105820006C6F62616C5F73696D706C655F726E6ED8
:105830002F73696D706C655F726E6E2F73696D701A
:105840006C655F726E6E5F63656C6C2F426961732D
:105850004164645F390000000200000001000000A4
:1058600040000000EAC1FEFF00000001140000003B
:10587000340000006000000000000009C4000000C7
:105880002CC1FEFF08000000140000000100000011
:10589000FCFFFFFFFFFFFFFF000000000100000012
:1058A00090630A3D950000006D5F6D63755F6E65E6
:1058B000745F707265646963746F722F676C6F6276
:1058C000616C5F73696D706C655F726E6E2F73696A
:1058D0006D706C655F726E6E2F73696D706C655F55
:1058E000726E6E5F63656C6C2F4D61744D756C5F8D
:1058F00031363B6D5F6D63755F6E65745F707265A9
:10590000646963746F722F676C6F62616C5F736937
:105910006D706C655F726E6E2F73696D706C655F14
:10592000726E6E2F73696D706C655F726E6E5F6301
:10593000656C6C2F426961734164645F38000000DC
:10594000020000000100000040000000D2C2FEFF83
:105950000000000114000000340000005F0000009F
:1059600000000009C400000014C2FEFF080000008F
:105970001400000001000000F8FFFFFFFFFFFFFF21
:105980000000000001000000489D0F3D9500000050
:105990006D5F6D63755F6E65745F7072656469637A
:1059A000746F722F676C6F62616C5F73696D706C7E
:1059B000655F726E6E2F73696D706C655F726E6E6F
:1059C0002F73696D706C655F726E6E5F63656C6C72
:1059D0002F4D61744D756C5F31343B6D5F6D637538
:1059E0005F6E65745F707265646963746F722F6750
:1059F0006C6F62616C5F73696D706C655F726E6E07
:105A00002F73696D706C655F726E6E2F73696D7048
:105A10006C655F726E6E5F63656C6C2F426961735B
:105A20004164645F370000000200000001000000D4
:105A300040000000BAC3FEFF000000011400000097
:105A4000340000005E00000000000009C4000000F7
:105A5000FCC2FEFF0800000014000000010000006E
:105A6000EFFFFFFFFFFFFFFF00000000010000004D
:105A7000023C043D950000006D5F6D63755F6E65CF
:105A8000745F707265646963746F722F676C6F62A4
:105A9000616C5F73696D706C655F726E6E2F736998
:105AA0006D706C655F726E6E2F73696D706C655F83
:105AB000726E6E5F63656C6C2F4D61744D756C5FBB
:105AC00031323B6D5F6D63755F6E65745F707265DB
:105AD000646963746F722F676C6F62616C5F736966
:105AE0006D706C655F726E6E2F73696D706C655F43
:105AF000726E6E2F73696D706C655F726E6E5F6330
:105B0000656C6C2F426961734164645F360000000C
:105B1000020000000100000040000000A2C4FEFFDF
:105B20000000000114000000340000005D000000CF
:105B300000000009C4000000E4C3FEFF08000000EC
:105B40001400000001000000F5FFFFFFFFFFFFFF52
:105B500000000000010000007B3F003D95000000B8
:105B60006D5F6D63755F6E65745F707265646963A8
:105B7000746F722F676C6F62616C5F73696D706CAC
:105B8000655F726E6E2F73696D706C655F726E6E9D
:105B90002F73696D706C655F726E6E5F63656C6CA0
:105BA0002F4D61744D756C5F31303B6D5F6D63756A
:105BB0005F6E65745F707265646963746F722F677E
:105BC0006C6F62616C5F73696D706C655F726E6E35
:105BD0002F73696D706C655F726E6E2F73696D7077
:105BE0006C655F726E6E5F63656C6C2F426961738A
:105BF0004164645F35000000020000000100000005
:105C0000400000008AC5FEFF0000000114000000F3
:105C1000300000005C00000000000009740000007B
:105C2000CCC4FEFF080000001000000001000000CE
:105C3000F2FFFFFFFFFFFFFF01000000F1AA4E3C53
:105C4000490000006D5F6D63755F6E65745F707213
:105C500065646963746F722F676C6F62616C5F73E8
:105C6000696D706C655F726E6E2F73696D706C65B7
:105C70005F726E6E2F73696D706C655F726E6E5FB2
:105C800063656C6C2F4D61744D756C5F3300000063
:105C900002000000010000004000000022C6FEFFDC
:105CA0000000000114000000340000005B00000050
:105CB000000000097400000064C5FEFF0800000039
:105CC0001400000001000000FFFFFFFFFFFFFFFFC7
:105CD00000000000010000007B7A003C460000004C
:105CE0006D5F6D63755F6E65745F70726564696327
:105CF000746F722F676C6F62616C5F73696D706C2B
:105D0000655F726E6E2F73696D706C655F726E6E1B
:105D10002F73696D706C655F726E6E5F63656C6C1E
:105D20002F54616E68310000020000000100000085
:105D300040000000BAC6FEFF000000011400000091
:105D4000340000005A000000000000097400000048
:105D5000FCC5FEFF08000000140000000100000068
:105D60000000000000000000000000000100000032
:105D70000000003C450000006D5F6D63755F6E655F
:105D8000745F707265646963746F722F676C6F62A1
:105D9000616C5F73696D706C655F726E6E2F736995
:105DA0006D706C655F726E6E2F73696D706C655F80
:105DB000726E6E5F63656C6C2F54616E68000000DC
:105DC00002000000010000004000000052C7FEFF7A
:105DD0000000000114000000300000005900000025
:105DE00000000009BC00000094C6FEFF080000008F
:105DF0001000000001000000ECFFFFFFFFFFFFFFAD
:105E000001000000ACDA9D3C900000006D5F6D6306
:105E1000755F6E65745F707265646963746F722F0D
:105E2000676C6F62616C5F73696D706C655F726ED9
:105E30006E2F73696D706C655F726E6E2F73696D16
:105E4000706C655F726E6E5F63656C6C2F4D617414
:105E50004D756C3B6D5F6D63755F6E65745F7072E1
:105E600065646963746F722F676C6F62616C5F73D6
:105E7000696D706C655F726E6E2F73696D706C65A5
:105E80005F726E6E2F73696D706C655F726E6E5FA0
:105E900063656C6C2F4269617341646400000000AB
:105EA00002000000010000004000000032C8FEFFB8
:105EB0000000000114000000340000005800000041
:105EC000000000098407000074C7FEFF08000000FE
:105ED000140000000100000080FFFFFFFFFFFFFF34
:105EE0000000000001000000FA4F083C56070000C7
:105EF0006D5F6D63755F6E65745F70726564696315
:105F0000746F722F676C6F62616C5F73696D706C18
:105F1000655F726E6E2F73696D706C655F726E6E09
:105F20002F756E737461636B3B6D5F6D63755F6E30
:105F300065745F707265646963746F722F676C6FEC
:105F400062616C5F73696D706C655F726E6E2F73EA
:105F5000696D706C655F726E6E2F756E73746163C0
:105F60006B313B6D5F6D63755F6E65745F707265FD
:105F7000646963746F722F676C6F62616C5F7369C1
:105F80006D706C655F726E6E2F73696D706C655F9E
:105F9000726E6E2F756E737461636B323B6D5F6DE5
:105FA00063755F6E65745F707265646963746F7248
:105FB0002F676C6F62616C5F73696D706C655F7287
:105FC0006E6E2F73696D706C655F726E6E2F756E7D
:105FD000737461636B333B6D5F6D63755F6E657486
:105FE0005F707265646963746F722F676C6F626152
:105FF0006C5F73696D706C655F726E6E2F73696D27
:10600000706C655F726E6E2F756E737461636B3446
:106010003B6D5F6D63755F6E65745F70726564691B
:1060200063746F722F676C6F62616C5F73696D7000
:106030006C655F726E6E2F73696D706C655F726EEA
:106040006E2F756E737461636B353B6D5F6D637539
:106050005F6E65745F707265646963746F722F67D9
:106060006C6F62616C5F73696D706C655F726E6E90
:106070002F73696D706C655F726E6E2F756E7374C1
:1060800061636B363B6D5F6D63755F6E65745F70EA
:106090007265646963746F722F676C6F62616C5FA5
:1060A00073696D706C655F726E6E2F73696D706C65
:1060B000655F726E6E2F756E737461636B373B6DC7
:1060C0005F6D63755F6E65745F707265646963743C
:1060D0006F722F676C6F62616C5F73696D706C6556
:1060E0005F726E6E2F73696D706C655F726E6E2F6E
:1060F000756E737461636B383B6D5F6D63755F6E56
:1061000065745F707265646963746F722F676C6F1A
:1061100062616C5F73696D706C655F726E6E2F7318
:10612000696D706C655F726E6E2F756E73746163EE
:106130006B393B6D5F6D63755F6E65745F70726523
:10614000646963746F722F676C6F62616C5F7369EF
:106150006D706C655F726E6E2F73696D706C655FCC
:10616000726E6E2F756E737461636B31303B6D5F51
:106170006D63755F6E65745F707265646963746F7B
:10618000722F676C6F62616C5F73696D706C655FB5
:10619000726E6E2F73696D706C655F726E6E2F75A7
:1061A0006E737461636B31313B6D5F6D63755F6EF0
:1061B00065745F707265646963746F722F676C6F6A
:1061C00062616C5F73696D706C655F726E6E2F7368
:1061D000696D706C655F726E6E2F756E737461633E
:1061E0006B31323B6D5F6D63755F6E65745F7072AE
:1061F00065646963746F722F676C6F62616C5F7343
:10620000696D706C655F726E6E2F73696D706C6511
:106210005F726E6E2F756E737461636B31333B6D9D
:106220005F6D63755F6E65745F70726564696374DA
:106230006F722F676C6F62616C5F73696D706C65F4
:106240005F726E6E2F73696D706C655F726E6E2F0C
:10625000756E737461636B31343B6D5F6D63755F35
:106260006E65745F707265646963746F722F676CBA
:106270006F62616C5F73696D706C655F726E6E2FBB
:1062800073696D706C655F726E6E2F756E7374617D
:10629000636B31353B6D5F6D63755F6E65745F7009
:1062A0007265646963746F722F676C6F62616C5F93
:1062B00073696D706C655F726E6E2F73696D706C53
:1062C000655F726E6E2F756E737461636B31363BF2
:1062D0006D5F6D63755F6E65745F70726564696331
:1062E000746F722F676C6F62616C5F73696D706C35
:1062F000655F726E6E2F73696D706C655F726E6E26
:106300002F756E737461636B31373B6D5F6D6375B1
:106310005F6E65745F707265646963746F722F6716
:106320006C6F62616C5F73696D706C655F726E6ECD
:106330002F73696D706C655F726E6E2F756E7374FE
:1063400061636B31383B6D5F6D63755F6E65745F64
:10635000707265646963746F722F676C6F62616CD1
:106360005F73696D706C655F726E6E2F73696D70AF
:106370006C655F726E6E2F756E737461636B31390D
:106380003B6D5F6D63755F6E65745F7072656469A8
:1063900063746F722F676C6F62616C5F73696D708D
:1063A0006C655F726E6E2F73696D706C655F726E77
:1063B0006E2F756E737461636B32303B6D5F6D630E
:1063C000755F6E65745F707265646963746F722F58
:1063D000676C6F62616C5F73696D706C655F726E24
:1063E0006E2F73696D706C655F726E6E2F756E7354
:1063F0007461636B32313B6D5F6D63755F6E6574A5
:106400005F707265646963746F722F676C6F62612D
:106410006C5F73696D706C655F726E6E2F73696D02
:10642000706C655F726E6E2F756E737461636B3224
:10643000323B6D5F6D63755F6E65745F707265642E
:106440006963746F722F676C6F62616C5F73696DE3
:10645000706C655F726E6E2F73696D706C655F72C4
:106460006E6E2F756E737461636B32333B6D5F6D4F
:1064700063755F6E65745F707265646963746F7273
:106480002F676C6F62616C5F73696D706C655F72B2
:106490006E6E2F73696D706C655F726E6E2F756EA8
:1064A000737461636B32343B6D5F6D63755F6E65F2
:1064B000745F707265646963746F722F676C6F626A
:1064C000616C5F73696D706C655F726E6E2F73695E
:1064D0006D706C655F726E6E2F756E737461636B39
:1064E00032353B6D5F6D63755F6E65745F707265AD
:1064F000646963746F722F676C6F62616C5F73693C
:106500006D706C655F726E6E2F73696D706C655F18
:10651000726E6E2F756E737461636B32363B6D5F96
:106520006D63755F6E65745F707265646963746FC7
:10653000722F676C6F62616C5F73696D706C655F01
:10654000726E6E2F73696D706C655F726E6E2F75F3
:106550006E737461636B32373B6D5F6D63755F6E35
:1065600065745F707265646963746F722F676C6FB6
:1065700062616C5F73696D706C655F726E6E2F73B4
:10658000696D706C655F726E6E2F756E737461638A
:106590006B32383B6D5F6D63755F6E65745F7072F3
:1065A00065646963746F722F676C6F62616C5F738F
:1065B000696D706C655F726E6E2F73696D706C655E
:1065C0005F726E6E2F756E737461636B32393B6DE3
:1065D0005F6D63755F6E65745F7072656469637427
:1065E0006F722F676C6F62616C5F73696D706C6541
:1065F0005F726E6E2F73696D706C655F726E6E2F59
:10660000756E737461636B33303B6D5F6D63755F83
:106610006E65745F707265646963746F722F676C06
:106620006F62616C5F73696D706C655F726E6E2F07
:1066300073696D706C655F726E6E2F756E737461C9
:10664000636B3331333100000200000001000000B1
:1066500040000000DACFFEFF00000001140000003F
:10666000340000005700000000000009840700000B
:106670001CCFFEFF08000000140000000100000015
:1066800080FFFFFFFFFFFFFF000000000100000090
:10669000FA4F083C560700006D5F6D63755F6E65CD
:1066A000745F707265646963746F722F676C6F6278
:1066B000616C5F73696D706C655F726E6E2F73696C
:1066C0006D706C655F726E6E2F756E737461636B47
:1066D0003B6D5F6D63755F6E65745F707265646955
:1066E00063746F722F676C6F62616C5F73696D703A
:1066F0006C655F726E6E2F73696D706C655F726E24
:106700006E2F756E737461636B313B6D5F6D637576
:106710005F6E65745F707265646963746F722F6712
:106720006C6F62616C5F73696D706C655F726E6EC9
:106730002F73696D706C655F726E6E2F756E7374FA
:1067400061636B323B6D5F6D63755F6E65745F7027
:106750007265646963746F722F676C6F62616C5FDE
:1067600073696D706C655F726E6E2F73696D706C9E
:10677000655F726E6E2F756E737461636B333B6D04
:106780005F6D63755F6E65745F7072656469637475
:106790006F722F676C6F62616C5F73696D706C658F
:1067A0005F726E6E2F73696D706C655F726E6E2FA7
:1067B000756E737461636B343B6D5F6D63755F6E93
:1067C00065745F707265646963746F722F676C6F54
:1067D00062616C5F73696D706C655F726E6E2F7352
:1067E000696D706C655F726E6E2F756E7374616328
:1067F0006B353B6D5F6D63755F6E65745F70726561
:10680000646963746F722F676C6F62616C5F736928
:106810006D706C655F726E6E2F73696D706C655F05
:10682000726E6E2F756E737461636B363B6D5F6D48
:1068300063755F6E65745F707265646963746F72AF
:106840002F676C6F62616C5F73696D706C655F72EE
:106850006E6E2F73696D706C655F726E6E2F756EE4
:10686000737461636B373B6D5F6D63755F6E6574E9
:106870005F707265646963746F722F676C6F6261B9
:106880006C5F73696D706C655F726E6E2F73696D8E
:10689000706C655F726E6E2F756E737461636B38AA
:1068A0003B6D5F6D63755F6E65745F707265646983
:1068B00063746F722F676C6F62616C5F73696D7068
:1068C0006C655F726E6E2F73696D706C655F726E52
:1068D0006E2F756E737461636B393B6D5F6D63759D
:1068E0005F6E65745F707265646963746F722F6741
:1068F0006C6F62616C5F73696D706C655F726E6EF8
:106900002F73696D706C655F726E6E2F756E737428
:1069100061636B31303B6D5F6D63755F6E65745F96
:10692000707265646963746F722F676C6F62616CFB
:106930005F73696D706C655F726E6E2F73696D70D9
:106940006C655F726E6E2F756E737461636B31313F
:106950003B6D5F6D63755F6E65745F7072656469D2
:1069600063746F722F676C6F62616C5F73696D70B7
:106970006C655F726E6E2F73696D706C655F726EA1
:106980006E2F756E737461636B31323B6D5F6D6337
:10699000755F6E65745F707265646963746F722F82
:1069A000676C6F62616C5F73696D706C655F726E4E
:1069B0006E2F73696D706C655F726E6E2F756E737E
:1069C0007461636B31333B6D5F6D63755F6E6574CE
:1069D0005F707265646963746F722F676C6F626158
:1069E0006C5F73696D706C655F726E6E2F73696D2D
:1069F000706C655F726E6E2F756E737461636B3150
:106A0000343B6D5F6D63755F6E65745F7072656456
:106A10006963746F722F676C6F62616C5F73696D0D
:106A2000706C655F726E6E2F73696D706C655F72EE
:106A30006E6E2F756E737461636B31353B6D5F6D78
:106A400063755F6E65745F707265646963746F729D
:106A50002F676C6F62616C5F73696D706C655F72DC
:106A60006E6E2F73696D706C655F726E6E2F756ED2
:106A7000737461636B31363B6D5F6D63755F6E651B
:106A8000745F707265646963746F722F676C6F6294
:106A9000616C5F73696D706C655F726E6E2F736988
:106AA0006D706C655F726E6E2F756E737461636B63
:106AB00031373B6D5F6D63755F6E65745F707265D6
:106AC000646963746F722F676C6F62616C5F736966
:106AD0006D706C655F726E6E2F73696D706C655F43
:106AE000726E6E2F756E737461636B31383B6D5FC0
:106AF0006D63755F6E65745F707265646963746FF2
:106B0000722F676C6F62616C5F73696D706C655F2B
:106B1000726E6E2F73696D706C655F726E6E2F751D
:106B20006E737461636B31393B6D5F6D63755F6E5E
:106B300065745F707265646963746F722F676C6FE0
:106B400062616C5F73696D706C655F726E6E2F73DE
:106B5000696D706C655F726E6E2F756E73746163B4
:106B60006B32303B6D5F6D63755F6E65745F707225
:106B700065646963746F722F676C6F62616C5F73B9
:106B8000696D706C655F726E6E2F73696D706C6588
:106B90005F726E6E2F756E737461636B32313B6D15
:106BA0005F6D63755F6E65745F7072656469637451
:106BB0006F722F676C6F62616C5F73696D706C656B
:106BC0005F726E6E2F73696D706C655F726E6E2F83
:106BD000756E737461636B32323B6D5F6D63755FAD
:106BE0006E65745F707265646963746F722F676C31
:106BF0006F62616C5F73696D706C655F726E6E2F32
:106C000073696D706C655F726E6E2F756E737461F3
:106C1000636B32333B6D5F6D63755F6E65745F7080
:106C20007265646963746F722F676C6F62616C5F09
:106C300073696D706C655F726E6E2F73696D706CC9
:106C4000655F726E6E2F756E737461636B32343B69
:106C50006D5F6D63755F6E65745F707265646963A7
:106C6000746F722F676C6F62616C5F73696D706CAB
:106C7000655F726E6E2F73696D706C655F726E6E9C
:106C80002F756E737461636B32353B6D5F6D637529
:106C90005F6E65745F707265646963746F722F678D
:106CA0006C6F62616C5F73696D706C655F726E6E44
:106CB0002F73696D706C655F726E6E2F756E737475
:106CC00061636B32363B6D5F6D63755F6E65745FDC
:106CD000707265646963746F722F676C6F62616C48
:106CE0005F73696D706C655F726E6E2F73696D7026
:106CF0006C655F726E6E2F756E737461636B323785
:106D00003B6D5F6D63755F6E65745F70726564691E
:106D100063746F722F676C6F62616C5F73696D7003
:106D20006C655F726E6E2F73696D706C655F726EED
:106D30006E2F756E737461636B32383B6D5F6D637C
:106D4000755F6E65745F707265646963746F722FCE
:106D5000676C6F62616C5F73696D706C655F726E9A
:106D60006E2F73696D706C655F726E6E2F756E73CA
:106D70007461636B32393B6D5F6D63755F6E657413
:106D80005F707265646963746F722F676C6F6261A4
:106D90006C5F73696D706C655F726E6E2F73696D79
:106DA000706C655F726E6E2F756E737461636B339A
:106DB000303B6D5F6D63755F6E65745F70726564A7
:106DC0006963746F722F676C6F62616C5F73696D5A
:106DD000706C655F726E6E2F73696D706C655F723B
:106DE0006E6E2F756E737461636B333133300000D8
:106DF00002000000010000004000000082D7FEFFFA
:106E000000000001140000003400000056000000E3
:106E10000000000984070000C4D6FEFF080000003F
:106E2000140000000100000080FFFFFFFFFFFFFFD4
:106E30000000000001000000FA4F083C5607000067
:106E40006D5F6D63755F6E65745F707265646963B5
:106E5000746F722F676C6F62616C5F73696D706CB9
:106E6000655F726E6E2F73696D706C655F726E6EAA
:106E70002F756E737461636B3B6D5F6D63755F6ED1
:106E800065745F707265646963746F722F676C6F8D
:106E900062616C5F73696D706C655F726E6E2F738B
:106EA000696D706C655F726E6E2F756E7374616361
:106EB0006B313B6D5F6D63755F6E65745F7072659E
:106EC000646963746F722F676C6F62616C5F736962
:106ED0006D706C655F726E6E2F73696D706C655F3F
:106EE000726E6E2F756E737461636B323B6D5F6D86
:106EF00063755F6E65745F707265646963746F72E9
:106F00002F676C6F62616C5F73696D706C655F7227
:106F10006E6E2F73696D706C655F726E6E2F756E1D
:106F2000737461636B333B6D5F6D63755F6E657426
:106F30005F707265646963746F722F676C6F6261F2
:106F40006C5F73696D706C655F726E6E2F73696DC7
:106F5000706C655F726E6E2F756E737461636B34E7
:106F60003B6D5F6D63755F6E65745F7072656469BC
:106F700063746F722F676C6F62616C5F73696D70A1
:106F80006C655F726E6E2F73696D706C655F726E8B
:106F90006E2F756E737461636B353B6D5F6D6375DA
:106FA0005F6E65745F707265646963746F722F677A
:106FB0006C6F62616C5F73696D706C655F726E6E31
:106FC0002F73696D706C655F726E6E2F756E737462
:106FD00061636B363B6D5F6D63755F6E65745F708B
:106FE0007265646963746F722F676C6F62616C5F46
:106FF00073696D706C655F726E6E2F73696D706C06
:10700000655F726E6E2F756E737461636B373B6D67
:107010005F6D63755F6E65745F70726564696374DC
:107020006F722F676C6F62616C5F73696D706C65F6
:107030005F726E6E2F73696D706C655F726E6E2F0E
:10704000756E737461636B383B6D5F6D63755F6EF6
:1070500065745F707265646963746F722F676C6FBB
:1070600062616C5F73696D706C655F726E6E2F73B9
:10707000696D706C655F726E6E2F756E737461638F
:107080006B393B6D5F6D63755F6E65745F707265C4
:10709000646963746F722F676C6F62616C5F736990
:1070A0006D706C655F726E6E2F73696D706C655F6D
:1070B000726E6E2F756E737461636B31303B6D5FF2
:1070C0006D63755F6E65745F707265646963746F1C
:1070D000722F676C6F62616C5F73696D706C655F56
:1070E000726E6E2F73696D706C655F726E6E2F7548
:1070F0006E737461636B31313B6D5F6D63755F6E91
:1071000065745F707265646963746F722F676C6F0A
:1071100062616C5F73696D706C655F726E6E2F7308
:10712000696D706C655F726E6E2F756E73746163DE
:107130006B31323B6D5F6D63755F6E65745F70724E
:1071400065646963746F722F676C6F62616C5F73E3
:10715000696D706C655F726E6E2F73696D706C65B2
:107160005F726E6E2F756E737461636B31333B6D3E
:107170005F6D63755F6E65745F707265646963747B
:107180006F722F676C6F62616C5F73696D706C6595
:107190005F726E6E2F73696D706C655F726E6E2FAD
:1071A000756E737461636B31343B6D5F6D63755FD6
:1071B0006E65745F707265646963746F722F676C5B
:1071C0006F62616C5F73696D706C655F726E6E2F5C
:1071D00073696D706C655F726E6E2F756E7374611E
:1071E000636B31353B6D5F6D63755F6E65745F70AA
:1071F0007265646963746F722F676C6F62616C5F34
:1072000073696D706C655F726E6E2F73696D706CF3
:10721000655F726E6E2F756E737461636B31363B92
:107220006D5F6D63755F6E65745F707265646963D1
:10723000746F722F676C6F62616C5F73696D706CD5
:10724000655F726E6E2F73696D706C655F726E6EC6
:107250002F756E737461636B31373B6D5F6D637552
:107260005F6E65745F707265646963746F722F67B7
:107270006C6F62616C5F73696D706C655F726E6E6E
:107280002F73696D706C655F726E6E2F756E73749F
:1072900061636B31383B6D5F6D63755F6E65745F05
:1072A000707265646963746F722F676C6F62616C72
:1072B0005F73696D706C655F726E6E2F73696D7050
:1072C0006C655F726E6E2F756E737461636B3139AE
:1072D0003B6D5F6D63755F6E65745F707265646949
:1072E00063746F722F676C6F62616C5F73696D702E
:1072F0006C655F726E6E2F73696D706C655F726E18
:107300006E2F756E737461636B32303B6D5F6D63AE
:10731000755F6E65745F707265646963746F722FF8
:10732000676C6F62616C5F73696D706C655F726EC4
:107330006E2F73696D706C655F726E6E2F756E73F4
:107340007461636B32313B6D5F6D63755F6E657445
:107350005F707265646963746F722F676C6F6261CE
:107360006C5F73696D706C655F726E6E2F73696DA3
:10737000706C655F726E6E2F756E737461636B32C5
:10738000323B6D5F6D63755F6E65745F70726564CF
:107390006963746F722F676C6F62616C5F73696D84
:1073A000706C655F726E6E2F73696D706C655F7265
:1073B0006E6E2F756E737461636B32333B6D5F6DF0
:1073C00063755F6E65745F707265646963746F7214
:1073D0002F676C6F62616C5F73696D706C655F7253
:1073E0006E6E2F73696D706C655F726E6E2F756E49
:1073F000737461636B32343B6D5F6D63755F6E6593
:10740000745F707265646963746F722F676C6F620A
:10741000616C5F73696D706C655F726E6E2F7369FE
:107420006D706C655F726E6E2F756E737461636BD9
:1074300032353B6D5F6D63755F6E65745F7072654D
:10744000646963746F722F676C6F62616C5F7369DC
:107450006D706C655F726E6E2F73696D706C655FB9
:10746000726E6E2F756E737461636B32363B6D5F37
:107470006D63755F6E65745F707265646963746F68
:10748000722F676C6F62616C5F73696D706C655FA2
:10749000726E6E2F73696D706C655F726E6E2F7594
:1074A0006E737461636B32373B6D5F6D63755F6ED6
:1074B00065745F707265646963746F722F676C6F57
:1074C00062616C5F73696D706C655F726E6E2F7355
:1074D000696D706C655F726E6E2F756E737461632B
:1074E0006B32383B6D5F6D63755F6E65745F707294
:1074F00065646963746F722F676C6F62616C5F7330
:10750000696D706C655F726E6E2F73696D706C65FE
:107510005F726E6E2F756E737461636B32393B6D83
:107520005F6D63755F6E65745F70726564696374C7
:107530006F722F676C6F62616C5F73696D706C65E1
:107540005F726E6E2F73696D706C655F726E6E2FF9
:10755000756E737461636B33303B6D5F6D63755F24
:107560006E65745F707265646963746F722F676CA7
:107570006F62616C5F73696D706C655F726E6E2FA8
:1075800073696D706C655F726E6E2F756E7374616A
:10759000636B33313239000002000000010000004B
:1075A000400000002ADFFEFF000000011400000080
:1075B00034000000550000000000000984070000AE
:1075C0006CDEFEFF08000000140000000100000057
:1075D00080FFFFFFFFFFFFFF000000000100000031
:1075E000FA4F083C560700006D5F6D63755F6E656E
:1075F000745F707265646963746F722F676C6F6219
:10760000616C5F73696D706C655F726E6E2F73690C
:107610006D706C655F726E6E2F756E737461636BE7
:107620003B6D5F6D63755F6E65745F7072656469F5
:1076300063746F722F676C6F62616C5F73696D70DA
:107640006C655F726E6E2F73696D706C655F726EC4
:107650006E2F756E737461636B313B6D5F6D637517
:107660005F6E65745F707265646963746F722F67B3
:107670006C6F62616C5F73696D706C655F726E6E6A
:107680002F73696D706C655F726E6E2F756E73749B
:1076900061636B323B6D5F6D63755F6E65745F70C8
:1076A0007265646963746F722F676C6F62616C5F7F
:1076B00073696D706C655F726E6E2F73696D706C3F
:1076C000655F726E6E2F756E737461636B333B6DA5
:1076D0005F6D63755F6E65745F7072656469637416
:1076E0006F722F676C6F62616C5F73696D706C6530
:1076F0005F726E6E2F73696D706C655F726E6E2F48
:10770000756E737461636B343B6D5F6D63755F6E33
:1077100065745F707265646963746F722F676C6FF4
:1077200062616C5F73696D706C655F726E6E2F73F2
:10773000696D706C655F726E6E2F756E73746163C8
:107740006B353B6D5F6D63755F6E65745F70726501
:10775000646963746F722F676C6F62616C5F7369C9
:107760006D706C655F726E6E2F73696D706C655FA6
:10777000726E6E2F756E737461636B363B6D5F6DE9
:1077800063755F6E65745F707265646963746F7250
:107790002F676C6F62616C5F73696D706C655F728F
:1077A0006E6E2F73696D706C655F726E6E2F756E85
:1077B000737461636B373B6D5F6D63755F6E65748A
:1077C0005F707265646963746F722F676C6F62615A
:1077D0006C5F73696D706C655F726E6E2F73696D2F
:1077E000706C655F726E6E2F756E737461636B384B
:1077F0003B6D5F6D63755F6E65745F707265646924
:1078000063746F722F676C6F62616C5F73696D7008
:107810006C655F726E6E2F73696D706C655F726EF2
:107820006E2F756E737461636B393B6D5F6D63753D
:107830005F6E65745F707265646963746F722F67E1
:107840006C6F62616C5F73696D706C655F726E6E98
:107850002F73696D706C655F726E6E2F756E7374C9
:1078600061636B31303B6D5F6D63755F6E65745F37
:10787000707265646963746F722F676C6F62616C9C
:107880005F73696D706C655F726E6E2F73696D707A
:107890006C655F726E6E2F756E737461636B3131E0
:1078A0003B6D5F6D63755F6E65745F707265646973
:1078B00063746F722F676C6F62616C5F73696D7058
:1078C0006C655F726E6E2F73696D706C655F726E42
:1078D0006E2F756E737461636B31323B6D5F6D63D8
:1078E000755F6E65745F707265646963746F722F23
:1078F000676C6F62616C5F73696D706C655F726EEF
:107900006E2F73696D706C655F726E6E2F756E731E
:107910007461636B31333B6D5F6D63755F6E65746E
:107920005F707265646963746F722F676C6F6261F8
:107930006C5F73696D706C655F726E6E2F73696DCD
:10794000706C655F726E6E2F756E737461636B31F0
:10795000343B6D5F6D63755F6E65745F70726564F7
:107960006963746F722F676C6F62616C5F73696DAE
:10797000706C655F726E6E2F73696D706C655F728F
:107980006E6E2F756E737461636B31353B6D5F6D19
:1079900063755F6E65745F707265646963746F723E
:1079A0002F676C6F62616C5F73696D706C655F727D
:1079B0006E6E2F73696D706C655F726E6E2F756E73
:1079C000737461636B31363B6D5F6D63755F6E65BC
:1079D000745F707265646963746F722F676C6F6235
:1079E000616C5F73696D706C655F726E6E2F736929
:1079F0006D706C655F726E6E2F756E737461636B04
:107A000031373B6D5F6D63755F6E65745F70726576
:107A1000646963746F722F676C6F62616C5F736906
:107A20006D706C655F726E6E2F73696D706C655FE3
:107A3000726E6E2F756E737461636B31383B6D5F60
:107A40006D63755F6E65745F707265646963746F92
:107A5000722F676C6F62616C5F73696D706C655FCC
:107A6000726E6E2F73696D706C655F726E6E2F75BE
:107A70006E737461636B31393B6D5F6D63755F6EFF
:107A800065745F707265646963746F722F676C6F81
:107A900062616C5F73696D706C655F726E6E2F737F
:107AA000696D706C655F726E6E2F756E7374616355
:107AB0006B32303B6D5F6D63755F6E65745F7072C6
:107AC00065646963746F722F676C6F62616C5F735A
:107AD000696D706C655F726E6E2F73696D706C6529
:107AE0005F726E6E2F756E737461636B32313B6DB6
:107AF0005F6D63755F6E65745F70726564696374F2
:107B00006F722F676C6F62616C5F73696D706C650B
:107B10005F726E6E2F73696D706C655F726E6E2F23
:107B2000756E737461636B32323B6D5F6D63755F4D
:107B30006E65745F707265646963746F722F676CD1
:107B40006F62616C5F73696D706C655F726E6E2FD2
:107B500073696D706C655F726E6E2F756E73746194
:107B6000636B32333B6D5F6D63755F6E65745F7021
:107B70007265646963746F722F676C6F62616C5FAA
:107B800073696D706C655F726E6E2F73696D706C6A
:107B9000655F726E6E2F756E737461636B32343B0A
:107BA0006D5F6D63755F6E65745F70726564696348
:107BB000746F722F676C6F62616C5F73696D706C4C
:107BC000655F726E6E2F73696D706C655F726E6E3D
:107BD0002F756E737461636B32353B6D5F6D6375CA
:107BE0005F6E65745F707265646963746F722F672E
:107BF0006C6F62616C5F73696D706C655F726E6EE5
:107C00002F73696D706C655F726E6E2F756E737415
:107C100061636B32363B6D5F6D63755F6E65745F7C
:107C2000707265646963746F722F676C6F62616CE8
:107C30005F73696D706C655F726E6E2F73696D70C6
:107C40006C655F726E6E2F756E737461636B323725
:107C50003B6D5F6D63755F6E65745F7072656469BF
:107C600063746F722F676C6F62616C5F73696D70A4
:107C70006C655F726E6E2F73696D706C655F726E8E
:107C80006E2F756E737461636B32383B6D5F6D631D
:107C9000755F6E65745F707265646963746F722F6F
:107CA000676C6F62616C5F73696D706C655F726E3B
:107CB0006E2F73696D706C655F726E6E2F756E736B
:107CC0007461636B32393B6D5F6D63755F6E6574B4
:107CD0005F707265646963746F722F676C6F626145
:107CE0006C5F73696D706C655F726E6E2F73696D1A
:107CF000706C655F726E6E2F756E737461636B333B
:107D0000303B6D5F6D63755F6E65745F7072656447
:107D10006963746F722F676C6F62616C5F73696DFA
:107D2000706C655F726E6E2F73696D706C655F72DB
:107D30006E6E2F756E737461636B33313238000071
:107D4000020000000100000040000000D2E6FEFF3B
:107D50000000000114000000340000005400000086
:107D6000000000098407000014E6FEFF0800000080
:107D7000140000000100000080FFFFFFFFFFFFFF75
:107D80000000000001000000FA4F083C5607000008
:107D90006D5F6D63755F6E65745F70726564696356
:107DA000746F722F676C6F62616C5F73696D706C5A
:107DB000655F726E6E2F73696D706C655F726E6E4B
:107DC0002F756E737461636B3B6D5F6D63755F6E72
:107DD00065745F707265646963746F722F676C6F2E
:107DE00062616C5F73696D706C655F726E6E2F732C
:107DF000696D706C655F726E6E2F756E7374616302
:107E00006B313B6D5F6D63755F6E65745F7072653E
:107E1000646963746F722F676C6F62616C5F736902
:107E20006D706C655F726E6E2F73696D706C655FDF
:107E3000726E6E2F756E737461636B323B6D5F6D26
:107E400063755F6E65745F707265646963746F7289
:107E50002F676C6F62616C5F73696D706C655F72C8
:107E60006E6E2F73696D706C655F726E6E2F756EBE
:107E7000737461636B333B6D5F6D63755F6E6574C7
:107E80005F707265646963746F722F676C6F626193
:107E90006C5F73696D706C655F726E6E2F73696D68
:107EA000706C655F726E6E2F756E737461636B3488
:107EB0003B6D5F6D63755F6E65745F70726564695D
:107EC00063746F722F676C6F62616C5F73696D7042
:107ED0006C655F726E6E2F73696D706C655F726E2C
:107EE0006E2F756E737461636B353B6D5F6D63757B
:107EF0005F6E65745F707265646963746F722F671B
:107F00006C6F62616C5F73696D706C655F726E6ED1
:107F10002F73696D706C655F726E6E2F756E737402
:107F200061636B363B6D5F6D63755F6E65745F702B
:107F30007265646963746F722F676C6F62616C5FE6
:107F400073696D706C655F726E6E2F73696D706CA6
:107F5000655F726E6E2F756E737461636B373B6D08
:107F60005F6D63755F6E65745F707265646963747D
:107F70006F722F676C6F62616C5F73696D706C6597
:107F80005F726E6E2F73696D706C655F726E6E2FAF
:107F9000756E737461636B383B6D5F6D63755F6E97
:107FA00065745F707265646963746F722F676C6F5C
:107FB00062616C5F73696D706C655F726E6E2F735A
:107FC000696D706C655F726E6E2F756E7374616330
:107FD0006B393B6D5F6D63755F6E65745F70726565
:107FE000646963746F722F676C6F62616C5F736931
:107FF0006D706C655F726E6E2F73696D706C655F0E
:10800000726E6E2F756E737461636B31303B6D5F92
:108010006D63755F6E65745F707265646963746FBC
:10802000722F676C6F62616C5F73696D706C655FF6
:10803000726E6E2F73696D706C655F726E6E2F75E8
:108040006E737461636B31313B6D5F6D63755F6E31
:1080500065745F707265646963746F722F676C6FAB
:1080600062616C5F73696D706C655F726E6E2F73A9
:10807000696D706C655F726E6E2F756E737461637F
:108080006B31323B6D5F6D63755F6E65745F7072EF
:1080900065646963746F722F676C6F62616C5F7384
:1080A000696D706C655F726E6E2F73696D706C6553
:1080B0005F726E6E2F756E737461636B31333B6DDF
:1080C0005F6D63755F6E65745F707265646963741C
:1080D0006F722F676C6F62616C5F73696D706C6536
:1080E0005F726E6E2F73696D706C655F726E6E2F4E
:1080F000756E737461636B31343B6D5F6D63755F77
:108100006E65745F707265646963746F722F676CFB
:108110006F62616C5F73696D706C655F726E6E2FFC
:1081200073696D706C655F726E6E2F756E737461BE
:10813000636B31353B6D5F6D63755F6E65745F704A
:108140007265646963746F722F676C6F62616C5FD4
:1081500073696D706C655F726E6E2F73696D706C94
:10816000655F726E6E2F756E737461636B31363B33
:108170006D5F6D63755F6E65745F70726564696372
:10818000746F722F676C6F62616C5F73696D706C76
:10819000655F726E6E2F73696D706C655F726E6E67
:1081A0002F756E737461636B31373B6D5F6D6375F3
:1081B0005F6E65745F707265646963746F722F6758
:1081C0006C6F62616C5F73696D706C655F726E6E0F
:1081D0002F73696D706C655F726E6E2F756E737440
:1081E00061636B31383B6D5F6D63755F6E65745FA6
:1081F000707265646963746F722F676C6F62616C13
:108200005F73696D706C655F726E6E2F73696D70F0
:108210006C655F726E6E2F756E737461636B31394E
:108220003B6D5F6D63755F6E65745F7072656469E9
:1082300063746F722F676C6F62616C5F73696D70CE
:108240006C655F726E6E2F73696D706C655F726EB8
:108250006E2F756E737461636B32303B6D5F6D634F
:10826000755F6E65745F707265646963746F722F99
:10827000676C6F62616C5F73696D706C655F726E65
:108280006E2F73696D706C655F726E6E2F756E7395
:108290007461636B32313B6D5F6D63755F6E6574E6
:1082A0005F707265646963746F722F676C6F62616F
:1082B0006C5F73696D706C655F726E6E2F73696D44
:1082C000706C655F726E6E2F756E737461636B3266
:1082D000323B6D5F6D63755F6E65745F7072656470
:1082E0006963746F722F676C6F62616C5F73696D25
:1082F000706C655F726E6E2F73696D706C655F7206
:108300006E6E2F756E737461636B32333B6D5F6D90
:1083100063755F6E65745F707265646963746F72B4
:108320002F676C6F62616C5F73696D706C655F72F3
:108330006E6E2F73696D706C655F726E6E2F756EE9
:10834000737461636B32343B6D5F6D63755F6E6533
:10835000745F707265646963746F722F676C6F62AB
:10836000616C5F73696D706C655F726E6E2F73699F
:108370006D706C655F726E6E2F756E737461636B7A
:1083800032353B6D5F6D63755F6E65745F707265EE
:10839000646963746F722F676C6F62616C5F73697D
:1083A0006D706C655F726E6E2F73696D706C655F5A
:1083B000726E6E2F756E737461636B32363B6D5FD8
:1083C0006D63755F6E65745F707265646963746F09
:1083D000722F676C6F62616C5F73696D706C655F43
:1083E000726E6E2F73696D706C655F726E6E2F7535
:1083F0006E737461636B32373B6D5F6D63755F6E77
:1084000065745F707265646963746F722F676C6FF7
:1084100062616C5F73696D706C655F726E6E2F73F5
:10842000696D706C655F726E6E2F756E73746163CB
:108430006B32383B6D5F6D63755F6E65745F707234
:1084400065646963746F722F676C6F62616C5F73D0
:10845000696D706C655F726E6E2F73696D706C659F
:108460005F726E6E2F756E737461636B32393B6D24
:108470005F6D63755F6E65745F7072656469637468
:108480006F722F676C6F62616C5F73696D706C6582
:108490005F726E6E2F73696D706C655F726E6E2F9A
:1084A000756E737461636B33303B6D5F6D63755FC5
:1084B0006E65745F707265646963746F722F676C48
:1084C0006F62616C5F73696D706C655F726E6E2F49
:1084D00073696D706C655F726E6E2F756E7374610B
:1084E000636B3331323700000200000001000000EE
:1084F000400000007AEEFEFF0000000114000000C2
:108500003400000053000000000000098407000050
:10851000BCEDFEFF08000000140000000100000098
:1085200080FFFFFFFFFFFFFF0000000001000000D1
:10853000FA4F083C560700006D5F6D63755F6E650E
:10854000745F707265646963746F722F676C6F62B9
:10855000616C5F73696D706C655F726E6E2F7369AD
:108560006D706C655F726E6E2F756E737461636B88
:108570003B6D5F6D63755F6E65745F707265646996
:1085800063746F722F676C6F62616C5F73696D707B
:108590006C655F726E6E2F73696D706C655F726E65
:1085A0006E2F756E737461636B313B6D5F6D6375B8
:1085B0005F6E65745F707265646963746F722F6754
:1085C0006C6F62616C5F73696D706C655F726E6E0B
:1085D0002F73696D706C655F726E6E2F756E73743C
:1085E00061636B323B6D5F6D63755F6E65745F7069
:1085F0007265646963746F722F676C6F62616C5F20
:1086000073696D706C655F726E6E2F73696D706CDF
:10861000655F726E6E2F756E737461636B333B6D45
:108620005F6D63755F6E65745F70726564696374B6
:108630006F722F676C6F62616C5F73696D706C65D0
:108640005F726E6E2F73696D706C655F726E6E2FE8
:10865000756E737461636B343B6D5F6D63755F6ED4
:1086600065745F707265646963746F722F676C6F95
:1086700062616C5F73696D706C655F726E6E2F7393
:10868000696D706C655F726E6E2F756E7374616369
:108690006B353B6D5F6D63755F6E65745F707265A2
:1086A000646963746F722F676C6F62616C5F73696A
:1086B0006D706C655F726E6E2F73696D706C655F47
:1086C000726E6E2F756E737461636B363B6D5F6D8A
:1086D00063755F6E65745F707265646963746F72F1
:1086E0002F676C6F62616C5F73696D706C655F7230
:1086F0006E6E2F73696D706C655F726E6E2F756E26
:10870000737461636B373B6D5F6D63755F6E65742A
:108710005F707265646963746F722F676C6F6261FA
:108720006C5F73696D706C655F726E6E2F73696DCF
:10873000706C655F726E6E2F756E737461636B38EB
:108740003B6D5F6D63755F6E65745F7072656469C4
:1087500063746F722F676C6F62616C5F73696D70A9
:108760006C655F726E6E2F73696D706C655F726E93
:108770006E2F756E737461636B393B6D5F6D6375DE
:108780005F6E65745F707265646963746F722F6782
:108790006C6F62616C5F73696D706C655F726E6E39
:1087A0002F73696D706C655F726E6E2F756E73746A
:1087B00061636B31303B6D5F6D63755F6E65745FD8
:1087C000707265646963746F722F676C6F62616C3D
:1087D0005F73696D706C655F726E6E2F73696D701B
:1087E0006C655F726E6E2F756E737461636B313181
:1087F0003B6D5F6D63755F6E65745F707265646914
:1088000063746F722F676C6F62616C5F73696D70F8
:108810006C655F726E6E2F73696D706C655F726EE2
:108820006E2F756E737461636B31323B6D5F6D6378
:10883000755F6E65745F707265646963746F722FC3
:10884000676C6F62616C5F73696D706C655F726E8F
:108850006E2F73696D706C655F726E6E2F756E73BF
:108860007461636B31333B6D5F6D63755F6E65740F
:108870005F707265646963746F722F676C6F626199
:108880006C5F73696D706C655F726E6E2F73696D6E
:10889000706C655F726E6E2F756E737461636B3191
:1088A000343B6D5F6D63755F6E65745F7072656498
:1088B0006963746F722F676C6F62616C5F73696D4F
:1088C000706C655F726E6E2F73696D706C655F7230
:1088D0006E6E2F756E737461636B31353B6D5F6DBA
:1088E00063755F6E65745F707265646963746F72DF
:1088F0002F676C6F62616C5F73696D706C655F721E
:108900006E6E2F73696D706C655F726E6E2F756E13
:10891000737461636B31363B6D5F6D63755F6E655C
:10892000745F707265646963746F722F676C6F62D5
:10893000616C5F73696D706C655F726E6E2F7369C9
:108940006D706C655F726E6E2F756E737461636BA4
:1089500031373B6D5F6D63755F6E65745F70726517
:10896000646963746F722F676C6F62616C5F7369A7
:108970006D706C655F726E6E2F73696D706C655F84
:10898000726E6E2F756E737461636B31383B6D5F01
:108990006D63755F6E65745F707265646963746F33
:1089A000722F676C6F62616C5F73696D706C655F6D
:1089B000726E6E2F73696D706C655F726E6E2F755F
:1089C0006E737461636B31393B6D5F6D63755F6EA0
:1089D00065745F707265646963746F722F676C6F22
:1089E00062616C5F73696D706C655F726E6E2F7320
:1089F000696D706C655F726E6E2F756E73746163F6
:108A00006B32303B6D5F6D63755F6E65745F707266
:108A100065646963746F722F676C6F62616C5F73FA
:108A2000696D706C655F726E6E2F73696D706C65C9
:108A30005F726E6E2F756E737461636B32313B6D56
:108A40005F6D63755F6E65745F7072656469637492
:108A50006F722F676C6F62616C5F73696D706C65AC
:108A60005F726E6E2F73696D706C655F726E6E2FC4
:108A7000756E737461636B32323B6D5F6D63755FEE
:108A80006E65745F707265646963746F722F676C72
:108A90006F62616C5F73696D706C655F726E6E2F73
:108AA00073696D706C655F726E6E2F756E73746135
:108AB000636B32333B6D5F6D63755F6E65745F70C2
:108AC0007265646963746F722F676C6F62616C5F4B
:108AD00073696D706C655F726E6E2F73696D706C0B
:108AE000655F726E6E2F756E737461636B32343BAB
:108AF0006D5F6D63755F6E65745F707265646963E9
:108B0000746F722F676C6F62616C5F73696D706CEC
:108B1000655F726E6E2F73696D706C655F726E6EDD
:108B20002F756E737461636B32353B6D5F6D63756A
:108B30005F6E65745F707265646963746F722F67CE
:108B40006C6F62616C5F73696D706C655F726E6E85
:108B50002F73696D706C655F726E6E2F756E7374B6
:108B600061636B32363B6D5F6D63755F6E65745F1D
:108B7000707265646963746F722F676C6F62616C89
:108B80005F73696D706C655F726E6E2F73696D7067
:108B90006C655F726E6E2F756E737461636B3237C6
:108BA0003B6D5F6D63755F6E65745F707265646960
:108BB00063746F722F676C6F62616C5F73696D7045
:108BC0006C655F726E6E2F73696D706C655F726E2F
:108BD0006E2F756E737461636B32383B6D5F6D63BE
:108BE000755F6E65745F707265646963746F722F10
:108BF000676C6F62616C5F73696D706C655F726EDC
:108C00006E2F73696D706C655F726E6E2F756E730B
:108C10007461636B32393B6D5F6D63755F6E657454
:108C20005F707265646963746F722F676C6F6261E5
:108C30006C5F73696D706C655F726E6E2F73696DBA
:108C4000706C655F726E6E2F756E737461636B33DB
:108C5000303B6D5F6D63755F6E65745F70726564E8
:108C60006963746F722F676C6F62616C5F73696D9B
:108C7000706C655F726E6E2F73696D706C655F727C
:108C80006E6E2F756E737461636B33313236000014
:108C900002000000010000004000000022F6FEFF7C
:108CA0000000000114000000340000005200000029
:108CB000000000098407000064F5FEFF08000000C2
:108CC000140000000100000080FFFFFFFFFFFFFF16
:108CD0000000000001000000FA4F083C56070000A9
:108CE0006D5F6D63755F6E65745F707265646963F7
:108CF000746F722F676C6F62616C5F73696D706CFB
:108D0000655F726E6E2F73696D706C655F726E6EEB
:108D10002F756E737461636B3B6D5F6D63755F6E12
:108D200065745F707265646963746F722F676C6FCE
:108D300062616C5F73696D706C655F726E6E2F73CC
:108D4000696D706C655F726E6E2F756E73746163A2
:108D50006B313B6D5F6D63755F6E65745F707265DF
:108D6000646963746F722F676C6F62616C5F7369A3
:108D70006D706C655F726E6E2F73696D706C655F80
:108D8000726E6E2F756E737461636B323B6D5F6DC7
:108D900063755F6E65745F707265646963746F722A
:108DA0002F676C6F62616C5F73696D706C655F7269
:108DB0006E6E2F73696D706C655F726E6E2F756E5F
:108DC000737461636B333B6D5F6D63755F6E657468
:108DD0005F707265646963746F722F676C6F626134
:108DE0006C5F73696D706C655F726E6E2F73696D09
:108DF000706C655F726E6E2F756E737461636B3429
:108E00003B6D5F6D63755F6E65745F7072656469FD
:108E100063746F722F676C6F62616C5F73696D70E2
:108E20006C655F726E6E2F73696D706C655F726ECC
:108E30006E2F756E737461636B353B6D5F6D63751B
:108E40005F6E65745F707265646963746F722F67BB
:108E50006C6F62616C5F73696D706C655F726E6E72
:108E60002F73696D706C655F726E6E2F756E7374A3
:108E700061636B363B6D5F6D63755F6E65745F70CC
:108E80007265646963746F722F676C6F62616C5F87
:108E900073696D706C655F726E6E2F73696D706C47
:108EA000655F726E6E2F756E737461636B373B6DA9
:108EB0005F6D63755F6E65745F707265646963741E
:108EC0006F722F676C6F62616C5F73696D706C6538
:108ED0005F726E6E2F73696D706C655F726E6E2F50
:108EE000756E737461636B383B6D5F6D63755F6E38
:108EF00065745F707265646963746F722F676C6FFD
:108F000062616C5F73696D706C655F726E6E2F73FA
:108F1000696D706C655F726E6E2F756E73746163D0
:108F20006B393B6D5F6D63755F6E65745F70726505
:108F3000646963746F722F676C6F62616C5F7369D1
:108F40006D706C655F726E6E2F73696D706C655FAE
:108F5000726E6E2F756E737461636B31303B6D5F33
:108F60006D63755F6E65745F707265646963746F5D
:108F7000722F676C6F62616C5F73696D706C655F97
:108F8000726E6E2F73696D706C655F726E6E2F7589
:108F90006E737461636B31313B6D5F6D63755F6ED2
:108FA00065745F707265646963746F722F676C6F4C
:108FB00062616C5F73696D706C655F726E6E2F734A
:108FC000696D706C655F726E6E2F756E7374616320
:108FD0006B31323B6D5F6D63755F6E65745F707290
:108FE00065646963746F722F676C6F62616C5F7325
:108FF000696D706C655F726E6E2F73696D706C65F4
:109000005F726E6E2F756E737461636B31333B6D7F
:109010005F6D63755F6E65745F70726564696374BC
:109020006F722F676C6F62616C5F73696D706C65D6
:109030005F726E6E2F73696D706C655F726E6E2FEE
:10904000756E737461636B31343B6D5F6D63755F17
:109050006E65745F707265646963746F722F676C9C
:109060006F62616C5F73696D706C655F726E6E2F9D
:1090700073696D706C655F726E6E2F756E7374615F
:10908000636B31353B6D5F6D63755F6E65745F70EB
:109090007265646963746F722F676C6F62616C5F75
:1090A00073696D706C655F726E6E2F73696D706C35
:1090B000655F726E6E2F756E737461636B31363BD4
:1090C0006D5F6D63755F6E65745F70726564696313
:1090D000746F722F676C6F62616C5F73696D706C17
:1090E000655F726E6E2F73696D706C655F726E6E08
:1090F0002F756E737461636B31373B6D5F6D637594
:109100005F6E65745F707265646963746F722F67F8
:109110006C6F62616C5F73696D706C655F726E6EAF
:109120002F73696D706C655F726E6E2F756E7374E0
:1091300061636B31383B6D5F6D63755F6E65745F46
:10914000707265646963746F722F676C6F62616CB3
:109150005F73696D706C655F726E6E2F73696D7091
:109160006C655F726E6E2F756E737461636B3139EF
:109170003B6D5F6D63755F6E65745F70726564698A
:1091800063746F722F676C6F62616C5F73696D706F
:109190006C655F726E6E2F73696D706C655F726E59
:1091A0006E2F756E737461636B32303B6D5F6D63F0
:1091B000755F6E65745F707265646963746F722F3A
:1091C000676C6F62616C5F73696D706C655F726E06
:1091D0006E2F73696D706C655F726E6E2F756E7336
:1091E0007461636B32313B6D5F6D63755F6E657487
:1091F0005F707265646963746F722F676C6F626110
:109200006C5F73696D706C655F726E6E2F73696DE4
:10921000706C655F726E6E2F756E737461636B3206
:10922000323B6D5F6D63755F6E65745F7072656410
:109230006963746F722F676C6F62616C5F73696DC5
:10924000706C655F726E6E2F73696D706C655F72A6
:109250006E6E2F756E737461636B32333B6D5F6D31
:1092600063755F6E65745F707265646963746F7255
:109270002F676C6F62616C5F73696D706C655F7294
:109280006E6E2F73696D706C655F726E6E2F756E8A
:10929000737461636B32343B6D5F6D63755F6E65D4
:1092A000745F707265646963746F722F676C6F624C
:1092B000616C5F73696D706C655F726E6E2F736940
:1092C0006D706C655F726E6E2F756E737461636B1B
:1092D00032353B6D5F6D63755F6E65745F7072658F
:1092E000646963746F722F676C6F62616C5F73691E
:1092F0006D706C655F726E6E2F73696D706C655FFB
:10930000726E6E2F756E737461636B32363B6D5F78
:109310006D63755F6E65745F707265646963746FA9
:10932000722F676C6F62616C5F73696D706C655FE3
:10933000726E6E2F73696D706C655F726E6E2F75D5
:109340006E737461636B32373B6D5F6D63755F6E17
:1093500065745F707265646963746F722F676C6F98
:1093600062616C5F73696D706C655F726E6E2F7396
:10937000696D706C655F726E6E2F756E737461636C
:109380006B32383B6D5F6D63755F6E65745F7072D5
:1093900065646963746F722F676C6F62616C5F7371
:1093A000696D706C655F726E6E2F73696D706C6540
:1093B0005F726E6E2F756E737461636B32393B6DC5
:1093C0005F6D63755F6E65745F7072656469637409
:1093D0006F722F676C6F62616C5F73696D706C6523
:1093E0005F726E6E2F73696D706C655F726E6E2F3B
:1093F000756E737461636B33303B6D5F6D63755F66
:109400006E65745F707265646963746F722F676CE8
:109410006F62616C5F73696D706C655F726E6E2FE9
:1094200073696D706C655F726E6E2F756E737461AB
:10943000636B333132350000020000000100000090
:1094400040000000CAFDFEFF000000011400000003
:1094500034000000510000000000000984070000F3
:109460000CFDFEFF080000001400000001000000D9
:1094700080FFFFFFFFFFFFFF000000000100000072
:10948000FA4F083C560700006D5F6D63755F6E65AF
:10949000745F707265646963746F722F676C6F625A
:1094A000616C5F73696D706C655F726E6E2F73694E
:1094B0006D706C655F726E6E2F756E737461636B29
:1094C0003B6D5F6D63755F6E65745F707265646937
:1094D00063746F722F676C6F62616C5F73696D701C
:1094E0006C655F726E6E2F73696D706C655F726E06
:1094F0006E2F756E737461636B313B6D5F6D637559
:109500005F6E65745F707265646963746F722F67F4
:109510006C6F62616C5F73696D706C655F726E6EAB
:109520002F73696D706C655F726E6E2F756E7374DC
:1095300061636B323B6D5F6D63755F6E65745F7009
:109540007265646963746F722F676C6F62616C5FC0
:1095500073696D706C655F726E6E2F73696D706C80
:10956000655F726E6E2F756E737461636B333B6DE6
:109570005F6D63755F6E65745F7072656469637457
:109580006F722F676C6F62616C5F73696D706C6571
:109590005F726E6E2F73696D706C655F726E6E2F89
:1095A000756E737461636B343B6D5F6D63755F6E75
:1095B00065745F707265646963746F722F676C6F36
:1095C00062616C5F73696D706C655F726E6E2F7334
:1095D000696D706C655F726E6E2F756E737461630A
:1095E0006B353B6D5F6D63755F6E65745F70726543
:1095F000646963746F722F676C6F62616C5F73690B
:109600006D706C655F726E6E2F73696D706C655FE7
:10961000726E6E2F756E737461636B363B6D5F6D2A
:1096200063755F6E65745F707265646963746F7291
:109630002F676C6F62616C5F73696D706C655F72D0
:109640006E6E2F73696D706C655F726E6E2F756EC6
:10965000737461636B373B6D5F6D63755F6E6574CB
:109660005F707265646963746F722F676C6F62619B
:109670006C5F73696D706C655F726E6E2F73696D70
:10968000706C655F726E6E2F756E737461636B388C
:109690003B6D5F6D63755F6E65745F707265646965
:1096A00063746F722F676C6F62616C5F73696D704A
:1096B0006C655F726E6E2F73696D706C655F726E34
:1096C0006E2F756E737461636B393B6D5F6D63757F
:1096D0005F6E65745F707265646963746F722F6723
:1096E0006C6F62616C5F73696D706C655F726E6EDA
:1096F0002F73696D706C655F726E6E2F756E73740B
:1097000061636B31303B6D5F6D63755F6E65745F78
:10971000707265646963746F722F676C6F62616CDD
:109720005F73696D706C655F726E6E2F73696D70BB
:109730006C655F726E6E2F756E737461636B313121
:109740003B6D5F6D63755F6E65745F7072656469B4
:1097500063746F722F676C6F62616C5F73696D7099
:109760006C655F726E6E2F73696D706C655F726E83
:109770006E2F756E737461636B31323B6D5F6D6319
:10978000755F6E65745F707265646963746F722F64
:10979000676C6F62616C5F73696D706C655F726E30
:1097A0006E2F73696D706C655F726E6E2F756E7360
:1097B0007461636B31333B6D5F6D63755F6E6574B0
:1097C0005F707265646963746F722F676C6F62613A
:1097D0006C5F73696D706C655F726E6E2F73696D0F
:1097E000706C655F726E6E2F756E737461636B3132
:1097F000343B6D5F6D63755F6E65745F7072656439
:109800006963746F722F676C6F62616C5F73696DEF
:10981000706C655F726E6E2F73696D706C655F72D0
:109820006E6E2F756E737461636B31353B6D5F6D5A
:1098300063755F6E65745F707265646963746F727F
:109840002F676C6F62616C5F73696D706C655F72BE
:109850006E6E2F73696D706C655F726E6E2F756EB4
:10986000737461636B31363B6D5F6D63755F6E65FD
:10987000745F707265646963746F722F676C6F6276
:10988000616C5F73696D706C655F726E6E2F73696A
:109890006D706C655F726E6E2F756E737461636B45
:1098A00031373B6D5F6D63755F6E65745F707265B8
:1098B000646963746F722F676C6F62616C5F736948
:1098C0006D706C655F726E6E2F73696D706C655F25
:1098D000726E6E2F756E737461636B31383B6D5FA2
:1098E0006D63755F6E65745F707265646963746FD4
:1098F000722F676C6F62616C5F73696D706C655F0E
:10990000726E6E2F73696D706C655F726E6E2F75FF
:109910006E737461636B31393B6D5F6D63755F6E40
:1099200065745F707265646963746F722F676C6FC2
:1099300062616C5F73696D706C655F726E6E2F73C0
:10994000696D706C655F726E6E2F756E7374616396
:109950006B32303B6D5F6D63755F6E65745F707207
:1099600065646963746F722F676C6F62616C5F739B
:10997000696D706C655F726E6E2F73696D706C656A
:109980005F726E6E2F756E737461636B32313B6DF7
:109990005F6D63755F6E65745F7072656469637433
:1099A0006F722F676C6F62616C5F73696D706C654D
:1099B0005F726E6E2F73696D706C655F726E6E2F65
:1099C000756E737461636B32323B6D5F6D63755F8F
:1099D0006E65745F707265646963746F722F676C13
:1099E0006F62616C5F73696D706C655F726E6E2F14
:1099F00073696D706C655F726E6E2F756E737461D6
:109A0000636B32333B6D5F6D63755F6E65745F7062
:109A10007265646963746F722F676C6F62616C5FEB
:109A200073696D706C655F726E6E2F73696D706CAB
:109A3000655F726E6E2F756E737461636B32343B4B
:109A40006D5F6D63755F6E65745F70726564696389
:109A5000746F722F676C6F62616C5F73696D706C8D
:109A6000655F726E6E2F73696D706C655F726E6E7E
:109A70002F756E737461636B32353B6D5F6D63750B
:109A80005F6E65745F707265646963746F722F676F
:109A90006C6F62616C5F73696D706C655F726E6E26
:109AA0002F73696D706C655F726E6E2F756E737457
:109AB00061636B32363B6D5F6D63755F6E65745FBE
:109AC000707265646963746F722F676C6F62616C2A
:109AD0005F73696D706C655F726E6E2F73696D7008
:109AE0006C655F726E6E2F756E737461636B323767
:109AF0003B6D5F6D63755F6E65745F707265646901
:109B000063746F722F676C6F62616C5F73696D70E5
:109B10006C655F726E6E2F73696D706C655F726ECF
:109B20006E2F756E737461636B32383B6D5F6D635E
:109B3000755F6E65745F707265646963746F722FB0
:109B4000676C6F62616C5F73696D706C655F726E7C
:109B50006E2F73696D706C655F726E6E2F756E73AC
:109B60007461636B32393B6D5F6D63755F6E6574F5
:109B70005F707265646963746F722F676C6F626186
:109B80006C5F73696D706C655F726E6E2F73696D5B
:109B9000706C655F726E6E2F756E737461636B337C
:109BA000303B6D5F6D63755F6E65745F7072656489
:109BB0006963746F722F676C6F62616C5F73696D3C
:109BC000706C655F726E6E2F73696D706C655F721D
:109BD0006E6E2F756E737461636B333132340000B7
:109BE0000200000001000000400000007205FFFFBD
:109BF00000000001140000003400000050000000CC
:109C00000000000984070000B404FFFF0800000002
:109C1000140000000100000080FFFFFFFFFFFFFFB6
:109C20000000000001000000FA4F083C5607000049
:109C30006D5F6D63755F6E65745F70726564696397
:109C4000746F722F676C6F62616C5F73696D706C9B
:109C5000655F726E6E2F73696D706C655F726E6E8C
:109C60002F756E737461636B3B6D5F6D63755F6EB3
:109C700065745F707265646963746F722F676C6F6F
:109C800062616C5F73696D706C655F726E6E2F736D
:109C9000696D706C655F726E6E2F756E7374616343
:109CA0006B313B6D5F6D63755F6E65745F70726580
:109CB000646963746F722F676C6F62616C5F736944
:109CC0006D706C655F726E6E2F73696D706C655F21
:109CD000726E6E2F756E737461636B323B6D5F6D68
:109CE00063755F6E65745F707265646963746F72CB
:109CF0002F676C6F62616C5F73696D706C655F720A
:109D00006E6E2F73696D706C655F726E6E2F756EFF
:109D1000737461636B333B6D5F6D63755F6E657408
:109D20005F707265646963746F722F676C6F6261D4
:109D30006C5F73696D706C655F726E6E2F73696DA9
:109D4000706C655F726E6E2F756E737461636B34C9
:109D50003B6D5F6D63755F6E65745F70726564699E
:109D600063746F722F676C6F62616C5F73696D7083
:109D70006C655F726E6E2F73696D706C655F726E6D
:109D80006E2F756E737461636B353B6D5F6D6375BC
:109D90005F6E65745F707265646963746F722F675C
:109DA0006C6F62616C5F73696D706C655F726E6E13
:109DB0002F73696D706C655F726E6E2F756E737444
:109DC00061636B363B6D5F6D63755F6E65745F706D
:109DD0007265646963746F722F676C6F62616C5F28
:109DE00073696D706C655F726E6E2F73696D706CE8
:109DF000655F726E6E2F756E737461636B373B6D4A
:109E00005F6D63755F6E65745F70726564696374BE
:109E10006F722F676C6F62616C5F73696D706C65D8
:109E20005F726E6E2F73696D706C655F726E6E2FF0
:109E3000756E737461636B383B6D5F6D63755F6ED8
:109E400065745F707265646963746F722F676C6F9D
:109E500062616C5F73696D706C655F726E6E2F739B
:109E6000696D706C655F726E6E2F756E7374616371
:109E70006B393B6D5F6D63755F6E65745F707265A6
:109E8000646963746F722F676C6F62616C5F736972
:109E90006D706C655F726E6E2F73696D706C655F4F
:109EA000726E6E2F756E737461636B31303B6D5FD4
:109EB0006D63755F6E65745F707265646963746FFE
:109EC000722F676C6F62616C5F73696D706C655F38
:109ED000726E6E2F73696D706C655F726E6E2F752A
:109EE0006E737461636B31313B6D5F6D63755F6E73
:109EF00065745F707265646963746F722F676C6FED
:109F000062616C5F73696D706C655F726E6E2F73EA
:109F1000696D706C655F726E6E2F756E73746163C0
:109F20006B31323B6D5F6D63755F6E65745F707230
:109F300065646963746F722F676C6F62616C5F73C5
:109F4000696D706C655F726E6E2F73696D706C6594
:109F50005F726E6E2F756E737461636B31333B6D20
:109F60005F6D63755F6E65745F707265646963745D
:109F70006F722F676C6F62616C5F73696D706C6577
:109F80005F726E6E2F73696D706C655F726E6E2F8F
:109F9000756E737461636B31343B6D5F6D63755FB8
:109FA0006E65745F707265646963746F722F676C3D
:109FB0006F62616C5F73696D706C655F726E6E2F3E
:109FC00073696D706C655F726E6E2F756E73746100
:109FD000636B31353B6D5F6D63755F6E65745F708C
:109FE0007265646963746F722F676C6F62616C5F16
:109FF00073696D706C655F726E6E2F73696D706CD6
:10A00000655F726E6E2F756E737461636B31363B74
:10A010006D5F6D63755F6E65745F707265646963B3
:10A02000746F722F676C6F62616C5F73696D706CB7
:10A03000655F726E6E2F73696D706C655F726E6EA8
:10A040002F756E737461636B31373B6D5F6D637534
:10A050005F6E65745F707265646963746F722F6799
:10A060006C6F62616C5F73696D706C655F726E6E50
:10A070002F73696D706C655F726E6E2F756E737481
:10A0800061636B31383B6D5F6D63755F6E65745FE7
:10A09000707265646963746F722F676C6F62616C54
:10A0A0005F73696D706C655F726E6E2F73696D7032
:10A0B0006C655F726E6E2F756E737461636B313990
:10A0C0003B6D5F6D63755F6E65745F70726564692B
:10A0D00063746F722F676C6F62616C5F73696D7010
:10A0E0006C655F726E6E2F73696D706C655F726EFA
:10A0F0006E2F756E737461636B32303B6D5F6D6391
:10A10000755F6E65745F707265646963746F722FDA
:10A11000676C6F62616C5F73696D706C655F726EA6
:10A120006E2F73696D706C655F726E6E2F756E73D6
:10A130007461636B32313B6D5F6D63755F6E657427
:10A140005F707265646963746F722F676C6F6261B0
:10A150006C5F73696D706C655F726E6E2F73696D85
:10A16000706C655F726E6E2F756E737461636B32A7
:10A17000323B6D5F6D63755F6E65745F70726564B1
:10A180006963746F722F676C6F62616C5F73696D66
:10A19000706C655F726E6E2F73696D706C655F7247
:10A1A0006E6E2F756E737461636B32333B6D5F6DD2
:10A1B00063755F6E65745F707265646963746F72F6
:10A1C0002F676C6F62616C5F73696D706C655F7235
:10A1D0006E6E2F73696D706C655F726E6E2F756E2B
:10A1E000737461636B32343B6D5F6D63755F6E6575
:10A1F000745F707265646963746F722F676C6F62ED
:10A20000616C5F73696D706C655F726E6E2F7369E0
:10A210006D706C655F726E6E2F756E737461636BBB
:10A2200032353B6D5F6D63755F6E65745F7072652F
:10A23000646963746F722F676C6F62616C5F7369BE
:10A240006D706C655F726E6E2F73696D706C655F9B
:10A25000726E6E2F756E737461636B32363B6D5F19
:10A260006D63755F6E65745F707265646963746F4A
:10A27000722F676C6F62616C5F73696D706C655F84
:10A28000726E6E2F73696D706C655F726E6E2F7576
:10A290006E737461636B32373B6D5F6D63755F6EB8
:10A2A00065745F707265646963746F722F676C6F39
:10A2B00062616C5F73696D706C655F726E6E2F7337
:10A2C000696D706C655F726E6E2F756E737461630D
:10A2D0006B32383B6D5F6D63755F6E65745F707276
:10A2E00065646963746F722F676C6F62616C5F7312
:10A2F000696D706C655F726E6E2F73696D706C65E1
:10A300005F726E6E2F756E737461636B32393B6D65
:10A310005F6D63755F6E65745F70726564696374A9
:10A320006F722F676C6F62616C5F73696D706C65C3
:10A330005F726E6E2F73696D706C655F726E6E2FDB
:10A34000756E737461636B33303B6D5F6D63755F06
:10A350006E65745F707265646963746F722F676C89
:10A360006F62616C5F73696D706C655F726E6E2F8A
:10A3700073696D706C655F726E6E2F756E7374614C
:10A38000636B333132330000020000000100000033
:10A39000400000001A0DFFFF000000011400000043
:10A3A000340000004F000000000000098407000096
:10A3B0005C0CFFFF0800000014000000010000001A
:10A3C00080FFFFFFFFFFFFFF000000000100000013
:10A3D000FA4F083C560700006D5F6D63755F6E6550
:10A3E000745F707265646963746F722F676C6F62FB
:10A3F000616C5F73696D706C655F726E6E2F7369EF
:10A400006D706C655F726E6E2F756E737461636BC9
:10A410003B6D5F6D63755F6E65745F7072656469D7
:10A4200063746F722F676C6F62616C5F73696D70BC
:10A430006C655F726E6E2F73696D706C655F726EA6
:10A440006E2F756E737461636B313B6D5F6D6375F9
:10A450005F6E65745F707265646963746F722F6795
:10A460006C6F62616C5F73696D706C655F726E6E4C
:10A470002F73696D706C655F726E6E2F756E73747D
:10A4800061636B323B6D5F6D63755F6E65745F70AA
:10A490007265646963746F722F676C6F62616C5F61
:10A4A00073696D706C655F726E6E2F73696D706C21
:10A4B000655F726E6E2F756E737461636B333B6D87
:10A4C0005F6D63755F6E65745F70726564696374F8
:10A4D0006F722F676C6F62616C5F73696D706C6512
:10A4E0005F726E6E2F73696D706C655F726E6E2F2A
:10A4F000756E737461636B343B6D5F6D63755F6E16
:10A5000065745F707265646963746F722F676C6FD6
:10A5100062616C5F73696D706C655F726E6E2F73D4
:10A52000696D706C655F726E6E2F756E73746163AA
:10A530006B353B6D5F6D63755F6E65745F707265E3
:10A54000646963746F722F676C6F62616C5F7369AB
:10A550006D706C655F726E6E2F73696D706C655F88
:10A56000726E6E2F756E737461636B363B6D5F6DCB
:10A5700063755F6E65745F707265646963746F7232
:10A580002F676C6F62616C5F73696D706C655F7271
:10A590006E6E2F73696D706C655F726E6E2F756E67
:10A5A000737461636B373B6D5F6D63755F6E65746C
:10A5B0005F707265646963746F722F676C6F62613C
:10A5C0006C5F73696D706C655F726E6E2F73696D11
:10A5D000706C655F726E6E2F756E737461636B382D
:10A5E0003B6D5F6D63755F6E65745F707265646906
:10A5F00063746F722F676C6F62616C5F73696D70EB
:10A600006C655F726E6E2F73696D706C655F726ED4
:10A610006E2F756E737461636B393B6D5F6D63751F
:10A620005F6E65745F707265646963746F722F67C3
:10A630006C6F62616C5F73696D706C655F726E6E7A
:10A640002F73696D706C655F726E6E2F756E7374AB
:10A6500061636B31303B6D5F6D63755F6E65745F19
:10A66000707265646963746F722F676C6F62616C7E
:10A670005F73696D706C655F726E6E2F73696D705C
:10A680006C655F726E6E2F756E737461636B3131C2
:10A690003B6D5F6D63755F6E65745F707265646955
:10A6A00063746F722F676C6F62616C5F73696D703A
:10A6B0006C655F726E6E2F73696D706C655F726E24
:10A6C0006E2F756E737461636B31323B6D5F6D63BA
:10A6D000755F6E65745F707265646963746F722F05
:10A6E000676C6F62616C5F73696D706C655F726ED1
:10A6F0006E2F73696D706C655F726E6E2F756E7301
:10A700007461636B31333B6D5F6D63755F6E657450
:10A710005F707265646963746F722F676C6F6261DA
:10A720006C5F73696D706C655F726E6E2F73696DAF
:10A73000706C655F726E6E2F756E737461636B31D2
:10A74000343B6D5F6D63755F6E65745F70726564D9
:10A750006963746F722F676C6F62616C5F73696D90
:10A76000706C655F726E6E2F73696D706C655F7271
:10A770006E6E2F756E737461636B31353B6D5F6DFB
:10A7800063755F6E65745F707265646963746F7220
:10A790002F676C6F62616C5F73696D706C655F725F
:10A7A0006E6E2F73696D706C655F726E6E2F756E55
:10A7B000737461636B31363B6D5F6D63755F6E659E
:10A7C000745F707265646963746F722F676C6F6217
:10A7D000616C5F73696D706C655F726E6E2F73690B
:10A7E0006D706C655F726E6E2F756E737461636BE6
:10A7F00031373B6D5F6D63755F6E65745F70726559
:10A80000646963746F722F676C6F62616C5F7369E8
:10A810006D706C655F726E6E2F73696D706C655FC5
:10A82000726E6E2F756E737461636B31383B6D5F42
:10A830006D63755F6E65745F707265646963746F74
:10A84000722F676C6F62616C5F73696D706C655FAE
:10A85000726E6E2F73696D706C655F726E6E2F75A0
:10A860006E737461636B31393B6D5F6D63755F6EE1
:10A8700065745F707265646963746F722F676C6F63
:10A8800062616C5F73696D706C655F726E6E2F7361
:10A89000696D706C655F726E6E2F756E7374616337
:10A8A0006B32303B6D5F6D63755F6E65745F7072A8
:10A8B00065646963746F722F676C6F62616C5F733C
:10A8C000696D706C655F726E6E2F73696D706C650B
:10A8D0005F726E6E2F756E737461636B32313B6D98
:10A8E0005F6D63755F6E65745F70726564696374D4
:10A8F0006F722F676C6F62616C5F73696D706C65EE
:10A900005F726E6E2F73696D706C655F726E6E2F05
:10A91000756E737461636B32323B6D5F6D63755F2F
:10A920006E65745F707265646963746F722F676CB3
:10A930006F62616C5F73696D706C655F726E6E2FB4
:10A9400073696D706C655F726E6E2F756E73746176
:10A95000636B32333B6D5F6D63755F6E65745F7003
:10A960007265646963746F722F676C6F62616C5F8C
:10A9700073696D706C655F726E6E2F73696D706C4C
:10A98000655F726E6E2F756E737461636B32343BEC
:10A990006D5F6D63755F6E65745F7072656469632A
:10A9A000746F722F676C6F62616C5F73696D706C2E
:10A9B000655F726E6E2F73696D706C655F726E6E1F
:10A9C0002F756E737461636B32353B6D5F6D6375AC
:10A9D0005F6E65745F707265646963746F722F6710
:10A9E0006C6F62616C5F73696D706C655F726E6EC7
:10A9F0002F73696D706C655F726E6E2F756E7374F8
:10AA000061636B32363B6D5F6D63755F6E65745F5E
:10AA1000707265646963746F722F676C6F62616CCA
:10AA20005F73696D706C655F726E6E2F73696D70A8
:10AA30006C655F726E6E2F756E737461636B323707
:10AA40003B6D5F6D63755F6E65745F7072656469A1
:10AA500063746F722F676C6F62616C5F73696D7086
:10AA60006C655F726E6E2F73696D706C655F726E70
:10AA70006E2F756E737461636B32383B6D5F6D63FF
:10AA8000755F6E65745F707265646963746F722F51
:10AA9000676C6F62616C5F73696D706C655F726E1D
:10AAA0006E2F73696D706C655F726E6E2F756E734D
:10AAB0007461636B32393B6D5F6D63755F6E657496
:10AAC0005F707265646963746F722F676C6F626127
:10AAD0006C5F73696D706C655F726E6E2F73696DFC
:10AAE000706C655F726E6E2F756E737461636B331D
:10AAF000303B6D5F6D63755F6E65745F707265642A
:10AB00006963746F722F676C6F62616C5F73696DDC
:10AB1000706C655F726E6E2F73696D706C655F72BD
:10AB20006E6E2F756E737461636B33313232000059
:10AB3000020000000100000040000000C214FFFFFE
:10AB40000000000114000000340000004E0000006E
:10AB500000000009840700000414FFFF0800000043
:10AB6000140000000100000080FFFFFFFFFFFFFF57
:10AB70000000000001000000FA4F083C56070000EA
:10AB80006D5F6D63755F6E65745F70726564696338
:10AB9000746F722F676C6F62616C5F73696D706C3C
:10ABA000655F726E6E2F73696D706C655F726E6E2D
:10ABB0002F756E737461636B3B6D5F6D63755F6E54
:10ABC00065745F707265646963746F722F676C6F10
:10ABD00062616C5F73696D706C655F726E6E2F730E
:10ABE000696D706C655F726E6E2F756E73746163E4
:10ABF0006B313B6D5F6D63755F6E65745F70726521
:10AC0000646963746F722F676C6F62616C5F7369E4
:10AC10006D706C655F726E6E2F73696D706C655FC1
:10AC2000726E6E2F756E737461636B323B6D5F6D08
:10AC300063755F6E65745F707265646963746F726B
:10AC40002F676C6F62616C5F73696D706C655F72AA
:10AC50006E6E2F73696D706C655F726E6E2F756EA0
:10AC6000737461636B333B6D5F6D63755F6E6574A9
:10AC70005F707265646963746F722F676C6F626175
:10AC80006C5F73696D706C655F726E6E2F73696D4A
:10AC9000706C655F726E6E2F756E737461636B346A
:10ACA0003B6D5F6D63755F6E65745F70726564693F
:10ACB00063746F722F676C6F62616C5F73696D7024
:10ACC0006C655F726E6E2F73696D706C655F726E0E
:10ACD0006E2F756E737461636B353B6D5F6D63755D
:10ACE0005F6E65745F707265646963746F722F67FD
:10ACF0006C6F62616C5F73696D706C655F726E6EB4
:10AD00002F73696D706C655F726E6E2F756E7374E4
:10AD100061636B363B6D5F6D63755F6E65745F700D
:10AD20007265646963746F722F676C6F62616C5FC8
:10AD300073696D706C655F726E6E2F73696D706C88
:10AD4000655F726E6E2F756E737461636B373B6DEA
:10AD50005F6D63755F6E65745F707265646963745F
:10AD60006F722F676C6F62616C5F73696D706C6579
:10AD70005F726E6E2F73696D706C655F726E6E2F91
:10AD8000756E737461636B383B6D5F6D63755F6E79
:10AD900065745F707265646963746F722F676C6F3E
:10ADA00062616C5F73696D706C655F726E6E2F733C
:10ADB000696D706C655F726E6E2F756E7374616312
:10ADC0006B393B6D5F6D63755F6E65745F70726547
:10ADD000646963746F722F676C6F62616C5F736913
:10ADE0006D706C655F726E6E2F73696D706C655FF0
:10ADF000726E6E2F756E737461636B31303B6D5F75
:10AE00006D63755F6E65745F707265646963746F9E
:10AE1000722F676C6F62616C5F73696D706C655FD8
:10AE2000726E6E2F73696D706C655F726E6E2F75CA
:10AE30006E737461636B31313B6D5F6D63755F6E13
:10AE400065745F707265646963746F722F676C6F8D
:10AE500062616C5F73696D706C655F726E6E2F738B
:10AE6000696D706C655F726E6E2F756E7374616361
:10AE70006B31323B6D5F6D63755F6E65745F7072D1
:10AE800065646963746F722F676C6F62616C5F7366
:10AE9000696D706C655F726E6E2F73696D706C6535
:10AEA0005F726E6E2F756E737461636B31333B6DC1
:10AEB0005F6D63755F6E65745F70726564696374FE
:10AEC0006F722F676C6F62616C5F73696D706C6518
:10AED0005F726E6E2F73696D706C655F726E6E2F30
:10AEE000756E737461636B31343B6D5F6D63755F59
:10AEF0006E65745F707265646963746F722F676CDE
:10AF00006F62616C5F73696D706C655F726E6E2FDE
:10AF100073696D706C655F726E6E2F756E737461A0
:10AF2000636B31353B6D5F6D63755F6E65745F702C
:10AF30007265646963746F722F676C6F62616C5FB6
:10AF400073696D706C655F726E6E2F73696D706C76
:10AF5000655F726E6E2F756E737461636B31363B15
:10AF60006D5F6D63755F6E65745F70726564696354
:10AF7000746F722F676C6F62616C5F73696D706C58
:10AF8000655F726E6E2F73696D706C655F726E6E49
:10AF90002F756E737461636B31373B6D5F6D6375D5
:10AFA0005F6E65745F707265646963746F722F673A
:10AFB0006C6F62616C5F73696D706C655F726E6EF1
:10AFC0002F73696D706C655F726E6E2F756E737422
:10AFD00061636B31383B6D5F6D63755F6E65745F88
:10AFE000707265646963746F722F676C6F62616CF5
:10AFF0005F73696D706C655F726E6E2F73696D70D3
:10B000006C655F726E6E2F756E737461636B313930
:10B010003B6D5F6D63755F6E65745F7072656469CB
:10B0200063746F722F676C6F62616C5F73696D70B0
:10B030006C655F726E6E2F73696D706C655F726E9A
:10B040006E2F756E737461636B32303B6D5F6D6331
:10B05000755F6E65745F707265646963746F722F7B
:10B06000676C6F62616C5F73696D706C655F726E47
:10B070006E2F73696D706C655F726E6E2F756E7377
:10B080007461636B32313B6D5F6D63755F6E6574C8
:10B090005F707265646963746F722F676C6F626151
:10B0A0006C5F73696D706C655F726E6E2F73696D26
:10B0B000706C655F726E6E2F756E737461636B3248
:10B0C000323B6D5F6D63755F6E65745F7072656452
:10B0D0006963746F722F676C6F62616C5F73696D07
:10B0E000706C655F726E6E2F73696D706C655F72E8
:10B0F0006E6E2F756E737461636B32333B6D5F6D73
:10B1000063755F6E65745F707265646963746F7296
:10B110002F676C6F62616C5F73696D706C655F72D5
:10B120006E6E2F73696D706C655F726E6E2F756ECB
:10B13000737461636B32343B6D5F6D63755F6E6515
:10B14000745F707265646963746F722F676C6F628D
:10B15000616C5F73696D706C655F726E6E2F736981
:10B160006D706C655F726E6E2F756E737461636B5C
:10B1700032353B6D5F6D63755F6E65745F707265D0
:10B18000646963746F722F676C6F62616C5F73695F
:10B190006D706C655F726E6E2F73696D706C655F3C
:10B1A000726E6E2F756E737461636B32363B6D5FBA
:10B1B0006D63755F6E65745F707265646963746FEB
:10B1C000722F676C6F62616C5F73696D706C655F25
:10B1D000726E6E2F73696D706C655F726E6E2F7517
:10B1E0006E737461636B32373B6D5F6D63755F6E59
:10B1F00065745F707265646963746F722F676C6FDA
:10B2000062616C5F73696D706C655F726E6E2F73D7
:10B21000696D706C655F726E6E2F756E73746163AD
:10B220006B32383B6D5F6D63755F6E65745F707216
:10B2300065646963746F722F676C6F62616C5F73B2
:10B24000696D706C655F726E6E2F73696D706C6581
:10B250005F726E6E2F756E737461636B32393B6D06
:10B260005F6D63755F6E65745F707265646963744A
:10B270006F722F676C6F62616C5F73696D706C6564
:10B280005F726E6E2F73696D706C655F726E6E2F7C
:10B29000756E737461636B33303B6D5F6D63755FA7
:10B2A0006E65745F707265646963746F722F676C2A
:10B2B0006F62616C5F73696D706C655F726E6E2F2B
:10B2C00073696D706C655F726E6E2F756E737461ED
:10B2D000636B3331323100000200000001000000D6
:10B2E000400000006A1CFFFF000000011400000085
:10B2F000340000004D000000000000098407000039
:10B30000AC1BFFFF0800000014000000010000005B
:10B3100080FFFFFFFFFFFFFF0000000001000000B3
:10B32000FA4F083C560700006D5F6D63755F6E65F0
:10B33000745F707265646963746F722F676C6F629B
:10B34000616C5F73696D706C655F726E6E2F73698F
:10B350006D706C655F726E6E2F756E737461636B6A
:10B360003B6D5F6D63755F6E65745F707265646978
:10B3700063746F722F676C6F62616C5F73696D705D
:10B380006C655F726E6E2F73696D706C655F726E47
:10B390006E2F756E737461636B313B6D5F6D63759A
:10B3A0005F6E65745F707265646963746F722F6736
:10B3B0006C6F62616C5F73696D706C655F726E6EED
:10B3C0002F73696D706C655F726E6E2F756E73741E
:10B3D00061636B323B6D5F6D63755F6E65745F704B
:10B3E0007265646963746F722F676C6F62616C5F02
:10B3F00073696D706C655F726E6E2F73696D706CC2
:10B40000655F726E6E2F756E737461636B333B6D27
:10B410005F6D63755F6E65745F7072656469637498
:10B420006F722F676C6F62616C5F73696D706C65B2
:10B430005F726E6E2F73696D706C655F726E6E2FCA
:10B44000756E737461636B343B6D5F6D63755F6EB6
:10B4500065745F707265646963746F722F676C6F77
:10B4600062616C5F73696D706C655F726E6E2F7375
:10B47000696D706C655F726E6E2F756E737461634B
:10B480006B353B6D5F6D63755F6E65745F70726584
:10B49000646963746F722F676C6F62616C5F73694C
:10B4A0006D706C655F726E6E2F73696D706C655F29
:10B4B000726E6E2F756E737461636B363B6D5F6D6C
:10B4C00063755F6E65745F707265646963746F72D3
:10B4D0002F676C6F62616C5F73696D706C655F7212
:10B4E0006E6E2F73696D706C655F726E6E2F756E08
:10B4F000737461636B373B6D5F6D63755F6E65740D
:10B500005F707265646963746F722F676C6F6261DC
:10B510006C5F73696D706C655F726E6E2F73696DB1
:10B52000706C655F726E6E2F756E737461636B38CD
:10B530003B6D5F6D63755F6E65745F7072656469A6
:10B5400063746F722F676C6F62616C5F73696D708B
:10B550006C655F726E6E2F73696D706C655F726E75
:10B560006E2F756E737461636B393B6D5F6D6375C0
:10B570005F6E65745F707265646963746F722F6764
:10B580006C6F62616C5F73696D706C655F726E6E1B
:10B590002F73696D706C655F726E6E2F756E73744C
:10B5A00061636B31303B6D5F6D63755F6E65745FBA
:10B5B000707265646963746F722F676C6F62616C1F
:10B5C0005F73696D706C655F726E6E2F73696D70FD
:10B5D0006C655F726E6E2F756E737461636B313163
:10B5E0003B6D5F6D63755F6E65745F7072656469F6
:10B5F00063746F722F676C6F62616C5F73696D70DB
:10B600006C655F726E6E2F73696D706C655F726EC4
:10B610006E2F756E737461636B31323B6D5F6D635A
:10B62000755F6E65745F707265646963746F722FA5
:10B63000676C6F62616C5F73696D706C655F726E71
:10B640006E2F73696D706C655F726E6E2F756E73A1
:10B650007461636B31333B6D5F6D63755F6E6574F1
:10B660005F707265646963746F722F676C6F62617B
:10B670006C5F73696D706C655F726E6E2F73696D50
:10B68000706C655F726E6E2F756E737461636B3173
:10B69000343B6D5F6D63755F6E65745F707265647A
:10B6A0006963746F722F676C6F62616C5F73696D31
:10B6B000706C655F726E6E2F73696D706C655F7212
:10B6C0006E6E2F756E737461636B31353B6D5F6D9C
:10B6D00063755F6E65745F707265646963746F72C1
:10B6E0002F676C6F62616C5F73696D706C655F7200
:10B6F0006E6E2F73696D706C655F726E6E2F756EF6
:10B70000737461636B31363B6D5F6D63755F6E653E
:10B71000745F707265646963746F722F676C6F62B7
:10B72000616C5F73696D706C655F726E6E2F7369AB
:10B730006D706C655F726E6E2F756E737461636B86
:10B7400031373B6D5F6D63755F6E65745F707265F9
:10B75000646963746F722F676C6F62616C5F736989
:10B760006D706C655F726E6E2F73696D706C655F66
:10B77000726E6E2F756E737461636B31383B6D5FE3
:10B780006D63755F6E65745F707265646963746F15
:10B79000722F676C6F62616C5F73696D706C655F4F
:10B7A000726E6E2F73696D706C655F726E6E2F7541
:10B7B0006E737461636B31393B6D5F6D63755F6E82
:10B7C00065745F707265646963746F722F676C6F04
:10B7D00062616C5F73696D706C655F726E6E2F7302
:10B7E000696D706C655F726E6E2F756E73746163D8
:10B7F0006B32303B6D5F6D63755F6E65745F707249
:10B8000065646963746F722F676C6F62616C5F73DC
:10B81000696D706C655F726E6E2F73696D706C65AB
:10B820005F726E6E2F756E737461636B32313B6D38
:10B830005F6D63755F6E65745F7072656469637474
:10B840006F722F676C6F62616C5F73696D706C658E
:10B850005F726E6E2F73696D706C655F726E6E2FA6
:10B86000756E737461636B32323B6D5F6D63755FD0
:10B870006E65745F707265646963746F722F676C54
:10B880006F62616C5F73696D706C655F726E6E2F55
:10B8900073696D706C655F726E6E2F756E73746117
:10B8A000636B32333B6D5F6D63755F6E65745F70A4
:10B8B0007265646963746F722F676C6F62616C5F2D
:10B8C00073696D706C655F726E6E2F73696D706CED
:10B8D000655F726E6E2F756E737461636B32343B8D
:10B8E0006D5F6D63755F6E65745F707265646963CB
:10B8F000746F722F676C6F62616C5F73696D706CCF
:10B90000655F726E6E2F73696D706C655F726E6EBF
:10B910002F756E737461636B32353B6D5F6D63754C
:10B920005F6E65745F707265646963746F722F67B0
:10B930006C6F62616C5F73696D706C655F726E6E67
:10B940002F73696D706C655F726E6E2F756E737498
:10B9500061636B32363B6D5F6D63755F6E65745FFF
:10B96000707265646963746F722F676C6F62616C6B
:10B970005F73696D706C655F726E6E2F73696D7049
:10B980006C655F726E6E2F756E737461636B3237A8
:10B990003B6D5F6D63755F6E65745F707265646942
:10B9A00063746F722F676C6F62616C5F73696D7027
:10B9B0006C655F726E6E2F73696D706C655F726E11
:10B9C0006E2F756E737461636B32383B6D5F6D63A0
:10B9D000755F6E65745F707265646963746F722FF2
:10B9E000676C6F62616C5F73696D706C655F726EBE
:10B9F0006E2F73696D706C655F726E6E2F756E73EE
:10BA00007461636B32393B6D5F6D63755F6E657436
:10BA10005F707265646963746F722F676C6F6261C7
:10BA20006C5F73696D706C655F726E6E2F73696D9C
:10BA3000706C655F726E6E2F756E737461636B33BD
:10BA4000303B6D5F6D63755F6E65745F70726564CA
:10BA50006963746F722F676C6F62616C5F73696D7D
:10BA6000706C655F726E6E2F73696D706C655F725E
:10BA70006E6E2F756E737461636B333132300000FC
:10BA80000200000001000000400000001224FFFF3F
:10BA90000000000114000000340000004C00000011
:10BAA00000000009840700005423FFFF0800000085
:10BAB000140000000100000080FFFFFFFFFFFFFFF8
:10BAC0000000000001000000FA4F083C560700008B
:10BAD0006D5F6D63755F6E65745F707265646963D9
:10BAE000746F722F676C6F62616C5F73696D706CDD
:10BAF000655F726E6E2F73696D706C655F726E6ECE
:10BB00002F756E737461636B3B6D5F6D63755F6EF4
:10BB100065745F707265646963746F722F676C6FB0
:10BB200062616C5F73696D706C655F726E6E2F73AE
:10BB3000696D706C655F726E6E2F756E7374616384
:10BB40006B313B6D5F6D63755F6E65745F707265C1
:10BB5000646963746F722F676C6F62616C5F736985
:10BB60006D706C655F726E6E2F73696D706C655F62
:10BB7000726E6E2F756E737461636B323B6D5F6DA9
:10BB800063755F6E65745F707265646963746F720C
:10BB90002F676C6F62616C5F73696D706C655F724B
:10BBA0006E6E2F73696D706C655F726E6E2F756E41
:10BBB000737461636B333B6D5F6D63755F6E65744A
:10BBC0005F707265646963746F722F676C6F626116
:10BBD0006C5F73696D706C655F726E6E2F73696DEB
:10BBE000706C655F726E6E2F756E737461636B340B
:10BBF0003B6D5F6D63755F6E65745F7072656469E0
:10BC000063746F722F676C6F62616C5F73696D70C4
:10BC10006C655F726E6E2F73696D706C655F726EAE
:10BC20006E2F756E737461636B353B6D5F6D6375FD
:10BC30005F6E65745F707265646963746F722F679D
:10BC40006C6F62616C5F73696D706C655F726E6E54
:10BC50002F73696D706C655F726E6E2F756E737485
:10BC600061636B363B6D5F6D63755F6E65745F70AE
:10BC70007265646963746F722F676C6F62616C5F69
:10BC800073696D706C655F726E6E2F73696D706C29
:10BC9000655F726E6E2F756E737461636B373B6D8B
:10BCA0005F6D63755F6E65745F7072656469637400
:10BCB0006F722F676C6F62616C5F73696D706C651A
:10BCC0005F726E6E2F73696D706C655F726E6E2F32
:10BCD000756E737461636B383B6D5F6D63755F6E1A
:10BCE00065745F707265646963746F722F676C6FDF
:10BCF00062616C5F73696D706C655F726E6E2F73DD
:10BD0000696D706C655F726E6E2F756E73746163B2
:10BD10006B393B6D5F6D63755F6E65745F707265E7
:10BD2000646963746F722F676C6F62616C5F7369B3
:10BD30006D706C655F726E6E2F73696D706C655F90
:10BD4000726E6E2F756E737461636B31303B6D5F15
:10BD50006D63755F6E65745F707265646963746F3F
:10BD6000722F676C6F62616C5F73696D706C655F79
:10BD7000726E6E2F73696D706C655F726E6E2F756B
:10BD80006E737461636B31313B6D5F6D63755F6EB4
:10BD900065745F707265646963746F722F676C6F2E
:10BDA00062616C5F73696D706C655F726E6E2F732C
:10BDB000696D706C655F726E6E2F756E7374616302
:10BDC0006B31323B6D5F6D63755F6E65745F707272
:10BDD00065646963746F722F676C6F62616C5F7307
:10BDE000696D706C655F726E6E2F73696D706C65D6
:10BDF0005F726E6E2F756E737461636B31333B6D62
:10BE00005F6D63755F6E65745F707265646963749E
:10BE10006F722F676C6F62616C5F73696D706C65B8
:10BE20005F726E6E2F73696D706C655F726E6E2FD0
:10BE3000756E737461636B31343B6D5F6D63755FF9
:10BE40006E65745F707265646963746F722F676C7E
:10BE50006F62616C5F73696D706C655F726E6E2F7F
:10BE600073696D706C655F726E6E2F756E73746141
:10BE7000636B31353B6D5F6D63755F6E65745F70CD
:10BE80007265646963746F722F676C6F62616C5F57
:10BE900073696D706C655F726E6E2F73696D706C17
:10BEA000655F726E6E2F756E737461636B31363BB6
:10BEB0006D5F6D63755F6E65745F707265646963F5
:10BEC000746F722F676C6F62616C5F73696D706CF9
:10BED000655F726E6E2F73696D706C655F726E6EEA
:10BEE0002F756E737461636B31373B6D5F6D637576
:10BEF0005F6E65745F707265646963746F722F67DB
:10BF00006C6F62616C5F73696D706C655F726E6E91
:10BF10002F73696D706C655F726E6E2F756E7374C2
:10BF200061636B31383B6D5F6D63755F6E65745F28
:10BF3000707265646963746F722F676C6F62616C95
:10BF40005F73696D706C655F726E6E2F73696D7073
:10BF50006C655F726E6E2F756E737461636B3139D1
:10BF60003B6D5F6D63755F6E65745F70726564696C
:10BF700063746F722F676C6F62616C5F73696D7051
:10BF80006C655F726E6E2F73696D706C655F726E3B
:10BF90006E2F756E737461636B32303B6D5F6D63D2
:10BFA000755F6E65745F707265646963746F722F1C
:10BFB000676C6F62616C5F73696D706C655F726EE8
:10BFC0006E2F73696D706C655F726E6E2F756E7318
:10BFD0007461636B32313B6D5F6D63755F6E657469
:10BFE0005F707265646963746F722F676C6F6261F2
:10BFF0006C5F73696D706C655F726E6E2F73696DC7
:10C00000706C655F726E6E2F756E737461636B32E8
:10C01000323B6D5F6D63755F6E65745F70726564F2
:10C020006963746F722F676C6F62616C5F73696DA7
:10C03000706C655F726E6E2F73696D706C655F7288
:10C040006E6E2F756E737461636B32333B6D5F6D13
:10C0500063755F6E65745F707265646963746F7237
:10C060002F676C6F62616C5F73696D706C655F7276
:10C070006E6E2F73696D706C655F726E6E2F756E6C
:10C08000737461636B32343B6D5F6D63755F6E65B6
:10C09000745F707265646963746F722F676C6F622E
:10C0A000616C5F73696D706C655F726E6E2F736922
:10C0B0006D706C655F726E6E2F756E737461636BFD
:10C0C00032353B6D5F6D63755F6E65745F70726571
:10C0D000646963746F722F676C6F62616C5F736900
:10C0E0006D706C655F726E6E2F73696D706C655FDD
:10C0F000726E6E2F756E737461636B32363B6D5F5B
:10C100006D63755F6E65745F707265646963746F8B
:10C11000722F676C6F62616C5F73696D706C655FC5
:10C12000726E6E2F73696D706C655F726E6E2F75B7
:10C130006E737461636B32373B6D5F6D63755F6EF9
:10C1400065745F707265646963746F722F676C6F7A
:10C1500062616C5F73696D706C655F726E6E2F7378
:10C16000696D706C655F726E6E2F756E737461634E
:10C170006B32383B6D5F6D63755F6E65745F7072B7
:10C1800065646963746F722F676C6F62616C5F7353
:10C19000696D706C655F726E6E2F73696D706C6522
:10C1A0005F726E6E2F756E737461636B32393B6DA7
:10C1B0005F6D63755F6E65745F70726564696374EB
:10C1C0006F722F676C6F62616C5F73696D706C6505
:10C1D0005F726E6E2F73696D706C655F726E6E2F1D
:10C1E000756E737461636B33303B6D5F6D63755F48
:10C1F0006E65745F707265646963746F722F676CCB
:10C200006F62616C5F73696D706C655F726E6E2FCB
:10C2100073696D706C655F726E6E2F756E7374618D
:10C22000636B33313139000002000000010000006F
:10C2300040000000BA2BFFFF0000000114000000C6
:10C24000340000004B0000000000000984070000DB
:10C25000FC2AFFFF0800000014000000010000009D
:10C2600080FFFFFFFFFFFFFF000000000100000054
:10C27000FA4F083C560700006D5F6D63755F6E6591
:10C28000745F707265646963746F722F676C6F623C
:10C29000616C5F73696D706C655F726E6E2F736930
:10C2A0006D706C655F726E6E2F756E737461636B0B
:10C2B0003B6D5F6D63755F6E65745F707265646919
:10C2C00063746F722F676C6F62616C5F73696D70FE
:10C2D0006C655F726E6E2F73696D706C655F726EE8
:10C2E0006E2F756E737461636B313B6D5F6D63753B
:10C2F0005F6E65745F707265646963746F722F67D7
:10C300006C6F62616C5F73696D706C655F726E6E8D
:10C310002F73696D706C655F726E6E2F756E7374BE
:10C3200061636B323B6D5F6D63755F6E65745F70EB
:10C330007265646963746F722F676C6F62616C5FA2
:10C3400073696D706C655F726E6E2F73696D706C62
:10C35000655F726E6E2F756E737461636B333B6DC8
:10C360005F6D63755F6E65745F7072656469637439
:10C370006F722F676C6F62616C5F73696D706C6553
:10C380005F726E6E2F73696D706C655F726E6E2F6B
:10C39000756E737461636B343B6D5F6D63755F6E57
:10C3A00065745F707265646963746F722F676C6F18
:10C3B00062616C5F73696D706C655F726E6E2F7316
:10C3C000696D706C655F726E6E2F756E73746163EC
:10C3D0006B353B6D5F6D63755F6E65745F70726525
:10C3E000646963746F722F676C6F62616C5F7369ED
:10C3F0006D706C655F726E6E2F73696D706C655FCA
:10C40000726E6E2F756E737461636B363B6D5F6D0C
:10C4100063755F6E65745F707265646963746F7273
:10C420002F676C6F62616C5F73696D706C655F72B2
:10C430006E6E2F73696D706C655F726E6E2F756EA8
:10C44000737461636B373B6D5F6D63755F6E6574AD
:10C450005F707265646963746F722F676C6F62617D
:10C460006C5F73696D706C655F726E6E2F73696D52
:10C47000706C655F726E6E2F756E737461636B386E
:10C480003B6D5F6D63755F6E65745F707265646947
:10C4900063746F722F676C6F62616C5F73696D702C
:10C4A0006C655F726E6E2F73696D706C655F726E16
:10C4B0006E2F756E737461636B393B6D5F6D637561
:10C4C0005F6E65745F707265646963746F722F6705
:10C4D0006C6F62616C5F73696D706C655F726E6EBC
:10C4E0002F73696D706C655F726E6E2F756E7374ED
:10C4F00061636B31303B6D5F6D63755F6E65745F5B
:10C50000707265646963746F722F676C6F62616CBF
:10C510005F73696D706C655F726E6E2F73696D709D
:10C520006C655F726E6E2F756E737461636B313103
:10C530003B6D5F6D63755F6E65745F707265646996
:10C5400063746F722F676C6F62616C5F73696D707B
:10C550006C655F726E6E2F73696D706C655F726E65
:10C560006E2F756E737461636B31323B6D5F6D63FB
:10C57000755F6E65745F707265646963746F722F46
:10C58000676C6F62616C5F73696D706C655F726E12
:10C590006E2F73696D706C655F726E6E2F756E7342
:10C5A0007461636B31333B6D5F6D63755F6E657492
:10C5B0005F707265646963746F722F676C6F62611C
:10C5C0006C5F73696D706C655F726E6E2F73696DF1
:10C5D000706C655F726E6E2F756E737461636B3114
:10C5E000343B6D5F6D63755F6E65745F707265641B
:10C5F0006963746F722F676C6F62616C5F73696DD2
:10C60000706C655F726E6E2F73696D706C655F72B2
:10C610006E6E2F756E737461636B31353B6D5F6D3C
:10C6200063755F6E65745F707265646963746F7261
:10C630002F676C6F62616C5F73696D706C655F72A0
:10C640006E6E2F73696D706C655F726E6E2F756E96
:10C65000737461636B31363B6D5F6D63755F6E65DF
:10C66000745F707265646963746F722F676C6F6258
:10C67000616C5F73696D706C655F726E6E2F73694C
:10C680006D706C655F726E6E2F756E737461636B27
:10C6900031373B6D5F6D63755F6E65745F7072659A
:10C6A000646963746F722F676C6F62616C5F73692A
:10C6B0006D706C655F726E6E2F73696D706C655F07
:10C6C000726E6E2F756E737461636B31383B6D5F84
:10C6D0006D63755F6E65745F707265646963746FB6
:10C6E000722F676C6F62616C5F73696D706C655FF0
:10C6F000726E6E2F73696D706C655F726E6E2F75E2
:10C700006E737461636B31393B6D5F6D63755F6E22
:10C7100065745F707265646963746F722F676C6FA4
:10C7200062616C5F73696D706C655F726E6E2F73A2
:10C73000696D706C655F726E6E2F756E7374616378
:10C740006B32303B6D5F6D63755F6E65745F7072E9
:10C7500065646963746F722F676C6F62616C5F737D
:10C76000696D706C655F726E6E2F73696D706C654C
:10C770005F726E6E2F756E737461636B32313B6DD9
:10C780005F6D63755F6E65745F7072656469637415
:10C790006F722F676C6F62616C5F73696D706C652F
:10C7A0005F726E6E2F73696D706C655F726E6E2F47
:10C7B000756E737461636B32323B6D5F6D63755F71
:10C7C0006E65745F707265646963746F722F676CF5
:10C7D0006F62616C5F73696D706C655F726E6E2FF6
:10C7E00073696D706C655F726E6E2F756E737461B8
:10C7F000636B32333B6D5F6D63755F6E65745F7045
:10C800007265646963746F722F676C6F62616C5FCD
:10C8100073696D706C655F726E6E2F73696D706C8D
:10C82000655F726E6E2F756E737461636B32343B2D
:10C830006D5F6D63755F6E65745F7072656469636B
:10C84000746F722F676C6F62616C5F73696D706C6F
:10C85000655F726E6E2F73696D706C655F726E6E60
:10C860002F756E737461636B32353B6D5F6D6375ED
:10C870005F6E65745F707265646963746F722F6751
:10C880006C6F62616C5F73696D706C655F726E6E08
:10C890002F73696D706C655F726E6E2F756E737439
:10C8A00061636B32363B6D5F6D63755F6E65745FA0
:10C8B000707265646963746F722F676C6F62616C0C
:10C8C0005F73696D706C655F726E6E2F73696D70EA
:10C8D0006C655F726E6E2F756E737461636B323749
:10C8E0003B6D5F6D63755F6E65745F7072656469E3
:10C8F00063746F722F676C6F62616C5F73696D70C8
:10C900006C655F726E6E2F73696D706C655F726EB1
:10C910006E2F756E737461636B32383B6D5F6D6340
:10C92000755F6E65745F707265646963746F722F92
:10C93000676C6F62616C5F73696D706C655F726E5E
:10C940006E2F73696D706C655F726E6E2F756E738E
:10C950007461636B32393B6D5F6D63755F6E6574D7
:10C960005F707265646963746F722F676C6F626168
:10C970006C5F73696D706C655F726E6E2F73696D3D
:10C98000706C655F726E6E2F756E737461636B335E
:10C99000303B6D5F6D63755F6E65745F707265646B
:10C9A0006963746F722F676C6F62616C5F73696D1E
:10C9B000706C655F726E6E2F73696D706C655F72FF
:10C9C0006E6E2F756E737461636B33313138000096
:10C9D0000200000001000000400000006233FFFF81
:10C9E0000000000114000000340000004A000000B4
:10C9F0000000000984070000A432FFFF08000000C7
:10CA0000140000000100000080FFFFFFFFFFFFFF98
:10CA10000000000001000000FA4F083C560700002B
:10CA20006D5F6D63755F6E65745F70726564696379
:10CA3000746F722F676C6F62616C5F73696D706C7D
:10CA4000655F726E6E2F73696D706C655F726E6E6E
:10CA50002F756E737461636B3B6D5F6D63755F6E95
:10CA600065745F707265646963746F722F676C6F51
:10CA700062616C5F73696D706C655F726E6E2F734F
:10CA8000696D706C655F726E6E2F756E7374616325
:10CA90006B313B6D5F6D63755F6E65745F70726562
:10CAA000646963746F722F676C6F62616C5F736926
:10CAB0006D706C655F726E6E2F73696D706C655F03
:10CAC000726E6E2F756E737461636B323B6D5F6D4A
:10CAD00063755F6E65745F707265646963746F72AD
:10CAE0002F676C6F62616C5F73696D706C655F72EC
:10CAF0006E6E2F73696D706C655F726E6E2F756EE2
:10CB0000737461636B333B6D5F6D63755F6E6574EA
:10CB10005F707265646963746F722F676C6F6261B6
:10CB20006C5F73696D706C655F726E6E2F73696D8B
:10CB3000706C655F726E6E2F756E737461636B34AB
:10CB40003B6D5F6D63755F6E65745F707265646980
:10CB500063746F722F676C6F62616C5F73696D7065
:10CB60006C655F726E6E2F73696D706C655F726E4F
:10CB70006E2F756E737461636B353B6D5F6D63759E
:10CB80005F6E65745F707265646963746F722F673E
:10CB90006C6F62616C5F73696D706C655F726E6EF5
:10CBA0002F73696D706C655F726E6E2F756E737426
:10CBB00061636B363B6D5F6D63755F6E65745F704F
:10CBC0007265646963746F722F676C6F62616C5F0A
:10CBD00073696D706C655F726E6E2F73696D706CCA
:10CBE000655F726E6E2F756E737461636B373B6D2C
:10CBF0005F6D63755F6E65745F70726564696374A1
:10CC00006F722F676C6F62616C5F73696D706C65BA
:10CC10005F726E6E2F73696D706C655F726E6E2FD2
:10CC2000756E737461636B383B6D5F6D63755F6EBA
:10CC300065745F707265646963746F722F676C6F7F
:10CC400062616C5F73696D706C655F726E6E2F737D
:10CC5000696D706C655F726E6E2F756E7374616353
:10CC60006B393B6D5F6D63755F6E65745F70726588
:10CC7000646963746F722F676C6F62616C5F736954
:10CC80006D706C655F726E6E2F73696D706C655F31
:10CC9000726E6E2F756E737461636B31303B6D5FB6
:10CCA0006D63755F6E65745F707265646963746FE0
:10CCB000722F676C6F62616C5F73696D706C655F1A
:10CCC000726E6E2F73696D706C655F726E6E2F750C
:10CCD0006E737461636B31313B6D5F6D63755F6E55
:10CCE00065745F707265646963746F722F676C6FCF
:10CCF00062616C5F73696D706C655F726E6E2F73CD
:10CD0000696D706C655F726E6E2F756E73746163A2
:10CD10006B31323B6D5F6D63755F6E65745F707212
:10CD200065646963746F722F676C6F62616C5F73A7
:10CD3000696D706C655F726E6E2F73696D706C6576
:10CD40005F726E6E2F756E737461636B31333B6D02
:10CD50005F6D63755F6E65745F707265646963743F
:10CD60006F722F676C6F62616C5F73696D706C6559
:10CD70005F726E6E2F73696D706C655F726E6E2F71
:10CD8000756E737461636B31343B6D5F6D63755F9A
:10CD90006E65745F707265646963746F722F676C1F
:10CDA0006F62616C5F73696D706C655F726E6E2F20
:10CDB00073696D706C655F726E6E2F756E737461E2
:10CDC000636B31353B6D5F6D63755F6E65745F706E
:10CDD0007265646963746F722F676C6F62616C5FF8
:10CDE00073696D706C655F726E6E2F73696D706CB8
:10CDF000655F726E6E2F756E737461636B31363B57
:10CE00006D5F6D63755F6E65745F70726564696395
:10CE1000746F722F676C6F62616C5F73696D706C99
:10CE2000655F726E6E2F73696D706C655F726E6E8A
:10CE30002F756E737461636B31373B6D5F6D637516
:10CE40005F6E65745F707265646963746F722F677B
:10CE50006C6F62616C5F73696D706C655F726E6E32
:10CE60002F73696D706C655F726E6E2F756E737463
:10CE700061636B31383B6D5F6D63755F6E65745FC9
:10CE8000707265646963746F722F676C6F62616C36
:10CE90005F73696D706C655F726E6E2F73696D7014
:10CEA0006C655F726E6E2F756E737461636B313972
:10CEB0003B6D5F6D63755F6E65745F70726564690D
:10CEC00063746F722F676C6F62616C5F73696D70F2
:10CED0006C655F726E6E2F73696D706C655F726EDC
:10CEE0006E2F756E737461636B32303B6D5F6D6373
:10CEF000755F6E65745F707265646963746F722FBD
:10CF0000676C6F62616C5F73696D706C655F726E88
:10CF10006E2F73696D706C655F726E6E2F756E73B8
:10CF20007461636B32313B6D5F6D63755F6E657409
:10CF30005F707265646963746F722F676C6F626192
:10CF40006C5F73696D706C655F726E6E2F73696D67
:10CF5000706C655F726E6E2F756E737461636B3289
:10CF6000323B6D5F6D63755F6E65745F7072656493
:10CF70006963746F722F676C6F62616C5F73696D48
:10CF8000706C655F726E6E2F73696D706C655F7229
:10CF90006E6E2F756E737461636B32333B6D5F6DB4
:10CFA00063755F6E65745F707265646963746F72D8
:10CFB0002F676C6F62616C5F73696D706C655F7217
:10CFC0006E6E2F73696D706C655F726E6E2F756E0D
:10CFD000737461636B32343B6D5F6D63755F6E6557
:10CFE000745F707265646963746F722F676C6F62CF
:10CFF000616C5F73696D706C655F726E6E2F7369C3
:10D000006D706C655F726E6E2F756E737461636B9D
:10D0100032353B6D5F6D63755F6E65745F70726511
:10D02000646963746F722F676C6F62616C5F7369A0
:10D030006D706C655F726E6E2F73696D706C655F7D
:10D04000726E6E2F756E737461636B32363B6D5FFB
:10D050006D63755F6E65745F707265646963746F2C
:10D06000722F676C6F62616C5F73696D706C655F66
:10D07000726E6E2F73696D706C655F726E6E2F7558
:10D080006E737461636B32373B6D5F6D63755F6E9A
:10D0900065745F707265646963746F722F676C6F1B
:10D0A00062616C5F73696D706C655F726E6E2F7319
:10D0B000696D706C655F726E6E2F756E73746163EF
:10D0C0006B32383B6D5F6D63755F6E65745F707258
:10D0D00065646963746F722F676C6F62616C5F73F4
:10D0E000696D706C655F726E6E2F73696D706C65C3
:10D0F0005F726E6E2F756E737461636B32393B6D48
:10D100005F6D63755F6E65745F707265646963748B
:10D110006F722F676C6F62616C5F73696D706C65A5
:10D120005F726E6E2F73696D706C655F726E6E2FBD
:10D13000756E737461636B33303B6D5F6D63755FE8
:10D140006E65745F707265646963746F722F676C6B
:10D150006F62616C5F73696D706C655F726E6E2F6C
:10D1600073696D706C655F726E6E2F756E7374612E
:10D17000636B333131370000020000000100000012
:10D18000400000000A3BFFFF000000011400000007
:10D19000340000004900000000000009840700007E
:10D1A0004C3AFFFF080000001400000001000000DE
:10D1B00080FFFFFFFFFFFFFF0000000001000000F5
:10D1C000FA4F083C560700006D5F6D63755F6E6532
:10D1D000745F707265646963746F722F676C6F62DD
:10D1E000616C5F73696D706C655F726E6E2F7369D1
:10D1F0006D706C655F726E6E2F756E737461636BAC
:10D200003B6D5F6D63755F6E65745F7072656469B9
:10D2100063746F722F676C6F62616C5F73696D709E
:10D220006C655F726E6E2F73696D706C655F726E88
:10D230006E2F756E737461636B313B6D5F6D6375DB
:10D240005F6E65745F707265646963746F722F6777
:10D250006C6F62616C5F73696D706C655F726E6E2E
:10D260002F73696D706C655F726E6E2F756E73745F
:10D2700061636B323B6D5F6D63755F6E65745F708C
:10D280007265646963746F722F676C6F62616C5F43
:10D2900073696D706C655F726E6E2F73696D706C03
:10D2A000655F726E6E2F756E737461636B333B6D69
:10D2B0005F6D63755F6E65745F70726564696374DA
:10D2C0006F722F676C6F62616C5F73696D706C65F4
:10D2D0005F726E6E2F73696D706C655F726E6E2F0C
:10D2E000756E737461636B343B6D5F6D63755F6EF8
:10D2F00065745F707265646963746F722F676C6FB9
:10D3000062616C5F73696D706C655F726E6E2F73B6
:10D31000696D706C655F726E6E2F756E737461638C
:10D320006B353B6D5F6D63755F6E65745F707265C5
:10D33000646963746F722F676C6F62616C5F73698D
:10D340006D706C655F726E6E2F73696D706C655F6A
:10D35000726E6E2F756E737461636B363B6D5F6DAD
:10D3600063755F6E65745F707265646963746F7214
:10D370002F676C6F62616C5F73696D706C655F7253
:10D380006E6E2F73696D706C655F726E6E2F756E49
:10D39000737461636B373B6D5F6D63755F6E65744E
:10D3A0005F707265646963746F722F676C6F62611E
:10D3B0006C5F73696D706C655F726E6E2F73696DF3
:10D3C000706C655F726E6E2F756E737461636B380F
:10D3D0003B6D5F6D63755F6E65745F7072656469E8
:10D3E00063746F722F676C6F62616C5F73696D70CD
:10D3F0006C655F726E6E2F73696D706C655F726EB7
:10D400006E2F756E737461636B393B6D5F6D637501
:10D410005F6E65745F707265646963746F722F67A5
:10D420006C6F62616C5F73696D706C655F726E6E5C
:10D430002F73696D706C655F726E6E2F756E73748D
:10D4400061636B31303B6D5F6D63755F6E65745FFB
:10D45000707265646963746F722F676C6F62616C60
:10D460005F73696D706C655F726E6E2F73696D703E
:10D470006C655F726E6E2F756E737461636B3131A4
:10D480003B6D5F6D63755F6E65745F707265646937
:10D4900063746F722F676C6F62616C5F73696D701C
:10D4A0006C655F726E6E2F73696D706C655F726E06
:10D4B0006E2F756E737461636B31323B6D5F6D639C
:10D4C000755F6E65745F707265646963746F722FE7
:10D4D000676C6F62616C5F73696D706C655F726EB3
:10D4E0006E2F73696D706C655F726E6E2F756E73E3
:10D4F0007461636B31333B6D5F6D63755F6E657433
:10D500005F707265646963746F722F676C6F6261BC
:10D510006C5F73696D706C655F726E6E2F73696D91
:10D52000706C655F726E6E2F756E737461636B31B4
:10D53000343B6D5F6D63755F6E65745F70726564BB
:10D540006963746F722F676C6F62616C5F73696D72
:10D55000706C655F726E6E2F73696D706C655F7253
:10D560006E6E2F756E737461636B31353B6D5F6DDD
:10D5700063755F6E65745F707265646963746F7202
:10D580002F676C6F62616C5F73696D706C655F7241
:10D590006E6E2F73696D706C655F726E6E2F756E37
:10D5A000737461636B31363B6D5F6D63755F6E6580
:10D5B000745F707265646963746F722F676C6F62F9
:10D5C000616C5F73696D706C655F726E6E2F7369ED
:10D5D0006D706C655F726E6E2F756E737461636BC8
:10D5E00031373B6D5F6D63755F6E65745F7072653B
:10D5F000646963746F722F676C6F62616C5F7369CB
:10D600006D706C655F726E6E2F73696D706C655FA7
:10D61000726E6E2F756E737461636B31383B6D5F24
:10D620006D63755F6E65745F707265646963746F56
:10D63000722F676C6F62616C5F73696D706C655F90
:10D64000726E6E2F73696D706C655F726E6E2F7582
:10D650006E737461636B31393B6D5F6D63755F6EC3
:10D6600065745F707265646963746F722F676C6F45
:10D6700062616C5F73696D706C655F726E6E2F7343
:10D68000696D706C655F726E6E2F756E7374616319
:10D690006B32303B6D5F6D63755F6E65745F70728A
:10D6A00065646963746F722F676C6F62616C5F731E
:10D6B000696D706C655F726E6E2F73696D706C65ED
:10D6C0005F726E6E2F756E737461636B32313B6D7A
:10D6D0005F6D63755F6E65745F70726564696374B6
:10D6E0006F722F676C6F62616C5F73696D706C65D0
:10D6F0005F726E6E2F73696D706C655F726E6E2FE8
:10D70000756E737461636B32323B6D5F6D63755F11
:10D710006E65745F707265646963746F722F676C95
:10D720006F62616C5F73696D706C655F726E6E2F96
:10D7300073696D706C655F726E6E2F756E73746158
:10D74000636B32333B6D5F6D63755F6E65745F70E5
:10D750007265646963746F722F676C6F62616C5F6E
:10D7600073696D706C655F726E6E2F73696D706C2E
:10D77000655F726E6E2F756E737461636B32343BCE
:10D780006D5F6D63755F6E65745F7072656469630C
:10D79000746F722F676C6F62616C5F73696D706C10
:10D7A000655F726E6E2F73696D706C655F726E6E01
:10D7B0002F756E737461636B32353B6D5F6D63758E
:10D7C0005F6E65745F707265646963746F722F67F2
:10D7D0006C6F62616C5F73696D706C655F726E6EA9
:10D7E0002F73696D706C655F726E6E2F756E7374DA
:10D7F00061636B32363B6D5F6D63755F6E65745F41
:10D80000707265646963746F722F676C6F62616CAC
:10D810005F73696D706C655F726E6E2F73696D708A
:10D820006C655F726E6E2F756E737461636B3237E9
:10D830003B6D5F6D63755F6E65745F707265646983
:10D8400063746F722F676C6F62616C5F73696D7068
:10D850006C655F726E6E2F73696D706C655F726E52
:10D860006E2F756E737461636B32383B6D5F6D63E1
:10D87000755F6E65745F707265646963746F722F33
:10D88000676C6F62616C5F73696D706C655F726EFF
:10D890006E2F73696D706C655F726E6E2F756E732F
:10D8A0007461636B32393B6D5F6D63755F6E657478
:10D8B0005F707265646963746F722F676C6F626109
:10D8C0006C5F73696D706C655F726E6E2F73696DDE
:10D8D000706C655F726E6E2F756E737461636B33FF
:10D8E000303B6D5F6D63755F6E65745F707265640C
:10D8F0006963746F722F676C6F62616C5F73696DBF
:10D90000706C655F726E6E2F73696D706C655F729F
:10D910006E6E2F756E737461636B33313136000038
:10D92000020000000100000040000000B242FFFFC2
:10D930000000000114000000340000004800000056
:10D940000000000984070000F441FFFF0800000008
:10D95000140000000100000080FFFFFFFFFFFFFF39
:10D960000000000001000000FA4F083C56070000CC
:10D970006D5F6D63755F6E65745F7072656469631A
:10D98000746F722F676C6F62616C5F73696D706C1E
:10D99000655F726E6E2F73696D706C655F726E6E0F
:10D9A0002F756E737461636B3B6D5F6D63755F6E36
:10D9B00065745F707265646963746F722F676C6FF2
:10D9C00062616C5F73696D706C655F726E6E2F73F0
:10D9D000696D706C655F726E6E2F756E73746163C6
:10D9E0006B313B6D5F6D63755F6E65745F70726503
:10D9F000646963746F722F676C6F62616C5F7369C7
:10DA00006D706C655F726E6E2F73696D706C655FA3
:10DA1000726E6E2F756E737461636B323B6D5F6DEA
:10DA200063755F6E65745F707265646963746F724D
:10DA30002F676C6F62616C5F73696D706C655F728C
:10DA40006E6E2F73696D706C655F726E6E2F756E82
:10DA5000737461636B333B6D5F6D63755F6E65748B
:10DA60005F707265646963746F722F676C6F626157
:10DA70006C5F73696D706C655F726E6E2F73696D2C
:10DA8000706C655F726E6E2F756E737461636B344C
:10DA90003B6D5F6D63755F6E65745F707265646921
:10DAA00063746F722F676C6F62616C5F73696D7006
:10DAB0006C655F726E6E2F73696D706C655F726EF0
:10DAC0006E2F756E737461636B353B6D5F6D63753F
:10DAD0005F6E65745F707265646963746F722F67DF
:10DAE0006C6F62616C5F73696D706C655F726E6E96
:10DAF0002F73696D706C655F726E6E2F756E7374C7
:10DB000061636B363B6D5F6D63755F6E65745F70EF
:10DB10007265646963746F722F676C6F62616C5FAA
:10DB200073696D706C655F726E6E2F73696D706C6A
:10DB3000655F726E6E2F756E737461636B373B6DCC
:10DB40005F6D63755F6E65745F7072656469637441
:10DB50006F722F676C6F62616C5F73696D706C655B
:10DB60005F726E6E2F73696D706C655F726E6E2F73
:10DB7000756E737461636B383B6D5F6D63755F6E5B
:10DB800065745F707265646963746F722F676C6F20
:10DB900062616C5F73696D706C655F726E6E2F731E
:10DBA000696D706C655F726E6E2F756E73746163F4
:10DBB0006B393B6D5F6D63755F6E65745F70726529
:10DBC000646963746F722F676C6F62616C5F7369F5
:10DBD0006D706C655F726E6E2F73696D706C655FD2
:10DBE000726E6E2F756E737461636B31303B6D5F57
:10DBF0006D63755F6E65745F707265646963746F81
:10DC0000722F676C6F62616C5F73696D706C655FBA
:10DC1000726E6E2F73696D706C655F726E6E2F75AC
:10DC20006E737461636B31313B6D5F6D63755F6EF5
:10DC300065745F707265646963746F722F676C6F6F
:10DC400062616C5F73696D706C655F726E6E2F736D
:10DC5000696D706C655F726E6E2F756E7374616343
:10DC60006B31323B6D5F6D63755F6E65745F7072B3
:10DC700065646963746F722F676C6F62616C5F7348
:10DC8000696D706C655F726E6E2F73696D706C6517
:10DC90005F726E6E2F756E737461636B31333B6DA3
:10DCA0005F6D63755F6E65745F70726564696374E0
:10DCB0006F722F676C6F62616C5F73696D706C65FA
:10DCC0005F726E6E2F73696D706C655F726E6E2F12
:10DCD000756E737461636B31343B6D5F6D63755F3B
:10DCE0006E65745F707265646963746F722F676CC0
:10DCF0006F62616C5F73696D706C655F726E6E2FC1
:10DD000073696D706C655F726E6E2F756E73746182
:10DD1000636B31353B6D5F6D63755F6E65745F700E
:10DD20007265646963746F722F676C6F62616C5F98
:10DD300073696D706C655F726E6E2F73696D706C58
:10DD4000655F726E6E2F756E737461636B31363BF7
:10DD50006D5F6D63755F6E65745F70726564696336
:10DD6000746F722F676C6F62616C5F73696D706C3A
:10DD7000655F726E6E2F73696D706C655F726E6E2B
:10DD80002F756E737461636B31373B6D5F6D6375B7
:10DD90005F6E65745F707265646963746F722F671C
:10DDA0006C6F62616C5F73696D706C655F726E6ED3
:10DDB0002F73696D706C655F726E6E2F756E737404
:10DDC00061636B31383B6D5F6D63755F6E65745F6A
:10DDD000707265646963746F722F676C6F62616CD7
:10DDE0005F73696D706C655F726E6E2F73696D70B5
:10DDF0006C655F726E6E2F756E737461636B313913
:10DE00003B6D5F6D63755F6E65745F7072656469AD
:10DE100063746F722F676C6F62616C5F73696D7092
:10DE20006C655F726E6E2F73696D706C655F726E7C
:10DE30006E2F756E737461636B32303B6D5F6D6313
:10DE4000755F6E65745F707265646963746F722F5D
:10DE5000676C6F62616C5F73696D706C655F726E29
:10DE60006E2F73696D706C655F726E6E2F756E7359
:10DE70007461636B32313B6D5F6D63755F6E6574AA
:10DE80005F707265646963746F722F676C6F626133
:10DE90006C5F73696D706C655F726E6E2F73696D08
:10DEA000706C655F726E6E2F756E737461636B322A
:10DEB000323B6D5F6D63755F6E65745F7072656434
:10DEC0006963746F722F676C6F62616C5F73696DE9
:10DED000706C655F726E6E2F73696D706C655F72CA
:10DEE0006E6E2F756E737461636B32333B6D5F6D55
:10DEF00063755F6E65745F707265646963746F7279
:10DF00002F676C6F62616C5F73696D706C655F72B7
:10DF10006E6E2F73696D706C655F726E6E2F756EAD
:10DF2000737461636B32343B6D5F6D63755F6E65F7
:10DF3000745F707265646963746F722F676C6F626F
:10DF4000616C5F73696D706C655F726E6E2F736963
:10DF50006D706C655F726E6E2F756E737461636B3E
:10DF600032353B6D5F6D63755F6E65745F707265B2
:10DF7000646963746F722F676C6F62616C5F736941
:10DF80006D706C655F726E6E2F73696D706C655F1E
:10DF9000726E6E2F756E737461636B32363B6D5F9C
:10DFA0006D63755F6E65745F707265646963746FCD
:10DFB000722F676C6F62616C5F73696D706C655F07
:10DFC000726E6E2F73696D706C655F726E6E2F75F9
:10DFD0006E737461636B32373B6D5F6D63755F6E3B
:10DFE00065745F707265646963746F722F676C6FBC
:10DFF00062616C5F73696D706C655F726E6E2F73BA
:10E00000696D706C655F726E6E2F756E737461638F
:10E010006B32383B6D5F6D63755F6E65745F7072F8
:10E0200065646963746F722F676C6F62616C5F7394
:10E03000696D706C655F726E6E2F73696D706C6563
:10E040005F726E6E2F756E737461636B32393B6DE8
:10E050005F6D63755F6E65745F707265646963742C
:10E060006F722F676C6F62616C5F73696D706C6546
:10E070005F726E6E2F73696D706C655F726E6E2F5E
:10E08000756E737461636B33303B6D5F6D63755F89
:10E090006E65745F707265646963746F722F676C0C
:10E0A0006F62616C5F73696D706C655F726E6E2F0D
:10E0B00073696D706C655F726E6E2F756E737461CF
:10E0C000636B3331313500000200000001000000B5
:10E0D000400000005A4AFFFF000000011400000049
:10E0E0003400000047000000000000098407000021
:10E0F0009C49FFFF08000000140000000100000020
:10E1000080FFFFFFFFFFFFFF000000000100000095
:10E11000FA4F083C560700006D5F6D63755F6E65D2
:10E12000745F707265646963746F722F676C6F627D
:10E13000616C5F73696D706C655F726E6E2F736971
:10E140006D706C655F726E6E2F756E737461636B4C
:10E150003B6D5F6D63755F6E65745F70726564695A
:10E1600063746F722F676C6F62616C5F73696D703F
:10E170006C655F726E6E2F73696D706C655F726E29
:10E180006E2F756E737461636B313B6D5F6D63757C
:10E190005F6E65745F707265646963746F722F6718
:10E1A0006C6F62616C5F73696D706C655F726E6ECF
:10E1B0002F73696D706C655F726E6E2F756E737400
:10E1C00061636B323B6D5F6D63755F6E65745F702D
:10E1D0007265646963746F722F676C6F62616C5FE4
:10E1E00073696D706C655F726E6E2F73696D706CA4
:10E1F000655F726E6E2F756E737461636B333B6D0A
:10E200005F6D63755F6E65745F707265646963747A
:10E210006F722F676C6F62616C5F73696D706C6594
:10E220005F726E6E2F73696D706C655F726E6E2FAC
:10E23000756E737461636B343B6D5F6D63755F6E98
:10E2400065745F707265646963746F722F676C6F59
:10E2500062616C5F73696D706C655F726E6E2F7357
:10E26000696D706C655F726E6E2F756E737461632D
:10E270006B353B6D5F6D63755F6E65745F70726566
:10E28000646963746F722F676C6F62616C5F73692E
:10E290006D706C655F726E6E2F73696D706C655F0B
:10E2A000726E6E2F756E737461636B363B6D5F6D4E
:10E2B00063755F6E65745F707265646963746F72B5
:10E2C0002F676C6F62616C5F73696D706C655F72F4
:10E2D0006E6E2F73696D706C655F726E6E2F756EEA
:10E2E000737461636B373B6D5F6D63755F6E6574EF
:10E2F0005F707265646963746F722F676C6F6261BF
:10E300006C5F73696D706C655F726E6E2F73696D93
:10E31000706C655F726E6E2F756E737461636B38AF
:10E320003B6D5F6D63755F6E65745F707265646988
:10E3300063746F722F676C6F62616C5F73696D706D
:10E340006C655F726E6E2F73696D706C655F726E57
:10E350006E2F756E737461636B393B6D5F6D6375A2
:10E360005F6E65745F707265646963746F722F6746
:10E370006C6F62616C5F73696D706C655F726E6EFD
:10E380002F73696D706C655F726E6E2F756E73742E
:10E3900061636B31303B6D5F6D63755F6E65745F9C
:10E3A000707265646963746F722F676C6F62616C01
:10E3B0005F73696D706C655F726E6E2F73696D70DF
:10E3C0006C655F726E6E2F756E737461636B313145
:10E3D0003B6D5F6D63755F6E65745F7072656469D8
:10E3E00063746F722F676C6F62616C5F73696D70BD
:10E3F0006C655F726E6E2F73696D706C655F726EA7
:10E400006E2F756E737461636B31323B6D5F6D633C
:10E41000755F6E65745F707265646963746F722F87
:10E42000676C6F62616C5F73696D706C655F726E53
:10E430006E2F73696D706C655F726E6E2F756E7383
:10E440007461636B31333B6D5F6D63755F6E6574D3
:10E450005F707265646963746F722F676C6F62615D
:10E460006C5F73696D706C655F726E6E2F73696D32
:10E47000706C655F726E6E2F756E737461636B3155
:10E48000343B6D5F6D63755F6E65745F707265645C
:10E490006963746F722F676C6F62616C5F73696D13
:10E4A000706C655F726E6E2F73696D706C655F72F4
:10E4B0006E6E2F756E737461636B31353B6D5F6D7E
:10E4C00063755F6E65745F707265646963746F72A3
:10E4D0002F676C6F62616C5F73696D706C655F72E2
:10E4E0006E6E2F73696D706C655F726E6E2F756ED8
:10E4F000737461636B31363B6D5F6D63755F6E6521
:10E50000745F707265646963746F722F676C6F6299
:10E51000616C5F73696D706C655F726E6E2F73698D
:10E520006D706C655F726E6E2F756E737461636B68
:10E5300031373B6D5F6D63755F6E65745F707265DB
:10E54000646963746F722F676C6F62616C5F73696B
:10E550006D706C655F726E6E2F73696D706C655F48
:10E56000726E6E2F756E737461636B31383B6D5FC5
:10E570006D63755F6E65745F707265646963746FF7
:10E58000722F676C6F62616C5F73696D706C655F31
:10E59000726E6E2F73696D706C655F726E6E2F7523
:10E5A0006E737461636B31393B6D5F6D63755F6E64
:10E5B00065745F707265646963746F722F676C6FE6
:10E5C00062616C5F73696D706C655F726E6E2F73E4
:10E5D000696D706C655F726E6E2F756E73746163BA
:10E5E0006B32303B6D5F6D63755F6E65745F70722B
:10E5F00065646963746F722F676C6F62616C5F73BF
:10E60000696D706C655F726E6E2F73696D706C658D
:10E610005F726E6E2F756E737461636B32313B6D1A
:10E620005F6D63755F6E65745F7072656469637456
:10E630006F722F676C6F62616C5F73696D706C6570
:10E640005F726E6E2F73696D706C655F726E6E2F88
:10E65000756E737461636B32323B6D5F6D63755FB2
:10E660006E65745F707265646963746F722F676C36
:10E670006F62616C5F73696D706C655F726E6E2F37
:10E6800073696D706C655F726E6E2F756E737461F9
:10E69000636B32333B6D5F6D63755F6E65745F7086
:10E6A0007265646963746F722F676C6F62616C5F0F
:10E6B00073696D706C655F726E6E2F73696D706CCF
:10E6C000655F726E6E2F756E737461636B32343B6F
:10E6D0006D5F6D63755F6E65745F707265646963AD
:10E6E000746F722F676C6F62616C5F73696D706CB1
:10E6F000655F726E6E2F73696D706C655F726E6EA2
:10E700002F756E737461636B32353B6D5F6D63752E
:10E710005F6E65745F707265646963746F722F6792
:10E720006C6F62616C5F73696D706C655F726E6E49
:10E730002F73696D706C655F726E6E2F756E73747A
:10E7400061636B32363B6D5F6D63755F6E65745FE1
:10E75000707265646963746F722F676C6F62616C4D
:10E760005F73696D706C655F726E6E2F73696D702B
:10E770006C655F726E6E2F756E737461636B32378A
:10E780003B6D5F6D63755F6E65745F707265646924
:10E7900063746F722F676C6F62616C5F73696D7009
:10E7A0006C655F726E6E2F73696D706C655F726EF3
:10E7B0006E2F756E737461636B32383B6D5F6D6382
:10E7C000755F6E65745F707265646963746F722FD4
:10E7D000676C6F62616C5F73696D706C655F726EA0
:10E7E0006E2F73696D706C655F726E6E2F756E73D0
:10E7F0007461636B32393B6D5F6D63755F6E657419
:10E800005F707265646963746F722F676C6F6261A9
:10E810006C5F73696D706C655F726E6E2F73696D7E
:10E82000706C655F726E6E2F756E737461636B339F
:10E83000303B6D5F6D63755F6E65745F70726564AC
:10E840006963746F722F676C6F62616C5F73696D5F
:10E85000706C655F726E6E2F73696D706C655F7240
:10E860006E6E2F756E737461636B333131340000DB
:10E870000200000001000000400000000252FFFF03
:10E8800000000001140000003400000046000000F9
:10E8900000000009840700004451FFFF0800000049
:10E8A000140000000100000080FFFFFFFFFFFFFFDA
:10E8B0000000000001000000FA4F083C560700006D
:10E8C0006D5F6D63755F6E65745F707265646963BB
:10E8D000746F722F676C6F62616C5F73696D706CBF
:10E8E000655F726E6E2F73696D706C655F726E6EB0
:10E8F0002F756E737461636B3B6D5F6D63755F6ED7
:10E9000065745F707265646963746F722F676C6F92
:10E9100062616C5F73696D706C655F726E6E2F7390
:10E92000696D706C655F726E6E2F756E7374616366
:10E930006B313B6D5F6D63755F6E65745F707265A3
:10E94000646963746F722F676C6F62616C5F736967
:10E950006D706C655F726E6E2F73696D706C655F44
:10E96000726E6E2F756E737461636B323B6D5F6D8B
:10E9700063755F6E65745F707265646963746F72EE
:10E980002F676C6F62616C5F73696D706C655F722D
:10E990006E6E2F73696D706C655F726E6E2F756E23
:10E9A000737461636B333B6D5F6D63755F6E65742C
:10E9B0005F707265646963746F722F676C6F6261F8
:10E9C0006C5F73696D706C655F726E6E2F73696DCD
:10E9D000706C655F726E6E2F756E737461636B34ED
:10E9E0003B6D5F6D63755F6E65745F7072656469C2
:10E9F00063746F722F676C6F62616C5F73696D70A7
:10EA00006C655F726E6E2F73696D706C655F726E90
:10EA10006E2F756E737461636B353B6D5F6D6375DF
:10EA20005F6E65745F707265646963746F722F677F
:10EA30006C6F62616C5F73696D706C655F726E6E36
:10EA40002F73696D706C655F726E6E2F756E737467
:10EA500061636B363B6D5F6D63755F6E65745F7090
:10EA60007265646963746F722F676C6F62616C5F4B
:10EA700073696D706C655F726E6E2F73696D706C0B
:10EA8000655F726E6E2F756E737461636B373B6D6D
:10EA90005F6D63755F6E65745F70726564696374E2
:10EAA0006F722F676C6F62616C5F73696D706C65FC
:10EAB0005F726E6E2F73696D706C655F726E6E2F14
:10EAC000756E737461636B383B6D5F6D63755F6EFC
:10EAD00065745F707265646963746F722F676C6FC1
:10EAE00062616C5F73696D706C655F726E6E2F73BF
:10EAF000696D706C655F726E6E2F756E7374616395
:10EB00006B393B6D5F6D63755F6E65745F707265C9
:10EB1000646963746F722F676C6F62616C5F736995
:10EB20006D706C655F726E6E2F73696D706C655F72
:10EB3000726E6E2F756E737461636B31303B6D5FF7
:10EB40006D63755F6E65745F707265646963746F21
:10EB5000722F676C6F62616C5F73696D706C655F5B
:10EB6000726E6E2F73696D706C655F726E6E2F754D
:10EB70006E737461636B31313B6D5F6D63755F6E96
:10EB800065745F707265646963746F722F676C6F10
:10EB900062616C5F73696D706C655F726E6E2F730E
:10EBA000696D706C655F726E6E2F756E73746163E4
:10EBB0006B31323B6D5F6D63755F6E65745F707254
:10EBC00065646963746F722F676C6F62616C5F73E9
:10EBD000696D706C655F726E6E2F73696D706C65B8
:10EBE0005F726E6E2F756E737461636B31333B6D44
:10EBF0005F6D63755F6E65745F7072656469637481
:10EC00006F722F676C6F62616C5F73696D706C659A
:10EC10005F726E6E2F73696D706C655F726E6E2FB2
:10EC2000756E737461636B31343B6D5F6D63755FDB
:10EC30006E65745F707265646963746F722F676C60
:10EC40006F62616C5F73696D706C655F726E6E2F61
:10EC500073696D706C655F726E6E2F756E73746123
:10EC6000636B31353B6D5F6D63755F6E65745F70AF
:10EC70007265646963746F722F676C6F62616C5F39
:10EC800073696D706C655F726E6E2F73696D706CF9
:10EC9000655F726E6E2F756E737461636B31363B98
:10ECA0006D5F6D63755F6E65745F707265646963D7
:10ECB000746F722F676C6F62616C5F73696D706CDB
:10ECC000655F726E6E2F73696D706C655F726E6ECC
:10ECD0002F756E737461636B31373B6D5F6D637558
:10ECE0005F6E65745F707265646963746F722F67BD
:10ECF0006C6F62616C5F73696D706C655F726E6E74
:10ED00002F73696D706C655F726E6E2F756E7374A4
:10ED100061636B31383B6D5F6D63755F6E65745F0A
:10ED2000707265646963746F722F676C6F62616C77
:10ED30005F73696D706C655F726E6E2F73696D7055
:10ED40006C655F726E6E2F756E737461636B3139B3
:10ED50003B6D5F6D63755F6E65745F70726564694E
:10ED600063746F722F676C6F62616C5F73696D7033
:10ED70006C655F726E6E2F73696D706C655F726E1D
:10ED80006E2F756E737461636B32303B6D5F6D63B4
:10ED9000755F6E65745F707265646963746F722FFE
:10EDA000676C6F62616C5F73696D706C655F726ECA
:10EDB0006E2F73696D706C655F726E6E2F756E73FA
:10EDC0007461636B32313B6D5F6D63755F6E65744B
:10EDD0005F707265646963746F722F676C6F6261D4
:10EDE0006C5F73696D706C655F726E6E2F73696DA9
:10EDF000706C655F726E6E2F756E737461636B32CB
:10EE0000323B6D5F6D63755F6E65745F70726564D4
:10EE10006963746F722F676C6F62616C5F73696D89
:10EE2000706C655F726E6E2F73696D706C655F726A
:10EE30006E6E2F756E737461636B32333B6D5F6DF5
:10EE400063755F6E65745F707265646963746F7219
:10EE50002F676C6F62616C5F73696D706C655F7258
:10EE60006E6E2F73696D706C655F726E6E2F756E4E
:10EE7000737461636B32343B6D5F6D63755F6E6598
:10EE8000745F707265646963746F722F676C6F6210
:10EE9000616C5F73696D706C655F726E6E2F736904
:10EEA0006D706C655F726E6E2F756E737461636BDF
:10EEB00032353B6D5F6D63755F6E65745F70726553
:10EEC000646963746F722F676C6F62616C5F7369E2
:10EED0006D706C655F726E6E2F73696D706C655FBF
:10EEE000726E6E2F756E737461636B32363B6D5F3D
:10EEF0006D63755F6E65745F707265646963746F6E
:10EF0000722F676C6F62616C5F73696D706C655FA7
:10EF1000726E6E2F73696D706C655F726E6E2F7599
:10EF20006E737461636B32373B6D5F6D63755F6EDB
:10EF300065745F707265646963746F722F676C6F5C
:10EF400062616C5F73696D706C655F726E6E2F735A
:10EF5000696D706C655F726E6E2F756E7374616330
:10EF60006B32383B6D5F6D63755F6E65745F707299
:10EF700065646963746F722F676C6F62616C5F7335
:10EF8000696D706C655F726E6E2F73696D706C6504
:10EF90005F726E6E2F756E737461636B32393B6D89
:10EFA0005F6D63755F6E65745F70726564696374CD
:10EFB0006F722F676C6F62616C5F73696D706C65E7
:10EFC0005F726E6E2F73696D706C655F726E6E2FFF
:10EFD000756E737461636B33303B6D5F6D63755F2A
:10EFE0006E65745F707265646963746F722F676CAD
:10EFF0006F62616C5F73696D706C655F726E6E2FAE
:10F0000073696D706C655F726E6E2F756E7374616F
:10F01000636B333131330000020000000100000057
:10F0200040000000AA59FFFF00000001140000008A
:10F0300034000000450000000000000984070000C3
:10F04000EC58FFFF08000000140000000100000061
:10F0500080FFFFFFFFFFFFFF000000000100000036
:10F06000FA4F083C560700006D5F6D63755F6E6573
:10F07000745F707265646963746F722F676C6F621E
:10F08000616C5F73696D706C655F726E6E2F736912
:10F090006D706C655F726E6E2F756E737461636BED
:10F0A0003B6D5F6D63755F6E65745F7072656469FB
:10F0B00063746F722F676C6F62616C5F73696D70E0
:10F0C0006C655F726E6E2F73696D706C655F726ECA
:10F0D0006E2F756E737461636B313B6D5F6D63751D
:10F0E0005F6E65745F707265646963746F722F67B9
:10F0F0006C6F62616C5F73696D706C655F726E6E70
:10F100002F73696D706C655F726E6E2F756E7374A0
:10F1100061636B323B6D5F6D63755F6E65745F70CD
:10F120007265646963746F722F676C6F62616C5F84
:10F1300073696D706C655F726E6E2F73696D706C44
:10F14000655F726E6E2F756E737461636B333B6DAA
:10F150005F6D63755F6E65745F707265646963741B
:10F160006F722F676C6F62616C5F73696D706C6535
:10F170005F726E6E2F73696D706C655F726E6E2F4D
:10F18000756E737461636B343B6D5F6D63755F6E39
:10F1900065745F707265646963746F722F676C6FFA
:10F1A00062616C5F73696D706C655F726E6E2F73F8
:10F1B000696D706C655F726E6E2F756E73746163CE
:10F1C0006B353B6D5F6D63755F6E65745F70726507
:10F1D000646963746F722F676C6F62616C5F7369CF
:10F1E0006D706C655F726E6E2F73696D706C655FAC
:10F1F000726E6E2F756E737461636B363B6D5F6DEF
:10F2000063755F6E65745F707265646963746F7255
:10F210002F676C6F62616C5F73696D706C655F7294
:10F220006E6E2F73696D706C655F726E6E2F756E8A
:10F23000737461636B373B6D5F6D63755F6E65748F
:10F240005F707265646963746F722F676C6F62615F
:10F250006C5F73696D706C655F726E6E2F73696D34
:10F26000706C655F726E6E2F756E737461636B3850
:10F270003B6D5F6D63755F6E65745F707265646929
:10F2800063746F722F676C6F62616C5F73696D700E
:10F290006C655F726E6E2F73696D706C655F726EF8
:10F2A0006E2F756E737461636B393B6D5F6D637543
:10F2B0005F6E65745F707265646963746F722F67E7
:10F2C0006C6F62616C5F73696D706C655F726E6E9E
:10F2D0002F73696D706C655F726E6E2F756E7374CF
:10F2E00061636B31303B6D5F6D63755F6E65745F3D
:10F2F000707265646963746F722F676C6F62616CA2
:10F300005F73696D706C655F726E6E2F73696D707F
:10F310006C655F726E6E2F756E737461636B3131E5
:10F320003B6D5F6D63755F6E65745F707265646978
:10F3300063746F722F676C6F62616C5F73696D705D
:10F340006C655F726E6E2F73696D706C655F726E47
:10F350006E2F756E737461636B31323B6D5F6D63DD
:10F36000755F6E65745F707265646963746F722F28
:10F37000676C6F62616C5F73696D706C655F726EF4
:10F380006E2F73696D706C655F726E6E2F756E7324
:10F390007461636B31333B6D5F6D63755F6E657474
:10F3A0005F707265646963746F722F676C6F6261FE
:10F3B0006C5F73696D706C655F726E6E2F73696DD3
:10F3C000706C655F726E6E2F756E737461636B31F6
:10F3D000343B6D5F6D63755F6E65745F70726564FD
:10F3E0006963746F722F676C6F62616C5F73696DB4
:10F3F000706C655F726E6E2F73696D706C655F7295
:10F400006E6E2F756E737461636B31353B6D5F6D1E
:10F4100063755F6E65745F707265646963746F7243
:10F420002F676C6F62616C5F73696D706C655F7282
:10F430006E6E2F73696D706C655F726E6E2F756E78
:10F44000737461636B31363B6D5F6D63755F6E65C1
:10F45000745F707265646963746F722F676C6F623A
:10F46000616C5F73696D706C655F726E6E2F73692E
:10F470006D706C655F726E6E2F756E737461636B09
:10F4800031373B6D5F6D63755F6E65745F7072657C
:10F49000646963746F722F676C6F62616C5F73690C
:10F4A0006D706C655F726E6E2F73696D706C655FE9
:10F4B000726E6E2F756E737461636B31383B6D5F66
:10F4C0006D63755F6E65745F707265646963746F98
:10F4D000722F676C6F62616C5F73696D706C655FD2
:10F4E000726E6E2F73696D706C655F726E6E2F75C4
:10F4F0006E737461636B31393B6D5F6D63755F6E05
:10F5000065745F707265646963746F722F676C6F86
:10F5100062616C5F73696D706C655F726E6E2F7384
:10F52000696D706C655F726E6E2F756E737461635A
:10F530006B32303B6D5F6D63755F6E65745F7072CB
:10F5400065646963746F722F676C6F62616C5F735F
:10F55000696D706C655F726E6E2F73696D706C652E
:10F560005F726E6E2F756E737461636B32313B6DBB
:10F570005F6D63755F6E65745F70726564696374F7
:10F580006F722F676C6F62616C5F73696D706C6511
:10F590005F726E6E2F73696D706C655F726E6E2F29
:10F5A000756E737461636B32323B6D5F6D63755F53
:10F5B0006E65745F707265646963746F722F676CD7
:10F5C0006F62616C5F73696D706C655F726E6E2FD8
:10F5D00073696D706C655F726E6E2F756E7374619A
:10F5E000636B32333B6D5F6D63755F6E65745F7027
:10F5F0007265646963746F722F676C6F62616C5FB0
:10F6000073696D706C655F726E6E2F73696D706C6F
:10F61000655F726E6E2F756E737461636B32343B0F
:10F620006D5F6D63755F6E65745F7072656469634D
:10F63000746F722F676C6F62616C5F73696D706C51
:10F64000655F726E6E2F73696D706C655F726E6E42
:10F650002F756E737461636B32353B6D5F6D6375CF
:10F660005F6E65745F707265646963746F722F6733
:10F670006C6F62616C5F73696D706C655F726E6EEA
:10F680002F73696D706C655F726E6E2F756E73741B
:10F6900061636B32363B6D5F6D63755F6E65745F82
:10F6A000707265646963746F722F676C6F62616CEE
:10F6B0005F73696D706C655F726E6E2F73696D70CC
:10F6C0006C655F726E6E2F756E737461636B32372B
:10F6D0003B6D5F6D63755F6E65745F7072656469C5
:10F6E00063746F722F676C6F62616C5F73696D70AA
:10F6F0006C655F726E6E2F73696D706C655F726E94
:10F700006E2F756E737461636B32383B6D5F6D6322
:10F71000755F6E65745F707265646963746F722F74
:10F72000676C6F62616C5F73696D706C655F726E40
:10F730006E2F73696D706C655F726E6E2F756E7370
:10F740007461636B32393B6D5F6D63755F6E6574B9
:10F750005F707265646963746F722F676C6F62614A
:10F760006C5F73696D706C655F726E6E2F73696D1F
:10F77000706C655F726E6E2F756E737461636B3340
:10F78000303B6D5F6D63755F6E65745F707265644D
:10F790006963746F722F676C6F62616C5F73696D00
:10F7A000706C655F726E6E2F73696D706C655F72E1
:10F7B0006E6E2F756E737461636B3331313200007E
:10F7C0000200000001000000400000005261FFFF45
:10F7D000000000011400000034000000440000009C
:10F7E00000000009840700009460FFFF080000008B
:10F7F000140000000100000080FFFFFFFFFFFFFF7B
:10F800000000000001000000FA4F083C560700000D
:10F810006D5F6D63755F6E65745F7072656469635B
:10F82000746F722F676C6F62616C5F73696D706C5F
:10F83000655F726E6E2F73696D706C655F726E6E50
:10F840002F756E737461636B3B6D5F6D63755F6E77
:10F8500065745F707265646963746F722F676C6F33
:10F8600062616C5F73696D706C655F726E6E2F7331
:10F87000696D706C655F726E6E2F756E7374616307
:10F880006B313B6D5F6D63755F6E65745F70726544
:10F89000646963746F722F676C6F62616C5F736908
:10F8A0006D706C655F726E6E2F73696D706C655FE5
:10F8B000726E6E2F756E737461636B323B6D5F6D2C
:10F8C00063755F6E65745F707265646963746F728F
:10F8D0002F676C6F62616C5F73696D706C655F72CE
:10F8E0006E6E2F73696D706C655F726E6E2F756EC4
:10F8F000737461636B333B6D5F6D63755F6E6574CD
:10F900005F707265646963746F722F676C6F626198
:10F910006C5F73696D706C655F726E6E2F73696D6D
:10F92000706C655F726E6E2F756E737461636B348D
:10F930003B6D5F6D63755F6E65745F707265646962
:10F9400063746F722F676C6F62616C5F73696D7047
:10F950006C655F726E6E2F73696D706C655F726E31
:10F960006E2F756E737461636B353B6D5F6D637580
:10F970005F6E65745F707265646963746F722F6720
:10F980006C6F62616C5F73696D706C655F726E6ED7
:10F990002F73696D706C655F726E6E2F756E737408
:10F9A00061636B363B6D5F6D63755F6E65745F7031
:10F9B0007265646963746F722F676C6F62616C5FEC
:10F9C00073696D706C655F726E6E2F73696D706CAC
:10F9D000655F726E6E2F756E737461636B373B6D0E
:10F9E0005F6D63755F6E65745F7072656469637483
:10F9F0006F722F676C6F62616C5F73696D706C659D
:10FA00005F726E6E2F73696D706C655F726E6E2FB4
:10FA1000756E737461636B383B6D5F6D63755F6E9C
:10FA200065745F707265646963746F722F676C6F61
:10FA300062616C5F73696D706C655F726E6E2F735F
:10FA4000696D706C655F726E6E2F756E7374616335
:10FA50006B393B6D5F6D63755F6E65745F7072656A
:10FA6000646963746F722F676C6F62616C5F736936
:10FA70006D706C655F726E6E2F73696D706C655F13
:10FA8000726E6E2F756E737461636B31303B6D5F98
:10FA90006D63755F6E65745F707265646963746FC2
:10FAA000722F676C6F62616C5F73696D706C655FFC
:10FAB000726E6E2F73696D706C655F726E6E2F75EE
:10FAC0006E737461636B31313B6D5F6D63755F6E37
:10FAD00065745F707265646963746F722F676C6FB1
:10FAE00062616C5F73696D706C655F726E6E2F73AF
:10FAF000696D706C655F726E6E2F756E7374616385
:10FB00006B31323B6D5F6D63755F6E65745F7072F4
:10FB100065646963746F722F676C6F62616C5F7389
:10FB2000696D706C655F726E6E2F73696D706C6558
:10FB30005F726E6E2F756E737461636B31333B6DE4
:10FB40005F6D63755F6E65745F7072656469637421
:10FB50006F722F676C6F62616C5F73696D706C653B
:10FB60005F726E6E2F73696D706C655F726E6E2F53
:10FB7000756E737461636B31343B6D5F6D63755F7C
:10FB80006E65745F707265646963746F722F676C01
:10FB90006F62616C5F73696D706C655F726E6E2F02
:10FBA00073696D706C655F726E6E2F756E737461C4
:10FBB000636B31353B6D5F6D63755F6E65745F7050
:10FBC0007265646963746F722F676C6F62616C5FDA
:10FBD00073696D706C655F726E6E2F73696D706C9A
:10FBE000655F726E6E2F756E737461636B31363B39
:10FBF0006D5F6D63755F6E65745F70726564696378
:10FC0000746F722F676C6F62616C5F73696D706C7B
:10FC1000655F726E6E2F73696D706C655F726E6E6C
:10FC20002F756E737461636B31373B6D5F6D6375F8
:10FC30005F6E65745F707265646963746F722F675D
:10FC40006C6F62616C5F73696D706C655F726E6E14
:10FC50002F73696D706C655F726E6E2F756E737445
:10FC600061636B31383B6D5F6D63755F6E65745FAB
:10FC7000707265646963746F722F676C6F62616C18
:10FC80005F73696D706C655F726E6E2F73696D70F6
:10FC90006C655F726E6E2F756E737461636B313954
:10FCA0003B6D5F6D63755F6E65745F7072656469EF
:10FCB00063746F722F676C6F62616C5F73696D70D4
:10FCC0006C655F726E6E2F73696D706C655F726EBE
:10FCD0006E2F756E737461636B32303B6D5F6D6355
:10FCE000755F6E65745F707265646963746F722F9F
:10FCF000676C6F62616C5F73696D706C655F726E6B
:10FD00006E2F73696D706C655F726E6E2F756E739A
:10FD10007461636B32313B6D5F6D63755F6E6574EB
:10FD20005F707265646963746F722F676C6F626174
:10FD30006C5F73696D706C655F726E6E2F73696D49
:10FD4000706C655F726E6E2F756E737461636B326B
:10FD5000323B6D5F6D63755F6E65745F7072656475
:10FD60006963746F722F676C6F62616C5F73696D2A
:10FD7000706C655F726E6E2F73696D706C655F720B
:10FD80006E6E2F756E737461636B32333B6D5F6D96
:10FD900063755F6E65745F707265646963746F72BA
:10FDA0002F676C6F62616C5F73696D706C655F72F9
:10FDB0006E6E2F73696D706C655F726E6E2F756EEF
:10FDC000737461636B32343B6D5F6D63755F6E6539
:10FDD000745F707265646963746F722F676C6F62B1
:10FDE000616C5F73696D706C655F726E6E2F7369A5
:10FDF0006D706C655F726E6E2F756E737461636B80
:10FE000032353B6D5F6D63755F6E65745F707265F3
:10FE1000646963746F722F676C6F62616C5F736982
:10FE20006D706C655F726E6E2F73696D706C655F5F
:10FE3000726E6E2F756E737461636B32363B6D5FDD
:10FE40006D63755F6E65745F707265646963746F0E
:10FE5000722F676C6F62616C5F73696D706C655F48
:10FE6000726E6E2F73696D706C655F726E6E2F753A
:10FE70006E737461636B32373B6D5F6D63755F6E7C
:10FE800065745F707265646963746F722F676C6FFD
:10FE900062616C5F73696D706C655F726E6E2F73FB
:10FEA000696D706C655F726E6E2F756E73746163D1
:10FEB0006B32383B6D5F6D63755F6E65745F70723A
:10FEC00065646963746F722F676C6F62616C5F73D6
:10FED000696D706C655F726E6E2F73696D706C65A5
:10FEE0005F726E6E2F756E737461636B32393B6D2A
:10FEF0005F6D63755F6E65745F707265646963746E
:10FF00006F722F676C6F62616C5F73696D706C6587
:10FF10005F726E6E2F73696D706C655F726E6E2F9F
:10FF2000756E737461636B33303B6D5F6D63755FCA
:10FF30006E65745F707265646963746F722F676C4D
:10FF40006F62616C5F73696D706C655F726E6E2F4E
:10FF500073696D706C655F726E6E2F756E73746110
:10FF6000636B3331313100000200000001000000FA
:10FF700040000000FA68FFFF0000000114000000CC
:10FF80003400000043000000000000098407000066
:10FF90003C68FFFF080000001400000001000000A2
:10FFA00080FFFFFFFFFFFFFF0000000001000000D7
:10FFB000FA4F083C560700006D5F6D63755F6E6514
:10FFC000745F707265646963746F722F676C6F62BF
:10FFD000616C5F73696D706C655F726E6E2F7369B3
:10FFE0006D706C655F726E6E2F756E737461636B8E
:10FFF0003B6D5F6D63755F6E65745F70726564699C
:020000040803EF
:1000000063746F722F676C6F62616C5F73696D7080
:100010006C655F726E6E2F73696D706C655F726E6A
:100020006E2F756E737461636B313B6D5F6D6375BD
:100030005F6E65745F707265646963746F722F6759
:100040006C6F62616C5F73696D706C655F726E6E10
:100050002F73696D706C655F726E6E2F756E737441
:1000600061636B323B6D5F6D63755F6E65745F706E
:100070007265646963746F722F676C6F62616C5F25
:1000800073696D706C655F726E6E2F73696D706CE5
:10009000655F726E6E2F756E737461636B333B6D4B
:1000A0005F6D63755F6E65745F70726564696374BC
:1000B0006F722F676C6F62616C5F73696D706C65D6
:1000C0005F726E6E2F73696D706C655F726E6E2FEE
:1000D000756E737461636B343B6D5F6D63755F6EDA
:1000E00065745F707265646963746F722F676C6F9B
:1000F00062616C5F73696D706C655F726E6E2F7399
:10010000696D706C655F726E6E2F756E737461636E
:100110006B353B6D5F6D63755F6E65745F707265A7
:10012000646963746F722F676C6F62616C5F73696F
:100130006D706C655F726E6E2F73696D706C655F4C
:10014000726E6E2F756E737461636B363B6D5F6D8F
:1001500063755F6E65745F707265646963746F72F6
:100160002F676C6F62616C5F73696D706C655F7235
:100170006E6E2F73696D706C655F726E6E2F756E2B
:10018000737461636B373B6D5F6D63755F6E657430
:100190005F707265646963746F722F676C6F626100
:1001A0006C5F73696D706C655F726E6E2F73696DD5
:1001B000706C655F726E6E2F756E737461636B38F1
:1001C0003B6D5F6D63755F6E65745F7072656469CA
:1001D00063746F722F676C6F62616C5F73696D70AF
:1001E0006C655F726E6E2F73696D706C655F726E99
:1001F0006E2F756E737461636B393B6D5F6D6375E4
:100200005F6E65745F707265646963746F722F6787
:100210006C6F62616C5F73696D706C655F726E6E3E
:100220002F73696D706C655F726E6E2F756E73746F
:1002300061636B31303B6D5F6D63755F6E65745FDD
:10024000707265646963746F722F676C6F62616C42
:100250005F73696D706C655F726E6E2F73696D7020
:100260006C655F726E6E2F756E737461636B313186
:100270003B6D5F6D63755F6E65745F707265646919
:1002800063746F722F676C6F62616C5F73696D70FE
:100290006C655F726E6E2F73696D706C655F726EE8
:1002A0006E2F756E737461636B31323B6D5F6D637E
:1002B000755F6E65745F707265646963746F722FC9
:1002C000676C6F62616C5F73696D706C655F726E95
:1002D0006E2F73696D706C655F726E6E2F756E73C5
:1002E0007461636B31333B6D5F6D63755F6E657415
:1002F0005F707265646963746F722F676C6F62619F
:100300006C5F73696D706C655F726E6E2F73696D73
:10031000706C655F726E6E2F756E737461636B3196
:10032000343B6D5F6D63755F6E65745F707265649D
:100330006963746F722F676C6F62616C5F73696D54
:10034000706C655F726E6E2F73696D706C655F7235
:100350006E6E2F756E737461636B31353B6D5F6DBF
:1003600063755F6E65745F707265646963746F72E4
:100370002F676C6F62616C5F73696D706C655F7223
:100380006E6E2F73696D706C655F726E6E2F756E19
:10039000737461636B31363B6D5F6D63755F6E6562
:1003A000745F707265646963746F722F676C6F62DB
:1003B000616C5F73696D706C655F726E6E2F7369CF
:1003C0006D706C655F726E6E2F756E737461636BAA
:1003D00031373B6D5F6D63755F6E65745F7072651D
:1003E000646963746F722F676C6F62616C5F7369AD
:1003F0006D706C655F726E6E2F73696D706C655F8A
:10040000726E6E2F756E737461636B31383B6D5F06
:100410006D63755F6E65745F707265646963746F38
:10042000722F676C6F62616C5F73696D706C655F72
:10043000726E6E2F73696D706C655F726E6E2F7564
:100440006E737461636B31393B6D5F6D63755F6EA5
:1004500065745F707265646963746F722F676C6F27
:1004600062616C5F73696D706C655F726E6E2F7325
:10047000696D706C655F726E6E2F756E73746163FB
:100480006B32303B6D5F6D63755F6E65745F70726C
:1004900065646963746F722F676C6F62616C5F7300
:1004A000696D706C655F726E6E2F73696D706C65CF
:1004B0005F726E6E2F756E737461636B32313B6D5C
:1004C0005F6D63755F6E65745F7072656469637498
:1004D0006F722F676C6F62616C5F73696D706C65B2
:1004E0005F726E6E2F73696D706C655F726E6E2FCA
:1004F000756E737461636B32323B6D5F6D63755FF4
:100500006E65745F707265646963746F722F676C77
:100510006F62616C5F73696D706C655F726E6E2F78
:1005200073696D706C655F726E6E2F756E7374613A
:10053000636B32333B6D5F6D63755F6E65745F70C7
:100540007265646963746F722F676C6F62616C5F50
:1005500073696D706C655F726E6E2F73696D706C10
:10056000655F726E6E2F756E737461636B32343BB0
:100570006D5F6D63755F6E65745F707265646963EE
:10058000746F722F676C6F62616C5F73696D706CF2
:10059000655F726E6E2F73696D706C655F726E6EE3
:1005A0002F756E737461636B32353B6D5F6D637570
:1005B0005F6E65745F707265646963746F722F67D4
:1005C0006C6F62616C5F73696D706C655F726E6E8B
:1005D0002F73696D706C655F726E6E2F756E7374BC
:1005E00061636B32363B6D5F6D63755F6E65745F23
:1005F000707265646963746F722F676C6F62616C8F
:100600005F73696D706C655F726E6E2F73696D706C
:100610006C655F726E6E2F756E737461636B3237CB
:100620003B6D5F6D63755F6E65745F707265646965
:1006300063746F722F676C6F62616C5F73696D704A
:100640006C655F726E6E2F73696D706C655F726E34
:100650006E2F756E737461636B32383B6D5F6D63C3
:10066000755F6E65745F707265646963746F722F15
:10067000676C6F62616C5F73696D706C655F726EE1
:100680006E2F73696D706C655F726E6E2F756E7311
:100690007461636B32393B6D5F6D63755F6E65745A
:1006A0005F707265646963746F722F676C6F6261EB
:1006B0006C5F73696D706C655F726E6E2F73696DC0
:1006C000706C655F726E6E2F756E737461636B33E1
:1006D000303B6D5F6D63755F6E65745F70726564EE
:1006E0006963746F722F676C6F62616C5F73696DA1
:1006F000706C655F726E6E2F73696D706C655F7282
:100700006E6E2F756E737461636B33313130000020
:10071000020000000100000040000000A270FFFF86
:10072000000000011400000034000000420000003E
:100730000000000984070000E46FFFFF08000000CC
:10074000140000000100000080FFFFFFFFFFFFFF1B
:100750000000000001000000FA4F083C55070000AF
:100760006D5F6D63755F6E65745F707265646963FC
:10077000746F722F676C6F62616C5F73696D706C00
:10078000655F726E6E2F73696D706C655F726E6EF1
:100790002F756E737461636B3B6D5F6D63755F6E18
:1007A00065745F707265646963746F722F676C6FD4
:1007B00062616C5F73696D706C655F726E6E2F73D2
:1007C000696D706C655F726E6E2F756E73746163A8
:1007D0006B313B6D5F6D63755F6E65745F707265E5
:1007E000646963746F722F676C6F62616C5F7369A9
:1007F0006D706C655F726E6E2F73696D706C655F86
:10080000726E6E2F756E737461636B323B6D5F6DCC
:1008100063755F6E65745F707265646963746F722F
:100820002F676C6F62616C5F73696D706C655F726E
:100830006E6E2F73696D706C655F726E6E2F756E64
:10084000737461636B333B6D5F6D63755F6E65746D
:100850005F707265646963746F722F676C6F626139
:100860006C5F73696D706C655F726E6E2F73696D0E
:10087000706C655F726E6E2F756E737461636B342E
:100880003B6D5F6D63755F6E65745F707265646903
:1008900063746F722F676C6F62616C5F73696D70E8
:1008A0006C655F726E6E2F73696D706C655F726ED2
:1008B0006E2F756E737461636B353B6D5F6D637521
:1008C0005F6E65745F707265646963746F722F67C1
:1008D0006C6F62616C5F73696D706C655F726E6E78
:1008E0002F73696D706C655F726E6E2F756E7374A9
:1008F00061636B363B6D5F6D63755F6E65745F70D2
:100900007265646963746F722F676C6F62616C5F8C
:1009100073696D706C655F726E6E2F73696D706C4C
:10092000655F726E6E2F756E737461636B373B6DAE
:100930005F6D63755F6E65745F7072656469637423
:100940006F722F676C6F62616C5F73696D706C653D
:100950005F726E6E2F73696D706C655F726E6E2F55
:10096000756E737461636B383B6D5F6D63755F6E3D
:1009700065745F707265646963746F722F676C6F02
:1009800062616C5F73696D706C655F726E6E2F7300
:10099000696D706C655F726E6E2F756E73746163D6
:1009A0006B393B6D5F6D63755F6E65745F7072650B
:1009B000646963746F722F676C6F62616C5F7369D7
:1009C0006D706C655F726E6E2F73696D706C655FB4
:1009D000726E6E2F756E737461636B31303B6D5F39
:1009E0006D63755F6E65745F707265646963746F63
:1009F000722F676C6F62616C5F73696D706C655F9D
:100A0000726E6E2F73696D706C655F726E6E2F758E
:100A10006E737461636B31313B6D5F6D63755F6ED7
:100A200065745F707265646963746F722F676C6F51
:100A300062616C5F73696D706C655F726E6E2F734F
:100A4000696D706C655F726E6E2F756E7374616325
:100A50006B31323B6D5F6D63755F6E65745F707295
:100A600065646963746F722F676C6F62616C5F732A
:100A7000696D706C655F726E6E2F73696D706C65F9
:100A80005F726E6E2F756E737461636B31333B6D85
:100A90005F6D63755F6E65745F70726564696374C2
:100AA0006F722F676C6F62616C5F73696D706C65DC
:100AB0005F726E6E2F73696D706C655F726E6E2FF4
:100AC000756E737461636B31343B6D5F6D63755F1D
:100AD0006E65745F707265646963746F722F676CA2
:100AE0006F62616C5F73696D706C655F726E6E2FA3
:100AF00073696D706C655F726E6E2F756E73746165
:100B0000636B31353B6D5F6D63755F6E65745F70F0
:100B10007265646963746F722F676C6F62616C5F7A
:100B200073696D706C655F726E6E2F73696D706C3A
:100B3000655F726E6E2F756E737461636B31363BD9
:100B40006D5F6D63755F6E65745F70726564696318
:100B5000746F722F676C6F62616C5F73696D706C1C
:100B6000655F726E6E2F73696D706C655F726E6E0D
:100B70002F756E737461636B31373B6D5F6D637599
:100B80005F6E65745F707265646963746F722F67FE
:100B90006C6F62616C5F73696D706C655F726E6EB5
:100BA0002F73696D706C655F726E6E2F756E7374E6
:100BB00061636B31383B6D5F6D63755F6E65745F4C
:100BC000707265646963746F722F676C6F62616CB9
:100BD0005F73696D706C655F726E6E2F73696D7097
:100BE0006C655F726E6E2F756E737461636B3139F5
:100BF0003B6D5F6D63755F6E65745F707265646990
:100C000063746F722F676C6F62616C5F73696D7074
:100C10006C655F726E6E2F73696D706C655F726E5E
:100C20006E2F756E737461636B32303B6D5F6D63F5
:100C3000755F6E65745F707265646963746F722F3F
:100C4000676C6F62616C5F73696D706C655F726E0B
:100C50006E2F73696D706C655F726E6E2F756E733B
:100C60007461636B32313B6D5F6D63755F6E65748C
:100C70005F707265646963746F722F676C6F626115
:100C80006C5F73696D706C655F726E6E2F73696DEA
:100C9000706C655F726E6E2F756E737461636B320C
:100CA000323B6D5F6D63755F6E65745F7072656416
:100CB0006963746F722F676C6F62616C5F73696DCB
:100CC000706C655F726E6E2F73696D706C655F72AC
:100CD0006E6E2F756E737461636B32333B6D5F6D37
:100CE00063755F6E65745F707265646963746F725B
:100CF0002F676C6F62616C5F73696D706C655F729A
:100D00006E6E2F73696D706C655F726E6E2F756E8F
:100D1000737461636B32343B6D5F6D63755F6E65D9
:100D2000745F707265646963746F722F676C6F6251
:100D3000616C5F73696D706C655F726E6E2F736945
:100D40006D706C655F726E6E2F756E737461636B20
:100D500032353B6D5F6D63755F6E65745F70726594
:100D6000646963746F722F676C6F62616C5F736923
:100D70006D706C655F726E6E2F73696D706C655F00
:100D8000726E6E2F756E737461636B32363B6D5F7E
:100D90006D63755F6E65745F707265646963746FAF
:100DA000722F676C6F62616C5F73696D706C655FE9
:100DB000726E6E2F73696D706C655F726E6E2F75DB
:100DC0006E737461636B32373B6D5F6D63755F6E1D
:100DD00065745F707265646963746F722F676C6F9E
:100DE00062616C5F73696D706C655F726E6E2F739C
:100DF000696D706C655F726E6E2F756E7374616372
:100E00006B32383B6D5F6D63755F6E65745F7072DA
:100E100065646963746F722F676C6F62616C5F7376
:100E2000696D706C655F726E6E2F73696D706C6545
:100E30005F726E6E2F756E737461636B32393B6DCA
:100E40005F6D63755F6E65745F707265646963740E
:100E50006F722F676C6F62616C5F73696D706C6528
:100E60005F726E6E2F73696D706C655F726E6E2F40
:100E7000756E737461636B33303B6D5F6D63755F6B
:100E80006E65745F707265646963746F722F676CEE
:100E90006F62616C5F73696D706C655F726E6E2FEF
:100EA00073696D706C655F726E6E2F756E737461B1
:100EB000636B3331390000000200000001000000C4
:100EC000400000004A78FFFF00000001140000000D
:100ED0003400000041000000000000098407000009
:100EE0008C77FFFF080000001400000001000000E4
:100EF00080FFFFFFFFFFFFFF000000000100000078
:100F0000FA4F083C550700006D5F6D63755F6E65B5
:100F1000745F707265646963746F722F676C6F625F
:100F2000616C5F73696D706C655F726E6E2F736953
:100F30006D706C655F726E6E2F756E737461636B2E
:100F40003B6D5F6D63755F6E65745F70726564693C
:100F500063746F722F676C6F62616C5F73696D7021
:100F60006C655F726E6E2F73696D706C655F726E0B
:100F70006E2F756E737461636B313B6D5F6D63755E
:100F80005F6E65745F707265646963746F722F67FA
:100F90006C6F62616C5F73696D706C655F726E6EB1
:100FA0002F73696D706C655F726E6E2F756E7374E2
:100FB00061636B323B6D5F6D63755F6E65745F700F
:100FC0007265646963746F722F676C6F62616C5FC6
:100FD00073696D706C655F726E6E2F73696D706C86
:100FE000655F726E6E2F756E737461636B333B6DEC
:100FF0005F6D63755F6E65745F707265646963745D
:101000006F722F676C6F62616C5F73696D706C6576
:101010005F726E6E2F73696D706C655F726E6E2F8E
:10102000756E737461636B343B6D5F6D63755F6E7A
:1010300065745F707265646963746F722F676C6F3B
:1010400062616C5F73696D706C655F726E6E2F7339
:10105000696D706C655F726E6E2F756E737461630F
:101060006B353B6D5F6D63755F6E65745F70726548
:10107000646963746F722F676C6F62616C5F736910
:101080006D706C655F726E6E2F73696D706C655FED
:10109000726E6E2F756E737461636B363B6D5F6D30
:1010A00063755F6E65745F707265646963746F7297
:1010B0002F676C6F62616C5F73696D706C655F72D6
:1010C0006E6E2F73696D706C655F726E6E2F756ECC
:1010D000737461636B373B6D5F6D63755F6E6574D1
:1010E0005F707265646963746F722F676C6F6261A1
:1010F0006C5F73696D706C655F726E6E2F73696D76
:10110000706C655F726E6E2F756E737461636B3891
:101110003B6D5F6D63755F6E65745F70726564696A
:1011200063746F722F676C6F62616C5F73696D704F
:101130006C655F726E6E2F73696D706C655F726E39
:101140006E2F756E737461636B393B6D5F6D637584
:101150005F6E65745F707265646963746F722F6728
:101160006C6F62616C5F73696D706C655F726E6EDF
:101170002F73696D706C655F726E6E2F756E737410
:1011800061636B31303B6D5F6D63755F6E65745F7E
:10119000707265646963746F722F676C6F62616CE3
:1011A0005F73696D706C655F726E6E2F73696D70C1
:1011B0006C655F726E6E2F756E737461636B313127
:1011C0003B6D5F6D63755F6E65745F7072656469BA
:1011D00063746F722F676C6F62616C5F73696D709F
:1011E0006C655F726E6E2F73696D706C655F726E89
:1011F0006E2F756E737461636B31323B6D5F6D631F
:10120000755F6E65745F707265646963746F722F69
:10121000676C6F62616C5F73696D706C655F726E35
:101220006E2F73696D706C655F726E6E2F756E7365
:101230007461636B31333B6D5F6D63755F6E6574B5
:101240005F707265646963746F722F676C6F62613F
:101250006C5F73696D706C655F726E6E2F73696D14
:10126000706C655F726E6E2F756E737461636B3137
:10127000343B6D5F6D63755F6E65745F707265643E
:101280006963746F722F676C6F62616C5F73696DF5
:10129000706C655F726E6E2F73696D706C655F72D6
:1012A0006E6E2F756E737461636B31353B6D5F6D60
:1012B00063755F6E65745F707265646963746F7285
:1012C0002F676C6F62616C5F73696D706C655F72C4
:1012D0006E6E2F73696D706C655F726E6E2F756EBA
:1012E000737461636B31363B6D5F6D63755F6E6503
:1012F000745F707265646963746F722F676C6F627C
:10130000616C5F73696D706C655F726E6E2F73696F
:101310006D706C655F726E6E2F756E737461636B4A
:1013200031373B6D5F6D63755F6E65745F707265BD
:10133000646963746F722F676C6F62616C5F73694D
:101340006D706C655F726E6E2F73696D706C655F2A
:10135000726E6E2F756E737461636B31383B6D5FA7
:101360006D63755F6E65745F707265646963746FD9
:10137000722F676C6F62616C5F73696D706C655F13
:10138000726E6E2F73696D706C655F726E6E2F7505
:101390006E737461636B31393B6D5F6D63755F6E46
:1013A00065745F707265646963746F722F676C6FC8
:1013B00062616C5F73696D706C655F726E6E2F73C6
:1013C000696D706C655F726E6E2F756E737461639C
:1013D0006B32303B6D5F6D63755F6E65745F70720D
:1013E00065646963746F722F676C6F62616C5F73A1
:1013F000696D706C655F726E6E2F73696D706C6570
:101400005F726E6E2F756E737461636B32313B6DFC
:101410005F6D63755F6E65745F7072656469637438
:101420006F722F676C6F62616C5F73696D706C6552
:101430005F726E6E2F73696D706C655F726E6E2F6A
:10144000756E737461636B32323B6D5F6D63755F94
:101450006E65745F707265646963746F722F676C18
:101460006F62616C5F73696D706C655F726E6E2F19
:1014700073696D706C655F726E6E2F756E737461DB
:10148000636B32333B6D5F6D63755F6E65745F7068
:101490007265646963746F722F676C6F62616C5FF1
:1014A00073696D706C655F726E6E2F73696D706CB1
:1014B000655F726E6E2F756E737461636B32343B51
:1014C0006D5F6D63755F6E65745F7072656469638F
:1014D000746F722F676C6F62616C5F73696D706C93
:1014E000655F726E6E2F73696D706C655F726E6E84
:1014F0002F756E737461636B32353B6D5F6D637511
:101500005F6E65745F707265646963746F722F6774
:101510006C6F62616C5F73696D706C655F726E6E2B
:101520002F73696D706C655F726E6E2F756E73745C
:1015300061636B32363B6D5F6D63755F6E65745FC3
:10154000707265646963746F722F676C6F62616C2F
:101550005F73696D706C655F726E6E2F73696D700D
:101560006C655F726E6E2F756E737461636B32376C
:101570003B6D5F6D63755F6E65745F707265646906
:1015800063746F722F676C6F62616C5F73696D70EB
:101590006C655F726E6E2F73696D706C655F726ED5
:1015A0006E2F756E737461636B32383B6D5F6D6364
:1015B000755F6E65745F707265646963746F722FB6
:1015C000676C6F62616C5F73696D706C655F726E82
:1015D0006E2F73696D706C655F726E6E2F756E73B2
:1015E0007461636B32393B6D5F6D63755F6E6574FB
:1015F0005F707265646963746F722F676C6F62618C
:101600006C5F73696D706C655F726E6E2F73696D60
:10161000706C655F726E6E2F756E737461636B3381
:10162000303B6D5F6D63755F6E65745F707265648E
:101630006963746F722F676C6F62616C5F73696D41
:10164000706C655F726E6E2F73696D706C655F7222
:101650006E6E2F756E737461636B333138000000EA
:10166000020000000100000040000000F27FFFFFC8
:1016700000000001140000003400000040000000E1
:101680000000000984070000347FFFFF080000000D
:10169000140000000100000080FFFFFFFFFFFFFFBC
:1016A0000000000001000000FA4F083C5507000050
:1016B0006D5F6D63755F6E65745F7072656469639D
:1016C000746F722F676C6F62616C5F73696D706CA1
:1016D000655F726E6E2F73696D706C655F726E6E92
:1016E0002F756E737461636B3B6D5F6D63755F6EB9
:1016F00065745F707265646963746F722F676C6F75
:1017000062616C5F73696D706C655F726E6E2F7372
:10171000696D706C655F726E6E2F756E7374616348
:101720006B313B6D5F6D63755F6E65745F70726585
:10173000646963746F722F676C6F62616C5F736949
:101740006D706C655F726E6E2F73696D706C655F26
:10175000726E6E2F756E737461636B323B6D5F6D6D
:1017600063755F6E65745F707265646963746F72D0
:101770002F676C6F62616C5F73696D706C655F720F
:101780006E6E2F73696D706C655F726E6E2F756E05
:10179000737461636B333B6D5F6D63755F6E65740E
:1017A0005F707265646963746F722F676C6F6261DA
:1017B0006C5F73696D706C655F726E6E2F73696DAF
:1017C000706C655F726E6E2F756E737461636B34CF
:1017D0003B6D5F6D63755F6E65745F7072656469A4
:1017E00063746F722F676C6F62616C5F73696D7089
:1017F0006C655F726E6E2F73696D706C655F726E73
:101800006E2F756E737461636B353B6D5F6D6375C1
:101810005F6E65745F707265646963746F722F6761
:101820006C6F62616C5F73696D706C655F726E6E18
:101830002F73696D706C655F726E6E2F756E737449
:1018400061636B363B6D5F6D63755F6E65745F7072
:101850007265646963746F722F676C6F62616C5F2D
:1018600073696D706C655F726E6E2F73696D706CED
:10187000655F726E6E2F756E737461636B373B6D4F
:101880005F6D63755F6E65745F70726564696374C4
:101890006F722F676C6F62616C5F73696D706C65DE
:1018A0005F726E6E2F73696D706C655F726E6E2FF6
:1018B000756E737461636B383B6D5F6D63755F6EDE
:1018C00065745F707265646963746F722F676C6FA3
:1018D00062616C5F73696D706C655F726E6E2F73A1
:1018E000696D706C655F726E6E2F756E7374616377
:1018F0006B393B6D5F6D63755F6E65745F707265AC
:10190000646963746F722F676C6F62616C5F736977
:101910006D706C655F726E6E2F73696D706C655F54
:10192000726E6E2F756E737461636B31303B6D5FD9
:101930006D63755F6E65745F707265646963746F03
:10194000722F676C6F62616C5F73696D706C655F3D
:10195000726E6E2F73696D706C655F726E6E2F752F
:101960006E737461636B31313B6D5F6D63755F6E78
:1019700065745F707265646963746F722F676C6FF2
:1019800062616C5F73696D706C655F726E6E2F73F0
:10199000696D706C655F726E6E2F756E73746163C6
:1019A0006B31323B6D5F6D63755F6E65745F707236
:1019B00065646963746F722F676C6F62616C5F73CB
:1019C000696D706C655F726E6E2F73696D706C659A
:1019D0005F726E6E2F756E737461636B31333B6D26
:1019E0005F6D63755F6E65745F7072656469637463
:1019F0006F722F676C6F62616C5F73696D706C657D
:101A00005F726E6E2F73696D706C655F726E6E2F94
:101A1000756E737461636B31343B6D5F6D63755FBD
:101A20006E65745F707265646963746F722F676C42
:101A30006F62616C5F73696D706C655F726E6E2F43
:101A400073696D706C655F726E6E2F756E73746105
:101A5000636B31353B6D5F6D63755F6E65745F7091
:101A60007265646963746F722F676C6F62616C5F1B
:101A700073696D706C655F726E6E2F73696D706CDB
:101A8000655F726E6E2F756E737461636B31363B7A
:101A90006D5F6D63755F6E65745F707265646963B9
:101AA000746F722F676C6F62616C5F73696D706CBD
:101AB000655F726E6E2F73696D706C655F726E6EAE
:101AC0002F756E737461636B31373B6D5F6D63753A
:101AD0005F6E65745F707265646963746F722F679F
:101AE0006C6F62616C5F73696D706C655F726E6E56
:101AF0002F73696D706C655F726E6E2F756E737487
:101B000061636B31383B6D5F6D63755F6E65745FEC
:101B1000707265646963746F722F676C6F62616C59
:101B20005F73696D706C655F726E6E2F73696D7037
:101B30006C655F726E6E2F756E737461636B313995
:101B40003B6D5F6D63755F6E65745F707265646930
:101B500063746F722F676C6F62616C5F73696D7015
:101B60006C655F726E6E2F73696D706C655F726EFF
:101B70006E2F756E737461636B32303B6D5F6D6396
:101B8000755F6E65745F707265646963746F722FE0
:101B9000676C6F62616C5F73696D706C655F726EAC
:101BA0006E2F73696D706C655F726E6E2F756E73DC
:101BB0007461636B32313B6D5F6D63755F6E65742D
:101BC0005F707265646963746F722F676C6F6261B6
:101BD0006C5F73696D706C655F726E6E2F73696D8B
:101BE000706C655F726E6E2F756E737461636B32AD
:101BF000323B6D5F6D63755F6E65745F70726564B7
:101C00006963746F722F676C6F62616C5F73696D6B
:101C1000706C655F726E6E2F73696D706C655F724C
:101C20006E6E2F756E737461636B32333B6D5F6DD7
:101C300063755F6E65745F707265646963746F72FB
:101C40002F676C6F62616C5F73696D706C655F723A
:101C50006E6E2F73696D706C655F726E6E2F756E30
:101C6000737461636B32343B6D5F6D63755F6E657A
:101C7000745F707265646963746F722F676C6F62F2
:101C8000616C5F73696D706C655F726E6E2F7369E6
:101C90006D706C655F726E6E2F756E737461636BC1
:101CA00032353B6D5F6D63755F6E65745F70726535
:101CB000646963746F722F676C6F62616C5F7369C4
:101CC0006D706C655F726E6E2F73696D706C655FA1
:101CD000726E6E2F756E737461636B32363B6D5F1F
:101CE0006D63755F6E65745F707265646963746F50
:101CF000722F676C6F62616C5F73696D706C655F8A
:101D0000726E6E2F73696D706C655F726E6E2F757B
:101D10006E737461636B32373B6D5F6D63755F6EBD
:101D200065745F707265646963746F722F676C6F3E
:101D300062616C5F73696D706C655F726E6E2F733C
:101D4000696D706C655F726E6E2F756E7374616312
:101D50006B32383B6D5F6D63755F6E65745F70727B
:101D600065646963746F722F676C6F62616C5F7317
:101D7000696D706C655F726E6E2F73696D706C65E6
:101D80005F726E6E2F756E737461636B32393B6D6B
:101D90005F6D63755F6E65745F70726564696374AF
:101DA0006F722F676C6F62616C5F73696D706C65C9
:101DB0005F726E6E2F73696D706C655F726E6E2FE1
:101DC000756E737461636B33303B6D5F6D63755F0C
:101DD0006E65745F707265646963746F722F676C8F
:101DE0006F62616C5F73696D706C655F726E6E2F90
:101DF00073696D706C655F726E6E2F756E73746152
:101E0000636B333137000000020000000100000066
:101E1000400000009A87FFFF00000001140000004E
:101E2000340000003F0000000000000984070000AB
:101E3000DC86FFFF08000000140000000100000025
:101E400080FFFFFFFFFFFFFF000000000100000018
:101E5000FA4F083C550700006D5F6D63755F6E6556
:101E6000745F707265646963746F722F676C6F6200
:101E7000616C5F73696D706C655F726E6E2F7369F4
:101E80006D706C655F726E6E2F756E737461636BCF
:101E90003B6D5F6D63755F6E65745F7072656469DD
:101EA00063746F722F676C6F62616C5F73696D70C2
:101EB0006C655F726E6E2F73696D706C655F726EAC
:101EC0006E2F756E737461636B313B6D5F6D6375FF
:101ED0005F6E65745F707265646963746F722F679B
:101EE0006C6F62616C5F73696D706C655F726E6E52
:101EF0002F73696D706C655F726E6E2F756E737483
:101F000061636B323B6D5F6D63755F6E65745F70AF
:101F10007265646963746F722F676C6F62616C5F66
:101F200073696D706C655F726E6E2F73696D706C26
:101F3000655F726E6E2F756E737461636B333B6D8C
:101F40005F6D63755F6E65745F70726564696374FD
:101F50006F722F676C6F62616C5F73696D706C6517
:101F60005F726E6E2F73696D706C655F726E6E2F2F
:101F7000756E737461636B343B6D5F6D63755F6E1B
:101F800065745F707265646963746F722F676C6FDC
:101F900062616C5F73696D706C655F726E6E2F73DA
:101FA000696D706C655F726E6E2F756E73746163B0
:101FB0006B353B6D5F6D63755F6E65745F707265E9
:101FC000646963746F722F676C6F62616C5F7369B1
:101FD0006D706C655F726E6E2F73696D706C655F8E
:101FE000726E6E2F756E737461636B363B6D5F6DD1
:101FF00063755F6E65745F707265646963746F7238
:102000002F676C6F62616C5F73696D706C655F7276
:102010006E6E2F73696D706C655F726E6E2F756E6C
:10202000737461636B373B6D5F6D63755F6E657471
:102030005F707265646963746F722F676C6F626141
:102040006C5F73696D706C655F726E6E2F73696D16
:10205000706C655F726E6E2F756E737461636B3832
:102060003B6D5F6D63755F6E65745F70726564690B
:1020700063746F722F676C6F62616C5F73696D70F0
:102080006C655F726E6E2F73696D706C655F726EDA
:102090006E2F756E737461636B393B6D5F6D637525
:1020A0005F6E65745F707265646963746F722F67C9
:1020B0006C6F62616C5F73696D706C655F726E6E80
:1020C0002F73696D706C655F726E6E2F756E7374B1
:1020D00061636B31303B6D5F6D63755F6E65745F1F
:1020E000707265646963746F722F676C6F62616C84
:1020F0005F73696D706C655F726E6E2F73696D7062
:102100006C655F726E6E2F756E737461636B3131C7
:102110003B6D5F6D63755F6E65745F70726564695A
:1021200063746F722F676C6F62616C5F73696D703F
:102130006C655F726E6E2F73696D706C655F726E29
:102140006E2F756E737461636B31323B6D5F6D63BF
:10215000755F6E65745F707265646963746F722F0A
:10216000676C6F62616C5F73696D706C655F726ED6
:102170006E2F73696D706C655F726E6E2F756E7306
:102180007461636B31333B6D5F6D63755F6E657456
:102190005F707265646963746F722F676C6F6261E0
:1021A0006C5F73696D706C655F726E6E2F73696DB5
:1021B000706C655F726E6E2F756E737461636B31D8
:1021C000343B6D5F6D63755F6E65745F70726564DF
:1021D0006963746F722F676C6F62616C5F73696D96
:1021E000706C655F726E6E2F73696D706C655F7277
:1021F0006E6E2F756E737461636B31353B6D5F6D01
:1022000063755F6E65745F707265646963746F7225
:102210002F676C6F62616C5F73696D706C655F7264
:102220006E6E2F73696D706C655F726E6E2F756E5A
:10223000737461636B31363B6D5F6D63755F6E65A3
:10224000745F707265646963746F722F676C6F621C
:10225000616C5F73696D706C655F726E6E2F736910
:102260006D706C655F726E6E2F756E737461636BEB
:1022700031373B6D5F6D63755F6E65745F7072655E
:10228000646963746F722F676C6F62616C5F7369EE
:102290006D706C655F726E6E2F73696D706C655FCB
:1022A000726E6E2F756E737461636B31383B6D5F48
:1022B0006D63755F6E65745F707265646963746F7A
:1022C000722F676C6F62616C5F73696D706C655FB4
:1022D000726E6E2F73696D706C655F726E6E2F75A6
:1022E0006E737461636B31393B6D5F6D63755F6EE7
:1022F00065745F707265646963746F722F676C6F69
:1023000062616C5F73696D706C655F726E6E2F7366
:10231000696D706C655F726E6E2F756E737461633C
:102320006B32303B6D5F6D63755F6E65745F7072AD
:1023300065646963746F722F676C6F62616C5F7341
:10234000696D706C655F726E6E2F73696D706C6510
:102350005F726E6E2F756E737461636B32313B6D9D
:102360005F6D63755F6E65745F70726564696374D9
:102370006F722F676C6F62616C5F73696D706C65F3
:102380005F726E6E2F73696D706C655F726E6E2F0B
:10239000756E737461636B32323B6D5F6D63755F35
:1023A0006E65745F707265646963746F722F676CB9
:1023B0006F62616C5F73696D706C655F726E6E2FBA
:1023C00073696D706C655F726E6E2F756E7374617C
:1023D000636B32333B6D5F6D63755F6E65745F7009
:1023E0007265646963746F722F676C6F62616C5F92
:1023F00073696D706C655F726E6E2F73696D706C52
:10240000655F726E6E2F756E737461636B32343BF1
:102410006D5F6D63755F6E65745F7072656469632F
:10242000746F722F676C6F62616C5F73696D706C33
:10243000655F726E6E2F73696D706C655F726E6E24
:102440002F756E737461636B32353B6D5F6D6375B1
:102450005F6E65745F707265646963746F722F6715
:102460006C6F62616C5F73696D706C655F726E6ECC
:102470002F73696D706C655F726E6E2F756E7374FD
:1024800061636B32363B6D5F6D63755F6E65745F64
:10249000707265646963746F722F676C6F62616CD0
:1024A0005F73696D706C655F726E6E2F73696D70AE
:1024B0006C655F726E6E2F756E737461636B32370D
:1024C0003B6D5F6D63755F6E65745F7072656469A7
:1024D00063746F722F676C6F62616C5F73696D708C
:1024E0006C655F726E6E2F73696D706C655F726E76
:1024F0006E2F756E737461636B32383B6D5F6D6305
:10250000755F6E65745F707265646963746F722F56
:10251000676C6F62616C5F73696D706C655F726E22
:102520006E2F73696D706C655F726E6E2F756E7352
:102530007461636B32393B6D5F6D63755F6E65749B
:102540005F707265646963746F722F676C6F62612C
:102550006C5F73696D706C655F726E6E2F73696D01
:10256000706C655F726E6E2F756E737461636B3322
:10257000303B6D5F6D63755F6E65745F707265642F
:102580006963746F722F676C6F62616C5F73696DE2
:10259000706C655F726E6E2F73696D706C655F72C3
:1025A0006E6E2F756E737461636B3331360000008D
:1025B000020000000100000040000000428FFFFF09
:1025C0000000000114000000340000003E00000084
:1025D0000000000984070000848EFFFF080000004F
:1025E000140000000100000080FFFFFFFFFFFFFF5D
:1025F0000000000001000000FA4F083C55070000F1
:102600006D5F6D63755F6E65745F7072656469633D
:10261000746F722F676C6F62616C5F73696D706C41
:10262000655F726E6E2F73696D706C655F726E6E32
:102630002F756E737461636B3B6D5F6D63755F6E59
:1026400065745F707265646963746F722F676C6F15
:1026500062616C5F73696D706C655F726E6E2F7313
:10266000696D706C655F726E6E2F756E73746163E9
:102670006B313B6D5F6D63755F6E65745F70726526
:10268000646963746F722F676C6F62616C5F7369EA
:102690006D706C655F726E6E2F73696D706C655FC7
:1026A000726E6E2F756E737461636B323B6D5F6D0E
:1026B00063755F6E65745F707265646963746F7271
:1026C0002F676C6F62616C5F73696D706C655F72B0
:1026D0006E6E2F73696D706C655F726E6E2F756EA6
:1026E000737461636B333B6D5F6D63755F6E6574AF
:1026F0005F707265646963746F722F676C6F62617B
:102700006C5F73696D706C655F726E6E2F73696D4F
:10271000706C655F726E6E2F756E737461636B346F
:102720003B6D5F6D63755F6E65745F707265646944
:1027300063746F722F676C6F62616C5F73696D7029
:102740006C655F726E6E2F73696D706C655F726E13
:102750006E2F756E737461636B353B6D5F6D637562
:102760005F6E65745F707265646963746F722F6702
:102770006C6F62616C5F73696D706C655F726E6EB9
:102780002F73696D706C655F726E6E2F756E7374EA
:1027900061636B363B6D5F6D63755F6E65745F7013
:1027A0007265646963746F722F676C6F62616C5FCE
:1027B00073696D706C655F726E6E2F73696D706C8E
:1027C000655F726E6E2F756E737461636B373B6DF0
:1027D0005F6D63755F6E65745F7072656469637465
:1027E0006F722F676C6F62616C5F73696D706C657F
:1027F0005F726E6E2F73696D706C655F726E6E2F97
:10280000756E737461636B383B6D5F6D63755F6E7E
:1028100065745F707265646963746F722F676C6F43
:1028200062616C5F73696D706C655F726E6E2F7341
:10283000696D706C655F726E6E2F756E7374616317
:102840006B393B6D5F6D63755F6E65745F7072654C
:10285000646963746F722F676C6F62616C5F736918
:102860006D706C655F726E6E2F73696D706C655FF5
:10287000726E6E2F756E737461636B31303B6D5F7A
:102880006D63755F6E65745F707265646963746FA4
:10289000722F676C6F62616C5F73696D706C655FDE
:1028A000726E6E2F73696D706C655F726E6E2F75D0
:1028B0006E737461636B31313B6D5F6D63755F6E19
:1028C00065745F707265646963746F722F676C6F93
:1028D00062616C5F73696D706C655F726E6E2F7391
:1028E000696D706C655F726E6E2F756E7374616367
:1028F0006B31323B6D5F6D63755F6E65745F7072D7
:1029000065646963746F722F676C6F62616C5F736B
:10291000696D706C655F726E6E2F73696D706C653A
:102920005F726E6E2F756E737461636B31333B6DC6
:102930005F6D63755F6E65745F7072656469637403
:102940006F722F676C6F62616C5F73696D706C651D
:102950005F726E6E2F73696D706C655F726E6E2F35
:10296000756E737461636B31343B6D5F6D63755F5E
:102970006E65745F707265646963746F722F676CE3
:102980006F62616C5F73696D706C655F726E6E2FE4
:1029900073696D706C655F726E6E2F756E737461A6
:1029A000636B31353B6D5F6D63755F6E65745F7032
:1029B0007265646963746F722F676C6F62616C5FBC
:1029C00073696D706C655F726E6E2F73696D706C7C
:1029D000655F726E6E2F756E737461636B31363B1B
:1029E0006D5F6D63755F6E65745F7072656469635A
:1029F000746F722F676C6F62616C5F73696D706C5E
:102A0000655F726E6E2F73696D706C655F726E6E4E
:102A10002F756E737461636B31373B6D5F6D6375DA
:102A20005F6E65745F707265646963746F722F673F
:102A30006C6F62616C5F73696D706C655F726E6EF6
:102A40002F73696D706C655F726E6E2F756E737427
:102A500061636B31383B6D5F6D63755F6E65745F8D
:102A6000707265646963746F722F676C6F62616CFA
:102A70005F73696D706C655F726E6E2F73696D70D8
:102A80006C655F726E6E2F756E737461636B313936
:102A90003B6D5F6D63755F6E65745F7072656469D1
:102AA00063746F722F676C6F62616C5F73696D70B6
:102AB0006C655F726E6E2F73696D706C655F726EA0
:102AC0006E2F756E737461636B32303B6D5F6D6337
:102AD000755F6E65745F707265646963746F722F81
:102AE000676C6F62616C5F73696D706C655F726E4D
:102AF0006E2F73696D706C655F726E6E2F756E737D
:102B00007461636B32313B6D5F6D63755F6E6574CD
:102B10005F707265646963746F722F676C6F626156
:102B20006C5F73696D706C655F726E6E2F73696D2B
:102B3000706C655F726E6E2F756E737461636B324D
:102B4000323B6D5F6D63755F6E65745F7072656457
:102B50006963746F722F676C6F62616C5F73696D0C
:102B6000706C655F726E6E2F73696D706C655F72ED
:102B70006E6E2F756E737461636B32333B6D5F6D78
:102B800063755F6E65745F707265646963746F729C
:102B90002F676C6F62616C5F73696D706C655F72DB
:102BA0006E6E2F73696D706C655F726E6E2F756ED1
:102BB000737461636B32343B6D5F6D63755F6E651B
:102BC000745F707265646963746F722F676C6F6293
:102BD000616C5F73696D706C655F726E6E2F736987
:102BE0006D706C655F726E6E2F756E737461636B62
:102BF00032353B6D5F6D63755F6E65745F707265D6
:102C0000646963746F722F676C6F62616C5F736964
:102C10006D706C655F726E6E2F73696D706C655F41
:102C2000726E6E2F756E737461636B32363B6D5FBF
:102C30006D63755F6E65745F707265646963746FF0
:102C4000722F676C6F62616C5F73696D706C655F2A
:102C5000726E6E2F73696D706C655F726E6E2F751C
:102C60006E737461636B32373B6D5F6D63755F6E5E
:102C700065745F707265646963746F722F676C6FDF
:102C800062616C5F73696D706C655F726E6E2F73DD
:102C9000696D706C655F726E6E2F756E73746163B3
:102CA0006B32383B6D5F6D63755F6E65745F70721C
:102CB00065646963746F722F676C6F62616C5F73B8
:102CC000696D706C655F726E6E2F73696D706C6587
:102CD0005F726E6E2F756E737461636B32393B6D0C
:102CE0005F6D63755F6E65745F7072656469637450
:102CF0006F722F676C6F62616C5F73696D706C656A
:102D00005F726E6E2F73696D706C655F726E6E2F81
:102D1000756E737461636B33303B6D5F6D63755FAC
:102D20006E65745F707265646963746F722F676C2F
:102D30006F62616C5F73696D706C655F726E6E2F30
:102D400073696D706C655F726E6E2F756E737461F2
:102D5000636B333135000000020000000100000009
:102D600040000000EA96FFFF000000011400000090
:102D7000340000003D00000000000009840700004E
:102D80002C96FFFF08000000140000000100000066
:102D900080FFFFFFFFFFFFFF0000000001000000B9
:102DA000FA4F083C550700006D5F6D63755F6E65F7
:102DB000745F707265646963746F722F676C6F62A1
:102DC000616C5F73696D706C655F726E6E2F736995
:102DD0006D706C655F726E6E2F756E737461636B70
:102DE0003B6D5F6D63755F6E65745F70726564697E
:102DF00063746F722F676C6F62616C5F73696D7063
:102E00006C655F726E6E2F73696D706C655F726E4C
:102E10006E2F756E737461636B313B6D5F6D63759F
:102E20005F6E65745F707265646963746F722F673B
:102E30006C6F62616C5F73696D706C655F726E6EF2
:102E40002F73696D706C655F726E6E2F756E737423
:102E500061636B323B6D5F6D63755F6E65745F7050
:102E60007265646963746F722F676C6F62616C5F07
:102E700073696D706C655F726E6E2F73696D706CC7
:102E8000655F726E6E2F756E737461636B333B6D2D
:102E90005F6D63755F6E65745F707265646963749E
:102EA0006F722F676C6F62616C5F73696D706C65B8
:102EB0005F726E6E2F73696D706C655F726E6E2FD0
:102EC000756E737461636B343B6D5F6D63755F6EBC
:102ED00065745F707265646963746F722F676C6F7D
:102EE00062616C5F73696D706C655F726E6E2F737B
:102EF000696D706C655F726E6E2F756E7374616351
:102F00006B353B6D5F6D63755F6E65745F70726589
:102F1000646963746F722F676C6F62616C5F736951
:102F20006D706C655F726E6E2F73696D706C655F2E
:102F3000726E6E2F756E737461636B363B6D5F6D71
:102F400063755F6E65745F707265646963746F72D8
:102F50002F676C6F62616C5F73696D706C655F7217
:102F60006E6E2F73696D706C655F726E6E2F756E0D
:102F7000737461636B373B6D5F6D63755F6E657412
:102F80005F707265646963746F722F676C6F6261E2
:102F90006C5F73696D706C655F726E6E2F73696DB7
:102FA000706C655F726E6E2F756E737461636B38D3
:102FB0003B6D5F6D63755F6E65745F7072656469AC
:102FC00063746F722F676C6F62616C5F73696D7091
:102FD0006C655F726E6E2F73696D706C655F726E7B
:102FE0006E2F756E737461636B393B6D5F6D6375C6
:102FF0005F6E65745F707265646963746F722F676A
:103000006C6F62616C5F73696D706C655F726E6E20
:103010002F73696D706C655F726E6E2F756E737451
:1030200061636B31303B6D5F6D63755F6E65745FBF
:10303000707265646963746F722F676C6F62616C24
:103040005F73696D706C655F726E6E2F73696D7002
:103050006C655F726E6E2F756E737461636B313168
:103060003B6D5F6D63755F6E65745F7072656469FB
:1030700063746F722F676C6F62616C5F73696D70E0
:103080006C655F726E6E2F73696D706C655F726ECA
:103090006E2F756E737461636B31323B6D5F6D6360
:1030A000755F6E65745F707265646963746F722FAB
:1030B000676C6F62616C5F73696D706C655F726E77
:1030C0006E2F73696D706C655F726E6E2F756E73A7
:1030D0007461636B31333B6D5F6D63755F6E6574F7
:1030E0005F707265646963746F722F676C6F626181
:1030F0006C5F73696D706C655F726E6E2F73696D56
:10310000706C655F726E6E2F756E737461636B3178
:10311000343B6D5F6D63755F6E65745F707265647F
:103120006963746F722F676C6F62616C5F73696D36
:10313000706C655F726E6E2F73696D706C655F7217
:103140006E6E2F756E737461636B31353B6D5F6DA1
:1031500063755F6E65745F707265646963746F72C6
:103160002F676C6F62616C5F73696D706C655F7205
:103170006E6E2F73696D706C655F726E6E2F756EFB
:10318000737461636B31363B6D5F6D63755F6E6544
:10319000745F707265646963746F722F676C6F62BD
:1031A000616C5F73696D706C655F726E6E2F7369B1
:1031B0006D706C655F726E6E2F756E737461636B8C
:1031C00031373B6D5F6D63755F6E65745F707265FF
:1031D000646963746F722F676C6F62616C5F73698F
:1031E0006D706C655F726E6E2F73696D706C655F6C
:1031F000726E6E2F756E737461636B31383B6D5FE9
:103200006D63755F6E65745F707265646963746F1A
:10321000722F676C6F62616C5F73696D706C655F54
:10322000726E6E2F73696D706C655F726E6E2F7546
:103230006E737461636B31393B6D5F6D63755F6E87
:1032400065745F707265646963746F722F676C6F09
:1032500062616C5F73696D706C655F726E6E2F7307
:10326000696D706C655F726E6E2F756E73746163DD
:103270006B32303B6D5F6D63755F6E65745F70724E
:1032800065646963746F722F676C6F62616C5F73E2
:10329000696D706C655F726E6E2F73696D706C65B1
:1032A0005F726E6E2F756E737461636B32313B6D3E
:1032B0005F6D63755F6E65745F707265646963747A
:1032C0006F722F676C6F62616C5F73696D706C6594
:1032D0005F726E6E2F73696D706C655F726E6E2FAC
:1032E000756E737461636B32323B6D5F6D63755FD6
:1032F0006E65745F707265646963746F722F676C5A
:103300006F62616C5F73696D706C655F726E6E2F5A
:1033100073696D706C655F726E6E2F756E7374611C
:10332000636B32333B6D5F6D63755F6E65745F70A9
:103330007265646963746F722F676C6F62616C5F32
:1033400073696D706C655F726E6E2F73696D706CF2
:10335000655F726E6E2F756E737461636B32343B92
:103360006D5F6D63755F6E65745F707265646963D0
:10337000746F722F676C6F62616C5F73696D706CD4
:10338000655F726E6E2F73696D706C655F726E6EC5
:103390002F756E737461636B32353B6D5F6D637552
:1033A0005F6E65745F707265646963746F722F67B6
:1033B0006C6F62616C5F73696D706C655F726E6E6D
:1033C0002F73696D706C655F726E6E2F756E73749E
:1033D00061636B32363B6D5F6D63755F6E65745F05
:1033E000707265646963746F722F676C6F62616C71
:1033F0005F73696D706C655F726E6E2F73696D704F
:103400006C655F726E6E2F756E737461636B3237AD
:103410003B6D5F6D63755F6E65745F707265646947
:1034200063746F722F676C6F62616C5F73696D702C
:103430006C655F726E6E2F73696D706C655F726E16
:103440006E2F756E737461636B32383B6D5F6D63A5
:10345000755F6E65745F707265646963746F722FF7
:10346000676C6F62616C5F73696D706C655F726EC3
:103470006E2F73696D706C655F726E6E2F756E73F3
:103480007461636B32393B6D5F6D63755F6E65743C
:103490005F707265646963746F722F676C6F6261CD
:1034A0006C5F73696D706C655F726E6E2F73696DA2
:1034B000706C655F726E6E2F756E737461636B33C3
:1034C000303B6D5F6D63755F6E65745F70726564D0
:1034D0006963746F722F676C6F62616C5F73696D83
:1034E000706C655F726E6E2F73696D706C655F7264
:1034F0006E6E2F756E737461636B33313400000030
:10350000020000000100000040000000929EFFFF4A
:103510000000000114000000340000003C00000026
:103520000000000984070000D49DFFFF0800000090
:10353000140000000100000080FFFFFFFFFFFFFFFD
:103540000000000001000000FA4F083C5507000091
:103550006D5F6D63755F6E65745F707265646963DE
:10356000746F722F676C6F62616C5F73696D706CE2
:10357000655F726E6E2F73696D706C655F726E6ED3
:103580002F756E737461636B3B6D5F6D63755F6EFA
:1035900065745F707265646963746F722F676C6FB6
:1035A00062616C5F73696D706C655F726E6E2F73B4
:1035B000696D706C655F726E6E2F756E737461638A
:1035C0006B313B6D5F6D63755F6E65745F707265C7
:1035D000646963746F722F676C6F62616C5F73698B
:1035E0006D706C655F726E6E2F73696D706C655F68
:1035F000726E6E2F756E737461636B323B6D5F6DAF
:1036000063755F6E65745F707265646963746F7211
:103610002F676C6F62616C5F73696D706C655F7250
:103620006E6E2F73696D706C655F726E6E2F756E46
:10363000737461636B333B6D5F6D63755F6E65744F
:103640005F707265646963746F722F676C6F62611B
:103650006C5F73696D706C655F726E6E2F73696DF0
:10366000706C655F726E6E2F756E737461636B3410
:103670003B6D5F6D63755F6E65745F7072656469E5
:1036800063746F722F676C6F62616C5F73696D70CA
:103690006C655F726E6E2F73696D706C655F726EB4
:1036A0006E2F756E737461636B353B6D5F6D637503
:1036B0005F6E65745F707265646963746F722F67A3
:1036C0006C6F62616C5F73696D706C655F726E6E5A
:1036D0002F73696D706C655F726E6E2F756E73748B
:1036E00061636B363B6D5F6D63755F6E65745F70B4
:1036F0007265646963746F722F676C6F62616C5F6F
:1037000073696D706C655F726E6E2F73696D706C2E
:10371000655F726E6E2F756E737461636B373B6D90
:103720005F6D63755F6E65745F7072656469637405
:103730006F722F676C6F62616C5F73696D706C651F
:103740005F726E6E2F73696D706C655F726E6E2F37
:10375000756E737461636B383B6D5F6D63755F6E1F
:1037600065745F707265646963746F722F676C6FE4
:1037700062616C5F73696D706C655F726E6E2F73E2
:10378000696D706C655F726E6E2F756E73746163B8
:103790006B393B6D5F6D63755F6E65745F707265ED
:1037A000646963746F722F676C6F62616C5F7369B9
:1037B0006D706C655F726E6E2F73696D706C655F96
:1037C000726E6E2F756E737461636B31303B6D5F1B
:1037D0006D63755F6E65745F707265646963746F45
:1037E000722F676C6F62616C5F73696D706C655F7F
:1037F000726E6E2F73696D706C655F726E6E2F7571
:103800006E737461636B31313B6D5F6D63755F6EB9
:1038100065745F707265646963746F722F676C6F33
:1038200062616C5F73696D706C655F726E6E2F7331
:10383000696D706C655F726E6E2F756E7374616307
:103840006B31323B6D5F6D63755F6E65745F707277
:1038500065646963746F722F676C6F62616C5F730C
:10386000696D706C655F726E6E2F73696D706C65DB
:103870005F726E6E2F756E737461636B31333B6D67
:103880005F6D63755F6E65745F70726564696374A4
:103890006F722F676C6F62616C5F73696D706C65BE
:1038A0005F726E6E2F73696D706C655F726E6E2FD6
:1038B000756E737461636B31343B6D5F6D63755FFF
:1038C0006E65745F707265646963746F722F676C84
:1038D0006F62616C5F73696D706C655F726E6E2F85
:1038E00073696D706C655F726E6E2F756E73746147
:1038F000636B31353B6D5F6D63755F6E65745F70D3
:103900007265646963746F722F676C6F62616C5F5C
:1039100073696D706C655F726E6E2F73696D706C1C
:10392000655F726E6E2F756E737461636B31363BBB
:103930006D5F6D63755F6E65745F707265646963FA
:10394000746F722F676C6F62616C5F73696D706CFE
:10395000655F726E6E2F73696D706C655F726E6EEF
:103960002F756E737461636B31373B6D5F6D63757B
:103970005F6E65745F707265646963746F722F67E0
:103980006C6F62616C5F73696D706C655F726E6E97
:103990002F73696D706C655F726E6E2F756E7374C8
:1039A00061636B31383B6D5F6D63755F6E65745F2E
:1039B000707265646963746F722F676C6F62616C9B
:1039C0005F73696D706C655F726E6E2F73696D7079
:1039D0006C655F726E6E2F756E737461636B3139D7
:1039E0003B6D5F6D63755F6E65745F707265646972
:1039F00063746F722F676C6F62616C5F73696D7057
:103A00006C655F726E6E2F73696D706C655F726E40
:103A10006E2F756E737461636B32303B6D5F6D63D7
:103A2000755F6E65745F707265646963746F722F21
:103A3000676C6F62616C5F73696D706C655F726EED
:103A40006E2F73696D706C655F726E6E2F756E731D
:103A50007461636B32313B6D5F6D63755F6E65746E
:103A60005F707265646963746F722F676C6F6261F7
:103A70006C5F73696D706C655F726E6E2F73696DCC
:103A8000706C655F726E6E2F756E737461636B32EE
:103A9000323B6D5F6D63755F6E65745F70726564F8
:103AA0006963746F722F676C6F62616C5F73696DAD
:103AB000706C655F726E6E2F73696D706C655F728E
:103AC0006E6E2F756E737461636B32333B6D5F6D19
:103AD00063755F6E65745F707265646963746F723D
:103AE0002F676C6F62616C5F73696D706C655F727C
:103AF0006E6E2F73696D706C655F726E6E2F756E72
:103B0000737461636B32343B6D5F6D63755F6E65BB
:103B1000745F707265646963746F722F676C6F6233
:103B2000616C5F73696D706C655F726E6E2F736927
:103B30006D706C655F726E6E2F756E737461636B02
:103B400032353B6D5F6D63755F6E65745F70726576
:103B5000646963746F722F676C6F62616C5F736905
:103B60006D706C655F726E6E2F73696D706C655FE2
:103B7000726E6E2F756E737461636B32363B6D5F60
:103B80006D63755F6E65745F707265646963746F91
:103B9000722F676C6F62616C5F73696D706C655FCB
:103BA000726E6E2F73696D706C655F726E6E2F75BD
:103BB0006E737461636B32373B6D5F6D63755F6EFF
:103BC00065745F707265646963746F722F676C6F80
:103BD00062616C5F73696D706C655F726E6E2F737E
:103BE000696D706C655F726E6E2F756E7374616354
:103BF0006B32383B6D5F6D63755F6E65745F7072BD
:103C000065646963746F722F676C6F62616C5F7358
:103C1000696D706C655F726E6E2F73696D706C6527
:103C20005F726E6E2F756E737461636B32393B6DAC
:103C30005F6D63755F6E65745F70726564696374F0
:103C40006F722F676C6F62616C5F73696D706C650A
:103C50005F726E6E2F73696D706C655F726E6E2F22
:103C6000756E737461636B33303B6D5F6D63755F4D
:103C70006E65745F707265646963746F722F676CD0
:103C80006F62616C5F73696D706C655F726E6E2FD1
:103C900073696D706C655F726E6E2F756E73746193
:103CA000636B3331330000000200000001000000AC
:103CB000400000003AA6FFFF0000000114000000D1
:103CC000340000003B0000000000000984070000F1
:103CD0007CA5FFFF080000001400000001000000A8
:103CE00080FFFFFFFFFFFFFF00000000010000005A
:103CF000FA4F083C550700006D5F6D63755F6E6598
:103D0000745F707265646963746F722F676C6F6241
:103D1000616C5F73696D706C655F726E6E2F736935
:103D20006D706C655F726E6E2F756E737461636B10
:103D30003B6D5F6D63755F6E65745F70726564691E
:103D400063746F722F676C6F62616C5F73696D7003
:103D50006C655F726E6E2F73696D706C655F726EED
:103D60006E2F756E737461636B313B6D5F6D637540
:103D70005F6E65745F707265646963746F722F67DC
:103D80006C6F62616C5F73696D706C655F726E6E93
:103D90002F73696D706C655F726E6E2F756E7374C4
:103DA00061636B323B6D5F6D63755F6E65745F70F1
:103DB0007265646963746F722F676C6F62616C5FA8
:103DC00073696D706C655F726E6E2F73696D706C68
:103DD000655F726E6E2F756E737461636B333B6DCE
:103DE0005F6D63755F6E65745F707265646963743F
:103DF0006F722F676C6F62616C5F73696D706C6559
:103E00005F726E6E2F73696D706C655F726E6E2F70
:103E1000756E737461636B343B6D5F6D63755F6E5C
:103E200065745F707265646963746F722F676C6F1D
:103E300062616C5F73696D706C655F726E6E2F731B
:103E4000696D706C655F726E6E2F756E73746163F1
:103E50006B353B6D5F6D63755F6E65745F7072652A
:103E6000646963746F722F676C6F62616C5F7369F2
:103E70006D706C655F726E6E2F73696D706C655FCF
:103E8000726E6E2F756E737461636B363B6D5F6D12
:103E900063755F6E65745F707265646963746F7279
:103EA0002F676C6F62616C5F73696D706C655F72B8
:103EB0006E6E2F73696D706C655F726E6E2F756EAE
:103EC000737461636B373B6D5F6D63755F6E6574B3
:103ED0005F707265646963746F722F676C6F626183
:103EE0006C5F73696D706C655F726E6E2F73696D58
:103EF000706C655F726E6E2F756E737461636B3874
:103F00003B6D5F6D63755F6E65745F70726564694C
:103F100063746F722F676C6F62616C5F73696D7031
:103F20006C655F726E6E2F73696D706C655F726E1B
:103F30006E2F756E737461636B393B6D5F6D637566
:103F40005F6E65745F707265646963746F722F670A
:103F50006C6F62616C5F73696D706C655F726E6EC1
:103F60002F73696D706C655F726E6E2F756E7374F2
:103F700061636B31303B6D5F6D63755F6E65745F60
:103F8000707265646963746F722F676C6F62616CC5
:103F90005F73696D706C655F726E6E2F73696D70A3
:103FA0006C655F726E6E2F756E737461636B313109
:103FB0003B6D5F6D63755F6E65745F70726564699C
:103FC00063746F722F676C6F62616C5F73696D7081
:103FD0006C655F726E6E2F73696D706C655F726E6B
:103FE0006E2F756E737461636B31323B6D5F6D6301
:103FF000755F6E65745F707265646963746F722F4C
:10400000676C6F62616C5F73696D706C655F726E17
:104010006E2F73696D706C655F726E6E2F756E7347
:104020007461636B31333B6D5F6D63755F6E657497
:104030005F707265646963746F722F676C6F626121
:104040006C5F73696D706C655F726E6E2F73696DF6
:10405000706C655F726E6E2F756E737461636B3119
:10406000343B6D5F6D63755F6E65745F7072656420
:104070006963746F722F676C6F62616C5F73696DD7
:10408000706C655F726E6E2F73696D706C655F72B8
:104090006E6E2F756E737461636B31353B6D5F6D42
:1040A00063755F6E65745F707265646963746F7267
:1040B0002F676C6F62616C5F73696D706C655F72A6
:1040C0006E6E2F73696D706C655F726E6E2F756E9C
:1040D000737461636B31363B6D5F6D63755F6E65E5
:1040E000745F707265646963746F722F676C6F625E
:1040F000616C5F73696D706C655F726E6E2F736952
:104100006D706C655F726E6E2F756E737461636B2C
:1041100031373B6D5F6D63755F6E65745F7072659F
:10412000646963746F722F676C6F62616C5F73692F
:104130006D706C655F726E6E2F73696D706C655F0C
:10414000726E6E2F756E737461636B31383B6D5F89
:104150006D63755F6E65745F707265646963746FBB
:10416000722F676C6F62616C5F73696D706C655FF5
:10417000726E6E2F73696D706C655F726E6E2F75E7
:104180006E737461636B31393B6D5F6D63755F6E28
:1041900065745F707265646963746F722F676C6FAA
:1041A00062616C5F73696D706C655F726E6E2F73A8
:1041B000696D706C655F726E6E2F756E737461637E
:1041C0006B32303B6D5F6D63755F6E65745F7072EF
:1041D00065646963746F722F676C6F62616C5F7383
:1041E000696D706C655F726E6E2F73696D706C6552
:1041F0005F726E6E2F756E737461636B32313B6DDF
:104200005F6D63755F6E65745F707265646963741A
:104210006F722F676C6F62616C5F73696D706C6534
:104220005F726E6E2F73696D706C655F726E6E2F4C
:10423000756E737461636B32323B6D5F6D63755F76
:104240006E65745F707265646963746F722F676CFA
:104250006F62616C5F73696D706C655F726E6E2FFB
:1042600073696D706C655F726E6E2F756E737461BD
:10427000636B32333B6D5F6D63755F6E65745F704A
:104280007265646963746F722F676C6F62616C5FD3
:1042900073696D706C655F726E6E2F73696D706C93
:1042A000655F726E6E2F756E737461636B32343B33
:1042B0006D5F6D63755F6E65745F70726564696371
:1042C000746F722F676C6F62616C5F73696D706C75
:1042D000655F726E6E2F73696D706C655F726E6E66
:1042E0002F756E737461636B32353B6D5F6D6375F3
:1042F0005F6E65745F707265646963746F722F6757
:104300006C6F62616C5F73696D706C655F726E6E0D
:104310002F73696D706C655F726E6E2F756E73743E
:1043200061636B32363B6D5F6D63755F6E65745FA5
:10433000707265646963746F722F676C6F62616C11
:104340005F73696D706C655F726E6E2F73696D70EF
:104350006C655F726E6E2F756E737461636B32374E
:104360003B6D5F6D63755F6E65745F7072656469E8
:1043700063746F722F676C6F62616C5F73696D70CD
:104380006C655F726E6E2F73696D706C655F726EB7
:104390006E2F756E737461636B32383B6D5F6D6346
:1043A000755F6E65745F707265646963746F722F98
:1043B000676C6F62616C5F73696D706C655F726E64
:1043C0006E2F73696D706C655F726E6E2F756E7394
:1043D0007461636B32393B6D5F6D63755F6E6574DD
:1043E0005F707265646963746F722F676C6F62616E
:1043F0006C5F73696D706C655F726E6E2F73696D43
:10440000706C655F726E6E2F756E737461636B3363
:10441000303B6D5F6D63755F6E65745F7072656470
:104420006963746F722F676C6F62616C5F73696D23
:10443000706C655F726E6E2F73696D706C655F7204
:104440006E6E2F756E737461636B333132000000D2
:10445000020000000100000040000000E2ADFFFF8C
:104460000000000114000000340000003A000000C9
:10447000000000098407000024ADFFFF08000000D1
:10448000140000000100000080FFFFFFFFFFFFFF9E
:104490000000000001000000FA4F083C5507000032
:1044A0006D5F6D63755F6E65745F7072656469637F
:1044B000746F722F676C6F62616C5F73696D706C83
:1044C000655F726E6E2F73696D706C655F726E6E74
:1044D0002F756E737461636B3B6D5F6D63755F6E9B
:1044E00065745F707265646963746F722F676C6F57
:1044F00062616C5F73696D706C655F726E6E2F7355
:10450000696D706C655F726E6E2F756E737461632A
:104510006B313B6D5F6D63755F6E65745F70726567
:10452000646963746F722F676C6F62616C5F73692B
:104530006D706C655F726E6E2F73696D706C655F08
:10454000726E6E2F756E737461636B323B6D5F6D4F
:1045500063755F6E65745F707265646963746F72B2
:104560002F676C6F62616C5F73696D706C655F72F1
:104570006E6E2F73696D706C655F726E6E2F756EE7
:10458000737461636B333B6D5F6D63755F6E6574F0
:104590005F707265646963746F722F676C6F6261BC
:1045A0006C5F73696D706C655F726E6E2F73696D91
:1045B000706C655F726E6E2F756E737461636B34B1
:1045C0003B6D5F6D63755F6E65745F707265646986
:1045D00063746F722F676C6F62616C5F73696D706B
:1045E0006C655F726E6E2F73696D706C655F726E55
:1045F0006E2F756E737461636B353B6D5F6D6375A4
:104600005F6E65745F707265646963746F722F6743
:104610006C6F62616C5F73696D706C655F726E6EFA
:104620002F73696D706C655F726E6E2F756E73742B
:1046300061636B363B6D5F6D63755F6E65745F7054
:104640007265646963746F722F676C6F62616C5F0F
:1046500073696D706C655F726E6E2F73696D706CCF
:10466000655F726E6E2F756E737461636B373B6D31
:104670005F6D63755F6E65745F70726564696374A6
:104680006F722F676C6F62616C5F73696D706C65C0
:104690005F726E6E2F73696D706C655F726E6E2FD8
:1046A000756E737461636B383B6D5F6D63755F6EC0
:1046B00065745F707265646963746F722F676C6F85
:1046C00062616C5F73696D706C655F726E6E2F7383
:1046D000696D706C655F726E6E2F756E7374616359
:1046E0006B393B6D5F6D63755F6E65745F7072658E
:1046F000646963746F722F676C6F62616C5F73695A
:104700006D706C655F726E6E2F73696D706C655F36
:10471000726E6E2F756E737461636B31303B6D5FBB
:104720006D63755F6E65745F707265646963746FE5
:10473000722F676C6F62616C5F73696D706C655F1F
:10474000726E6E2F73696D706C655F726E6E2F7511
:104750006E737461636B31313B6D5F6D63755F6E5A
:1047600065745F707265646963746F722F676C6FD4
:1047700062616C5F73696D706C655F726E6E2F73D2
:10478000696D706C655F726E6E2F756E73746163A8
:104790006B31323B6D5F6D63755F6E65745F707218
:1047A00065646963746F722F676C6F62616C5F73AD
:1047B000696D706C655F726E6E2F73696D706C657C
:1047C0005F726E6E2F756E737461636B31333B6D08
:1047D0005F6D63755F6E65745F7072656469637445
:1047E0006F722F676C6F62616C5F73696D706C655F
:1047F0005F726E6E2F73696D706C655F726E6E2F77
:10480000756E737461636B31343B6D5F6D63755F9F
:104810006E65745F707265646963746F722F676C24
:104820006F62616C5F73696D706C655F726E6E2F25
:1048300073696D706C655F726E6E2F756E737461E7
:10484000636B31353B6D5F6D63755F6E65745F7073
:104850007265646963746F722F676C6F62616C5FFD
:1048600073696D706C655F726E6E2F73696D706CBD
:10487000655F726E6E2F756E737461636B31363B5C
:104880006D5F6D63755F6E65745F7072656469639B
:10489000746F722F676C6F62616C5F73696D706C9F
:1048A000655F726E6E2F73696D706C655F726E6E90
:1048B0002F756E737461636B31373B6D5F6D63751C
:1048C0005F6E65745F707265646963746F722F6781
:1048D0006C6F62616C5F73696D706C655F726E6E38
:1048E0002F73696D706C655F726E6E2F756E737469
:1048F00061636B31383B6D5F6D63755F6E65745FCF
:10490000707265646963746F722F676C6F62616C3B
:104910005F73696D706C655F726E6E2F73696D7019
:104920006C655F726E6E2F756E737461636B313977
:104930003B6D5F6D63755F6E65745F707265646912
:1049400063746F722F676C6F62616C5F73696D70F7
:104950006C655F726E6E2F73696D706C655F726EE1
:104960006E2F756E737461636B32303B6D5F6D6378
:10497000755F6E65745F707265646963746F722FC2
:10498000676C6F62616C5F73696D706C655F726E8E
:104990006E2F73696D706C655F726E6E2F756E73BE
:1049A0007461636B32313B6D5F6D63755F6E65740F
:1049B0005F707265646963746F722F676C6F626198
:1049C0006C5F73696D706C655F726E6E2F73696D6D
:1049D000706C655F726E6E2F756E737461636B328F
:1049E000323B6D5F6D63755F6E65745F7072656499
:1049F0006963746F722F676C6F62616C5F73696D4E
:104A0000706C655F726E6E2F73696D706C655F722E
:104A10006E6E2F756E737461636B32333B6D5F6DB9
:104A200063755F6E65745F707265646963746F72DD
:104A30002F676C6F62616C5F73696D706C655F721C
:104A40006E6E2F73696D706C655F726E6E2F756E12
:104A5000737461636B32343B6D5F6D63755F6E655C
:104A6000745F707265646963746F722F676C6F62D4
:104A7000616C5F73696D706C655F726E6E2F7369C8
:104A80006D706C655F726E6E2F756E737461636BA3
:104A900032353B6D5F6D63755F6E65745F70726517
:104AA000646963746F722F676C6F62616C5F7369A6
:104AB0006D706C655F726E6E2F73696D706C655F83
:104AC000726E6E2F756E737461636B32363B6D5F01
:104AD0006D63755F6E65745F707265646963746F32
:104AE000722F676C6F62616C5F73696D706C655F6C
:104AF000726E6E2F73696D706C655F726E6E2F755E
:104B00006E737461636B32373B6D5F6D63755F6E9F
:104B100065745F707265646963746F722F676C6F20
:104B200062616C5F73696D706C655F726E6E2F731E
:104B3000696D706C655F726E6E2F756E73746163F4
:104B40006B32383B6D5F6D63755F6E65745F70725D
:104B500065646963746F722F676C6F62616C5F73F9
:104B6000696D706C655F726E6E2F73696D706C65C8
:104B70005F726E6E2F756E737461636B32393B6D4D
:104B80005F6D63755F6E65745F7072656469637491
:104B90006F722F676C6F62616C5F73696D706C65AB
:104BA0005F726E6E2F73696D706C655F726E6E2FC3
:104BB000756E737461636B33303B6D5F6D63755FEE
:104BC0006E65745F707265646963746F722F676C71
:104BD0006F62616C5F73696D706C655F726E6E2F72
:104BE00073696D706C655F726E6E2F756E73746134
:104BF000636B33313100000002000000010000004F
:104C0000400000008AB5FFFF000000011400000012
:104C10003400000039000000000000098407000093
:104C2000CCB4FFFF080000001400000001000000E9
:104C300080FFFFFFFFFFFFFF0000000001000000FA
:104C4000FA4F083C540700006D5F6D63755F6E6539
:104C5000745F707265646963746F722F676C6F62E2
:104C6000616C5F73696D706C655F726E6E2F7369D6
:104C70006D706C655F726E6E2F756E737461636BB1
:104C80003B6D5F6D63755F6E65745F7072656469BF
:104C900063746F722F676C6F62616C5F73696D70A4
:104CA0006C655F726E6E2F73696D706C655F726E8E
:104CB0006E2F756E737461636B313B6D5F6D6375E1
:104CC0005F6E65745F707265646963746F722F677D
:104CD0006C6F62616C5F73696D706C655F726E6E34
:104CE0002F73696D706C655F726E6E2F756E737465
:104CF00061636B323B6D5F6D63755F6E65745F7092
:104D00007265646963746F722F676C6F62616C5F48
:104D100073696D706C655F726E6E2F73696D706C08
:104D2000655F726E6E2F756E737461636B333B6D6E
:104D30005F6D63755F6E65745F70726564696374DF
:104D40006F722F676C6F62616C5F73696D706C65F9
:104D50005F726E6E2F73696D706C655F726E6E2F11
:104D6000756E737461636B343B6D5F6D63755F6EFD
:104D700065745F707265646963746F722F676C6FBE
:104D800062616C5F73696D706C655F726E6E2F73BC
:104D9000696D706C655F726E6E2F756E7374616392
:104DA0006B353B6D5F6D63755F6E65745F707265CB
:104DB000646963746F722F676C6F62616C5F736993
:104DC0006D706C655F726E6E2F73696D706C655F70
:104DD000726E6E2F756E737461636B363B6D5F6DB3
:104DE00063755F6E65745F707265646963746F721A
:104DF0002F676C6F62616C5F73696D706C655F7259
:104E00006E6E2F73696D706C655F726E6E2F756E4E
:104E1000737461636B373B6D5F6D63755F6E657453
:104E20005F707265646963746F722F676C6F626123
:104E30006C5F73696D706C655F726E6E2F73696DF8
:104E4000706C655F726E6E2F756E737461636B3814
:104E50003B6D5F6D63755F6E65745F7072656469ED
:104E600063746F722F676C6F62616C5F73696D70D2
:104E70006C655F726E6E2F73696D706C655F726EBC
:104E80006E2F756E737461636B393B6D5F6D637507
:104E90005F6E65745F707265646963746F722F67AB
:104EA0006C6F62616C5F73696D706C655F726E6E62
:104EB0002F73696D706C655F726E6E2F756E737493
:104EC00061636B31303B6D5F6D63755F6E65745F01
:104ED000707265646963746F722F676C6F62616C66
:104EE0005F73696D706C655F726E6E2F73696D7044
:104EF0006C655F726E6E2F756E737461636B3131AA
:104F00003B6D5F6D63755F6E65745F70726564693C
:104F100063746F722F676C6F62616C5F73696D7021
:104F20006C655F726E6E2F73696D706C655F726E0B
:104F30006E2F756E737461636B31323B6D5F6D63A1
:104F4000755F6E65745F707265646963746F722FEC
:104F5000676C6F62616C5F73696D706C655F726EB8
:104F60006E2F73696D706C655F726E6E2F756E73E8
:104F70007461636B31333B6D5F6D63755F6E657438
:104F80005F707265646963746F722F676C6F6261C2
:104F90006C5F73696D706C655F726E6E2F73696D97
:104FA000706C655F726E6E2F756E737461636B31BA
:104FB000343B6D5F6D63755F6E65745F70726564C1
:104FC0006963746F722F676C6F62616C5F73696D78
:104FD000706C655F726E6E2F73696D706C655F7259
:104FE0006E6E2F756E737461636B31353B6D5F6DE3
:104FF00063755F6E65745F707265646963746F7208
:105000002F676C6F62616C5F73696D706C655F7246
:105010006E6E2F73696D706C655F726E6E2F756E3C
:10502000737461636B31363B6D5F6D63755F6E6585
:10503000745F707265646963746F722F676C6F62FE
:10504000616C5F73696D706C655F726E6E2F7369F2
:105050006D706C655F726E6E2F756E737461636BCD
:1050600031373B6D5F6D63755F6E65745F70726540
:10507000646963746F722F676C6F62616C5F7369D0
:105080006D706C655F726E6E2F73696D706C655FAD
:10509000726E6E2F756E737461636B31383B6D5F2A
:1050A0006D63755F6E65745F707265646963746F5C
:1050B000722F676C6F62616C5F73696D706C655F96
:1050C000726E6E2F73696D706C655F726E6E2F7588
:1050D0006E737461636B31393B6D5F6D63755F6EC9
:1050E00065745F707265646963746F722F676C6F4B
:1050F00062616C5F73696D706C655F726E6E2F7349
:10510000696D706C655F726E6E2F756E737461631E
:105110006B32303B6D5F6D63755F6E65745F70728F
:1051200065646963746F722F676C6F62616C5F7323
:10513000696D706C655F726E6E2F73696D706C65F2
:105140005F726E6E2F756E737461636B32313B6D7F
:105150005F6D63755F6E65745F70726564696374BB
:105160006F722F676C6F62616C5F73696D706C65D5
:105170005F726E6E2F73696D706C655F726E6E2FED
:10518000756E737461636B32323B6D5F6D63755F17
:105190006E65745F707265646963746F722F676C9B
:1051A0006F62616C5F73696D706C655F726E6E2F9C
:1051B00073696D706C655F726E6E2F756E7374615E
:1051C000636B32333B6D5F6D63755F6E65745F70EB
:1051D0007265646963746F722F676C6F62616C5F74
:1051E00073696D706C655F726E6E2F73696D706C34
:1051F000655F726E6E2F756E737461636B32343BD4
:105200006D5F6D63755F6E65745F70726564696311
:10521000746F722F676C6F62616C5F73696D706C15
:10522000655F726E6E2F73696D706C655F726E6E06
:105230002F756E737461636B32353B6D5F6D637593
:105240005F6E65745F707265646963746F722F67F7
:105250006C6F62616C5F73696D706C655F726E6EAE
:105260002F73696D706C655F726E6E2F756E7374DF
:1052700061636B32363B6D5F6D63755F6E65745F46
:10528000707265646963746F722F676C6F62616CB2
:105290005F73696D706C655F726E6E2F73696D7090
:1052A0006C655F726E6E2F756E737461636B3237EF
:1052B0003B6D5F6D63755F6E65745F707265646989
:1052C00063746F722F676C6F62616C5F73696D706E
:1052D0006C655F726E6E2F73696D706C655F726E58
:1052E0006E2F756E737461636B32383B6D5F6D63E7
:1052F000755F6E65745F707265646963746F722F39
:10530000676C6F62616C5F73696D706C655F726E04
:105310006E2F73696D706C655F726E6E2F756E7334
:105320007461636B32393B6D5F6D63755F6E65747D
:105330005F707265646963746F722F676C6F62610E
:105340006C5F73696D706C655F726E6E2F73696DE3
:10535000706C655F726E6E2F756E737461636B3304
:10536000303B6D5F6D63755F6E65745F7072656411
:105370006963746F722F676C6F62616C5F73696DC4
:10538000706C655F726E6E2F73696D706C655F72A5
:105390006E6E2F756E737461636B333100000000A5
:1053A00002000000010000004000000032BDFFFFCD
:1053B0000000000114000000300000003800000070
:1053C00000000009D800000074BCFFFF08000000C6
:1053D000100000000100000080FFFFFFFFFFFFFF43
:1053E00001000000FA4F083CAE0000006D5F6D63E5
:1053F000755F6E65745F707265646963746F722F38
:10540000676C6F62616C5F73696D706C655F726E03
:105410006E2F73696D706C655F726E6E2F74726142
:105420006E73706F73653B6D5F6D63755F6E6574F2
:105430005F707265646963746F722F676C6F62610D
:105440006C5F706F696E745F6E65745F776F5F61BC
:1054500074742F4D65616E2F726564756374696F26
:105460006E5F696E64696365733B6D5F6D63755FE5
:105470006E65745F707265646963746F722F676CB8
:105480006F62616C5F706F696E745F6E65745F7779
:105490006F5F6174742F4D65616E00000300000042
:1054A00020000000010000004000000032BEFFFFAD
:1054B000000000011400000034000000370000006C
:1054C000000000097802000074BDFFFF0800000022
:1054D000140000000100000080FFFFFFFFFFFFFF3E
:1054E00000000000010000007293833C4B020000AA
:1054F0006D5F6D63755F6E65745F7072656469631F
:10550000746F722F676C6F62616C5F706F696E741D
:105510005F6E65745F776F5F6174742F72655F6C27
:10552000755F312F52656C755F323B6D5F6D6375D2
:105530005F6E65745F707265646963746F722F6704
:105540006C6F62616C5F706F696E745F6E65745FC3
:10555000776F5F6174742F62617463685F6E6F72DE
:105560006D616C697A6174696F6E5F352F62617409
:1055700063686E6F726D2F6164645F313B6D5F6D48
:1055800063755F6E65745F707265646963746F7272
:105590002F676C6F62616C5F706F696E745F6E65B0
:1055A000745F776F5F6174742F636F6E7631645FC1
:1055B000352F436F6E7631442F53717565657A656B
:1055C0003B6D5F6D63755F6E65745F707265646976
:1055D00063746F722F676C6F62616C5F706F696E5E
:1055E000745F6E65745F776F5F6174742F6261744E
:1055F00063685F6E6F726D616C697A6174696F6EFA
:105600005F352F62617463686E6F726D2F6D756C9C
:105610005F313B6D5F6D63755F6E65745F70726562
:10562000646963746F722F676C6F62616C5F706F17
:10563000696E745F6E65745F776F5F6174742F63FA
:105640006F6E7631645F352F426961734164643BEC
:105650006D5F6D63755F6E65745F707265646963BD
:10566000746F722F676C6F62616C5F706F696E74BC
:105670005F6E65745F776F5F6174742F636F6E76B2
:1056800031645F352F426961734164642F526561F3
:10569000645661726961626C654F703B6D5F6D63EA
:1056A000755F6E65745F707265646963746F722F85
:1056B000676C6F62616C5F706F696E745F6E65744A
:1056C0005F776F5F6174742F62617463685F6E6F80
:1056D000726D616C697A6174696F6E5F352F62619A
:1056E0007463686E6F726D2F6D756C3B6D5F6D636B
:1056F000755F6E65745F707265646963746F722F35
:10570000676C6F62616C5F706F696E745F6E6574F9
:105710005F776F5F6174742F62617463685F6E6F2F
:10572000726D616C697A6174696F6E5F352F626149
:105730007463686E6F726D2F7375620003000000F2
:10574000200000004000000040000000D2C0FFFF29
:1057500000000001140000003000000036000000CE
:1057600000000009B402000014C0FFFF08000000A0
:10577000100000000100000080FFFFFFFFFFFFFF9F
:10578000010000007293833C880200006D5F6D632E
:10579000755F6E65745F707265646963746F722F94
:1057A000676C6F62616C5F706F696E745F6E657459
:1057B0005F776F5F6174742F72655F6C755F312FF7
:1057C00052656C755F323B6D5F6D63755F6E6574BE
:1057D0005F707265646963746F722F676C6F62616A
:1057E0006C5F706F696E745F6E65745F776F5F6119
:1057F00074742F62617463685F6E6F726D616C693F
:105800007A6174696F6E5F352F62617463686E6F61
:10581000726D2F6164645F313B6D5F6D63755F6EA8
:1058200065745F707265646963746F722F676C6F03
:1058300062616C5F706F696E745F6E65745F776FC5
:105840005F6174742F636F6E7631645F352F436FC1
:105850006E7631442F53717565657A653B6D5F6D6A
:1058600063755F6E65745F707265646963746F728F
:105870002F676C6F62616C5F706F696E745F6E65CD
:10588000745F776F5F6174742F62617463685F6EB9
:105890006F726D616C697A6174696F6E5F352F62CA
:1058A000617463686E6F726D2F6D756C5F313B6DE7
:1058B0005F6D63755F6E65745F7072656469637454
:1058C0006F722F676C6F62616C5F706F696E745F6F
:1058D0006E65745F776F5F6174742F636F6E76317E
:1058E000645F352F426961734164643B6D5F6D6332
:1058F000755F6E65745F707265646963746F722F33
:10590000676C6F62616C5F706F696E745F6E6574F7
:105910005F776F5F6174742F636F6E7631645F358C
:105920002F426961734164642F52656164566172EC
:105930006961626C654F703B6D5F6D63755F6E652D
:10594000745F707265646963746F722F676C6F62E5
:10595000616C5F706F696E745F6E65745F776F5FA7
:105960006174742F62617463685F6E6F726D616CD5
:10597000697A6174696F6E5F352F62617463686EF6
:105980006F726D2F6D756C3B6D5F6D63755F6E65CE
:10599000745F707265646963746F722F676C6F6295
:1059A000616C5F706F696E745F6E65745F776F5F57
:1059B0006174742F62617463685F6E6F726D616C85
:1059C000697A6174696F6E5F352F62617463686EA6
:1059D0006F726D2F7375623B6D5F6D63755F6E6582
:1059E000745F707265646963746F722F676C6F6245
:1059F000616C5F706F696E745F6E65745F776F5F07
:105A00006174742F636F6E7631645F352F436F6EF0
:105A10007631443100000000040000002000000046
:105A2000010000004000000040000000B2C3FFFF82
:105A300000000001140000003000000035000000EC
:105A400000000009B4020000F4C2FFFF08000000DB
:105A5000100000000100000080FFFFFFFFFFFFFFBC
:105A600001000000FAF5813C880200006D5F6D6363
:105A7000755F6E65745F707265646963746F722FB1
:105A8000676C6F62616C5F706F696E745F6E657476
:105A90005F776F5F6174742F72655F6C755F312F14
:105AA00052656C755F313B6D5F6D63755F6E6574DC
:105AB0005F707265646963746F722F676C6F626187
:105AC0006C5F706F696E745F6E65745F776F5F6136
:105AD00074742F62617463685F6E6F726D616C695C
:105AE0007A6174696F6E5F342F62617463686E6F80
:105AF000726D2F6164645F313B6D5F6D63755F6EC6
:105B000065745F707265646963746F722F676C6F20
:105B100062616C5F706F696E745F6E65745F776FE2
:105B20005F6174742F636F6E7631645F342F436FDF
:105B30006E7631442F53717565657A653B6D5F6D87
:105B400063755F6E65745F707265646963746F72AC
:105B50002F676C6F62616C5F706F696E745F6E65EA
:105B6000745F776F5F6174742F62617463685F6ED6
:105B70006F726D616C697A6174696F6E5F342F62E8
:105B8000617463686E6F726D2F6D756C5F313B6D04
:105B90005F6D63755F6E65745F7072656469637471
:105BA0006F722F676C6F62616C5F706F696E745F8C
:105BB0006E65745F776F5F6174742F636F6E76319B
:105BC000645F342F426961734164643B6D5F6D6350
:105BD000755F6E65745F707265646963746F722F50
:105BE000676C6F62616C5F706F696E745F6E657415
:105BF0005F776F5F6174742F636F6E7631645F34AB
:105C00002F426961734164642F5265616456617209
:105C10006961626C654F703B6D5F6D63755F6E654A
:105C2000745F707265646963746F722F676C6F6202
:105C3000616C5F706F696E745F6E65745F776F5FC4
:105C40006174742F62617463685F6E6F726D616CF2
:105C5000697A6174696F6E5F342F62617463686E14
:105C60006F726D2F6D756C3B6D5F6D63755F6E65EB
:105C7000745F707265646963746F722F676C6F62B2
:105C8000616C5F706F696E745F6E65745F776F5F74
:105C90006174742F62617463685F6E6F726D616CA2
:105CA000697A6174696F6E5F342F62617463686EC4
:105CB0006F726D2F7375623B6D5F6D63755F6E659F
:105CC000745F707265646963746F722F676C6F6262
:105CD000616C5F706F696E745F6E65745F776F5F24
:105CE0006174742F636F6E7631645F342F436F6E0F
:105CF0007631443100000000040000002000000064
:105D000001000000400000003000000092C6FFFFCC
:105D10000000000114000000340000003400000006
:105D200000000009B4020000D4C5FFFF0800000015
:105D3000140000000100000080FFFFFFFFFFFFFFD5
:105D4000000000000100000023A24F3C860200007A
:105D50006D5F6D63755F6E65745F707265646963B6
:105D6000746F722F676C6F62616C5F706F696E74B5
:105D70005F6E65745F776F5F6174742F72655F6CBF
:105D8000755F312F52656C753B6D5F6D63755F6E2E
:105D900065745F707265646963746F722F676C6F8E
:105DA00062616C5F706F696E745F6E65745F776F50
:105DB0005F6174742F62617463685F6E6F726D618E
:105DC0006C697A6174696F6E5F332F6261746368A6
:105DD0006E6F726D2F6164645F313B6D5F6D6375D3
:105DE0005F6E65745F707265646963746F722F674C
:105DF0006C6F62616C5F706F696E745F6E65745F0B
:105E0000776F5F6174742F636F6E7631645F332FC9
:105E1000436F6E7631442F53717565657A653B6DBE
:105E20005F6D63755F6E65745F70726564696374DE
:105E30006F722F676C6F62616C5F706F696E745FF9
:105E40006E65745F776F5F6174742F6261746368ED
:105E50005F6E6F726D616C697A6174696F6E5F33CA
:105E60002F62617463686E6F726D2F6D756C5F3138
:105E70003B6D5F6D63755F6E65745F7072656469BD
:105E800063746F722F676C6F62616C5F706F696EA5
:105E9000745F6E65745F776F5F6174742F636F6E8C
:105EA0007631645F332F426961734164643B6D5F97
:105EB0006D63755F6E65745F707265646963746F3E
:105EC000722F676C6F62616C5F706F696E745F6E6A
:105ED00065745F776F5F6174742F636F6E76316482
:105EE0005F332F426961734164642F526561645668
:105EF00061726961626C654F703B6D5F6D63755F68
:105F00006E65745F707265646963746F722F676C1D
:105F10006F62616C5F706F696E745F6E65745F77DE
:105F20006F5F6174742F62617463685F6E6F726D0E
:105F3000616C697A6174696F6E5F332F626174633B
:105F4000686E6F726D2F6D756C3B6D5F6D63755F05
:105F50006E65745F707265646963746F722F676CCD
:105F60006F62616C5F706F696E745F6E65745F778E
:105F70006F5F6174742F62617463685F6E6F726DBE
:105F8000616C697A6174696F6E5F332F62617463EB
:105F9000686E6F726D2F7375623B6D5F6D63755FB9
:105FA0006E65745F707265646963746F722F676C7D
:105FB0006F62616C5F706F696E745F6E65745F773E
:105FC0006F5F6174742F636F6E7631645F332F433C
:105FD0006F6E7631443100000400000020000000A4
:105FE00001000000400000002000000072C9FFFF17
:105FF0000000000114000000340000003300000025
:106000000000000974000000B4C8FFFF0800000091
:106010001400000001000000B4FFFFFFFFFFFFFFBE
:1060200000000000010000006453653D47000000CF
:106030006D5F6D63755F6E65745F707265646963D3
:10604000746F722F676C6F62616C5F706F696E74D2
:106050005F6E65745F776F5F6174742F636F6E76C8
:1060600031645F332F436F6E7631442F4578706112
:106070006E6444696D73310004000000200000006C
:1060800001000000400000000600000012CAFFFFEF
:106090000000000114000000A80100003200000010
:1060A000000000094C03000054C9FFFF0800000075
:1060B0000C010000200000000000000000000000B3
:1060C00000000000000000000000000000000000D0
:1060D00000000000000000000000000000000000C0
:1060E00000000000000000000000000000000000B0
:1060F00000000000000000000000000000000000A0
:10610000000000000000000000000000000000008F
:10611000000000000000000000000000000000007F
:10612000000000000000000000000000000000006F
:10613000000000000000000000000000000000005F
:10614000000000000000000000000000000000004F
:10615000000000000000000000000000000000003F
:10616000000000000000000000000000000000002F
:10617000000000000000000000000000000000001F
:10618000000000000000000000000000000000000F
:1061900000000000000000000000000000000000FF
:1061A00000000000000000000000000000000000EF
:1061B00000000000000000000000000020000000BF
:1061C00066458F3B57FDBE3B1997973B6DE0CC3B37
:1061D000D5B20A3CE740543CCE42983BF586CB3BD7
:1061E000A3B6133C7E9DDC3B14420B3CA6618B3B6B
:1061F0002295B03BB067AA3BD4669C3B46E3BE3BCE
:10620000A02EBE3B3A0DA43BCA840B3C574BAE3B81
:10621000763CC83B6196683CE685203C7790273CFD
:106220007508BC3BFCD7F13B8587BA3BF467C13BA3
:10623000E588B73BDEE5C53B6037C13B9B64E83B87
:10624000AA0100006D5F6D63755F6E65745F7072AB
:1062500065646963746F722F676C6F62616C5F70E5
:106260006F696E745F6E65745F776F5F6174742FB2
:1062700062617463685F6E6F726D616C697A61747C
:10628000696F6E5F332F62617463686E6F726D2F1A
:106290006D756C5F313B6D5F6D63755F6E65745FCF
:1062A000707265646963746F722F676C6F62616C82
:1062B0005F706F696E745F6E65745F776F5F617436
:1062C000742F636F6E7631645F332F436F6E763158
:1062D000442F53717565657A653B6D5F6D63755FBE
:1062E0006E65745F707265646963746F722F676C3A
:1062F0006F62616C5F706F696E745F6E65745F77FB
:106300006F5F6174742F636F6E7631645F332F42F9
:106310006961734164643B6D5F6D63755F6E657445
:106320005F707265646963746F722F676C6F62610E
:106330006C5F706F696E745F6E65745F776F5F61BD
:1063400074742F636F6E7631645F332F42696173AB
:106350004164642F526561645661726961626C6563
:106360004F703B6D5F6D63755F6E65745F707265D6
:10637000646963746F722F676C6F62616C5F706FBA
:10638000696E745F6E65745F776F5F6174742F629E
:10639000617463685F6E6F726D616C697A61746954
:1063A0006F6E5F332F62617463686E6F726D2F6DF5
:1063B000756C3B6D5F6D63755F6E65745F70726564
:1063C000646963746F722F676C6F62616C5F706F6A
:1063D000696E745F6E65745F776F5F6174742F634D
:1063E0006F6E7631645F332F436F6E7631440000F9
:1063F0000400000020000000010000000100000077
:10640000060000008ACDFFFF00000001140000001C
:10641000A801000031000000000000022804000074
:10642000CCCCFFFF080000000C01000020000000A1
:10643000000000000000000000000000000000005C
:10644000000000000000000000000000000000004C
:10645000000000000000000000000000000000003C
:10646000000000000000000000000000000000002C
:10647000000000000000000000000000000000001C
:10648000000000000000000000000000000000000C
:1064900000000000000000000000000000000000FC
:1064A00000000000000000000000000000000000EC
:1064B00000000000000000000000000000000000DC
:1064C00000000000000000000000000000000000CC
:1064D00000000000000000000000000000000000BC
:1064E00000000000000000000000000000000000AC
:1064F000000000000000000000000000000000009C
:10650000000000000000000000000000000000008B
:10651000000000000000000000000000000000007B
:10652000000000000000000000000000000000006B
:106530000000000020000000C0578039D616AB399B
:106540008BCB87397E87B7394D7EF83933233E3A76
:106550005B6588390552B6397E52043ABFA0C53909
:10656000F17EF93981B77939ED2E9E3943A69839F4
:10657000EE1A8C397CFFAA39A95DAA3945F5923902
:1065800076F6F9392B229C394F5FB339485A503A85
:1065900011CC0F3AD01A163AD170A839FCA4D839C8
:1065A000FD17A739FE40AD393E69A4391647B13908
:1065B0007915AD39B22DD039850200006D5F6D635C
:1065C000755F6E65745F707265646963746F722F56
:1065D000676C6F62616C5F706F696E745F6E65741B
:1065E0005F776F5F6174742F72655F6C755F312FB9
:1065F00052656C753B6D5F6D63755F6E65745F7042
:106600007265646963746F722F676C6F62616C5F2F
:10661000706F696E745F6E65745F776F5F617474BD
:106620002F62617463685F6E6F726D616C697A610D
:1066300074696F6E5F332F62617463686E6F726D21
:106640002F6164645F313B6D5F6D63755F6E657470
:106650005F707265646963746F722F676C6F6261DB
:106660006C5F706F696E745F6E65745F776F5F618A
:1066700074742F636F6E7631645F332F436F6E7661
:1066800031442F53717565657A653B6D5F6D637538
:106690005F6E65745F707265646963746F722F6793
:1066A0006C6F62616C5F706F696E745F6E65745F52
:1066B000776F5F6174742F62617463685F6E6F726D
:1066C0006D616C697A6174696F6E5F332F6261749A
:1066D00063686E6F726D2F6D756C5F313B6D5F6DB2
:1066E00063755F6E65745F707265646963746F7201
:1066F0002F676C6F62616C5F706F696E745F6E653F
:10670000745F776F5F6174742F636F6E7631645F4F
:10671000332F426961734164643B6D5F6D63755FE4
:106720006E65745F707265646963746F722F676CF5
:106730006F62616C5F706F696E745F6E65745F77B6
:106740006F5F6174742F636F6E7631645F332F42B5
:106750006961734164642F52656164566172696155
:10676000626C654F703B6D5F6D63755F6E65745FE6
:10677000707265646963746F722F676C6F62616CAD
:106780005F706F696E745F6E65745F776F5F617461
:10679000742F62617463685F6E6F726D616C697A89
:1067A0006174696F6E5F332F62617463686E6F72BC
:1067B0006D2F6D756C3B6D5F6D63755F6E65745F9E
:1067C000707265646963746F722F676C6F62616C5D
:1067D0005F706F696E745F6E65745F776F5F617411
:1067E000742F62617463685F6E6F726D616C697A39
:1067F0006174696F6E5F332F62617463686E6F726C
:106800006D2F7375623B6D5F6D63755F6E65745F51
:10681000707265646963746F722F676C6F62616C0C
:106820005F706F696E745F6E65745F776F5F6174C0
:10683000742F636F6E7631645F332F436F6E7631E2
:10684000440000000100000020000000D2D1FFFF42
:106850000000000114000000680200003000000089
:10686000000000090C04000014D1FFFF0800000024
:106870008C0100003000000000000000000000005B
:106880000000000000000000000000000000000008
:1068900000000000000000000000000000000000F8
:1068A00000000000000000000000000000000000E8
:1068B00000000000000000000000000000000000D8
:1068C00000000000000000000000000000000000C8
:1068D00000000000000000000000000000000000B8
:1068E00000000000000000000000000000000000A8
:1068F0000000000000000000000000000000000098
:106900000000000000000000000000000000000087
:106910000000000000000000000000000000000077
:106920000000000000000000000000000000000067
:106930000000000000000000000000000000000057
:106940000000000000000000000000000000000047
:106950000000000000000000000000000000000037
:106960000000000000000000000000000000000027
:106970000000000000000000000000000000000017
:106980000000000000000000000000000000000007
:1069900000000000000000000000000000000000F7
:1069A00000000000000000000000000000000000E7
:1069B00000000000000000000000000000000000D7
:1069C00000000000000000000000000000000000C7
:1069D00000000000000000000000000000000000B7
:1069E00000000000000000000000000000000000A7
:1069F0000000000000000000000000003000000067
:106A000068AFD43B9BDDCA3B55F8923B6509FC3B24
:106A100058D08B3B14A4CF3B732CBB3B9D59A53B5B
:106A20007481E13BB12EC93BF1CA153C681E1E3C86
:106A30003CFAF33B32DF8C3BFB3BBC3B90A7933BE8
:106A400087AA823C9E5EF33BAF2E0F3C5542C43B6F
:106A5000829EB33BB3E0F43B8FC7D43BB53CD53B00
:106A6000476EFA3B5606873C8E9E013C55321F3CD2
:106A7000218FE73BA7B5413C017F6B3CFEEC153C09
:106A8000D7ACF43BEB15ED3BBCB90D3CFDF3103C32
:106A9000F7DD1C3C6504ED3BC211B93B44DEAD3B68
:106AA000D281CA3B4120B83B8EB41A3C324B1C3CCD
:106AB000F140E73B28C8933B541BB53B9133113C55
:106AC000AA0100006D5F6D63755F6E65745F707223
:106AD00065646963746F722F676C6F62616C5F705D
:106AE0006F696E745F6E65745F776F5F6174742F2A
:106AF00062617463685F6E6F726D616C697A6174F4
:106B0000696F6E5F342F62617463686E6F726D2F90
:106B10006D756C5F313B6D5F6D63755F6E65745F46
:106B2000707265646963746F722F676C6F62616CF9
:106B30005F706F696E745F6E65745F776F5F6174AD
:106B4000742F636F6E7631645F342F436F6E7631CE
:106B5000442F53717565657A653B6D5F6D63755F35
:106B60006E65745F707265646963746F722F676CB1
:106B70006F62616C5F706F696E745F6E65745F7772
:106B80006F5F6174742F636F6E7631645F342F4270
:106B90006961734164643B6D5F6D63755F6E6574BD
:106BA0005F707265646963746F722F676C6F626186
:106BB0006C5F706F696E745F6E65745F776F5F6135
:106BC00074742F636F6E7631645F342F4269617322
:106BD0004164642F526561645661726961626C65DB
:106BE0004F703B6D5F6D63755F6E65745F7072654E
:106BF000646963746F722F676C6F62616C5F706F32
:106C0000696E745F6E65745F776F5F6174742F6215
:106C1000617463685F6E6F726D616C697A617469CB
:106C20006F6E5F342F62617463686E6F726D2F6D6B
:106C3000756C3B6D5F6D63755F6E65745F707265DB
:106C4000646963746F722F676C6F62616C5F706FE1
:106C5000696E745F6E65745F776F5F6174742F63C4
:106C60006F6E7631645F342F436F6E76314400006F
:106C700004000000300000000100000001000000DE
:106C8000200000000AD6FFFF0000000114000000F1
:106C9000680200002F00000000000002E80400006D
:106CA0004CD5FFFF080000008C0100003000000000
:106CB00000000000000000000000000000000000D4
:106CC00000000000000000000000000000000000C4
:106CD00000000000000000000000000000000000B4
:106CE00000000000000000000000000000000000A4
:106CF0000000000000000000000000000000000094
:106D00000000000000000000000000000000000083
:106D10000000000000000000000000000000000073
:106D20000000000000000000000000000000000063
:106D30000000000000000000000000000000000053
:106D40000000000000000000000000000000000043
:106D50000000000000000000000000000000000033
:106D60000000000000000000000000000000000023
:106D70000000000000000000000000000000000013
:106D80000000000000000000000000000000000003
:106D900000000000000000000000000000000000F3
:106DA00000000000000000000000000000000000E3
:106DB00000000000000000000000000000000000D3
:106DC00000000000000000000000000000000000C3
:106DD00000000000000000000000000000000000B3
:106DE00000000000000000000000000000000000A3
:106DF0000000000000000000000000000000000093
:106E00000000000000000000000000000000000082
:106E10000000000000000000000000000000000072
:106E20000000000000000000000000000000000062
:106E300000000000300000008980AC38AC89A43824
:106E4000C4676E38396BCC3808CC62382E69A838E4
:106E50007DCF97382F1C863880E6B6382C2CA33887
:106E6000F0FBF238BB3E0039DCE1C538648364389E
:106E7000B8AB983803846F384AF55339A563C538E1
:106E8000DD42E838F02D9F38EEAE9138C89CC63808
:106E90002094AC3824F3AC38C71DCB3848075B3995
:106EA0009A42D238861E013964CFBB38911C1D39F5
:106EB000D8003F392C33F338B972C638E14AC038AC
:106EC000E4E5E5383022EB38A975FE38AB3CC03834
:106ED000921A9638D7048D383B3FA438B25695386D
:106EE000F4F3FA389587FD38FA8FBB38E2B86F387B
:106EF000CDE392385189EB38870200006D5F6D63F6
:106F0000755F6E65745F707265646963746F722F0C
:106F1000676C6F62616C5F706F696E745F6E6574D1
:106F20005F776F5F6174742F72655F6C755F312F6F
:106F300052656C755F313B6D5F6D63755F6E657437
:106F40005F707265646963746F722F676C6F6261E2
:106F50006C5F706F696E745F6E65745F776F5F6191
:106F600074742F62617463685F6E6F726D616C69B7
:106F70007A6174696F6E5F342F62617463686E6FDB
:106F8000726D2F6164645F313B6D5F6D63755F6E21
:106F900065745F707265646963746F722F676C6F7C
:106FA00062616C5F706F696E745F6E65745F776F3E
:106FB0005F6174742F636F6E7631645F342F436F3B
:106FC0006E7631442F53717565657A653B6D5F6DE3
:106FD00063755F6E65745F707265646963746F7208
:106FE0002F676C6F62616C5F706F696E745F6E6546
:106FF000745F776F5F6174742F62617463685F6E32
:107000006F726D616C697A6174696F6E5F342F6243
:10701000617463686E6F726D2F6D756C5F313B6D5F
:107020005F6D63755F6E65745F70726564696374CC
:107030006F722F676C6F62616C5F706F696E745FE7
:107040006E65745F776F5F6174742F636F6E7631F6
:10705000645F342F426961734164643B6D5F6D63AB
:10706000755F6E65745F707265646963746F722FAB
:10707000676C6F62616C5F706F696E745F6E657470
:107080005F776F5F6174742F636F6E7631645F3406
:107090002F426961734164642F5265616456617265
:1070A0006961626C654F703B6D5F6D63755F6E65A6
:1070B000745F707265646963746F722F676C6F625E
:1070C000616C5F706F696E745F6E65745F776F5F20
:1070D0006174742F62617463685F6E6F726D616C4E
:1070E000697A6174696F6E5F342F62617463686E70
:1070F0006F726D2F6D756C3B6D5F6D63755F6E6547
:10710000745F707265646963746F722F676C6F620D
:10711000616C5F706F696E745F6E65745F776F5FCF
:107120006174742F62617463685F6E6F726D616CFD
:10713000697A6174696F6E5F342F62617463686E1F
:107140006F726D2F7375623B6D5F6D63755F6E65FA
:10715000745F707265646963746F722F676C6F62BD
:10716000616C5F706F696E745F6E65745F776F5F7F
:107170006174742F636F6E7631645F342F436F6E6A
:1071800076314400010000003000000012DBFFFFF8
:107190000000000114000000280300002E00000081
:1071A00000000009CC04000054DAFFFF08000000D2
:1071B0000C02000040000000000000000000000081
:1071C00000000000000000000000000000000000BF
:1071D00000000000000000000000000000000000AF
:1071E000000000000000000000000000000000009F
:1071F000000000000000000000000000000000008F
:10720000000000000000000000000000000000007E
:10721000000000000000000000000000000000006E
:10722000000000000000000000000000000000005E
:10723000000000000000000000000000000000004E
:10724000000000000000000000000000000000003E
:10725000000000000000000000000000000000002E
:10726000000000000000000000000000000000001E
:10727000000000000000000000000000000000000E
:1072800000000000000000000000000000000000FE
:1072900000000000000000000000000000000000EE
:1072A00000000000000000000000000000000000DE
:1072B00000000000000000000000000000000000CE
:1072C00000000000000000000000000000000000BE
:1072D00000000000000000000000000000000000AE
:1072E000000000000000000000000000000000009E
:1072F000000000000000000000000000000000008E
:10730000000000000000000000000000000000007D
:10731000000000000000000000000000000000006D
:10732000000000000000000000000000000000005D
:10733000000000000000000000000000000000004D
:10734000000000000000000000000000000000003D
:10735000000000000000000000000000000000002D
:10736000000000000000000000000000000000001D
:10737000000000000000000000000000000000000D
:1073800000000000000000000000000000000000FD
:1073900000000000000000000000000000000000ED
:1073A00000000000000000000000000000000000DD
:1073B000000000000000000000000000400000008D
:1073C000D39B0C3C0CD5003CEACF233C543A0A3CFE
:1073D0000CC91A3CCFA71E3CC609DD3BA198133C43
:1073E000457A1A3CE566F33B96F1023C7BC7D63BF7
:1073F000098FD73B5B9BBB3B1F35DA3B85E8143CD1
:107400002FCF0B3C7E86F93B7901A83B12082A3C22
:107410001192F13B30B6453CBBC0EB3BF878843B66
:107420000A67053C1EE1DF3BDA49103C65F7F03B9B
:10743000E47ECB3B2007C13B6AE7263C0183D03B7F
:107440008B89C13B27ECE13B23EEE83B4567863B5C
:107450007349233CE0BA213C8B85993BECEBE63B3E
:107460001C2BF13B613CB83B6C5CF43B8F4FC13B48
:10747000BC2CF43B72E73C3C976FF03B482CC93B7B
:10748000E1FE1D3CC92A673CEAB4D13B350E143CF1
:10749000CF840B3C6A1BA53B95C1173CAF991C3CA4
:1074A000A604043CD431B73BD799283C3D4F0D3C52
:1074B000867FA93B7816AC3B1E54003C1D41E33B44
:1074C000AA0100006D5F6D63755F6E65745F707219
:1074D00065646963746F722F676C6F62616C5F7053
:1074E0006F696E745F6E65745F776F5F6174742F20
:1074F00062617463685F6E6F726D616C697A6174EA
:10750000696F6E5F352F62617463686E6F726D2F85
:107510006D756C5F313B6D5F6D63755F6E65745F3C
:10752000707265646963746F722F676C6F62616CEF
:107530005F706F696E745F6E65745F776F5F6174A3
:10754000742F636F6E7631645F352F436F6E7631C3
:10755000442F53717565657A653B6D5F6D63755F2B
:107560006E65745F707265646963746F722F676CA7
:107570006F62616C5F706F696E745F6E65745F7768
:107580006F5F6174742F636F6E7631645F352F4265
:107590006961734164643B6D5F6D63755F6E6574B3
:1075A0005F707265646963746F722F676C6F62617C
:1075B0006C5F706F696E745F6E65745F776F5F612B
:1075C00074742F636F6E7631645F352F4269617317
:1075D0004164642F526561645661726961626C65D1
:1075E0004F703B6D5F6D63755F6E65745F70726544
:1075F000646963746F722F676C6F62616C5F706F28
:10760000696E745F6E65745F776F5F6174742F620B
:10761000617463685F6E6F726D616C697A617469C1
:107620006F6E5F352F62617463686E6F726D2F6D60
:10763000756C3B6D5F6D63755F6E65745F707265D1
:10764000646963746F722F676C6F62616C5F706FD7
:10765000696E745F6E65745F776F5F6174742F63BA
:107660006F6E7631645F352F436F6E763144000064
:1076700004000000400000000100000001000000C4
:10768000300000000AE0FFFF0000000114000000CD
:10769000280300002D00000000000002A8050000E3
:1076A0004CDFFFFF080000000C020000400000005B
:1076B00000000000000000000000000000000000CA
:1076C00000000000000000000000000000000000BA
:1076D00000000000000000000000000000000000AA
:1076E000000000000000000000000000000000009A
:1076F000000000000000000000000000000000008A
:107700000000000000000000000000000000000079
:107710000000000000000000000000000000000069
:107720000000000000000000000000000000000059
:107730000000000000000000000000000000000049
:107740000000000000000000000000000000000039
:107750000000000000000000000000000000000029
:107760000000000000000000000000000000000019
:107770000000000000000000000000000000000009
:1077800000000000000000000000000000000000F9
:1077900000000000000000000000000000000000E9
:1077A00000000000000000000000000000000000D9
:1077B00000000000000000000000000000000000C9
:1077C00000000000000000000000000000000000B9
:1077D00000000000000000000000000000000000A9
:1077E0000000000000000000000000000000000099
:1077F0000000000000000000000000000000000089
:107800000000000000000000000000000000000078
:107810000000000000000000000000000000000068
:107820000000000000000000000000000000000058
:107830000000000000000000000000000000000048
:107840000000000000000000000000000000000038
:107850000000000000000000000000000000000028
:107860000000000000000000000000000000000018
:107870000000000000000000000000000000000008
:1078800000000000000000000000000000000000F8
:1078900000000000000000000000000000000000E8
:1078A00000000000000000000000000000000000D8
:1078B000000000004000000040C30E394ACE0239EB
:1078C000565226396A580C3911281D3902162139A9
:1078D0009E6CE03875DB153915D81C397121F738E5
:1078E0001BF30439C711DA3864DCDA38177BBE3889
:1078F000DD8CDD387E30173979F30D390E59FD38BE
:107900005794AA38E2A22C396F45F5388DBD483915
:10791000485DEF387C808638347207391A4FE33877
:10792000B57F123964A8F438F09CCE381FFCC338F8
:10793000F6752939B9B4D3388980C4382762E53857
:107940009E7FEC385C768838CFC9253921352439BB
:107950009CDF9B388675EA38E6DCF438E50EBB38E8
:10796000BB1AF838AA45C43850EAF73845CC3F3935
:10797000811EF4383841CC387D6A20395AB56A39CD
:1079800052EBD438D6521639F5A70D39EAA2A738EA
:10799000B9141A39D2FF1E39620A06394300BA38BF
:1079A0000A2F2B3969790F393E18AC3858B9AE38DF
:1079B000624B023956BCE638870200006D5F6D638A
:1079C000755F6E65745F707265646963746F722F42
:1079D000676C6F62616C5F706F696E745F6E657407
:1079E0005F776F5F6174742F72655F6C755F312FA5
:1079F00052656C755F323B6D5F6D63755F6E65746C
:107A00005F707265646963746F722F676C6F626117
:107A10006C5F706F696E745F6E65745F776F5F61C6
:107A200074742F62617463685F6E6F726D616C69EC
:107A30007A6174696F6E5F352F62617463686E6F0F
:107A4000726D2F6164645F313B6D5F6D63755F6E56
:107A500065745F707265646963746F722F676C6FB1
:107A600062616C5F706F696E745F6E65745F776F73
:107A70005F6174742F636F6E7631645F352F436F6F
:107A80006E7631442F53717565657A653B6D5F6D18
:107A900063755F6E65745F707265646963746F723D
:107AA0002F676C6F62616C5F706F696E745F6E657B
:107AB000745F776F5F6174742F62617463685F6E67
:107AC0006F726D616C697A6174696F6E5F352F6278
:107AD000617463686E6F726D2F6D756C5F313B6D95
:107AE0005F6D63755F6E65745F7072656469637402
:107AF0006F722F676C6F62616C5F706F696E745F1D
:107B00006E65745F776F5F6174742F636F6E76312B
:107B1000645F352F426961734164643B6D5F6D63DF
:107B2000755F6E65745F707265646963746F722FE0
:107B3000676C6F62616C5F706F696E745F6E6574A5
:107B40005F776F5F6174742F636F6E7631645F353A
:107B50002F426961734164642F526561645661729A
:107B60006961626C654F703B6D5F6D63755F6E65DB
:107B7000745F707265646963746F722F676C6F6293
:107B8000616C5F706F696E745F6E65745F776F5F55
:107B90006174742F62617463685F6E6F726D616C83
:107BA000697A6174696F6E5F352F62617463686EA4
:107BB0006F726D2F6D756C3B6D5F6D63755F6E657C
:107BC000745F707265646963746F722F676C6F6243
:107BD000616C5F706F696E745F6E65745F776F5F05
:107BE0006174742F62617463685F6E6F726D616C33
:107BF000697A6174696F6E5F352F62617463686E54
:107C00006F726D2F7375623B6D5F6D63755F6E652F
:107C1000745F707265646963746F722F676C6F62F2
:107C2000616C5F706F696E745F6E65745F776F5FB4
:107C30006174742F636F6E7631645F352F436F6E9E
:107C4000763144000100000040000000D2E5FFFF53
:107C50000000000114000000300000002C000000B3
:107C6000000000097400000014E5FFFF0800000098
:107C700010000000010000000000000000000000F3
:107C800001000000E9427F3B490000006D5F6D6329
:107C9000755F6E65745F707265646963746F722F6F
:107CA000676C6F62616C5F73696D706C655F726E3B
:107CB0006E2F73696D706C655F726E6E2F73696D78
:107CC000706C655F726E6E5F63656C6C2F4D617476
:107CD0004D756C5F3800000002000000400000009D
:107CE000400000006AE6FFFF0000000114000000F1
:107CF000340000000C0000000000000288000000BA
:107D0000ACE5FFFF080000001400000001000000C7
:107D10000000000000000000000000000100000062
:107D20004BEB0738590000006D5F6D63755F6E6542
:107D3000745F707265646963746F722F676C6F62D1
:107D4000616C5F73696D706C655F726E6E2F7369C5
:107D50006D706C655F726E6E2F73696D706C655FB0
:107D6000726E6E5F63656C6C2F426961734164640F
:107D70002F526561645661726961626C654F703340
:107D800031000000010000004000000012E7FFFF8A
:107D90000000000114000000340000000C0000008E
:107DA000000000028800000054E6FFFF0800000009
:107DB00014000000010000000000000000000000AE
:107DC00000000000010000004BEB073859000000E4
:107DD0006D5F6D63755F6E65745F70726564696316
:107DE000746F722F676C6F62616C5F73696D706C1A
:107DF000655F726E6E2F73696D706C655F726E6E0B
:107E00002F73696D706C655F726E6E5F63656C6C0D
:107E10002F426961734164642F52656164566172D7
:107E20006961626C654F7033300000000100000032
:107E300040000000BAE7FFFF00000001140000004E
:107E4000340000000C000000000000028800000068
:107E5000FCE6FFFF08000000140000000100000025
:107E60000000000000000000000000000100000011
:107E70004BEB0738590000006D5F6D63755F6E65F1
:107E8000745F707265646963746F722F676C6F6280
:107E9000616C5F73696D706C655F726E6E2F736974
:107EA0006D706C655F726E6E2F73696D706C655F5F
:107EB000726E6E5F63656C6C2F42696173416464BE
:107EC0002F526561645661726961626C654F7032F0
:107ED00039000000010000004000000062E8FFFFE0
:107EE0000000000114000000340000000C0000003D
:107EF0000000000288000000A4E7FFFF0800000067
:107F0000140000000100000000000000000000005C
:107F100000000000010000004BEB07385900000092
:107F20006D5F6D63755F6E65745F707265646963C4
:107F3000746F722F676C6F62616C5F73696D706CC8
:107F4000655F726E6E2F73696D706C655F726E6EB9
:107F50002F73696D706C655F726E6E5F63656C6CBC
:107F60002F426961734164642F5265616456617286
:107F70006961626C654F70323800000001000000DA
:107F8000400000000AE9FFFF0000000114000000AB
:107F9000340000000C000000000000028800000017
:107FA0004CE8FFFF08000000140000000100000082
:107FB00000000000000000000000000001000000C0
:107FC0004BEB0738590000006D5F6D63755F6E65A0
:107FD000745F707265646963746F722F676C6F622F
:107FE000616C5F73696D706C655F726E6E2F736923
:107FF0006D706C655F726E6E2F73696D706C655F0E
:10800000726E6E5F63656C6C2F426961734164646C
:108010002F526561645661726961626C654F70329E
:10802000370000000100000040000000B2E9FFFF3F
:108030000000000114000000340000000C000000EB
:108040000000000288000000F4E8FFFF08000000C4
:10805000140000000100000000000000000000000B
:1080600000000000010000004BEB07385900000041
:108070006D5F6D63755F6E65745F70726564696373
:10808000746F722F676C6F62616C5F73696D706C77
:10809000655F726E6E2F73696D706C655F726E6E68
:1080A0002F73696D706C655F726E6E5F63656C6C6B
:1080B0002F426961734164642F5265616456617235
:1080C0006961626C654F703236000000010000008B
:1080D000400000005AEAFFFF000000011400000009
:1080E000340000000C0000000000000288000000C6
:1080F0009CE9FFFF080000001400000001000000E0
:10810000000000000000000000000000010000006E
:108110004BEB0738590000006D5F6D63755F6E654E
:10812000745F707265646963746F722F676C6F62DD
:10813000616C5F73696D706C655F726E6E2F7369D1
:108140006D706C655F726E6E2F73696D706C655FBC
:10815000726E6E5F63656C6C2F426961734164641B
:108160002F526561645661726961626C654F70324D
:1081700035000000010000004000000002EBFFFF9E
:108180000000000114000000340000000C0000009A
:10819000000000028800000044EAFFFF0800000021
:1081A00014000000010000000000000000000000BA
:1081B00000000000010000004BEB073859000000F0
:1081C0006D5F6D63755F6E65745F70726564696322
:1081D000746F722F676C6F62616C5F73696D706C26
:1081E000655F726E6E2F73696D706C655F726E6E17
:1081F0002F73696D706C655F726E6E5F63656C6C1A
:108200002F426961734164642F52656164566172E3
:108210006961626C654F703234000000010000003B
:1082200040000000AAEBFFFF000000011400000066
:10823000340000000C000000000000028800000074
:10824000ECEAFFFF0800000014000000010000003D
:10825000000000000000000000000000010000001D
:108260004BEB0738590000006D5F6D63755F6E65FD
:10827000745F707265646963746F722F676C6F628C
:10828000616C5F73696D706C655F726E6E2F736980
:108290006D706C655F726E6E2F73696D706C655F6B
:1082A000726E6E5F63656C6C2F42696173416464CA
:1082B0002F526561645661726961626C654F7032FC
:1082C00033000000010000004000000052ECFFFFFE
:1082D0000000000114000000340000000C00000049
:1082E000000000028800000094EBFFFF080000007F
:1082F0001400000001000000000000000000000069
:1083000000000000010000004BEB0738590000009E
:108310006D5F6D63755F6E65745F707265646963D0
:10832000746F722F676C6F62616C5F73696D706CD4
:10833000655F726E6E2F73696D706C655F726E6EC5
:108340002F73696D706C655F726E6E5F63656C6CC8
:108350002F426961734164642F5265616456617292
:108360006961626C654F70323200000001000000EC
:1083700040000000FAECFFFF0000000114000000C4
:10838000340000000C000000000000028800000023
:108390003CECFFFF0800000014000000010000009A
:1083A00000000000000000000000000001000000CC
:1083B0004BEB0738590000006D5F6D63755F6E65AC
:1083C000745F707265646963746F722F676C6F623B
:1083D000616C5F73696D706C655F726E6E2F73692F
:1083E0006D706C655F726E6E2F73696D706C655F1A
:1083F000726E6E5F63656C6C2F4269617341646479
:108400002F526561645661726961626C654F7032AA
:10841000310000000100000040000000A2EDFFFF5D
:108420000000000114000000340000000C000000F7
:108430000000000288000000E4ECFFFF08000000DC
:108440001400000001000000000000000000000017
:1084500000000000010000004BEB0738590000004D
:108460006D5F6D63755F6E65745F7072656469637F
:10847000746F722F676C6F62616C5F73696D706C83
:10848000655F726E6E2F73696D706C655F726E6E74
:108490002F73696D706C655F726E6E5F63656C6C77
:1084A0002F426961734164642F5265616456617241
:1084B0006961626C654F703230000000010000009D
:1084C000400000004AEEFFFF000000011400000021
:1084D000340000000C0000000000000288000000D2
:1084E0008CEDFFFF080000001400000001000000F8
:1084F000000000000000000000000000010000007B
:108500004BEB0738590000006D5F6D63755F6E655A
:10851000745F707265646963746F722F676C6F62E9
:10852000616C5F73696D706C655F726E6E2F7369DD
:108530006D706C655F726E6E2F73696D706C655FC8
:10854000726E6E5F63656C6C2F4269617341646427
:108550002F526561645661726961626C654F70315A
:10856000390000000100000040000000F2EEFFFFB3
:108570000000000114000000340000000C000000A6
:10858000000000028800000034EEFFFF0800000039
:1085900014000000010000000000000000000000C6
:1085A00000000000010000004BEB073859000000FC
:1085B0006D5F6D63755F6E65745F7072656469632E
:1085C000746F722F676C6F62616C5F73696D706C32
:1085D000655F726E6E2F73696D706C655F726E6E23
:1085E0002F73696D706C655F726E6E5F63656C6C26
:1085F0002F426961734164642F52656164566172F0
:108600006961626C654F7031380000000100000044
:10861000400000009AEFFFFF00000001140000007E
:10862000340000000C000000000000028800000080
:10863000DCEEFFFF08000000140000000100000055
:108640000000000000000000000000000100000029
:108650004BEB0738590000006D5F6D63755F6E6509
:10866000745F707265646963746F722F676C6F6298
:10867000616C5F73696D706C655F726E6E2F73698C
:108680006D706C655F726E6E2F73696D706C655F77
:10869000726E6E5F63656C6C2F42696173416464D6
:1086A0002F526561645661726961626C654F703109
:1086B00037000000010000004000000042F0FFFF12
:1086C0000000000114000000340000000C00000055
:1086D000000000028800000084EFFFFF0800000097
:1086E0001400000001000000000000000000000075
:1086F00000000000010000004BEB073859000000AB
:108700006D5F6D63755F6E65745F707265646963DC
:10871000746F722F676C6F62616C5F73696D706CE0
:10872000655F726E6E2F73696D706C655F726E6ED1
:108730002F73696D706C655F726E6E5F63656C6CD4
:108740002F426961734164642F526561645661729E
:108750006961626C654F70313600000001000000F5
:1087600040000000EAF0FFFF0000000114000000DC
:10877000340000000C00000000000002880000002F
:108780002CF0FFFF080000001400000001000000B2
:1087900000000000000000000000000001000000D8
:1087A0004BEB0738590000006D5F6D63755F6E65B8
:1087B000745F707265646963746F722F676C6F6247
:1087C000616C5F73696D706C655F726E6E2F73693B
:1087D0006D706C655F726E6E2F73696D706C655F26
:1087E000726E6E5F63656C6C2F4269617341646485
:1087F0002F526561645661726961626C654F7031B8
:1088000035000000010000004000000092F1FFFF71
:108810000000000114000000340000000C00000003
:108820000000000288000000D4F0FFFF08000000F4
:108830001400000001000000000000000000000023
:1088400000000000010000004BEB07385900000059
:108850006D5F6D63755F6E65745F7072656469638B
:10886000746F722F676C6F62616C5F73696D706C8F
:10887000655F726E6E2F73696D706C655F726E6E80
:108880002F73696D706C655F726E6E5F63656C6C83
:108890002F426961734164642F526561645661724D
:1088A0006961626C654F70313400000001000000A6
:1088B000400000003AF2FFFF000000011400000039
:1088C000340000000C0000000000000288000000DE
:1088D0007CF1FFFF08000000140000000100000010
:1088E0000000000000000000000000000100000087
:1088F0004BEB0738590000006D5F6D63755F6E6567
:10890000745F707265646963746F722F676C6F62F5
:10891000616C5F73696D706C655F726E6E2F7369E9
:108920006D706C655F726E6E2F73696D706C655FD4
:10893000726E6E5F63656C6C2F4269617341646433
:108940002F526561645661726961626C654F703166
:10895000330000000100000040000000E2F2FFFFD1
:108960000000000114000000340000000C000000B2
:10897000000000028800000024F2FFFF0800000051
:1089800014000000010000000000000000000000D2
:1089900000000000010000004BEB07385900000008
:1089A0006D5F6D63755F6E65745F7072656469633A
:1089B000746F722F676C6F62616C5F73696D706C3E
:1089C000655F726E6E2F73696D706C655F726E6E2F
:1089D0002F73696D706C655F726E6E5F63656C6C32
:1089E0002F426961734164642F52656164566172FC
:1089F0006961626C654F7031320000000100000057
:108A0000400000008AF3FFFF000000011400000096
:108A1000340000000C00000000000002880000008C
:108A2000CCF2FFFF0800000014000000010000006D
:108A30000000000000000000000000000100000035
:108A40004BEB0738590000006D5F6D63755F6E6515
:108A5000745F707265646963746F722F676C6F62A4
:108A6000616C5F73696D706C655F726E6E2F736998
:108A70006D706C655F726E6E2F73696D706C655F83
:108A8000726E6E5F63656C6C2F42696173416464E2
:108A90002F526561645661726961626C654F703115
:108AA00031000000010000004000000032F4FFFF30
:108AB0000000000114000000340000000C00000061
:108AC000000000028800000074F3FFFF08000000AF
:108AD0001400000001000000000000000000000081
:108AE00000000000010000004BEB073859000000B7
:108AF0006D5F6D63755F6E65745F707265646963E9
:108B0000746F722F676C6F62616C5F73696D706CEC
:108B1000655F726E6E2F73696D706C655F726E6EDD
:108B20002F73696D706C655F726E6E5F63656C6CE0
:108B30002F426961734164642F52656164566172AA
:108B40006961626C654F7031300000000100000007
:108B500040000000DAF4FFFF0000000114000000F4
:108B6000340000000C00000000000002880000003B
:108B70001CF4FFFF080000001400000001000000CA
:108B800000000000000000000000000001000000E4
:108B90004BEB0738580000006D5F6D63755F6E65C5
:108BA000745F707265646963746F722F676C6F6253
:108BB000616C5F73696D706C655F726E6E2F736947
:108BC0006D706C655F726E6E2F73696D706C655F32
:108BD000726E6E5F63656C6C2F4269617341646491
:108BE0002F526561645661726961626C654F7039BC
:108BF00000000000010000004000000082F5FFFFBF
:108C00000000000114000000340000000C0000000F
:108C10000000000288000000C4F4FFFF080000000C
:108C2000140000000100000000000000000000002F
:108C300000000000010000004BEB07385800000066
:108C40006D5F6D63755F6E65745F70726564696397
:108C5000746F722F676C6F62616C5F73696D706C9B
:108C6000655F726E6E2F73696D706C655F726E6E8C
:108C70002F73696D706C655F726E6E5F63656C6C8F
:108C80002F426961734164642F5265616456617259
:108C90006961626C654F70380000000001000000DF
:108CA000400000002AF6FFFF000000011400000051
:108CB000340000000C0000000000000288000000EA
:108CC0006CF5FFFF08000000140000000100000028
:108CD0000000000000000000000000000100000093
:108CE0004BEB0738580000006D5F6D63755F6E6574
:108CF000745F707265646963746F722F676C6F6202
:108D0000616C5F73696D706C655F726E6E2F7369F5
:108D10006D706C655F726E6E2F73696D706C655FE0
:108D2000726E6E5F63656C6C2F426961734164643F
:108D30002F526561645661726961626C654F70376C
:108D4000000000000100000040000000D2F6FFFF1C
:108D50000000000114000000340000000C000000BE
:108D6000000000028800000014F6FFFF0800000069
:108D700014000000010000000000000000000000DE
:108D800000000000010000004BEB07385800000015
:108D90006D5F6D63755F6E65745F70726564696346
:108DA000746F722F676C6F62616C5F73696D706C4A
:108DB000655F726E6E2F73696D706C655F726E6E3B
:108DC0002F73696D706C655F726E6E5F63656C6C3E
:108DD0002F426961734164642F5265616456617208
:108DE0006961626C654F7036000000000100000090
:108DF000400000007AF7FFFF0000000114000000AF
:108E0000340000000C000000000000028800000098
:108E1000BCF6FFFF08000000140000000100000085
:108E20000000000000000000000000000100000041
:108E30004BEB0738580000006D5F6D63755F6E6522
:108E4000745F707265646963746F722F676C6F62B0
:108E5000616C5F73696D706C655F726E6E2F7369A4
:108E60006D706C655F726E6E2F73696D706C655F8F
:108E7000726E6E5F63656C6C2F42696173416464EE
:108E80002F526561645661726961626C654F70351D
:108E900000000000010000004000000022F8FFFF79
:108EA0000000000114000000340000000C0000006D
:108EB000000000028800000064F7FFFF08000000C7
:108EC000140000000100000000000000000000008D
:108ED00000000000010000004BEB073858000000C4
:108EE0006D5F6D63755F6E65745F707265646963F5
:108EF000746F722F676C6F62616C5F73696D706CF9
:108F0000655F726E6E2F73696D706C655F726E6EE9
:108F10002F73696D706C655F726E6E5F63656C6CEC
:108F20002F426961734164642F52656164566172B6
:108F30006961626C654F7034000000000100000040
:108F400040000000CAF8FFFF00000001140000000C
:108F5000340000000C000000000000028800000047
:108F60000CF8FFFF080000001400000001000000E2
:108F700000000000000000000000000001000000F0
:108F80004BEB0738580000006D5F6D63755F6E65D1
:108F9000745F707265646963746F722F676C6F625F
:108FA000616C5F73696D706C655F726E6E2F736953
:108FB0006D706C655F726E6E2F73696D706C655F3E
:108FC000726E6E5F63656C6C2F426961734164649D
:108FD0002F526561645661726961626C654F7033CE
:108FE00000000000010000004000000072F9FFFFD7
:108FF0000000000114000000340000000C0000001C
:109000000000000288000000B4F8FFFF0800000024
:10901000140000000100000000000000000000003B
:1090200000000000010000004BEB07385800000072
:109030006D5F6D63755F6E65745F707265646963A3
:10904000746F722F676C6F62616C5F73696D706CA7
:10905000655F726E6E2F73696D706C655F726E6E98
:109060002F73696D706C655F726E6E5F63656C6C9B
:109070002F426961734164642F5265616456617265
:109080006961626C654F70320000000001000000F1
:10909000400000001AFAFFFF000000011400000069
:1090A000340000000C0000000000000288000000F6
:1090B0005CF9FFFF08000000140000000100000040
:1090C000000000000000000000000000010000009F
:1090D0004BEB0738580000006D5F6D63755F6E6580
:1090E000745F707265646963746F722F676C6F620E
:1090F000616C5F73696D706C655F726E6E2F736902
:109100006D706C655F726E6E2F73696D706C655FEC
:10911000726E6E5F63656C6C2F426961734164644B
:109120002F526561645661726961626C654F70317E
:10913000000000000100000040000000C2FAFFFF34
:109140000000000114000000300000000C000000CE
:10915000000000028000000004FAFFFF0800000089
:1091600010000000010000000000000000000000EE
:10917000010000004BEB0738570000006D5F6D6386
:10918000755F6E65745F707265646963746F722F6A
:10919000676C6F62616C5F73696D706C655F726E36
:1091A0006E2F73696D706C655F726E6E2F73696D73
:1091B000706C655F726E6E5F63656C6C2F42696187
:1091C000734164642F526561645661726961626CB7
:1091D000654F7000010000004000000062FBFFFFCF
:1091E0000000000114000000300000000B0000002F
:1091F0000000000974000000A4FAFFFF080000004E
:10920000100000000100000000000000000000004D
:1092100001000000CE20D23B4A0000006D5F6D636C
:10922000755F6E65745F707265646963746F722FC9
:10923000676C6F62616C5F73696D706C655F726E95
:109240006E2F73696D706C655F726E6E2F73696DD2
:10925000706C655F726E6E5F63656C6C2F4D6174D0
:109260004D756C5F363300000200000040000000C6
:1092700040000000FAFBFFFF0000000114000000A6
:10928000300000000A000000000000096C0000002F
:109290003CFBFFFF08000000100000000100000080
:1092A000000000000000000001000000A693C53B84
:1092B000400000006D5F6D63755F6E65745F707276
:1092C00065646963746F722F73696D706C655F6B31
:1092D000705F667573696F6E5F686561642F646542
:1092E0006E73652F54656E736F72646F742F4D616A
:1092F000744D756C0000000002000000800000004A
:10930000400000008AFCFFFF000000011400000084
:1093100030000000090000000000000270000000A2
:10932000CCFBFFFF0800000010000000010000005F
:10933000000000000000000001000000B5504638A9
:10934000460000006D5F6D63755F6E65745F7072DF
:1093500065646963746F722F73696D706C655F6BA0
:10936000705F667573696F6E5F686561642F6465B1
:109370006E73652F426961734164642F5265616445
:109380005661726961626C654F70000001000000F7
:10939000800000001AFDFFFF000000011400000023
:1093A0003000000008000000000000096C00000010
:1093B0005CFCFFFF0800000010000000010000003E
:1093C000000000000000000001000000EE23BF3B91
:1093D000420000006D5F6D63755F6E65745F707253
:1093E00065646963746F722F73696D706C655F6B10
:1093F000705F667573696F6E5F686561642F646521
:109400006E73655F312F54656E736F72646F742F66
:109410004D61744D756C00000200000039000000C1
:1094200080000000AAFDFFFF000000011400000002
:10943000300000000700000000000002740000007F
:10944000ECFCFFFF0800000010000000010000001D
:109450000000000000000000010000009E7A0F38AC
:10946000480000006D5F6D63755F6E65745F7072BC
:1094700065646963746F722F73696D706C655F6B7F
:10948000705F667573696F6E5F686561642F646590
:109490006E73655F312F426961734164642F526559
:1094A00061645661726961626C654F700000000012
:1094B00001000000390000003EFEFFFF0000000137
:1094C000140000001400000006000000000000026C
:1094D0005000000028FEFFFF410000006D5F6D633B
:1094E000755F6E65745F707265646963746F722F07
:1094F00073696D706C655F6B705F667573696F6EB5
:109500005F686561642F64656E73655F312F5465B4
:109510006E736F72646F742F736861706500000002
:109520000100000003000000AEFEFFFF000000018C
:1095300014000000140000000500000000000002FC
:109540005400000098FEFFFF470000006D5F6D6350
:10955000755F6E65745F707265646963746F722F96
:1095600073696D706C655F6B705F667573696F6E44
:109570005F686561642F64656E73652F54656E73F3
:109580006F72646F742F526573686170652F7368B2
:1095900061706500010000000200000022FFFFFF73
:1095A000000000011400000014000000040000008E
:1095B00000000002500000000CFFFFFF420000000E
:1095C0006D5F6D63755F6E65745F7072656469630E
:1095D000746F722F676C6F62616C5F706F696E740D
:1095E0005F6E65745F776F5F6174742F4D65616E38
:1095F0002F726564756374696F6E5F696E64696309
:1096000065730000000000008EFFFFFF00000001F6
:10961000140000001400000003000000000000021D
:109620005000000078FFFFFF430000006D5F6D6396
:10963000755F6E65745F707265646963746F722FB5
:10964000676C6F62616C5F706F696E745F6E65747A
:109650005F776F5F6174742F636F6E7631645F350F
:109660002F436F6E7631442F53717565657A6500AF
:109670000100000003000000000016001C0018009C
:10968000170010000C000800000000000000070098
:109690001600000000000001180000001800000083
:1096A0000200000000000002580000000400040056
:1096B00004000000460000006D5F6D63755F6E651D
:1096C000745F707265646963746F722F676C6F6228
:1096D000616C5F706F696E745F6E65745F776F5FEA
:1096E0006174742F636F6E7631645F332F436F6ED6
:1096F0007631442F457870616E6444696D73000063
:1097000001000000040000000000160020001C0002
:109710001B00140010000C000000000008000700EF
:1097200016000000000000011800000034000000D6
:10973000500000000100000000000009640000006B
:1097400004000000FFFFFFFF2000000040000000B9
:10975000060000000C000C000000000008000400DF
:109760000C000000080000001000000001000000D4
:10977000B4FFFFFFFFFFFFFF010000006453653DE2
:109780001900000073657276696E675F64656661D3
:10979000756C745F696E7075745F313A30000000EB
:1097A0000400000001000000200000004000000054
:1097B0000600000009000000C4000000A400000032
:1097C00084000000700000005C0000004800000001
:1097D000380000002C000000100000000C000E00FB
:1097E0000D000000080004000C0000005300000001
:1097F0000200000000530A000800000000000400FE
:109800000A0000000200000098FFFFFF7200000045
:1098100000000072C0FFFFFF1C00000002000000FB
:109820000000001CD0FFFFFF090000000400000042
:1098300000000009E0FFFFFF5800000002000000E8
:1098400000000058F0FFFFFF2800000002000000A9
:10985000000000280C0010000F00000008000400A9
:109860000C000000030000000300000000000003E3
:109870000C000C000B000000000004000C000000B5
:1098800016000000000000160000000001020304A2
:1098900000000000000000000102030406070809A0
:1098A000000610160006101604030202020101024F
:1098B00000000000000000000000000000000000A8
:1098C0000000000000000000000000000000000098
:1098D0000000000000000000000000000000000088
:1098E0000000000000000000000000000000000078
:1098F00000000000000000000000000000000380E5
:1099000000038000038000038000038000038000C8
:1099100003800003800003800001000001000000BC
:109920000000000000038000038000000000000031
:109930000000000000000000000000000000000027
:109940000000000000000000000E70000E70000E0D
:109950007000042000042000042000042000000007
:1099600000000000000000000000000000000000F7
:1099700000000000000000000000000000000000E7
:109980000000000000000000000000000000066071
:10999000000660000660000660000660003FF800F8
:1099A0003FF8000660000CC0003FF8003FF8000CD4
:1099B000C0000CC0000CC0000CC0000CC0000000B7
:1099C0000000000000000000000000000000000097
:1099D00000000001800001800007B0000FF00018B7
:1099E00070001870001C00000F800007E00000F0FD
:1099F000001830001C30001C70001FE0001BC0006D
:109A00000180000180000180000180000000000052
:109A100000000000000000000000000000000780BF
:109A2000000FC0001CE0001860001860001CE0007F
:109A30000FF80007E0001FF00007380006180006C6
:109A4000180007380003F00001E0000000000000EB
:109A50000000000000000000000000000000000006
:109A600000000000000000000000000003F00007FC
:109A7000F0000C60000C00000C0000060000070065
:109A8000000F9C001DFC0018F0001870000FFC0077
:109A900007DC0000000000000000000000000000E3
:109AA00000000000000000000000000000000000B6
:109AB000000380000380000380000100000100001B
:109AC0000100000100000000000000000000000094
:109AD0000000000000000000000000000000000086
:109AE0000000000000000000000000000000000076
:109AF00000000000000000180000380000700000A6
:109B0000F00000E00000E00001C00001C00001C062
:109B10000001C00001C00001C00000E00000E00042
:109B20000070000070000038000018000000000005
:109B3000000000000000000000000000000018000D
:109B4000001C00000E00000E0000070000070000CF
:109B50000380000380000380000380000380000373
:109B600080000700000700000F00000E00001C002E
:109B700000180000000000000000000000000000CD
:109B80000000000000000180000180000180001D35
:109B9000B8001FF80007E00003C00003C000066023
:109BA000000660000000000000000000000000004F
:109BB00000000000000000000000000000000000A5
:109BC0000000000000000000000000000000000095
:109BD0000000000001800001800001800001800081
:109BE0000180003FFC003FFC00018000018000017B
:109BF00080000180000180000000000000000000E3
:109C00000000000000000000000000000000000054
:109C10000000000000000000000000000000000044
:109C20000000000000000000000000000000000034
:109C30000000000000000000000000E00000C00084
:109C400001C000018000018000030000030000004B
:109C50000000000000000000000000000000000004
:109C600000000000000000000000000000000000F4
:109C70000000001FF8001FF80000000000000000B6
:109C800000000000000000000000000000000000D4
:109C900000000000000000000000000000000000C4
:109CA00000000000000000000000000000000000B4
:109CB00000000000000000000000000000000000A4
:109CC0000000000000000000000003C00003C0000E
:109CD00003C00000000000000000000000000000C1
:109CE000000000000000000000180000180000380C
:109CF0000000300000700000600000600000C00044
:109D000000C0000180000180000300000300000685
:109D100000000600000E00000C00001C00001800EF
:109D2000001800000000000000000000000000001B
:109D300000000000000003C00007E0000C30000C31
:109D400030001818001818001818001818001818F3
:109D5000001818001818000C30000C300007E00044
:109D600003C0000000000000000000000000000030
:109D70000000000000000000000000000000008063
:109D8000000780001F80001D80000180000180000E
:109D9000018000018000018000018000018000013D
:109DA00080000180001FF8001FF800000000000084
:109DB00000000000000000000000000000000000A3
:109DC00000000000000007C0001FF0003830003025
:109DD000180030180000180000300000600001C0BA
:109DE000000380000600000C00001800003FF8008F
:109DF0003FF800000000000000000000000000002C
:109E0000000000000000000000000000000003C08F
:109E1000000FE0000C700000300000300000600017
:109E200003C00003E00000700000180000180000EC
:109E300018001838001FF0000FC0000000000000DC
:109E40000000000000000000000000000000000012
:109E500000000000000000E00001E00001E000035D
:109E600060000660000660000C60000C6000186076
:109E7000003060003FF8003FF80000600003F80089
:109E800003F80000000000000000000000000000D7
:109E900000000000000000000000000000001FF0B3
:109EA000001FF0001800001800001800001BC00080
:109EB0001FF0001C300000180000180000180000FF
:109EC00018003030003FF0000FC00000000000001C
:109ED0000000000000000000000000000000000082
:109EE00000000000000000F80003F8000700000E6A
:109EF00000000C00001800001BC0001FF0001C3008
:109F0000001818001818001818000C38000FF0007E
:109F100003E000000000000000000000000000005E
:109F200000000000000000000000000000001FF81A
:109F3000001FF8001818001838000030000030002A
:109F400000700000600000600000E00000C0000041
:109F5000C00001C00001800001800000000000007E
:109F600000000000000000000000000000000000F1
:109F700000000000000007E0000FF0001C3800188F
:109F800018001818000C300007E00007E0000C3043
:109F9000001818001818001818001C38000FF000DE
:109FA00007E00000000000000000000000000000CA
:109FB000000000000000000000000000000007C0DA
:109FC000000FF0001C3000181800181800181800B6
:109FD0000C38000FF80003D8000018000030000013
:109FE000700000E0001FC0001F0000000000000023
:109FF0000000000000000000000000000000000061
:10A000000000000000000000000000000000000050
:10A01000000003C00003C00003C0000000000000F7
:10A020000000000000000000000003C00003C000AA
:10A0300003C000000000000000000000000000005D
:10A040000000000000000000000000000000000010
:10A050000000000000000000000000F00000F00020
:10A0600000F0000000000000000000000000000000
:10A07000E00001C000018000018000030000020038
:10A0800000000000000000000000000000000000D0
:10A09000000000000000000000000000001C0000A4
:10A0A0003C0000F00003C0000F00003C0000F00086
:10A0B000003C00000F000003C00000F000003C0066
:10A0C000001C000000000000000000000000000074
:10A0D0000000000000000000000000000000000080
:10A0E000000000000000000000000000007FFC00F5
:10A0F0007FFC000000000000007FFC007FFC0000EF
:10A10000000000000000000000000000000000004F
:10A11000000000000000000000000000000000003F
:10A120000000000000000000000000007000007847
:10A1300000001E000007800001E000007800001E03
:10A140000000780001E0000780001E000078000099
:10A15000700000000000000000000000000000008F
:10A1600000000000000000000000000000000000EF
:10A170000007C0000FE00018700018300018300011
:10A1800000700000E00003C0000380000300000036
:10A1900000000000000700000700000000000000B1
:10A1A00000000000000000000000000000000000AF
:10A1B00000000000000003E00007F0000E38000C73
:10A1C000180018780018F80019D800199800199884
:10A1D0000019980018F8001878001800000C00000A
:10A1E0000E180007F80003E0000000000000000067
:10A1F000000000000000000000000000000000005F
:10A20000001F80001FC00001C00003600003600049
:10A210000630000630000C30000FF8001FF8001860
:10A220000C00300C00FC7F00FC7F000000000000F0
:10A23000000000000000000000000000000000001E
:10A240000000000000000000007FE0007FF0001828
:10A2500038001818001818001838001FF0001FF8F0
:10A2600000181C00180C00180C00180C007FF800D7
:10A270007FF000000000000000000000000000006F
:10A2800000000000000000000000000000000000CE
:10A290000003EC000FFC001C1C00180C00300C002C
:10A2A00030000030000030000030000030000018A6
:10A2B0000C001C1C000FF80003F000000000000060
:10A2C000000000000000000000000000000000008E
:10A2D0000000000000000000007FC0007FF00018B8
:10A2E0003800181800180C00180C00180C00180C76
:10A2F00000180C00180C001818001838007FF00027
:10A300007FE00000000000000000000000000000EE
:10A31000000000000000000000000000000000003D
:10A32000007FF8007FF8001818001818001998002E
:10A330001980001F80001F800019800019980018E4
:10A3400018001818007FF8007FF8000000000000D7
:10A3500000000000000000000000000000000000FD
:10A360000000000000000000003FFC003FFC000C6B
:10A370000C000C0C000CCC000CC0000FC0000FC077
:10A38000000CC0000CC0000C00000C00003FC0001E
:10A390003FC00000000000000000000000000000BE
:10A3A00000000000000000000000000000000000AD
:10A3B0000003EC000FFC001C1C00180C00300C000B
:10A3C00030000030000030FE0030FE00300C00385D
:10A3D0000C001C1C000FFC0003F00000000000003B
:10A3E000000000000000000000000000000000006D
:10A3F0000000000000000000007E7E007E7E00184D
:10A4000018001818001818001818001FF8001FF876
:10A41000001818001818001818001818007E7E0080
:10A420007E7E000000000000000000000000000030
:10A43000000000000000000000000000000000001C
:10A44000001FF8001FF8000180000180000180005B
:10A450000180000180000180000180000180000176
:10A4600080000180001FF8001FF8000000000000BD
:10A4700000000000000000000000000000000000DC
:10A4800000000000000000000007FE0007FE0000C2
:10A49000300000300000300000300000300030306C
:10A4A000003030003030003030003060003FE000DD
:10A4B0000F8000000000000000000000000000000D
:10A4C000000000000000000000000000000000008C
:10A4D000007F3E007F3E0018300018600018C0006A
:10A4E0001980001B80001FC0001CE00018700018BD
:10A4F00030001838007F1F007F1F000000000000A0
:10A50000000000000000000000000000000000004B
:10A510000000000000000000007F80007F80000C31
:10A5200000000C00000C00000C00000C00000C00EF
:10A53000000C0C000C0C000C0C000C0C007FFC0040
:10A540007FFC000000000000000000000000000090
:10A5500000000000000000000000000000000000FB
:10A5600000F00F00F81F00381C003C3C003C3C0091
:10A57000366C00366C0033CC0033CC00318C0030AC
:10A580000C00300C00FE7F00FE7F00000000000089
:10A5900000000000000000000000000000000000BB
:10A5A00000000000000000000078FE0078FE001CA3
:10A5B00018001E18001F18001B18001B980019D83F
:10A5C0000018D80018F8001878001838007F180014
:10A5D0007F180000000000000000000000000000E4
:10A5E000000000000000000000000000000000006B
:10A5F0000003C0000FF0001C3800181800381C00C1
:10A60000300C00300C00300C00300C00381C0018EE
:10A6100018001C38000FF00003C00000000000000C
:10A62000000000000000000000000000000000002A
:10A630000000000000000000003FF0003FF8000CA8
:10A640001C000C0C000C0C000C0C000C18000FF87B
:10A65000000FE0000C00000C00000C00003FC000E8
:10A660003FC00000000000000000000000000000EB
:10A6700000000000000000000000000000000000DA
:10A680000003C0000FF0001C3800181800381C0030
:10A69000300C00300C00300C00300C00381C00185E
:10A6A00018001C38000FF00007C00007CC000FFC9A
:10A6B000000C380000000000000000000000000056
:10A6C0000000000000000000007FE0007FF00018A4
:10A6D00038001818001818001838001FF0001FC0A4
:10A6E0000018E0001870001830001838007F1E00B5
:10A6F0007F0E0000000000000000000000000000CD
:10A700000000000000000000000000000000000049
:10A710000007D8000FF8001C38001818001818009F
:10A720001E00000FC00003F0000078001818001889
:10A7300018001C38001FF0001BE0000000000000A3
:10A740000000000000000000000000000000000009
:10A750000000000000000000003FFC003FFC003152
:10A760008C00318C00318C00318C00018000018024
:10A77000000180000180000180000180000FF000D6
:10A780000FF00000000000000000000000000000CA
:10A7900000000000000000000000000000000000B9
:10A7A000007E7E007E7E0018180018180018180021
:10A7B0001818001818001818001818001818001891
:10A7C00018000C30000FF00003C000000000000073
:10A7D0000000000000000000000000000000000079
:10A7E0000000000000000000007F7F007F7F001855
:10A7F0000C000C18000C18000C1800063000063075
:10A800000003600003600003600001C00001C0009D
:10A8100000800000000000000000000000000000B8
:10A820000000000000000000000000000000000028
:10A8300000FE3F80FE3F803006003006003086007C
:10A8400019CC0019CC001B6C001B6C001E7C000E88
:10A8500038000E38000C18000C1800000000000032
:10A8600000000000000000000000000000000000E8
:10A870000000000000000000007E7E007E7E0018C8
:10A8800018000C300006600003C000018000018049
:10A890000003C0000660000C30001818007E7E0027
:10A8A0007E7E0000000000000000000000000000AC
:10A8B0000000000000000000000000000000000098
:10A8C000007C7E007C7E001818000C3000066000C2
:10A8D00006600003C00001800001800001800001CB
:10A8E00080000180000FF0000FF000000000000069
:10A8F0000000000000000000000000000000000058
:10A900000000000000000000001FF8001FF8001801
:10A91000180018300018600018C000018000030003
:10A92000000618000C18001818003018003FF80036
:10A930003FF80000000000000000000000000000E0
:10A94000000000000000000000000000000001F016
:10A950000001F00001800001800001800001800002
:10A960000180000180000180000180000180000161
:10A97000800001800001800001800001800001F062
:10A980000001F000000000000000000000000000D6
:10A990001800001800001C00000C00000E0000064B
:10A9A0000000060000030000030000018000018099
:10A9B0000000C00000C000006000006000007000E7
:10A9C00000300000380000180000180000000000EF
:10A9D00000000000000000000000000000000F80E8
:10A9E000000F8000018000018000018000018000D4
:10A9F00001800001800001800001800001800001D1
:10AA000080000180000180000180000180000F8033
:10AA1000000F8000000000000000000000000000A7
:10AA200000000000800001C00003E0000770000685
:10AA300030000C1800180C0010040000000000008A
:10AA40000000000000000000000000000000000006
:10AA500000000000000000000000000000000000F6
:10AA600000000000000000000000000000000000E6
:10AA700000000000000000000000000000000000D6
:10AA800000000000000000000000000000000000C6
:10AA900000000000000000000000000000000000B6
:10AAA00000000000000000000000FFFF00FFFF00AA
:10AAB00000000003000003800000E00000600000D0
:10AAC0000000000000000000000000000000000086
:10AAD0000000000000000000000000000000000076
:10AAE0000000000000000000000000000000000066
:10AAF0000000000000000000000000000000000056
:10AB0000000000000000000000000FC0001FE00077
:10AB100000300000300007F0001FF0003830003037
:10AB200030003070001FFC000FBC0000000000006F
:10AB30000000000000000000000000000000000015
:10AB400000000000000078000078000018000018E5
:10AB500000001BE0001FF8001C1800180C00180C67
:10AB600000180C00180C00180C001C18007FF800CE
:10AB70007BE000000000000000000000000000007A
:10AB800000000000000000000000000000000000C5
:10AB90000000000000000000000003EC000FFC00BB
:10ABA0001C1C00380C00300C003000003000003855
:10ABB0000C001C1C000FF80003F000000000000057
:10ABC0000000000000000000000000000000000085
:10ABD000000000000000007800007800001800006D
:10ABE000180007D8001FF800183800301800301877
:10ABF000003018003018003018001838001FFE0010
:10AC000007DE00000000000000000000000000005F
:10AC10000000000000000000000000000000000034
:10AC20000000000000000000000007E0001FF80026
:10AC3000181800300C003FFC003FFC0030000030D2
:10AC40000000180C001FFC0007F0000000000000CE
:10AC500000000000000000000000000000000000F4
:10AC600000000000000001FC0003FC0006000006DC
:10AC700000003FF8003FF800060000060000060054
:10AC8000000600000600000600000600003FF0007D
:10AC90003FF0000000000000000000000000000085
:10ACA00000000000000000000000000000000000A4
:10ACB0000000000000000000000007DE001FFE0092
:10ACC00018380030180030180030180030180030E4
:10ACD00018001838001FF80007D8000018000018E6
:10ACE000000038000FF0000FC0000000000000005E
:10ACF0000000000000007800007800001800001834
:10AD000000001BE0001FF0001C3800181800181885
:10AD1000001818001818001818001818007E7E0077
:10AD20007E7E000000000000000000000000000027
:10AD30000000000000000000000000000000018092
:10AD4000000180000000000000001F80001F800044
:10AD5000018000018000018000018000018000016D
:10AD600080000180003FFC003FFC0000000000006C
:10AD700000000000000000000000000000000000D3
:10AD800000000000000000C00000C0000000000043
:10AD900000001FF0001FF000003000003000003005
:10ADA00000003000003000003000003000003000B3
:10ADB0000030000030000030000070001FE0001F75
:10ADC00080000000000000000000000000003C00C7
:10ADD000003C00000C00000C00000CF8000CF80017
:10ADE0000CC0000D80000F80000F00000F80000DD0
:10ADF000C0000CE0003C7C003C7C00000000000037
:10AE00000000000000000000000000000000000042
:10AE10000000000000001F80001F80000180000172
:10AE2000800001800001800001800001800001801D
:10AE3000000180000180000180000180003FFC00D3
:10AE40003FFC0000000000000000000000000000C7
:10AE500000000000000000000000000000000000F2
:10AE600000000000000000000000F77800FFFC0078
:10AE700039CC00318C00318C00318C00318C0031A8
:10AE80008C00318C00FDEF00FDEF000000000000A1
:10AE900000000000000000000000000000000000B2
:10AEA00000000000000000000000000000000000A2
:10AEB00000007BE0007FF0001C3800181800181814
:10AEC000001818001818001818001818007E7E00C6
:10AED0007E7E000000000000000000000000000076
:10AEE0000000000000000000000000000000000062
:10AEF0000000000000000000000003C0000FF00090
:10AF00001C3800381C00300C00300C00300C0038AD
:10AF10001C001C38000FF00003C0000000000000FF
:10AF20000000000000000000000000000000000021
:10AF30000000000000000000000000000000000011
:10AF400000007BE0007FF8001C1800180C00180CB3
:10AF500000180C00180C00180C001C18001FF8003A
:10AF60001BE0001800001800001800007F00007FA0
:10AF700000000000000000000000000000000000D1
:10AF80000000000000000000000007DE001FFE00BF
:10AF90001838003018003018003018003018003011
:10AFA00018001838001FF80007D800001800001813
:10AFB0000000180000FE0000FE000000000000007D
:10AFC0000000000000000000000000000000000081
:10AFD00000003E78003EFC0007CC000700000600A1
:10AFE000000600000600000600000600003FF0001A
:10AFF0003FF0000000000000000000000000000022
:10B000000000000000000000000000000000000040
:10B010000000000000000000000007F8000FF8002A
:10B020001818001818001F80000FF00000F8001812
:10B0300018001838001FF0001FE00000000000009A
:10B040000000000000000000000000000000000000
:10B050000000000000000C00000C00000C00000CC0
:10B0600000003FF0003FF0000C00000C00000C005E
:10B07000000C00000C00000C00000C1C0007FC0081
:10B0800003F00000000000000000000000000000CD
:10B0900000000000000000000000000000000000B0
:10B0A00000000000000000000000787800787800C0
:10B0B0001818001818001818001818001818001888
:10B0C00018001838000FFE0007DE00000000000026
:10B0D0000000000000000000000000000000000070
:10B0E0000000000000000000000000000000000060
:10B0F00000007C3E007C3E001818001818000C3040
:10B10000000C300006600006600007E00003C0008D
:10B1100003C000000000000000000000000000006C
:10B12000000000000000000000000000000000001F
:10B1300000000000000000000000783C00783C00A7
:10B140003118003398003398001AB0001EF0001E2A
:10B15000F0001C60000C60000C60000000000000AB
:10B1600000000000000000000000000000000000DF
:10B1700000000000000000000000000000000000CF
:10B1800000003E7C003E7C000C300006600003C0E6
:10B190000001800003C0000660000C30003E7C000F
:10B1A0003E7C0000000000000000000000000000E5
:10B1B000000000000000000000000000000000008F
:10B1C000000000000000000000007E1F007E1F0045
:10B1D000180C000C18000C18000630000630000394
:10B1E000600003E00001C00000C000018000018099
:10B1F000000300003FC0003FC0000000000000004E
:10B20000000000000000000000000000000000003E
:10B2100000001FF8001FF80018300018600000C080
:10B22000000180000300000618000C18001FF80041
:10B230001FF80000000000000000000000000000F7
:10B24000000000000000000000000000000000E01E
:10B250000001E00001800001800001800001800009
:10B2600001800001800003800007000003800001CE
:10B27000800001800001800001800001800001E069
:10B280000000E000000000000000000000000000DE
:10B29000000000000000018000018000018000012A
:10B2A0008000018000018000018000018000018099
:10B2B0000001800001800001800001800001800009
:10B2C000018000018000018000018000000000007A
:10B2D0000000000000000000000000000000070067
:10B2E00000078000018000018000018000018000D3
:10B2F00001800001800001C00000E00001C00001E9
:10B300008000018000018000018000018000078032
:10B310000007000000000000000000000000000026
:10B32000000000000000000000000000000000001D
:10B3300000000000000000000E00001F18003BB8D5
:10B340000031F00000E000000000000000000000FC
:10B3500000000000000000000000000000000000ED
:10B36000000000000000000081F9000888F90008D2
:10B3700090F9000896F900089CF90008A2F9000865
:10B38000A9F90008AEF90008B4F9000897F9000817
:10B39000BEF90008C6F900082EFC000832FC0008BF
:10B3A00042FC00085AFC000850FC000862FC00083F
:10B3B00071FC00087CFC00088DFC000893FC000870
:10B3C000A3FC0008B4FC0008C5FC0008D0FC000881
:10B3D000EDFC0008F6FC00087BFE000805FD0008F7
:10B3E000F300010886FE000811FD00081EFD00089C
:10B3F00024FD00082CFD000839FE000853FE00085B
:10B400003CFD00084BFD000850FD000855FD0008FC
:10B4100067FD000871FD000876FD00087DFD00084D
:10B420000600010895FD0008B1FD0008B8FD000800
:10B43000CAFD0008DCFD0008E6FD0008EBFD000881
:10B4400093FF0008EFFD0008F7FD000814FE000858
:10B4500022FE00083DFE000841FE000849FE0008EB
:10B460004FFE00085BFE000864FE000880FE000836
:10B4700085FE00088BFE000893FE00089BFE000876
:10B48000A3FE0008A8FE0008ACFE0008B2FE0008FB
:10B49000BAFE0008C8FE0008D3FE00081CFE000823
:10B4A000DAFE0008DEFE0008EDFE0008FDFE0008E2
:10B4B00002FF0008C2FE00080EFF000818FF000887
:10B4C000E60001081DFF00081CFF000826FD00081B
:10B4D00022FF000826FF00082EFF000839FF0008A1
:10B4E00045FF00087DFF000850FF00085BFF0008D3
:10B4F00063FF00086FFF00087BFF000882FF000861
:10B500008DFF000897FF0008A2FF0008A9FF0008B0
:10B51000B4FF0008B9FF0008C3FF0008C9FF000816
:10B52000E1FF0008ECFF0008FFFF00080A00010827
:10B530000E000108160001081D0001082200010884
:10B540002D000108330001083D00010841000108F9
:10B550004700010887FE00084C0001085D00010853
:10B5600073FC000869000108790001087F000108E8
:10B570008A0001088D00010893000108AA00010853
:10B58000C1000108CC000108D6000108DE00010856
:10B59000EA000108000000000000000000000000B8
:10B5A0007FCA00087BCA00087DCA000885CA000857
:10B5B000000000000000000059D5000889D50008EF
:10B5C0005DD500080000000000000000EDDB000871
:10B5D000F3DB000801DC00081BDE0008EFDB0008DD
:10B5E00051DE00086042A20D000000400000803FD4
:10B5F000D1F71737D1F717B78071313F807131BF5D
:08B600000000003F000000BF44
:08B60800084CFC7F010000006A
:04B61000F501000838
:04B61400D101000858
:10B61800B8B503080024F400010100001000000080
:10B62800B098030811001800000000000000000096
:10B6380000000000816B000800000000000000000E
:10B648000000000000000000256C00080000000059
:10B6580085700008AD7700080000000000000000B9
:10B6680000000000000000007178000800000000E1
:10B67800E57C00085D810008000000000000000073
:10B6880000000000000000000000000000000000B2
:10B69800B584000861850008000000000000000073
:10B6A8000000000000000000FD8600080000000007
:10B6B8001D870008B989000800000000000000008C
:10B6C8000000000000000000000000000000000072
:10B6D800000000004D90000800000000000000007D
:10B6E8000000000000000000000000000000000052
:10B6F8002D950008719C0008000000000000000063
:10B708000000000000000000000000000000000031
:10B7180000000000BDA900080000000000000000B3
:10B728000000000000000000000000000000000011
:10B738000000000039AB0008000000000000000015
:10B748000000000000000000C5AC00080000000078
:10B75800E5AC000831AE0008000000000000000061
:10B76800000000000000000039B1000800000000DF
:10B77800E1B20008C5B400080000000000000000A5
:10B7880000000000000000000000000000000000B1
:10B79800C1BB000889BA00080000000000000000D2
:10B7A8000000000000000000000000000000000091
:10B7B8005DBC0008A9C300080000000000000000EC
:10B7C8000000000000000000000000000000000071
:10B7D80000000000E5C500080000000000000000AF
:10B7E800000000000000000000000000030000004E
:10B7F80040BB0420E80100200000000040BB0420FA
:10B80800A8BB042010BC04200000000000000000B9
:10B818000000000000000000000000000000000020
:10B828000000000000000000000000000000000010
:10B838000000000000000000000000000000000000
:08B848000000000081BC042097
:04000005080010459A
:00000001FF
