:020000040800F2
:100000000000052045100008511900085319000888
:100010005519000857190008591900080000000078
:100020000000000000000000000000009510000823
:100030005B19000800000000951000085D19000819
:1000400095100008951000089510000895100008FC
:1000500095100008951000089510000895100008EC
:1000600095100008951000089510000895100008DC
:1000700095100008951000089510000895100008CC
:1000800095100008951000089510000895100008BC
:1000900095100008951000089510000895100008AC
:1000A000951000089510000895100008951000089C
:1000B000951000089510000895100008951000088C
:1000C000951000089510000895100008951000087C
:1000D000951000089510000895100008951000086C
:1000E000951000089510000895100008951000085C
:1000F000951000089510000895100008951000084C
:10010000951000089510000895100008951000083B
:10011000951000089510000895100008951000082B
:10012000951000089510000895100008951000081B
:10013000951000089510000895100008951000080B
:1001400095100008951000089510000895100008FB
:1001500095100008951000089510000895100008EB
:1001600095100008951000089510000895100008DB
:100170009510000895100008951000080000000078
:1001800095100008951000089510000895100008BB
:1001900095100008951000089510000895100008AB
:1001A000951000089510000895100008951000089B
:1001B000951000089510000895100008951000088B
:0801C0009510000895100008DD
:1001D00010B5054C237833B9044B13B10448AFF381
:1001E00000800123237010BD780200200000000071
:1001F000DCFE000808B5034B1BB103490348AFF30D
:10020000008008BD000000007C020020DCFE000829
:1002100010F8012B11F8013B012A28BF9A42F7D0B0
:10022000D01A70470000000000000000000000002D
:1002300001F0FF01102A2BDB10F0070F08D010F897
:10024000013B013A8B422DD010F0070F42B3F6D19B
:10025000F0B441EA012141EA014122F007047FF0B4
:1002600000070023F0E80256083C85EA010586EA0B
:10027000010685FA47F5A3FA87F586FA47F6A5FA47
:1002800087F68EB9EED1F0BC01F0FF0102F0070253
:1002900032B110F8013B013A83EA010313B1F8D1FE
:1002A0000020704701387047002D06BF35460338DF
:1002B000073815F0010F07D1013015F4807F02BF18
:1002C000013015F4C03F0130F0BC0138704700BF69
:1002D00081F0004102E000BF83F0004330B54FEAF7
:1002E00041044FEA430594EA050F08BF90EA020F64
:1002F0001FBF54EA000C55EA020C7FEA645C7FEAF7
:10030000655C00F0E2804FEA5454D4EB5555B8BF19
:100310006D420CDD2C4480EA020281EA030382EA8A
:10032000000083EA010180EA020281EA0303362D1C
:1003300088BF30BD11F0004F4FEA01314FF4801CEF
:100340004CEA113102D0404261EB410113F0004F01
:100350004FEA03334CEA133302D0524263EB4303B8
:1003600094EA050F00F0A780A4F10104D5F1200E56
:100370000DDB02FA0EFC22FA05F2801841F10001B1
:1003800003FA0EF2801843FA05F359410EE0A5F185
:1003900020050EF1200E012A03FA0EFC28BF4CF0B6
:1003A000020C43FA05F3C01851EBE37101F000456C
:1003B00007D54FF0000EDCF1000C7EEB00006EEB79
:1003C0000101B1F5801F1BD3B1F5001F0CD3490803
:1003D0005FEA30004FEA3C0C04F101044FEA44525A
:1003E00012F5800F80F09A80BCF1004F08BF5FEAE1
:1003F000500C50F1000041EB045141EA050130BDC1
:100400005FEA4C0C404141EB0101013C28BFB1F5D2
:10041000801FE9D291F0000F04BF01460020B1FA1D
:1004200081F308BF2033A3F10B03B3F120020CDAF0
:100430000C3208DD02F1140CC2F10C0201FA0CF0CE
:1004400021FA02F10CE002F11402D8BFC2F1200C33
:1004500001FA02F120FA0CFCDCBF41EA0C019040E9
:10046000E41AA2BF01EB0451294330BD6FEA040432
:100470001F3C1CDA0C340EDC04F11404C4F120021D
:1004800020FA04F001FA02F340EA030021FA04F32F
:1004900045EA030130BDC4F10C04C4F1200220FA86
:1004A00002F001FA04F340EA0300294630BD21FAC4
:1004B00004F0294630BD94F0000F83F4801306BF8A
:1004C00081F480110134013D4EE77FEA645C18BF7E
:1004D0007FEA655C29D094EA050F08BF90EA020F15
:1004E00005D054EA000C04BF1946104630BD91EA0D
:1004F000030F1EBF0021002030BD5FEA545C05D110
:100500004000494128BF41F0004130BD14F580044E
:100510003CBF01F5801130BD01F0004545F0FE41C2
:1005200041F470014FF0000030BD7FEA645C1ABFF7
:10053000194610467FEA655C1CBF0B46024650EA2E
:10054000013406BF52EA033591EA030F41F400215A
:1005500030BD00BF90F0000F04BF0021704730B5E0
:100560004FF4806404F132044FF000054FF00001B5
:1005700050E700BF90F0000F04BF0021704730B576
:100580004FF4806404F1320410F0004548BF40424B
:100590004FF000013EE700BF42004FEAE2014FEAA0
:1005A00031014FEA02701FBF12F07F4393F07F4F7B
:1005B00081F06051704732F07F4208BF704793F07E
:1005C0007F4F04BF41F40021704730B54FF4607491
:1005D00001F0004521F000411CE700BF50EA010294
:1005E00008BF704730B54FF000050AE050EA01023D
:1005F00008BF704730B511F0004502D5404261EBAD
:1006000041014FF4806404F132045FEA915C3FF4ED
:10061000D8AE4FF003025FEADC0C18BF03325FEA8A
:10062000DC0C18BF033202EBDC02C2F1200300FA3B
:1006300003FC20FA02F001FA03FE40EA0E0021FA60
:1006400002F11444BDE600BF70B54FF0FF0C4CF44E
:10065000E06C1CEA11541DBF1CEA135594EA0C0F00
:1006600095EA0C0F00F0DEF82C4481EA030621EA3B
:100670004C5123EA4C5350EA013518BF52EA033576
:1006800041F4801143F4801338D0A0FB02CE4FF028
:100690000005E1FB02E506F00042E0FB03E54FF058
:1006A0000006E1FB03569CF0000F18BF4EF0010E50
:1006B000A4F1FF04B6F5007F64F5407404D25FEA4C
:1006C0004E0E6D4146EB060642EAC62141EA5551FF
:1006D0004FEAC52040EA5E504FEACE2EB4F1FD0C41
:1006E00088BFBCF5E06F1ED8BEF1004F08BF5FEABF
:1006F000500E50F1000041EB045170BD06F0004671
:1007000046EA010140EA020081EA0301B4EB5C041D
:10071000C2BFD4EB0C0541EA045170BD41F4801115
:100720004FF0000E013C00F3AB8014F1360FDEBF3A
:10073000002001F0004170BDC4F10004203C35DA16
:100740000C341BDC04F11404C4F1200500FA05F399
:1007500020FA04F001FA05F240EA020001F000423A
:1007600021F0004110EBD37021FA04F642EB0601B0
:100770005EEA430E08BF20EAD37070BDC4F10C04DA
:10078000C4F1200500FA04F320FA05F001FA04F29E
:1007900040EA020001F0004110EBD37041F100018A
:1007A0005EEA430E08BF20EAD37070BDC4F1200595
:1007B00000FA05F24EEA020E20FA04F301FA05F2FD
:1007C00043EA020321FA04F001F0004121FA04F2A5
:1007D00020EA020000EBD3705EEA430E08BF20EA75
:1007E000D37070BD94F0000F0FD101F000464000AF
:1007F00041EB010111F4801F08BF013CF7D041EA31
:10080000060195F0000F18BF704703F00046520034
:1008100043EB030313F4801F08BF013DF7D043EA05
:100820000603704794EA0C0F0CEA135518BF95EABB
:100830000C0F0CD050EA410618BF52EA4306D1D142
:1008400081EA030101F000414FF0000070BD50EA61
:10085000410606BF1046194652EA430619D094EAEB
:100860000C0F02D150EA013613D195EA0C0F05D1D5
:1008700052EA03361CBF104619460AD181EA030129
:1008800001F0004141F0FE4141F470014FF00000E1
:1008900070BD41F0FE4141F4780170BD70B54FF07C
:1008A000FF0C4CF4E06C1CEA11541DBF1CEA1355FC
:1008B00094EA0C0F95EA0C0F00F0A7F8A4EB0504DE
:1008C00081EA030E52EA03354FEA013100F08880D5
:1008D0004FEA03334FF0805545EA131343EA12639E
:1008E0004FEA022245EA111545EA10654FEA002653
:1008F0000EF000419D4208BF964244F1FD0404F50C
:10090000407402D25B084FEA3202B61A65EB030567
:100910005B084FEA32024FF480104FF4002CB6EB24
:10092000020E75EB030E22BFB61A754640EA0C00A4
:100930005B084FEA3202B6EB020E75EB030E22BFE4
:10094000B61A754640EA5C005B084FEA3202B6EB25
:10095000020E75EB030E22BFB61A754640EA9C00E4
:100960005B084FEA3202B6EB020E75EB030E22BFB4
:10097000B61A754640EADC0055EA060E18D04FEA72
:10098000051545EA16754FEA06164FEAC30343EA12
:1009900052734FEAC2025FEA1C1CC0D111F4801FDF
:1009A0000BD141EA00014FF000004FF0004CB6E7D8
:1009B00011F4801F04BF01430020B4F1FD0C88BF77
:1009C000BCF5E06F3FF6AFAEB5EB030C04BFB6EB82
:1009D000020C5FEA500C50F1000041EB045170BD75
:1009E0000EF0004E4EEA113114EB5C04C2BFD4EBA2
:1009F0000C0541EA045170BD41F480114FF0000E26
:100A0000013C90E645EA060E8DE60CEA135594EAA1
:100A10000C0F08BF95EA0C0F3FF43BAF94EA0C0FA4
:100A20000AD150EA01347FF434AF95EA0C0F7FF419
:100A300025AF104619462CE795EA0C0F06D152EA6D
:100A400003353FF4FDAE1046194622E750EA410651
:100A500018BF52EA43067FF4C5AE50EA41047FF462
:100A60000DAF52EA43057FF4EBAE12E74FF0FF3CC7
:100A700006E000BF4FF0010C02E000BF4FF0010C98
:100A80004DF804CD4FEA410C7FEA6C5C4FEA430C11
:100A900018BF7FEA6C5C1BD001B050EA410C0CBF60
:100AA00052EA430C91EA030F02BF90EA020F0020C2
:100AB000704710F1000F91EA030F58BF994208BF29
:100AC00090422CBFD8176FEAE37040F001007047E6
:100AD0004FEA410C7FEA6C5C02D150EA013C07D13D
:100AE0004FEA430C7FEA6C5CD6D152EA033CD3D088
:100AF0005DF8040B704700BF8446104662468C4682
:100B00001946634600E000BF01B5FFF7B7FF0028B4
:100B100048BF10F1000F01BD4DF808EDFFF7F4FFDD
:100B20000CBF012000205DF808FB00BF4DF808ED68
:100B3000FFF7EAFF34BF012000205DF808FB00BF8B
:100B40004DF808EDFFF7E0FF94BF012000205DF8AD
:100B500008FB00BF4DF808EDFFF7CEFF94BF012062
:100B600000205DF808FB00BF4DF808EDFFF7C4FF5B
:100B700034BF012000205DF808FB00BF4FEA4102AE
:100B800012F5001215D211D56FF47873B3EB6252DF
:100B900012D94FEAC12343F0004343EA505311F006
:100BA000004F23FA02F018BF404270474FF0000098
:100BB000704750EA013005D111F0004008BF6FF0D6
:100BC000004070474FF00000704700BF4FEA4102FD
:100BD000B2F1E04324BFB3F5001CDCF1FE5C0DD99B
:100BE00001F0004C4FEAC0024CEA5070B2F1004FE5
:100BF00040EB830008BF20F00100704711F0804FE8
:100C000021D113F13872BCBF01F00040704741F4AC
:100C100080114FEA5252C2F11802C2F1200C10FAB0
:100C20000CF320FA02F018BF40F001004FEAC12394
:100C30004FEAD32303FA0CFC40EA0C0023FA02F338
:100C40004FEA4303CCE77FEA625307D150EA01330E
:100C50001EBF4FF0FE4040F44000704701F00040DE
:100C600040F0FE4040F40000704700BF53B94AB95D
:100C7000002908BF00281CBF4FF0FF314FF0FF30A4
:100C800000F0BEB9ADF1080C6DE904CE00F03CF8FF
:100C9000DDF804E0DDE9022304B0704738B5002236
:100CA000002304460D46FFF741FF28B92046294698
:100CB000BDE8384000F00AB8204605F1004100F0D8
:100CC00005F8404261EB410138BD00BFD0B50C4B87
:100CD000002206460F46FFF7B7FC00F093F90446E2
:100CE000FFF738FC074B0022FFF7AEFC02460B462D
:100CF00030463946FFF7F0FA00F084F92146D0BDBE
:100D00000000F03D0000F0412DE9F047089D8E46BF
:100D100004468846002B4AD18A42174662D9B2FA65
:100D200082F64EB1C6F1200301FA06F820FA03F369
:100D3000B74043EA0808B4404FEA174E1FFA87FC51
:100D4000B8FBFEF1230C0EFB118843EA084301FBBC
:100D50000CF29A4209D9FB1801F1FF3080F0EA80C9
:100D60009A4240F2E78002393B449A1AA3B2B2FB9E
:100D7000FEF00EFB102243EA024300FB0CFC9C45F4
:100D800009D9FB1800F1FF3280F0D6809C4540F273
:100D9000D3803B44023840EA0140A3EB0C0300211E
:100DA0001DB1F3400022C5E90032BDE8F0878B4257
:100DB00005D90DB1C5E9000100210846F5E7B3FAF0
:100DC00083F1002946D1734502D3824200F20581A6
:100DD000841A6EEB030201209046002DE5D0C5E990
:100DE0000048E2E7002A00F09080B2FA82F6002E76
:100DF00040F0A4808A1A030C4FEA174E80B2BCB2AE
:100E00000121B2FBFEFC0EFB1C2243EA024304FB61
:100E10000CF29A4207D9FB180CF1FF3802D29A4221
:100E200000F2E080C4469B1AB3FBFEF20EFB1233C5
:100E300040EA034302FB04F49C4207D9FB1802F189
:100E4000FF3002D29C4200F2CA8002461B1B42EADB
:100E50000C40A5E7C1F120068B4022FA06F71F439C
:100E60000EFA01F420FA06F32EFA06FE4FEA1749AD
:100E7000234300FA01F81FFA87FCBEFBF9F01C0CB3
:100E800009FB10EE44EA0E4400FB0CFEA64502FAF4
:100E900001F209D93C1900F1FF3A80F09C80A64587
:100EA00040F2998002383C44A4EB0E041FFA83FE02
:100EB000B4FBF9F309FB13444EEA044403FB0CFCB6
:100EC000A44508D93C1903F1FF3E80F08280A44577
:100ED0007FD9023B3C4443EA0040A4EB0C04A0FB56
:100EE00002EC64457346E14662D35FD05DB1B8EB76
:100EF000030264EB090404FA06F622FA01F31E4326
:100F0000CC40C5E9006400214FE7B1FBF2FC010CC5
:100F100041EA0E4180B240EA01423B4638463C4637
:100F2000B846BE462026B1FBF7F1A2EB080241EA23
:100F30000C4166E7014618E710462CE7C6F120028F
:100F40002EFA02F3B740B14020FA02F24FEA174EF0
:100F50000A43B3FBFEF8BCB20EFB1833110C41EA96
:100F6000034108FB04F9B04089454FEA104380B2C1
:100F70003ED9791808F1FF3C01D289451FD8A1EB71
:100F80000901B1FBFEF909FB04F80EFB191192B23D
:100F900042EA0142424529D2BA1809F1FF31C4D2CE
:100FA0004245C2D2A9F102013A44BEE7F0459DD2C2
:100FB000BEEB02036CEB070C0138E14696E7A7EBAA
:100FC00009094944A8F1020CB1FBFEF909FB04F838
:100FD000DBE773467FE7504666E70846FDE63B449D
:100FE000023A33E7ACF1020C3B441CE749469CE76C
:100FF000A1EB0901C446B1FBFEF909FB04F8C4E703
:10100000704700BF4A0011D212F5001211D20DD55F
:101010006FF47873B3EB62520ED44FEAC12343F0FE
:10102000004343EA505323FA02F070474FF00000A8
:10103000704750EA013002D14FF0FF3070474FF057
:1010400000007047DFF834D0002103E00C4B5B5800
:10105000435004310B480C4B42189A42F6D30B4ACA
:1010600002E0002342F8043B094B9A42F9D300F016
:10107000C9FC0EF059FA00F08BF97047000005200A
:101080009C2F050800000020780200207802002034
:10109000440D0020FEE7000007B54FF0FF3301903C
:1010A000012201A9034802F088FD019803B05DF810
:1010B00004FB00BF80080020024B1B68D9680EF0BB
:1010C0007DB800BF2402002010B500F0A3FF4FF050
:1010D0004041002000F02AFD00F010FD044600F021
:1010E00019FD00FB04F10120104C01F14051890071
:1010F00000F01CFD00F0C2FE002000F051FD6FF07A
:10110000FF0000F071FD012000F04AFD204600F0D4
:101110006BFD204600F050FD0021084600F046FD22
:1011200064210120BDE8104000F040BD0000FFFF39
:101130002DE9F8430C46174605462DED088B00288F
:1011400000F0828000297FD0002A7DDD0B46024618
:1011500001EB8701B2EC019AF3EC019AB0EE498AF7
:10116000F0EE698A994273D138EE498ADFED497A07
:1011700078EEE98A4FF00009B7EE00BAB4EE678A5C
:10118000F1EE10FAF4EE678A48BFB0EE4B8AF1EE4A
:1011900010FA48BFF0EE4B8A00F0B0FC804600F039
:1011A000B9FC06464346063E152B38BF15231528C5
:1011B000A3F114030AEE103A034638BF15230120A9
:1011C000143B0AEE903A00F0EBFC4FF07F4000F049
:1011D0000BFD4FF0FF2000F0EFFCF8EE6AAAB8EE2E
:1011E0004AAAF4EC016AA8F10603B5EC017A09F108
:1011F000010976EEE96A052237EE497AC6EEA87A49
:101200007BEE677A67EEAA7AFCEEE77A17EE901A21
:10121000C7EE087A0A31052938BF0521B14228BF37
:10122000314689B267EE8A7AFCEEE77A17EE900AC9
:101230000A30052838BF0520984228BF184680B2DA
:1012400000F0B2FD4F45CCD1BDEC088BBDE8F88372
:10125000F2EC017AB3EC017AF4EE497AF1EE10FA8D
:10126000F4EEC87A48BFB0EE679AF1EE10FAB4EE29
:10127000697A77FE887AB0EE678AF1EE10FAB4EEFA
:10128000E87A48BFF0EE479AF1EE10FA77FE288A26
:1012900068E700BFBD3786357047704770B5031DDE
:1012A000D0F844650024A64201D1002070BD5D69DC
:1012B00018468D4206D1DD69002DF7D0002AF5D001
:1012C0009542F3D001342033EDE7000001480CF0E3
:1012D00099BD00BF9802002010B5044640F24C5161
:1012E0000DF08AF9204610BD2DE9F8430F4615464A
:1012F000D0F84495041D0026B14504D14FF00008F4
:101300004046BDE8F8836369A046202B0BD13946DF
:10131000A069FEF77DFF30B9E369002BF0D0002D06
:10132000EED0AB42ECD001362034E5E72DE9F043B6
:1013300084468E4690461F46DDF81C904F4501DDE1
:10134000BDE8F083DCF84465292E0AD9DCF84805AD
:101350000028F5D072462A230B49BDE8F04302F07D
:101360009DBD731C45460CEB4616CCF84435341D28
:101370000FCD0FC495E80F0084E80F0037620137E6
:10138000C6F818E0DAE700BF50BE04087047000056
:101390002DE9F0412DED028BAAB0BFF34F8FBFF3C3
:1013A0006F8F6F4A0021C2F85012BFF34F8FBFF307
:1013B0006F8F536943F400335361BFF34F8FBFF313
:1013C0006F8FC2F88410BFF34F8FD2F8803043F68E
:1013D000E074C3F3C900C3F34E335B0103EA0406B0
:1013E000014646EA81750139C2F86052F9D2203BC4
:1013F00013F1200FF2D1BFF34F8F536943F48033C1
:101400005361BFF34F8FBFF36F8F00F0BDFF10220A
:10141000002119A80DF0E0FF1422002104A80DF00E
:10142000DBFF504B012402261A68192517A842F445
:1014300040421A601B68219603F440430393039BC8
:101440004FF48033CDE917434FF48003CDE91D639A
:101450004FF4C873CDE91F530923229301F08AFC8E
:10146000044618B1002000F0FFFAFEE701F04AFC44
:10147000054618B1204600F0F7FAFEE70F23069064
:101480004FF4A0500621CDE904364FF48053CDE946
:10149000070304A801F056FE044618B1284600F0E0
:1014A000E3FAFEE700F0BCFA2F4830494FF4165338
:1014B000046184614462C0E900130C23C0E9024462
:1014C000436102F0F2FB054618B1204600F0CCFA69
:1014D000FEE7274CFFF7F8FD4FF4C02229462548C8
:1014E0000DF07AFF2368BFF35B8FDA0709D420463B
:1014F0000DF086F828B120480DF096FC20460DF03E
:101500008BF81E4ADFF8948013681D4C13441D4865
:101510001D49C8F800301D4B20601A6802F0BEFC5F
:101520004FF4C0221A49206802F0B8FC114A194948
:10153000206802F0B3FCD8F800100B68CB1A1A88A8
:10154000042A0AD99A8812B18A58032A28D0032378
:101550001149206802F0A2FCFEE70022F7E700BF75
:1015600000ED00E000700040800800200010014005
:101570007C080020000010C099120008F8FE000846
:10158000100900200000002092BE0408F4FE0008AC
:10159000A7BE0408C9BE0408F1BE04080C09002057
:1015A000B54EB64F3568BFF35B8F15F0010510D10E
:1015B00030460DF025F860B12368B14AB1483A6071
:1015C000C7F84455C7F848350DF02EFC30460DF0ED
:1015D00023F8032706F09EF9012302463946A7485F
:1015E00000970226FFF7A2FE012506F0F7FC012373
:1015F00002460421A1480097FFF798FE07F048FC37
:101600000523024609219D4800930123FFF78EFE22
:1016100009F066FC01230246112198480096FFF765
:1016200085FE09F059FC01230246009619469348AD
:10163000FFF77CFE09F0BCFF0123024628218F48FA
:101640000096FFF773FE0AF017FC2B4602461621A0
:101650008A480095FFF76AFE0BF04CFD2B460246C8
:10166000582186480096FFF761FE0BF0CDF82B4617
:101670000246312181480097FFF758FE07F0E8FC49
:101680002B4602460E217D480096FFF74FFE07F0DD
:1016900087F82B4602461C2178480096FFF746FE45
:1016A00004F06AFF2B460246002174480096FFF7BB
:1016B0003DFE08F059FD2B46024653216F48009627
:1016C000FFF734FE0AF0C4FC2B46024619216B4892
:1016D0000096FFF72BFE09F03DFE2B4602467221D5
:1016E00066480096FFF722FE07F0AEFF2B46664DD8
:1016F0000246122161480097FFF718FE2B68BFF3DE
:101700005B8FDB0715D428460CF07AFF88B123687D
:101710005A4A01934FF4C023D8F8001000935B4855
:101720005B4B0CF021FB5B480DF07EFB28460CF078
:1017300073FF5648584E30600CF082FB054650B19E
:101740005649206802F0AAFB4FF4C0225449206891
:1017500002F0A4FBFEE73068276860300BF092FDD2
:10176000504902463846504F02F098FB29463068EF
:101770000CF046FC2946386030680CF025FC4B4DD7
:101780003B6828609A694A4958680DF0F4FE306851
:101790000CF0D2FB20B14749206802F07FFBFEE746
:1017A0002A6820681AB153680BB193691BB9424982
:1017B00002F074FBFEE71278404902F06FFB2B68E1
:1017C0003F495A68206802F069FB2B685B6803F1A7
:1017D0006042B2F5A02F0BD303F17F5202F5401205
:1017E000B2F5E00F04D33749206802F057FBFEE75B
:1017F00093F900203449206802F050FB2B68DFED9C
:10180000337A93ED038A1E6968EE277A5D68304962
:101810002068FDEEE77A17EE902A02F03FFB2D4993
:101820002068324602F03AFB05F139042B4604A841
:1018300017A993F90220921B07EE902A13F9032BA4
:10184000921BF8EEE77A9C4207EE102A67EE887A40
:10185000B8EEC77AE1EC017A27EE087AA0EC017ABB
:10186000E7D1132217A904A8FFF762FC4FF47A709E
:1018700000F0A8FDFAE700BF2C0300203003002091
:10188000FCE104088D130008940200209802002057
:10189000000010C0CD1200080809002038BF04085D
:1018A00052BF040888BF0408040900200009002072
:1018B0000CE20408A4BF0408C1BF0408E0BF040888
:1018C00002C0040816C004084FC0040800007A448F
:1018D00062C0040873C004081A4B01211A481A6B2D
:1018E00042F0010210B588B01A631A6B072402F0A7
:1018F00001020092009A1A6B42F002021A631A6BFC
:1019000002F002020192019A5A6C42F010025A64EB
:101910004FF400725B6C079403F010030293029B78
:101920000223CDE903230323CDE9051303A900F026
:10193000C9FF802303A905480393079400F0C2FF61
:1019400008B010BD00380240000002400004024010
:101950007047FEE7FEE7FEE7FEE7704700F020BDB8
:101960000120704708B50DF0D9FD162303604FF034
:10197000FF3008BD08B50DF0D1FD16230360FEE76A
:1019800070B50D4614460E46731B9C4201DC204682
:1019900070BDAFF3008006F8010BF5E770B50D469A
:1019A00014460E46731B9C4201DC204670BD16F89F
:1019B000010BFFF771FBF5E74FF0FF3070474FF475
:1019C000005300204B607047012070470020704793
:1019D0000A4A116808B5034609B909491160106837
:1019E000694603448B4206D90DF098FD0C23036031
:1019F0004FF0FF3008BD1360FCE700BF1409002062
:101A0000480D0020054BD3F8882042F47002C3F83B
:101A100088204FF000629A60704700BF00ED00E040
:101A200030B5044687B0C8B90D4B022501A90D4851
:101A30001A6B42F480721A631B6B03F48073009379
:101A4000009B0123CDE9015303930323049300F08A
:101A500039FF22462946034801F012F807B030BD8D
:101A6000003802400020024020B901220221024831
:101A700001F006B8704700BF002002402DE9F3478F
:101A80001A4C98464FF440330E4617463421636093
:101A90008146174B2046DDF82CA01A68154B01FB38
:101AA00002339D6CAB1E5D425D410A9B6D00E3609D
:101AB000114BA560236000F0FEFDA0B94946204609
:101AC00000F0BAFE78B93B46324651462046CDF882
:101AD000008000F01AFE30B90A21204602B0BDE8AD
:101AE000F04700F02CBE02B0BDE8F087B809002036
:101AF000B4090020F809002000B00240034B342153
:101B00001A68034B01FB0233186E7047B4090020BA
:101B1000F8090020034B34211A68034B01FB023300
:101B2000586E7047B4090020F809002070B50025F0
:101B30008EB00E4604460195FFF7E0FFCDE90205A1
:101B4000FFF7E8FFFF234FF4C0620A96ADF8345068
:101B50008DF83650CDE906350723CDE90405CDE9EA
:101B60000823FFF7CBFF0B90FFF7D4FF224601A914
:101B70000C90084801F076F80C22074B4FF0FF312B
:101B800054431A195160054991604FF07F421A5130
:101B90000EB070BDF80900209C0900201000002044
:101BA000014B1860704700BFB4090020024601488D
:101BB00001F085B8F8090020034B0C221B68534341
:101BC000024AD050704700BFB40900209C09002091
:101BD000034B0C211A68034B01FB023398607047DA
:101BE000B40900209C0900200B4B73B51E68054604
:101BF000FFF784FF0446FFF78DFF342207490346B1
:101C00000195304602FB0611002200922246C96D62
:101C1000FFF734FF02B070BDB4090020F8090020BE
:101C2000144B2DE9F7431E681746134B34228846A0
:101C3000054602FB0633DC6DD3F84890FFF75EFFE4
:101C40000C230E4A00FB0850B9F1020F06FB03F308
:101C500008BF04EB4001D35818BF04EB80013A469B
:101C600030460193002300930123FFF707FF03B0E1
:101C7000BDE8F083B4090020F80900209C09002089
:101C80000E4B2DE9F0410F46144634211A680C4BD7
:101C9000054601FB0233D3F84880DE6DFFF72EFFC7
:101CA000B8F1020F00FB075004D1A4B226F810408F
:101CB000BDE8F08146F82040FAE700BFB4090020F3
:101CC000F80900202DE9F04F540085B082468B467C
:101CD0001546C4F103044FF000091AFA89F30C22E7
:101CE000AFB29BB2ABEB07011FFA89F600932C4B06
:101CF00089B200981B68029153432A4A52F8038024
:101D00004246FFF7BDFFAAEB0603424602999BB28B
:101D100018460193FFF7B4FF07EB0A03ABEB06018C
:101D200042469BB25E4489B2184602930391FFF784
:101D3000A7FFAAEB07035F44039942469BB2BFB2D9
:101D400018460393B6B2FFF79BFF42463946009808
:101D5000FFF796FF424639460198FFF791FF42464A
:101D600031460298FFF78CFF039B424631461846E6
:101D7000FFF786FF002CB1BF0634A9EB05030A3438
:101D800005F1FF35B8BF04EB890409F10109A8BFCB
:101D900004EB83044D45A0D205B0BDE8F08F00BF31
:101DA000B40900209C0900202DE9F04FDFF8C4B0F1
:101DB000540091461746DBF800300C22DFF8B8A03B
:101DC0000E465343C4F10304002585B080465AF8FB
:101DD0000300FFF7F1FEAFB1BAB216FA85F1ABB26C
:101DE000A8EB0200520089B2039380B292B2019034
:101DF0000292FFF715FF039B029AF11A019889B22C
:101E0000FFF70EFFA5B1AAB2BBB2A8EB02005200C9
:101E1000F11A80B292B289B20190CDE90223FFF7A4
:101E2000FFFE039B029A9919019889B2FFF7F8FE09
:101E3000002CB1BF0634EB1B0A3407F1FF37B8BFE3
:101E400004EB850405F10105A8BF04EB8304AF4250
:101E5000C1D2DBF800300C22314653435AF803005C
:101E6000FFF7AAFE4A46404605B0BDE8F04FFFF72F
:101E700029BF00BFB40900209C09002008B5094B08
:101E80004FF4805108481A68936943F00103936145
:101E9000012200F0F5FD012208210448BDE80840B8
:101EA00000F0EEBDF80900200020024000280240AA
:101EB0004B4B4C485A6C42F08062F0B58FB05A647C
:101EC0005A6C02240E2509A902F080624FF4805753
:101ED000454E0092009A1A6B42F400021A631A6B84
:101EE00002F400020192019A1A6B42F010021A6386
:101EF0001A6B02F010020292029A1A6B42F0400230
:101F00001A631A6B02F040020392039A1A6B42F4AE
:101F100080721A631A6B02F480720492049A1A6B2C
:101F200042F400721A631A6B02F400720592059A69
:101F30001A6B42F480621A631A6B02F48062069292
:101F4000069A1A6B42F480721A631A6B02F480725A
:101F50000792079A1A6B42F480621A631B6B0D9505
:101F600003F480630893089B1023CDE90934002310
:101F7000CDE90B3400F0A6FC092309A91B480D93F9
:101F8000CDE9097400F09EFC4FF4664309A9304680
:101F90000D95CDE9093400F095FC4EF6FF7309A9C3
:101FA00013480D95CDE9093400F08CFCF72309A9FD
:101FB0000D950125CDE909340E4C204600F082FC38
:101FC00009A9304609970A9500F07CFC082309A965
:101FD0002046CDE9093500F075FC0FB0F0BD00BF1B
:101FE0000038024000100240002002400018024069
:101FF0000024024000280240054808230360C02353
:1020000043610523C3614FF48033C36201F058B9C3
:102010001809002010B52822224C0923352140F24E
:102020001B1040F21D1CC4E905230B23C4E9071350
:1020300040F215230021C4E9093040F2352320463F
:10204000C4E90B3CFFF7D8FF4FF4F07E4FF48873E0
:102050002046C4E918E30023A38684F83630C4E997
:102060000133C4E90333104B236000F048FE0146FE
:1020700010B92046FFF71CFF0A4800F087FD012237
:102080004FF48051094800F0FBFC01220821084868
:1020900000F0F6FC00F016F90648FFF799FD002065
:1020A00010BD00BFF8090020006801400020024078
:1020B00000280240100000202DE9F743214C0126A2
:1020C000214D4FF000081027214681464FF6FF7240
:1020D0002846CDF80480C4E90067C4E9026801F02D
:1020E0009AFB304600F06EF9022321464FF6FF724C
:1020F0002846C4E90037C4E9026801F08CFB0323D9
:1021000021464FF6FF722846C4E900370823C4E988
:10211000023801F080FB4FF4087321464FF6FF723E
:10212000019304232846A660C4E90037019BE360BD
:1021300001F071FB4946284603B0BDE8F04301F0C9
:1021400082BB00BF000B00202C0B0020544B9A6B6D
:1021500042F0010270B58EB09A639A6B064609A9E7
:10216000504802F00102504C00250192019A1A6B6E
:1021700042F480021A631A6B02F480020292029AFD
:102180001A6B42F004021A631A6B02F00402039203
:10219000039A1A6B42F008021A631A6B02F00802E3
:1021A0000492049A1A6B42F010021A631A6B02F03E
:1021B00010020592059A1A6B42F020021A631A6BFC
:1021C00002F020020692069A1A6B42F040021A634D
:1021D0001A6B02F040020792079A1A6B42F08002D3
:1021E0001A6301221B6B03F080030893089B0223F0
:1021F000CDE90A320C930C230D930823099300F0C8
:1022000061FB4CF2037309A92848099300F05AFBBB
:102210004FF6837309A92648099300F053FB4FF644
:102220003F0309A92348099300F04CFB48F23313FC
:1022300009A92148099300F045FB282309A91F4853
:10224000099300F03FFB80234FF400714FF480505E
:1022500025633463E561A663C4E901534FF48063E9
:10226000C4E903134FF48043C4E905034FF400337A
:102270002046C4E908350323C4E90A35104B23601E
:1022800000F0ACF9204600F02BF92A460F21382047
:1022900000F0BCF8382000F0EBF80EB070BD00BFC5
:1022A0000038024000080240A00A0020000C024052
:1022B000001002400014024000180240001C0240BE
:1022C0001064024038B5194C0721194B0422194DEE
:1022D0004FF4006023600223E260AB61C5E9003186
:1022E000C5E90221C5E90433102240230021C4E9D5
:1022F00004234FF48073A162C4E906314FF4805384
:10230000C4E908032046C4E90111FFF71FFF29466D
:102310002046094C01F05FFA003818BF01202070F8
:1023200040F20360FFF7C8FE207838BD2C0B002078
:10233000400100A0100B00200800002070470000A2
:1023400038B50E4B05461A784FF47A73B3FBF2F3A7
:102350000B4A1068B0FBF3F000F098F8044658B947
:102360000F2D09D8024629464FF0FF3000F04EF8F5
:10237000044B20461D6038BD0120FCE70900002009
:10238000040000200C00002008B5032000F02CF809
:102390000020FFF7D5FFFFF7D1FF002008BD0000A8
:1023A000034A044B11681B780B441360704700BF4D
:1023B000600B002009000020014B1868704700BF27
:1023C000600B002038B50446FFF7F6FF0546631C96
:1023D0001EBF044B1B78E418FFF7EEFF431BA3421C
:1023E000FAD338BD0900002007490302CA6803F484
:1023F000E06322F4E0621204120C134343F0BF6363
:1024000043F40033CB60704700ED00E0164B30B56D
:10241000DC68C4F30224C4F10703251D042B28BF84
:102420000423062D4FF0FF358CBF033C002405FA32
:1024300003F3002805FA04F521EA030322EA050262
:1024400003FA04F343EA02034FEA0313DBB206DBA9
:1024500000F1604000F5614080F8003330BD00F0CD
:102460000F00024A1354F9E700ED00E014ED00E01C
:10247000002807DB4109012300F01F00024A8340C6
:1024800042F82130704700BF00E100E00138B0F1B0
:10249000807F0BD24FF0E023054AF02158610020E5
:1024A00082F82310072298611A6170470120704753
:1024B00000ED00E0036802461820D9B21039B1FBE4
:1024C000F0F010B5054C5F29205CD06523F47F70D7
:1024D00020F0030088BF0430906510BD2412050869
:1024E00070B50446FFF768FF0546002C60D0002356
:1024F000226884F83430022384F83530136823F0DE
:102500000103136022681368D8072ED41368324879
:10251000A1691840D4E901352B43E5682B432569AF
:102520002B4365692B43E5690B432B43256A2B43FA
:102530000343606A042802BFD4E90B5635432B439A
:1025400004281360536923F0070343EA000335D1DD
:10255000A06AE56A03438DB391B9012820D030F019
:1025600002012BD1E90129D51DE0FFF725FF401B12
:102570000528C7D920230320636584F8350070BD82
:10258000B1F5005F16D1032818D801A151F820F049
:10259000A725000865250008A7250008A125000833
:1025A000B5F1C07F0AD140236365012384F835303B
:1025B0000120E4E70228F6D90328D3D0536120464E
:1025C000FFF778FFE26D3F239340836000200123F3
:1025D000606584F83530D2E73F8010F038B50546A5
:1025E00020B390F83530022BDCB21DD003680024F4
:1025F0001A6822F001021A6021221C605C609C6053
:10260000DC601C615A61FFF755FFEA6D3F23934080
:1026100083606C6585F8344085F83540C5E90F4422
:10262000C5E91144C5E91344204638BD0124FBE740
:10263000F0B50468059D666C45EA0345436806F0FD
:102640004046B3F5403F45EA06056564E2632FD195
:10265000806801F07F4601F47F0301F47F42CDB230
:1026600003281AD8DFE800F00402060E21F07F41AB
:10267000A163F0BDD90C920AC90241EA421141EAB4
:10268000D501F5E7DB0CD20A9B02F10F43EA4213B6
:1026900043EAD50343EAC131EAE71B0D120B1B02E3
:1026A000360F43EA021343EA151343EA0631DFE724
:1026B000E160DEE7704710B5044620B390F839308A
:1026C00003F0FF021BB980F83820FFF7F3FF022365
:1026D0006168002084F8393023681A6822F4403297
:1026E0000A43A1681A605A6B22F007020A43E168A4
:1026F0005A631A6C6FF30D020A431A640123E063F4
:1027000084F8393010BD0120FCE773B590F83850DB
:102710000446012D4FF002050FD080F839500126F4
:10272000069D80F838600095FFF782FF2268002040
:1027300013683343136002B070BD2846FBE70023E3
:1027400073B50193044603680D461B68DB0718D474
:102750002268D369526A13439E0606D5FFF72CFE02
:10276000064623685A68D2063FD523681222002005
:102770009A60012384F83930002384F8383002B09D
:1027800070BDFFF719FE064623685A689207DFD42A
:102790005A680192019A12F0210F14D0019A9506FD
:1027A00003D5E26B42F00202E263019AD00703D53F
:1027B000E26B42F00102E26321229A6004230120CD
:1027C00084F83930D8E7691CDFD0FFF7F5FD801BAE
:1027D000A84201D8002DD7D1E36B032043F020039A
:1027E000E363032384F83930C6E75A680192019AFB
:1027F00012F0290F16D0019A160703D5E26B42F0AA
:102800000402E263019A950603D5E26B42F00202EC
:10281000E263019AD00703D5E26B42F00102E26362
:102820002922CAE7691C9DD0FFF7C6FD801BA8427C
:10283000D2D8002D95D1CFE7F0B590F838200346D7
:102840000220012A2BD0012283F839000E011C4FEF
:1028500083F8382003EB0112D2E90740556A44EAB5
:102860000040093C012C96BF05F07F4240EA05601C
:1028700010431A68A1B9516A012C01EA070141EA23
:10288000000151629969916103D8596A21F07F4131
:1028900091620122002083F8392083F83800F0BDCE
:1028A000D169012C01EA070141EA0001D16103EB82
:1028B000060189691161ECD825F07F451562E8E7CA
:1028C000F0FFFC002DE9F74F0023DFF8B0814FF057
:1028D0000F09684A01240E689C4004EA0605B443C7
:1028E00040F0AF804C684FEA430C032624F0100EF2
:1028F00006FA0CF60EF1FF37F643012F10D8876861
:1029000007EA060ACF6807FA0CF747EA0A07876062
:10291000476827EA050A27099F4047EA0A074760F0
:10292000C768BEF1020F07EA060A8F6807FA0CF7BC
:1029300047EA0A07C76014D14FEAD30E03F0070A2B
:1029400000EB8E0E4FEA8A0ADEF8207009FA0AFBC5
:1029500027EA0B0B0F6907FA0AF747EA0B07CEF8CD
:1029600020700768374004F0030606FA0CF63E4371
:102970000660E60065D5D8F8446023F0030703F04D
:10298000030C46F4804607F180474FEA8C0CC8F8E8
:10299000446007F59C37D8F8446009FA0CFE06F449
:1029A00080460196019EBE6826EA0E0E324EB04267
:1029B0004ED006F58066B0424CD006F58066B04237
:1029C0004AD006F58066B04248D006F58066B0422F
:1029D00046D006F58066B04244D006F58066B04227
:1029E00042D006F58066B04240D006F58066B0421F
:1029F0003ED006F58066B04214BF0A26092606FAC4
:102A00000CF614F4803F46EA0E06BE606FEA050736
:102A100016680CBF3E402E4314F4003F1660566803
:102A20000CBF3E402E4314F4801F566096680CBFC6
:102A30003E402E43A4029660D66854BF3E402E43CB
:102A4000D6600133102B7FF445AF03B0BDE8F08FA3
:102A50000026D4E70126D2E70226D0E70326CEE7F8
:102A60000426CCE70526CAE70626C8E70726C6E7F8
:102A70000826C4E7003C0140000002400038024044
:102A80000AB1816170470904FBE70000D2010068C8
:102A9000D1F800C0843283182DE9F043C6680CF1E8
:102AA00001075D684FF0000E4C68C6F30B4605F455
:102AB0007045D1F818902644A4EB0C045D60C568FD
:102AC000C5F30B453D4445EA06455D60C668CD68E3
:102AD000C6F30A062E449D6805F470459D608D6816
:102AE000C7680135C7F30A073D4445EA06450E6944
:102AF0009D60072E1D6925F007051D611E6188BFB9
:102B0000012691F832709D6991F83180C3F818E080
:102B100091F8305045EA096545EA082545EA074538
:102B20009D615D6925F0FF055D614D695D61DD6950
:102B300025F4E06525F00705DD61D1E9075745EA91
:102B40000705DD619D6A4D6AC3F828E09D629CBF60
:102B50000C4DAE5DDD6A744305F0E0250334DD62A3
:102B60008D6AC96A754344EA0544DC621C6B6FF3E5
:102B70000A041C631963835843F001038350BDE8C2
:102B8000F08300BF2C1205087047000038B50446DA
:102B9000002863D090F8A13003F0FF021BB980F841
:102BA000A020FFF7F1FF022384F8A13023689A697F
:102BB00022F070429A619969D4E901200243E068E9
:102BC00002432069024360690A4325499A619A6871
:102BD0000A409A609A6842EA0042A0690243E069AA
:102BE0009A60DA680A40DA60DA6842EA0042206AEB
:102BF0000243606ADA601A690A401A611A6942EA95
:102C00000042A06A02431A615A690A40E16A5A61A5
:102C10005A6942EA0142216B0A435A61DA6A94F81E
:102C2000350002F07F4294F83610DA62DD6A94F8DB
:102C300034202A4342EA0022002042EA0142DA62BA
:102C40005A6B42F006025A639A6942F001029A6195
:102C50000123C4F8A40084F8A13038BD0120FCE7AA
:102C600000F800F02DE9F04190F8A03006460F463C
:102C70009446012B4FF002001FD034244FF001087E
:102C80000D4686F8A10004FB026486F8A080383463
:102C90000FCD0FC40FCD0FC40FCD0FC42B6830461E
:102CA000624639462360FFF7F1FE33680020C3F81F
:102CB000248086F8A18086F8A000BDE8F08170B578
:102CC00090F8A0300446012B4FF0020315D080F895
:102CD000A13034230126534380F8A060C518E9646D
:102CE00003F138010144FFF7D1FE236800205E6242
:102CF00084F8A16084F8A00070BD1846FCE790F845
:102D0000A1007047194B37B51A6C194C42F080522C
:102D10001A641B6C03F080530193019B236843F4F6
:102D200080332360FFF748FB05466368DA030CD560
:102D300023680F4D43F400332360FFF73DFB044647
:102D40006B689B030AD5002006E0FFF735FB401BAC
:102D5000B0F57A7FE9D9032003B030BDFFF72CFB33
:102D6000001BB0F57A7FEBD9F5E700BF00380240D1
:102D7000007000402DE9F341044640B30368DE07CC
:102D800010D423689D0761D42368190700F1A68039
:102D900023685A0700F1C780A269002A40F03081F9
:102DA00000202CE0944B9A6802F00C02042A07D011
:102DB0009A6802F00C02082A0BD15B68590208D508
:102DC0008D4B1B689A03DCD56368002BD9D1012099
:102DD00015E06368884DB3F5803F13D12B6843F449
:102DE00080332B60FFF7E8FA834E054633689B0378
:102DF000C7D4FFF7E1FA401B6428F7D9032002B0DB
:102E0000BDE8F0819BB92B6823F480332B602B68DD
:102E100023F480232B60FFF7CFFA06462B689F032D
:102E2000AFD5FFF7C9FA801B6428F7D9E6E7B3F5F9
:102E3000A02F2B6803D143F480232B60CEE723F42B
:102E400080332B602B6823F48023CAE76A4B9A688F
:102E500012F00C0F07D09A6802F00C02082A11D168
:102E60005B685D020ED4644A1368990702D5E36873
:102E7000012BACD11368216923F0F80343EAC103A5
:102E8000136081E7E3685C4DBBB12B6843F001033D
:102E90002B60FFF791FA06462B689B0707D52B6836
:102EA000226923F0F80343EAC2032B606CE7FFF7C3
:102EB00083FA801B0228EFD9A0E72B6823F00103D7
:102EC0002B60FFF779FA06462B689F077FF55CAF0A
:102ED000FFF772FA801B0228F6D98FE76369464D27
:102EE00083B16B6F43F001036B67FFF765FA06462A
:102EF0006B6F9B073FF54CAFFFF75EFA801B022814
:102F0000F6D97BE76B6F23F001036B67FFF754FA89
:102F100006466B6F9F077FF53BAFFFF74DFA801BAF
:102F20000228F6D96AE7344B1A6CD50027D41A6CFC
:102F3000012742F080521A641B6C03F08053019306
:102F4000019B2E4D2B68D8051BD5A3682A4D012B5C
:102F500027D12B6F43F001032B6741F28838FFF72D
:102F60002BFA254E0546336F9A073FD5002F3FF4C5
:102F700013AF214A136C23F0805313640CE700272E
:102F8000DFE72B6843F480732B60FFF715FA0646E2
:102F90002B68D905D9D4FFF70FFA801B6428F7D91D
:102FA0002CE7ABB92B6F41F2883823F001032B6774
:102FB0002B6F23F004032B67FFF7FEF906462B6FF8
:102FC0009B07D3D5FFF7F8F9801B4045F7D915E7E4
:102FD000052B2B6F03D143F004032B67B9E723F0D4
:102FE00001032B672B6F23F00403B5E7FFF7E4F928
:102FF000401B4045B7D901E700380240007000404F
:10300000384DAB6803F00C03082B41D02B68022A23
:1030100023F080732B602ED1FFF7CEF906462B6884
:10302000990122D4A36A5B085A1ED4E907310B43E5
:1030300043EA0243626A43EA8213E26A43EA0263B2
:1030400043F000536B602B6843F080732B60FFF7F5
:10305000B3F9244D04462B689A013FF5A1AEFFF762
:10306000ABF9001B0228F6D9C8E6FFF7A5F9801BCB
:103070000228D4D9C2E6FFF79FF904462B689B01CA
:103080007FF58EAEFFF798F9001B0228F6D9B5E65A
:10309000012A6B683FF49BAE03F48002E1698A4227
:1030A0007FF495AE03F03F02216A8A427FF48FAE2F
:1030B00047F6C072616A1A40B2EB811F7FF487AE97
:1030C000A26A03F440315208013AB1EB024F7FF497
:1030D0007EAEE26A03F07063B3EB026F14BF0120AF
:1030E00000208CE600380240134908B58B6803F0D5
:1030F0000C03042B1BD0082B1BD14A684B68496872
:1031000002F03F0213F48003C1F388111ABF0B4889
:1031100000230B48A1FB0001FDF7A8FD064B5B68EF
:10312000C3F3014301335B00B0FBF3F008BD034878
:10313000FCE70348FAE700BF0038024040787D0111
:103140000024F4002DE9F0410D46044610B9012099
:10315000BDE8F081454A136803F00F038B4228D382
:1031600021688F0730D4C80743D4404A136803F05E
:103170000F03AB4266D8226851076FD4130707D5F7
:103180003B4A2169936823F4604343EAC103936097
:10319000FFF7AAFF364B374A9B68C3F30313D35C90
:1031A000D840354B1860354B1868FFF7C9F8002038
:1031B000CEE7136823F00F030B431360136803F08B
:1031C0000F038B42C3D1CBE711F0040F284B03D080
:1031D0009A6842F4E0529A600E0703D59A6842F466
:1031E00060429A609A68A06822F0F00202439A60F6
:1031F000B9E761681E4B01291A681BD112F4003F20
:10320000A5D09A6841F28838194F22F003020A4388
:103210009A60FFF7D1F80646BB68626803F00C03BA
:10322000B3EB820FA1D0FFF7C7F8801B4045F3D95D
:1032300003208DE7022902D112F0007FE0E712F0AF
:10324000020FDDE7136823F00F032B4313601368AD
:1032500003F00F03AB427FF47AAF8CE70449E068D8
:103260008B6823F4E05303438B6087E7003C024004
:103270000038024014120508040000200C00002051
:10328000044B054A9B68C3F38223D35C034A10684E
:10329000D8407047003802400C1205080400002096
:1032A000044B054A9B68C3F34233D35C034A10685E
:1032B000D8407047003802400C1205080400002076
:1032C00003682DE9F74313F0010604460BD0AD4A1D
:1032D000916821F400019160466B91683143B6FA20
:1032E00086F67609916013F4002512D0A549E56BA6
:1032F000D1F88C20B5F5801F22F4401208BF0126BA
:1033000042EA050216BFB5FA85F500256D09C1F838
:103310008C20D90210D59B48216CD0F88C20B1F5B7
:10332000800F22F4400242EA0102C0F88C2000F033
:103330008681002908BF012513F0807F18BF012670
:103340009A0632D58F4B904F1A6C42F080521A6415
:103350001B6C03F080530193019B3B6843F4807323
:103360003B60FFF729F880463B68DB0540F1698147
:10337000844F226B3B6F13F4407340F06D81236BDD
:1033800003F44072B2F5407F7E4A40F08A81916832
:1033900023F0704021F4F81120F440700143916053
:1033A000C3F30B03116F0B4313672368DA060CD5C5
:1033B000744AD2F88C1021F08071C2F88C10D2F8C7
:1033C0008C10A06B0143C2F88C105F0408D56D49C6
:1033D000606ED1F8902022F440320243C1F8902070
:1033E000180408D56749A06ED1F8902022F4402235
:1033F0000243C1F89020D90308D56249E06ED1F8A4
:10340000902022F440120243C1F890209A0308D57C
:103410005C49206FD1F8902022F440020243C1F8A9
:1034200090205F0608D55749606CD1F8902022F0B3
:1034300003020243C1F89020180608D55149A06C38
:10344000D1F8902022F00C020243C1F89020D90557
:1034500008D54C49E06CD1F8902022F030020243AC
:10346000C1F890209A0508D54649206DD1F89020E2
:1034700022F0C0020243C1F890205F0508D54149FF
:10348000606DD1F8902022F440720243C1F8902080
:10349000180508D53B49A06DD1F8902022F4406270
:1034A0000243C1F89020D90408D53649E06DD1F81F
:1034B000902022F440520243C1F890209A0408D58B
:1034C0003049206ED1F8902022F440420243C1F8E6
:1034D00090205F0208D52B49A06FD1F8902022F0F0
:1034E00080620243C1F8902098020CD52548E16F14
:1034F000D0F89020B1F1006F22F0006208BF0125E2
:103500000A43C0F8902013F0080F18BF0125590393
:1035100008D51C49606FD1F8902022F04072024318
:10352000C1F890201A0209D51649D4F88000D1F8C4
:10353000902022F080520243C1F89020012E00F02A
:10354000B480B3F1007F00F0B080012D75D10D4D36
:103550002B6823F080532B60FEF72EFF06462B6866
:103560009F0000F1268121680E0301D5E36B1BB19A
:10357000CD0222D5236C03BB024AD2F88830D2F8A0
:10358000880003E0003802400070004003F440333C
:1035900000F0E0400343606943EA8013A06943EA16
:1035A0000063C2F88830D2F88C30A06A23F4F85354
:1035B000013843EA0023C2F88C30880215D5E36F46
:1035C000B3F1006F11D1824AD2F88830D2F8880066
:1035D00003F0706300F0E0400343606943EA801346
:1035E000206A43EA0043C2F888300A0719D5784AAE
:1035F000D2F88810D2F8883001F0706103F44033BB
:103600000B43616943EA8113E16943EA0173C2F83C
:103610008830D2F88C30E16A23F440330B43C2F88F
:103620008C306B4C236843F080532360FEF7C4FE5C
:10363000054623689B0040F1C380002009E0012675
:103640007AE6FEF7B9FEA0EB080064287FF68CAEA0
:10365000032003B0BDE8F08302F4407293423FF4CC
:103660008EAE3B6F3A6F23F4407342F480323A6778
:103670003A6F22F480323A673B673B6FD8077FF599
:103680007EAEFEF799FE41F2883980463B6F99077E
:103690003FF575AEFEF790FEA0EB08004845F5D962
:1036A000D6E7916821F4F81179E6494E336823F0A2
:1036B00080633360FEF780FE074633681B0172D4D7
:1036C0002268D70712D5636B83B9D6F88430D6F851
:1036D000841003F4403301F070610B43616843EAE6
:1036E0008113A16843EA0173C6F88430160303D539
:1036F000E36BB3F5801F05D0D0021ED5236CB3F564
:10370000800F1AD13249D1F88430D1F8840003F403
:10371000403300F0E0400343606843EA8013E06810
:1037200043EA0063C1F88430D1F88C00636A20F06A
:103730001F00013B0343C1F88C30D10111D524494E
:10374000D1F88430D1F8840003F0706300F0E040D9
:103750000343606843EA8013206943EA0043C1F8E9
:10376000843092010DD5236962681B0443EA8213F9
:10377000E26843EA0263A26843EA0273144AC2F8A9
:103780008430134E336843F080633360FEF714FED9
:10379000074633681B013FF5D8AEFEF70DFEC01B90
:1037A0006428F6D954E7FEF707FEC01B642884D9C5
:1037B0004EE7FEF701FE801B64287FF6D0AE47E798
:1037C000FEF7FAFD401B64287FF633AF40E700BFE9
:1037D00000380240704738B50D460446C8B190F82D
:1037E0002C3003F0FF021BB980F82D20FFF7F2FF09
:1037F0000223211D206884F82C3000F085FA6268CD
:103800002946206800F0B8FA0123002084F82C3003
:1038100038BD0120FCE738B590F82C3004460D4641
:10382000022BD8B20CD00223206884F82C3000F090
:10383000E5FA2B68022B04D10523002084F82C30F4
:1038400038BD0123F9E710B590F82C300446022B5F
:10385000D8B209D00223206884F82C3000F0E1FAB5
:103860000123002084F82C3010BD000038B5C16958
:1038700004460368826800691D6802436069024368
:1038800076480A432840256A0243E0681A605A686D
:1038900022F4405202435A60A26998682A4320F4F5
:1038A000306002439A606E4A934213D16D4BD3F855
:1038B000903003F00303022B00F0B180032B00F0E3
:1038C000A680012B63D0B1F5004F00F08E80FFF78A
:1038D000E7FC12E0644A934222D1624BD3F8903065
:1038E00003F00C03082B00F09A8015D8002B4ED162
:1038F000B1F5004F72D0FFF7C3FC636800EB5300D3
:10390000B0FBF3F080B24FF6EF73A0F110029A42D1
:1039100004D82368D8609CE00C2B78D0012099E073
:10392000524A934209D14F4BD3F8903003F0300301
:10393000202B74D0DAD9302BEFE74D4A934209D1CE
:10394000484BD3F8903003F0C003802B67D0CDD91B
:10395000C02BE2E7474A93420BD1424BD3F8903059
:1039600003F44073B3F5007F59D0BFD9B3F5407F5E
:10397000D3E7414A934213D13A4BD3F8903003F442
:103980004063B3F5006F4AD007D8002B9BD0B1F548
:10399000004F35D1FFF7A8FB22E0B3F5406FBCE73D
:1039A000364A93420BD12F4BD3F8903003F4405357
:1039B000B3F5005F33D099D9B3F5405FADE7304A36
:1039C0009342ABD1274BD3F8903003F44043B3F587
:1039D000004F24D08AD9B3F5404F9EE7FFF750FC43
:1039E0006268530803EB400322E0FFF759FCF7E756
:1039F000500800F5740000F51050B0FBF2F081E7BC
:103A0000FFF772FB79E7500800F50040F5E7B1F5E4
:103A1000004F6268F7D1530803F5803308E0B1F531
:103A2000004F6268E4D1530803F1F47303F5904347
:103A3000B3FBF2F39BB24FF6EF72A3F11001914288
:103A40003FF66CAF23F00F02C3F342032168134328
:103A5000CB6000200023C4E9183338BDF369FFEFC1
:103A6000001001400038024000440040004800407F
:103A7000004C00400050004000140140007800401D
:103A8000007C0040436ADA0710B506D50168846AF5
:103A90004A6822F4003222434A609C0706D5016836
:103AA000C46A4A6822F4803222434A60590706D524
:103AB0000168046B4A6822F4802222434A601A0794
:103AC00006D50168446B4A6822F4004222434A60EA
:103AD000DC0606D50168846B8A6822F48052224392
:103AE0008A60990606D50168C46B8A6822F4005280
:103AF00022438A605A0610D50168046C4A68B4F5FE
:103B0000801F22F4801242EA04024A6005D14A680A
:103B1000446C22F4C00222434A601B0606D50268A8
:103B2000816C536823F400230B43536010BD2DE9CF
:103B3000F843DDF8209005460F46164698462A6859
:103B4000D36937EA03030CBF01230023B34201D03A
:103B500000201BE0B9F1FF3FF2D0FEF72DFCA0EBF7
:103B600008002C684845236802D8B9F1000F0FD12E
:103B700023F4D0732360A36823F00103A360202300
:103B80006B67AB670023032085F87030BDE8F883CE
:103B90005A07D4D5E3691B05D1D54FF400632362DE
:103BA000236823F4D0732360A36823F00103A36088
:103BB00020236B67AB67EB67E4E72DE9F743984693
:103BC000436F04460E46202B17464CD1002948D09F
:103BD000002A46D090F87030012B44D001230025F4
:103BE00080F870302123C5674367FEF7E5FBA368C3
:103BF0008146A4F85070B3F5805FA4F8527003D1E9
:103C000023690BB935461E46002384F87030B4F89A
:103C100052204B46CDF8008092B23AB9402120465E
:103C2000FFF785FF40B92023636706E0002280216B
:103C30002046FFF77CFF18B1032003B0BDE8F083F6
:103C400022685EB935F8023BC3F308039362B4F807
:103C50005220013A92B2A4F85220D8E716F8013B5C
:103C6000F4E70120E9E70220E7E737B5002504463D
:103C7000C567FEF7A1FB226803461268120707D446
:103C800020230020636784F87000A36703B030BD71
:103C90006FF07E424FF40011204600922A46FFF753
:103CA00046FF0028ECD00320F0E710B5044640B3EF
:103CB000436F1BB980F87030FDF70EFE2268242395
:103CC00020466367136823F001031360FFF7CEFDFE
:103CD000012816D0636A13B12046FFF7D3FE23688C
:103CE00020465A6822F490425A609A6822F02A02CA
:103CF0009A601A6842F00102BDE810401A60FFF7AE
:103D0000B4BF012010BD00002DE9F043D1E9012C22
:103D1000D1E90739D1F82480DFF858E043EA0903F4
:103D2000D1E90376D1E905540968012901680FD06A
:103D300043EA080301EA0E01134343EA0C033B4341
:103D400033432B4323430B4303600020BDE8F08340
:103D500042EA0C0221F4F84143EA08033A430B43D8
:103D60004168324301EA0E0103602A4322430A43B9
:103D70004260EAE70080FFFFCB68012A826803F116
:103D8000FF3C4B69F0B503F1FF334C688F680E6957
:103D90004FEA03538D6904F1FF3407F1FF3706F151
:103DA000FF3605F1FF3509684FEA04144FEA07278B
:103DB00001F1FF314FEA06464FEA056543EA0C334D
:103DC0000AD00B4302F0704223433B4333432B435F
:103DD000134383600020F0BD22F4700222F470428D
:103DE0001343C26802F0704C44EA070283600A433E
:103DF00032432A4342EA0C02C260EBE713B5D1E931
:103E00000034024600202343CC68896843EA4423F7
:103E10000190013943EA41130193019B136102B000
:103E200010BD436943EA41034361002070470130FC
:103E30008000704730B518B9B1FA81F0400930BD43
:103E400003688B420CD100238B4201DB0120F6E793
:103E500050F8045F52F82340A54201D10133F3E743
:103E60000020ECE7884205D030B131B10A1D096865
:103E7000FFF7E0BF012070477047084670470130E8
:103E8000800070470B289ABF024B53F8200002486D
:103E9000704700BFEC2C050883C004080EB403B5BE
:103EA00003AA036852F8041B9B680192984702B06A
:103EB0005DF804EB03B070470CB407B504AA0368BF
:103EC00052F8041B9B680192984703B05DF804EB1D
:103ED00002B0704738B5044610461A4624B90B495B
:103EE000FFF7DCFF012038BD2568082D07D82046E4
:103EF000043904EB8505A84203D10020F3E7044907
:103F0000EEE750F8043F41F8043FF4E7DDC0040851
:103F10000BC1040803685B6818470368C01A03886C
:103F20008B428CBF405A0020704710B50C210446CC
:103F3000FFF7F3FF10B123182058184410BD0000FC
:103F400008B5034610460A2B1FD8DFE803F00A061F
:103F5000101216181A0E1C140C000A2300200B70E5
:103F600008BD0123FAE70B23F8E70723F6E702234E
:103F7000F4E70323F2E70923F0E70423EEE7052340
:103F8000ECE70623EAE70823E8E700220A701A466E
:103F90000249FFF783FF0120E2E700BF4CC104089C
:103FA00038B505461446FFF7B8FF00B12C5C204633
:103FB00038BD00220A2108B5FFF7F2FF08BD38B569
:103FC00005461446FFF7A9FF00B12C58204638BD1E
:103FD00038B505461446FFF7A0FF00B12C56204621
:103FE00038BD10B52DED028B0446B0EE408AFFF7C8
:103FF00094FF10B1044494ED008AB0EE480ABDEC81
:10400000028B10BD2DE9F3470A9E1D46002307468B
:104010000C46904633607E2901F2B981DFE811F049
:104020001E044A01BC037F009F013B07910B910BCB
:10403000910B3303910BA4044A01D104910B190194
:104040001D054A01F103910B910B910BA6062A065F
:10405000CD0292031507FE01910B910BDF06910B28
:10406000910B0503910B3D026107910B910B910B95
:10407000890777044A0406087D053F088002910BF2
:10408000910BB207910BB309CE05D500910B910BA3
:104090007E08910B910B910B910B910B910B910B56
:1040A000910B910B910BE6082009910B910B910B51
:1040B000910B910B8907910B910B4909910BB20858
:1040C000BC09890789078609910BFC09910B910BA3
:1040D000220A8907910B8907910B910B910B910B88
:1040E000910B62064F0A910B770A910BD807A10A30
:1040F000910B910B910B910B910B910B910B910BE0
:10410000CB0A910B910B910B910B910B020B2F0B87
:10411000910B910B910B910B910B910B5C0B2B68FD
:104120000422182128461B689847044660B9B84BFA
:104130004146B84A40460193C42301240093B64B3C
:10414000FFF7BAFE01F024B93846FFF732FF012825
:10415000804636D13846FFF7E8FE054688B3002290
:104160000421FFF735FF38B100F1FF39D9F1000024
:1041700040EB09004FEA400800220621284684F857
:104180000080FFF71CFF0022082160602846FFF72F
:1041900016FF00220A21A0602846FFF719FF01221E
:1041A000C0B20C21431E042B88BF00202073284678
:1041B000FFF705FF012220610E212846FFF7FFFED1
:1041C00060613460002401F0E3B82B680122022111
:1041D00028461B689847814660B98D4B41468D4AF9
:1041E00040460193D423012400938B4BFFF764FED8
:1041F00001F0CEB83846FFF7DCFE252804D00024B5
:10420000C6F8009001F0C4B83846FFF78EFE0746A6
:104210000028F4D000220421FFF7DAFE4246494686
:10422000C0B2FFF78DFE044668B902460621384643
:10423000FFF7CEFE424609F10101C0B2FFF780FE52
:1042400004460028DBD049462846FFF763FE01F00C
:104250009FB82B68012228461B68114698470446E0
:1042600060B96B4B41466B4A40460193E2230124FF
:104270000093694BFFF720FE01F08AB83846FFF73C
:1042800098FE0428054611D13846FFF74EFE68B166
:1042900000222946FFF79CFE012806D0A0F1020863
:1042A000D8F1000040EB080040002070346000248A
:1042B00001F06EB82B680422282128461B68984715
:1042C000044660B9524B4146524A40460193EE23A0
:1042D00001240093504BFFF7EFFD01F059B8384629
:1042E000FFF767FE052834D13846FFF71EFE054666
:1042F00078B300220421FFF76BFE70B300F1FF3C9E
:10430000DCF1000343EB0C035B0023700022062169
:104310002846FFF754FE0022082160602846FFF778
:104320004EFE00220A21A0602846FFF748FE002228
:104330000C21E0602846FFF742FE002220610E219A
:104340002846FFF745FEC0B2431E042B88BF00205D
:1043500020753460002401F01BB80123D5E72B68D9
:1043600004221C2128461B689847044660B9284B44
:104370004146284A40460193FD2301240093264BE1
:10438000FFF79AFD01F004B83846FFF712FE022845
:1043900037D13846FFF7C9FD054690B30022042106
:1043A000FFF716FE88B3471E78427841400000228E
:1043B000062120702846FFF702FE002208216060D7
:1043C0002846FFF7FCFD00220A21A0602846FFF7DF
:1043D000F6FD00220C21E0602846FFF7F9FD0122DE
:1043E000C0B20E21431E042B88BF00202074284633
:1043F000FFF7E5FD0122606110212846FFF7DFFD90
:10440000A0613460002400F0C3BF0120CFE700BFEB
:10441000C8C10408B1C1040870C104082B68042293
:10442000082128461B689847044668B9A14B4146B5
:10443000A14A4046019340F20F13012400939F4B81
:10444000FFF73AFD00F0A4BF3846FFF7B2FD06289B
:1044500080461ED13846FFF768FD0546C8B10022E8
:104460000421FFF7ACFD0022414620602846FFF7FB
:10447000AFFD0821C3B228465A1E042A4FF000029D
:1044800088BF00232371FFF78BFD003818BF012080
:1044900060713460002400F07BBF2B68012203218F
:1044A00028461B689847044668B9824B4146824AB1
:1044B000404601934FF48E73012400937F4BFFF726
:1044C000FBFC00F065BF3846FFF773FD1F2823D1C2
:1044D0003846FFF72AFD0546F0B100220621FFF716
:1044E00077FD0421C3B228465A1E042A4FF0000269
:1044F00088BF00236370FFF753FD00384FF00002C0
:104500004FF0080118BF012020702846FFF748FD32
:10451000003818BF0120A0703460002400F038BFBC
:104520002B680122042128461B689847044668B975
:10453000604B4146604A4046019340F22B130124F0
:1045400000935E4BFFF7B8FC00F022BF3846FFF740
:1045500030FD46282DD13846FFF7E7FC054640B32D
:1045600000220621FFF734FD0022C0B20421431EC1
:10457000042B88BF002060702846FFF711FD00382B
:104580004FF000024FF0080118BF012020702846AC
:10459000FFF706FD00384FF000024FF00A0118BF88
:1045A0000120A0702846FFF7FBFC003818BF01204F
:1045B000E0703460002400F0EBBE2B680122022181
:1045C00028461B689847044668B93A4B41463A4A20
:1045D000404601934FF49D7301240093374BFFF73E
:1045E0006BFC00F0D5BE3846FFF7E3FC072818D176
:1045F0003846FFF79AFC054698B100220421FFF7E0
:10460000E7FC0621C3B228465A1E042A4FF00002D6
:1046100088BF00232370FFF7C3FC003818BF0120B8
:1046200060703460002400F0B3BE2B68012228467D
:104630001B6811469847044668B91E4B41461E4AFE
:104640004046019340F24713012400931B4BFFF7B0
:1046500033FC00F09DBE3846FFF7ABFC14280ED1AA
:104660003846FFF762FC50B100220421FFF7B0FC8E
:10467000012803D0811E4842484140002070346028
:10468000002400F085BE2B680122042128461B6807
:1046900098470446A0B9074B4146074A4046019354
:1046A00040F251130093054BFFF706FC012400F084
:1046B0006FBE00BFC8C10408B1C1040870C10408BE
:1046C0003846FFF776FC0828814637D13846FFF791
:1046D0002CFC074690B300220421FFF779FC4946E1
:1046E000C3B238465A1E042A4FF0000288BF002386
:1046F0002370FFF755FC00384FF000024FF00A011D
:1047000018BF0120A0703846FFF74AFC00384FF070
:1047100000024FF0060118BF0120E0703846FFF795
:1047200057FC50B1012808D0B1494046FFF7B6FB0D
:1047300021462846FFF7EEFBB8E76070346000249E
:1047400000F026BE2B68042228461B6811469847B5
:10475000044668B9A74B4146A74A4046019340F238
:104760006F1301240093A54BFFF7A6FB00F010BECA
:104770003846FFF71EFC09280AD13846FFF7D5FB5B
:1047800030B19FED9F0A0421FFF72BFC84ED000A56
:104790003460002400F0FCBD2B6804220821284668
:1047A0001B689847044668B9924B4146924A404676
:1047B000019340F2791301240093904BFFF77CFBA7
:1047C00000F0E6BD3846FFF7F4FB0A2815D138465D
:1047D000FFF7ABFB054680B100220621FFF7F8FB8F
:1047E0000421C3B228465A1E042A4FF0000288BF93
:1047F00000232371FFF7E3FB20603460002400F006
:10480000C7BD2B68012228461B68114698470446FD
:1048100068B9784B4146784A4046019340F2851387
:1048200001240093754BFFF747FB00F0B1BD3846FC
:10483000FFF7BFFB15280DD13846FFF776FB48B1CF
:1048400000220421FFF7C4FBC3B25A1E042A88BF0A
:10485000002323703460002400F09ABD2B680122ED
:1048600028461B6811469847054668B9614B414682
:10487000614A4046019340F28F13012400935F4B3D
:10488000FFF71AFB00F084BD3846FFF792FB0B28B8
:104890000DD13846FFF749FB48B100220421FFF74C
:1048A00097FBC3B25A1E042A88BF23462B7035607B
:1048B00000F06EBD2B68012228461B681146984700
:1048C000044668B94B4B41464B4A4046019340F27F
:1048D000991301240093494BFFF7EEFA00F058BDFD
:1048E0003846FFF766FB1D280DD13846FFF71DFB44
:1048F00048B100220421FFF76BFBC3B25A1E042A01
:1049000088BF002323703460002400F041BD2B6871
:10491000012228461B6811469847044668B9354B62
:104920004146354A4046019340F2A31301240093C7
:10493000324BFFF7C1FA00F02BBD3846FFF739FBC9
:104940001C280DD13846FFF7F0FA48B100220421A7
:10495000FFF73EFBC3B25A1E042A88BF0023237010
:104960003460002400F014BD2B68012228461B6827
:1049700011469847044668B91E4B41461E4A4046B8
:10498000019340F2AD13012400931C4BFFF794FAFE
:1049900000F0FEBC3846FFF70CFB0C280DD1384662
:1049A000FFF7C3FA48B100220421FFF711FBC3B29D
:1049B0005A1E042A88BF002323703460002400F0AC
:1049C000E7BC2B680422102128461B689847044640
:1049D000C0B9084B4146084A4046019340F2B7131C
:1049E00001240093054BFFF767FA00F0D1BC00BF2C
:1049F000DAC10408C8C10408B1C1040870C10408C0
:104A0000000000003846FFF7D4FA0D2821D13846BF
:104A1000FFF78BFA0546E0B100220421FFF7CFFA39
:104A20000621206028461FED0A0AFFF7DAFA08215E
:104A3000284684ED010A1FED0E0AFFF7D2FA0A217B
:104A400084ED020A28461FED120AFFF7CAFA84ED28
:104A5000030A3460002400F09BBC2B680422102160
:104A600028461B689847044668B9BA4B4146BA4A7B
:104A7000404601934FF4E2730093B84BFFF71CFAE2
:104A8000012400F085BC3846FFF793FA0E283FD189
:104A90003846FFF74AFA0746002839D00022042199
:104AA000FFF796FA0621C0B29FEDAD0A431E042B14
:104AB00088BF002020703846FFF793FA0821384657
:104AC00084ED010A9FEDA60AFFF78BFA00220A2166
:104AD000384684ED020AFFF77BFA58B1012809D065
:104AE000C2B2A0494046FFF7D9F921462846FFF750
:104AF00011FAC5E7207300220C213846FFF750FA5F
:104B0000003818BF012060733460002400F040BCFE
:104B100095494046FFF7C2F9E7E72B6804221021C8
:104B200028461B689847044668B98A4B41468A4A1A
:104B3000404601934FF4F27301240093874BFFF733
:104B4000BBF900F025BC3846FFF733FA472832D1CD
:104B50003846FFF7EAF9054668B300220421FFF75B
:104B600037FA0621C0B29FED7E0A431E042B88BF90
:104B7000002020702846FFF734FA0821284684EDEB
:104B8000010A9FED770AFFF72CFA00220A2184ED33
:104B9000020A2846FFF704FA00384FF000024FF0EF
:104BA0000C0118BF012020732846FFF7F9F90038DF
:104BB00018BF0120607334600024E9E32B680422ED
:104BC000102128461B689847044660B9614B41464E
:104BD000614A4046019340F2F513012400935F4B74
:104BE000FFF76AF9D4E33846FFF7E3F945283ED1E9
:104BF0003846FFF79AF90546002838D000220421EC
:104C0000FFF7E6F90621C0B29FED550A431E042BBB
:104C100088BF002020702846FFF7E3F908212846C6
:104C200084ED010A9FED4E0AFFF7DBF9002284EDC7
:104C3000020A0A212846FFF7B3F900384FF00102B3
:104C40004FF00C0118BF012020732846FFF7A8F988
:104C500000384FF000024FF00E0118BF01206073C2
:104C60002846FFF79DF9003818BF0120A073346073
:104C700000248DE32B680122022128461B689847F7
:104C8000044660B9334B4146334A4046019340F2F3
:104C9000062301240093314BFFF70EF978E33846E1
:104CA000FFF787F90F281AD13846FFF73EF9054676
:104CB000A8B100220821FFF773F900384FF0000275
:104CC0004FF00A0118BF012020702846FFF768F94D
:104CD000003818BF012060703460002458E30020C1
:104CE0002070F8E72B680122022128461B689847AC
:104CF000044660B9174B4146174A4046019340F2BB
:104D0000172301240093154BFFF7D6F840E33846EC
:104D1000FFF74FF94A281AD13846FFF706F905463A
:104D2000A8B100220421FFF73BF900384FF0000240
:104D30004FF0060118BF012020702846FFF730F918
:104D4000003818BF012060703460002420E3002088
:104D50002070F8E7C8C10408B1C1040870C1040894
:104D60000000000004C2040823C204082B680422C7
:104D7000242128461B689847814660B9A74B4146C5
:104D8000A74A4046019340F2252301240093A54BF6
:104D9000FFF792F8FCE23846FFF70BF911281AD119
:104DA0003846FFF7C2F80446A8B10421FFF7B5F86A
:104DB00088B154F800A027189B4B4246494607EBA0
:104DC0000A00FFF787F80446002840F0BC8457F833
:104DD0000A30C9F820300024C6F80090D8E22B68C9
:104DE00004220C2128461B689847044660B98B4B67
:104DF00041468B4A4046019340F2372301240093F9
:104E0000884BFFF759F8C3E23846FFF7D2F812286B
:104E100018D13846FFF789F8054698B100220421D9
:104E2000FFF7CDF80022062120602846FFF7C7F8DB
:104E30000022606008212846FFF7B2F8003818BF4A
:104E40000120207234600024A2E22B68042228464C
:104E50001B6811469847044660B9704B4146704A3A
:104E60004046019340F24323012400936D4BFFF72A
:104E700023F88DE23846FFF79CF8132808D138460E
:104E8000FFF753F820B100220421FFF798F82060C3
:104E9000346000247CE22B68042228461B681146FB
:104EA0009847044660B95D4B41465D4A40460193D0
:104EB00040F24D23012400935A4BFEF7FDFF67E2B9
:104EC0003846FFF776F85E2808D13846FFF72DF808
:104ED00020B100220421FFF772F820603460002422
:104EE00056E22B68042228461B6811469847044660
:104EF00060B94A4B41464A4A4046019340F2572323
:104F000001240093474BFEF7D7FF41E200250560DF
:104F10003846FFF74EF8172808D13846FFF705F84E
:104F200020B12A460421FFF74AF8206034600024AB
:104F30002EE22B68012228461B681146984704463A
:104F400060B9364B4146364A4046019340F26723EA
:104F500001240093334BFEF7AFFF19E23846FFF709
:104F600028F81B280BD13846FEF7DFFF38B10022A6
:104F70000421FFF715F8003818BF012020703460B5
:104F8000002405E22B68042228461B681146984736
:104F9000044660B9214B4146214A404601934FF4F3
:104FA0001C73012400931F4BFEF786FFF0E1384687
:104FB000FEF7FFFF232808D13846FEF7B6FF20B1E1
:104FC00000220421FEF7FBFF206034600024DFE1B3
:104FD0002B68042228461B6811469847044660B98E
:104FE0000E4B41460E4A4046019340F2792301247C
:104FF00000930C4BFEF760FFCAE13846FEF7D9FF7D
:105000004F2808D13846FEF790FF20B10022042136
:10501000FEF7D5FF206034600024B9E1C8C1040860
:10502000B1C1040870C1040847C204082B680422F7
:10503000242128461B689847814660B9AC4B4146FD
:10504000AC4A4046019340F2822301240093AA4BCC
:10505000FEF732FF9CE13846FEF7ABFF1E2818D161
:105060003846FEF762FF044698B10421FEF755FF6B
:1050700098B1231827581F44A04B4246494638464A
:10508000FEF728FF0446002840F062833B68C9F819
:1050900020300024C6F800907AE10746ECE72B6840
:1050A0000422142128461B689847044660B9904B97
:1050B0004146904A4046019340F28F2301240093D9
:1050C0008D4BFEF7F9FE63E13846FEF772FF2028AC
:1050D00021D13846FEF729FF0546E0B10022042120
:1050E000FEF76DFF0022062120602846FEF767FFCD
:1050F0000022082160602846FEF761FF00220A2195
:10510000A0602846FEF75BFF0022E0600C212846E5
:10511000FEF755FF20613460002439E12B6801223D
:1051200028461B6811469847814660B9704B414636
:10513000704A4046019340F29D23012400936E4B38
:10514000FEF7BAFE24E13846FEF733FF282803D0E5
:105150000024C6F800901BE13846FEF7E6FE002862
:10516000F6D000220421FEF733FF42464946C0B282
:10517000FEF7E6FE04460028EAD049462846FEF738
:10518000C9FE05E12B68012228461B681146984795
:10519000814660B9564B4146564A404601934FF40A
:1051A0002A7301240093544BFEF786FEF0E0384644
:1051B000FEF7FFFE392803D00024C6F80090E7E090
:1051C0003846FEF7B2FE0028F6D000220421FEF792
:1051D000FFFE42464946C0B2FEF7B2FE0446002832
:1051E000EAD049462846FEF795FED1E02B68042216
:1051F0000C2128461B689847044660B93C4B414641
:105200003C4A4046019340F2B323012400933A4BB9
:10521000FEF752FEBCE03846FEF7CBFE31281AD12D
:105220003846FEF782FE0546A8B100220421FEF7AB
:10523000CFFE98B1421E534253415B00002206212B
:1052400023702846FEF7BBFE002260600821284636
:10525000FEF7B5FEA0603460002499E00123EDE77D
:105260002B68012228461B6811469847044660B9FE
:105270001F4B41461F4A4046019340F2BF23012481
:1052800000931D4BFEF718FE82E03846FEF791FEB4
:1052900032280BD13846FEF748FE38B100220421EF
:1052A000FEF77EFE003818BF012020703460002415
:1052B0006EE02B68012228461B68114698478146FC
:1052C00060B90B4B41460B4A4046019340F2C9235B
:1052D00001240093084BFEF7EFFD59E03846FEF736
:1052E00068FE37280CD00024C6F8009050E000BFBC
:1052F000C8C10408B1C1040870C104084FC2040841
:105300003846FEF712FE0028EDD000220421FEF7F9
:105310005FFE42464946C0B2FEF712FE0446002830
:10532000E1D049462846FEF7F5FD31E02B6804221E
:10533000082128461B689847044660B9A84B414697
:10534000A84A4046019340F2D32301240093A64B80
:10535000FEF7B2FD1CE03846FEF72BFE3B280FD1CE
:105360003846FEF7E2FD054650B100220421FEF763
:1053700026FE0022206006212846FEF720FE6060FF
:105380003460002404E099491046FEF787FD0124AB
:10539000204602B0BDE8F0872B6804221021284681
:1053A0001B689847044660B98D4B41468D4A40467C
:1053B000019340F2E323012400938B4BFEF77CFD25
:1053C000E6E73846FEF7F5FD3A2822D13846FEF7E3
:1053D000ACFD0546E8B104219FED850AFEF701FE0C
:1053E0000621284684ED000A9FED810AFEF7F9FDAB
:1053F0000022082184ED010A2846FEF7E0FD002284
:10540000A0600A212846FEF7CBFD003818BF012016
:10541000207334600024BBE72B68042228461B68F5
:1054200011469847044660B96D4B41466D4A404667
:1054300001934FF43C73012400936B4BFEF73CFD4A
:10544000A6E73846FEF7B5FD3D2808D13846FEF7F9
:105450006CFD20B100220421FEF7B1FD2060346014
:10546000002495E72B680422082128461B689847EA
:10547000044660B95A4B41465A4A4046019340F2AD
:10548000F92301240093584BFEF716FD80E73846B8
:10549000FEF78FFD40280FD13846FEF746FD054642
:1054A00050B100220421FEF78AFD0022206006216F
:1054B0002846FEF784FD60603460002468E72B68AE
:1054C000042228461B6811469847044660B9444B9D
:1054D0004146444A4046019340F20333012400937D
:1054E000414BFEF7E9FC53E73846FEF762FD4B28D7
:1054F0000AD13846FEF719FD30B19FED3D0A04216F
:10550000FEF76FFD84ED000A3460002440E72B684D
:10551000012228461B6811469847044660B9304B63
:105520004146304A4046019340F20D330124009336
:105530002D4BFEF7C1FC2BE73846FEF73AFD4D2810
:105540000CD13846FEF7F1FC40B100220421FEF7F1
:105550003FFD002814BF0223012323703460002480
:1055600016E72B68012228461B6811469847044617
:1055700060B91B4B41461B4A4046019340F21A3327
:1055800001240093184BFEF797FC01E73846FEF71D
:1055900010FD50280CD13846FEF7C7FC40B102225E
:1055A0000421FEF715FD042814BF022304232370F1
:1055B00034600024ECE62B680422082128461B688E
:1055C00098470446B0B9064B4146064A4046019307
:1055D00040F2273301240093034BFEF76DFCD7E61E
:1055E000C8C10408B1C1040870C1040857C2040846
:1055F000000000003846FEF7DCFC57280FD1384683
:10560000FEF793FC054650B100220421FEF7D7FCBB
:105610000022206006212846FEF7D1FC606034603D
:105620000024B5E62B680422082128461B68984709
:10563000044660B9494B4146494A4046019340F20D
:10564000323301240093474BFEF736FCA0E6384680
:10565000FEF7AFFC5C280FD13846FEF766FC054626
:1056600050B100220421FEF7AAFC0022206006218E
:105670002846FEF7A4FC60603460002488E62B68AE
:105680000422082128461B689847044660B9334B1A
:105690004146334A404601934FF44F73012400932F
:1056A000304BFEF709FC73E63846FEF782FC5D28B6
:1056B0000FD13846FEF739FC054650B100220421CF
:1056C000FEF77DFC0022206006212846FEF777FCCD
:1056D0006060346000245BE62B68012202212846CA
:1056E0001B689847044660B91C4B41461C4A40461B
:1056F000019340F24633012400931A4BFEF7DCFB82
:1057000046E63846FEF755FC652817D13846FEF7C1
:105710000CFC054690B100220421FEF741FC003844
:105720004FF000024FF0060118BF012020702846FC
:10573000FEF736FC003818BF01206070346000248A
:1057400026E6002424E649462846FEF7E3FB1FE64A
:1057500049462846FEF7DEFB1AE600BFC8C104082A
:10576000B1C1040870C104082DE9F0471E460023AA
:105770000F460421336005469046FEF7CEFB0446F3
:1057800000B12C56082128465FFA84FAFEF7C5FBC3
:1057900060B155F80090BAF17E0F0AD952461C4903
:1057A0004046FEF77BFB0120BDE8F0874FF0010982
:1057B000F1E7BAF1200F10D03B684A46514638460F
:1057C0001B689847306000BB124A4B46124940465E
:1057D00052F82420FEF762FBE5E706212846FEF793
:1057E0009CFB291860B12B5838463A68043354683A
:1057F0004A461944A0473060B0FA80F04009D3E728
:1058000006494046FEF74AFBCDE70020CCE700BF43
:105810007DC204081C2D0508D1C2040806C3040873
:1058200090F82D3030B553B103784168092B0A4602
:105830000CBF04690024531A85699D4201D80020D9
:1058400030BD02F8014BF6E7F8B5002206460C46DB
:1058500000232DED028B51EC100BB0EE408AF0EEE0
:10586000608AFBF759F9054628B1002333602360AD
:10587000BDEC028BF8BD2046B0EE480AF0EE680A97
:1058800008F0EAFE0022134B51EC100BFAF7DCFE95
:1058900041EC100B09F088F951EC100BFBF7FEF905
:1058A0004FF000420346824275EB010701DA09F02E
:1058B00096FAA94208BF904201BF236801332360D2
:1058C0004FF0804322681F32BCBF00232360336047
:1058D000CEE700BF0000E04138B5002205460C4687
:1058E0000D4B2DED028B51EC100BB0EE408AF0EE1B
:1058F000608AFBF739F908B909F071FAB0EE480A85
:10590000F0EE680A21462846FFF79EFF2368002B29
:10591000F2DBBDEC028B38BD0000F03FF7B555EC73
:10592000104B07460E4600220D4B20462946FBF73A
:10593000FDF808B909F053FA002200232046294651
:10594000FBF712F90028F5D001A9384645EC104BB9
:10595000FFF77AFF019B002BECDC336003B0F0BD56
:105960000000F03F000000002DE9F84F4FF0004329
:1059700093468A4623FA00F02DED028B57EC106B0C
:1059800059EC118BFAF7F6FD04460D4642464B469C
:1059900030463946FAF758FE02460B46204629465D
:1059A000FAF752FE02460B4643EC182B0AA3D3E942
:1059B0000023FBF7D9F808B19FED078BB0EE480A3A
:1059C000F0EE680A59465046BDEC028BBDE8F84F30
:1059D000FFF782BFAFF300800000C0FFFFFFDF4191
:1059E0002DE9F843012481461546884604FA00F063
:1059F0000138FAF7BFFD0646A5EB09000F46C0F1D6
:105A00002003A0F1200104FA00F024FA03F304FAC1
:105A100001F11943FAF7EAFD02460B4630463946D2
:105A2000FAF712FEC8F120030F46A8F1200124FA6C
:105A300003F3064604FA01F104FA08F01943FAF7F1
:105A4000D5FD02460B4630463946FAF727FF41ECB2
:105A5000100B09F02DF851EC100BFBF78FF8BDE897
:105A6000F88390ED007A4068C0EE077AF8FE677A16
:105A7000FDEEE77A17EE903A0344184670470000AF
:105A8000D1ED037A92ED037A67EE877A73B5F5EE7E
:105A9000C07A1E46F1EE10FA09DA0F4B0F4A009356
:105AA000A22344690E49A047012002B070BD17EE41
:105AB000900AFAF771FD04460D46F068FAF76CFD9E
:105AC0000B46024629462046FAF7E8FE069BC3E944
:105AD00000010020E9E700BF4EC8040819C8040807
:105AE000B1C10408000000002DE9F74F1646044636
:105AF000C8689A460D46FAF74FFD80468946F06819
:105B0000FAF74AFD02460B4640464946FAF79CFD25
:105B100080468946DDE90C7BBAF1000F1BD0DAF82C
:105B20000C00FAF739FD02460B4640464946FAF7A3
:105B3000D3FB804621F00049F868FAF72DFD0246B4
:105B40000B4640464946FAF7A9FE12A3D3E90023C3
:105B5000FAF7F6FF50B13B46324629462046CDF8CB
:105B600030B003B0BDE8F04FFFF78ABF064B2046C8
:105B7000064A0093952365690549A847012003B0AB
:105B8000BDE8F08FAFF3008067C8040819C80408A7
:105B9000B1C104087B14AE47E17A943F7FB51D463E
:105BA0001378072B0DD0092B21D0032B23D0254BA5
:105BB000254A0093D52344692449A047012004B015
:105BC00070BD47F6FF74224E13690129D268039312
:105BD000029213D19FED1F0A02A8FFF742FF8642EF
:105BE000ACBF2E602860089B00201C60E7E77F2484
:105BF0006FF07F06E8E7FF240026E5E7032911D1CF
:105C00009FED140A02A8FFF72CFFB1EE080A8642A6
:105C1000ACBF2E60286002A8FFF723FF8442A8BF14
:105C20000446E0E702290BD1BFEE000A02A8FFF705
:105C300018FFB7EE000A8642ACBF2E602860EAE784
:105C40002E60D0E789C8040819C80408B1C1040847
:105C50000080FFFF000000002DE9F04F97B00446E0
:105C60008B4615460893209B0493219B0993229B06
:105C70000A93239B0B93249B0C93259B0D93269BAC
:105C80000E93279B0F93289B059391F83030012B9F
:105C90000FD00122CDE90232704B0193704B00937B
:105CA000302344696F4A7049A047012017B0BDE80E
:105CB000F08F92F83020012A08D0CDE90223674BFB
:105CC00001936A4B009332234469EBE76A6B3AB95C
:105CD000674B00933D234469624A6649A047E4E765
:105CE000D2F80080B8F1000F04D1634B00933E233B
:105CF0004469F1E7D8F80060012E36DD0B78092BF6
:105D000006D0072B04D05D4B009342234469E3E7A0
:105D10002B78092B0DD00922CDE90232584B019383
:105D2000584B0093442365694E4A20464E49A84784
:105D3000BBE7059B9E4208D0CDE90263524B01931D
:105D4000524B009345236569EEE7AB68926803EB1D
:105D500082035B68B34208D0CDE902634C4B0193E8
:105D6000494B009346236569DEE7DBED037A08F1D2
:105D7000040A049B0027CDED067AD3ED037ACDED1E
:105D8000077A059B9F4235DB9BF80030032B1AD125
:105D90000022002359462046CDE9142314AB2A469D
:105DA0000193049B0093089BFFF79EFE00287FF45D
:105DB0007DAF13A90A989DED140BFFF745FD139BCA
:105DC0000B9A5B4213609BF80030092B43D84FF4C9
:105DD0002270D84010F001003FF468AF0D9B2046C0
:105DE00009992093049A0C9B097817B0BDE8F04FED
:105DF000FFF7D4BE012E06980AF1040ACCBF5AF868
:105E0000049CD8F80490FAF7C7FBCDE91001484686
:105E1000FAF7C2FB02460B46DDE91001FAF714FC63
:105E2000CDE910010798FAF7B7FB02460B46DDE90A
:105E30001001FAF733FD41EC100B14A913A8FFF77A
:105E400003FD139B0E9A42F82730149B0F9A42F8D9
:105E50002730013795E7002028E700BFA9C80408CC
:105E6000C3C8040819C804088FC80408DCC804089B
:105E7000F6C80408B1C104080AC9040825C9040801
:105E800056D004085FC904086CC9040879C904081D
:105E90009AC904088968806808B5FDF7E3FF0038EF
:105EA00018BF012008BD0368052B10B5044603DDAB
:105EB000406808B108F0A2FB204610BD002908B5D3
:105EC00001DA08F08CFF03688B42FADD052BCBBFAB
:105ED000436800EB810053F82100406808BD2DE9BC
:105EE000F0410B68044606680F46B3421BD008F029
:105EF00076FF29462046FFF7E1FF804629463846CF
:105F0000FFF7DCFF8045F2D10135B542F1DB052E0C
:105F10004FF000034FF00100CCBF646804349E4290
:105F200003DCBDE8F0810025EFE754F823200133BE
:105F30005043F4E770B5044611B90160204670BDC6
:105F40008D6855F8043B052B4FEA8306036005DC9A
:105F5000201D3246294609F00EFBEFE76FF0604244
:105F6000934234BF30464FF0FF3008F069FB23689E
:105F70006060052BEDDCEBE7002908B501DA08F0DD
:105F80002EFF03688B42FADD052BCBBF436800EB85
:105F9000810043F82120426008BD38B503680546FA
:105FA0000C46052B03DD406808B108F027FB052CE3
:105FB0002C6009DD6FF060439C4234BFA0004FF0BD
:105FC000FF3008F03DFB686038BD016800220529FC
:105FD000CCBF4368031D012010B58A4200DB10BD11
:105FE00053F8224001326043F7E72DE9F04198462B
:105FF00013680027054699420E461446076001DAE9
:1060000008F0EDFEFFF7C9FF2368F61AB74212DB6E
:106010002B682268052BCCBF6868281D052A4FEA2B
:10602000820200EB8600CCBF6168211D09F0A3FA53
:106030002846BDE8F0813946424628460137FFF739
:106040009BFFE3E770B50568049C042D01D008F0C0
:10605000C6FE0029FBDB45688D42F8DD002AF6DB31
:1060600086689642F3DD002BF1DBC5689D42EEDDCC
:10607000002CECDB0069A042E9DD01FB062205FBF8
:10608000023300FB034070BD70B50D461646FFF7A6
:106090009CFF04462846FFF798FF05463046FFF769
:1060A00094FFAC4201D008F09AFE8442FBD170BD4F
:1060B000884210B523D100F100446342634180FB64
:1060C00001011C4C0029A8BF4FF08044CBB9231814
:1060D00041EBE471002904DA6FF000401B1841F134
:1060E0000001DB0F43EA4103002AC2F100000BDD8F
:1060F000114B4FF4B371114A114808F077FE002399
:10610000DDE76FF00043EFE71F3204DA0D4B40F29A
:1061100067110A4AF0E70122D90F824043FA00F0E2
:10612000013A02EA030401EB62029442C8BF013063
:1061300010BD00BF010000C0D7C90408E5C90408AC
:106140003FCA04086FCA0408002970B5049C02DB2A
:1061500005688D4201DC08F042FE002AFBDB456841
:106160009542F8DD002BF6DB85689D42F3DD002CBF
:10617000F1DBC568A542EEDDD0E90456724305FBAC
:1061800001228169C06901FB032300FB043070BD5B
:106190002DE9F84F04469046084619460A9D0C9E84
:1061A000D4E90B239A4201DD08F019FE0B9AFFF7A0
:1061B0006BFF6268814612F1FF0FF5DBA368FF33C6
:1061C000B3F5FF7FF0D8FF2AEEDC002727E015F8B3
:1061D00007A0A36862689A4418F80730A0691344BE
:1061E0000AFA00FA03FA00F0D4E90712FFF760FF99
:1061F00083465046D4E90912FFF75AFF5844D4E9C0
:106200000412FFF755FFE368E26A03449342B8BF04
:106210001346226B9342A8BF1346F3550137B94585
:10622000D5DCBDE8F88F2DE9F84F044690460846C6
:1062300019460A9D0C9ED4E90B239A4201DD08F011
:10624000CEFD0B9AFFF720FF6268814612F17F0FA7
:10625000F5DBA3687F33FE2BF1D87F2AEFDC002724
:1062600027E015F907A0A36862689A4418F9073077
:10627000A06913440AFA00FA03FA00F0D4E90712FD
:10628000FFF716FF83465046D4E90912FFF710FFC7
:106290005844D4E90412FFF70BFFE368E26A0344B1
:1062A0009342B8BF1346226B9342A8BF1346F355DF
:1062B0000137B945D5DCBDE8F88F2DE9F0430B680F
:1062C00093B00468002580460F469C4268461646F7
:1062D0000095B8BF1C46042321461370FFF75DFEEE
:1062E000AC421EDC01234246214606A8FFF77DFE94
:1062F00001233A4621460CA8FFF777FE069A0C9B2D
:106300009A4215D1052A4FEA8202CBBF079807A807
:106310000D990DA909F050F850B9012333700024EC
:1063200046E02946012268460135FFF725FED7E7FA
:10633000013C2546002D10DB294606A8FFF7BEFDCF
:10634000074629460CA8FFF7B9FD874201D1013D58
:10635000F0E7012F25D10223337033789A1E012AEA
:10636000DDD8032B4FF0010507BF0DF1300806AF54
:106370000DF118080CAFC6E90F55C6E91155002CF0
:10638000F56414DB21464046FFF798FD814621461F
:106390003846FFF793FD814517D109FB05F5013C10
:1063A000EDE7012801D10323D6E70423337001244C
:1063B0000CA8FFF778FD06A8FFF775FD6846FFF704
:1063C00072FD204613B0BDE8F083002CEFDB2146C0
:1063D0004046FFF773FD012808D121463846FFF7F4
:1063E0006DFDB36C013C4343B364EEE7002CDEDB90
:1063F00021464046FFF762FD054621463846FFF735
:106400005DFD854204D1736C013C6B437364EDE721
:10641000002CCCDB21463846FFF750FD012808D17F
:1064200021464046FFF74AFD336C013C4343336449
:10643000EEE7002CBBDB21464046FFF73FFD05465B
:1064400021463846FFF73AFD8542AED1F36B013C59
:106450006B43F363EDE700002DE9F04F2DED068B64
:1064600081B081468A46104619461D461646DDE92A
:106470001084FFF70FFD80F0010098F800302070C5
:10648000032B01D0092B6FD1336904F1040B96ED76
:1064900003AA5B4295ED038AA362B4EEC8AA2B69F6
:1064A00004F114055B42F1EE10FAE362D8F8103003
:1064B00054BF1AEE100A18EE100A23631423636205
:1064C000FAF76AF802460B46F9F708FF06460F4648
:1064D00018EE100AFAF760F832463B46FAF7DEF992
:1064E00041EC190BD8F80C00FAF756F80022214BB2
:1064F000FAF7AAF802460B4630463946FAF7CEF9C3
:1065000041EC180B1AEE100AFAF746F832463B46F1
:10651000FAF7C4F941EC100B59462846FFF7FEF98B
:10652000B0EE490AF0EE690A04F1080104F118001E
:10653000FFF7F4F904F1200104F11C00B0EE480A61
:10654000F0EE680AFFF7EAF904F110034246484604
:10655000109304F10C039AF8001001B0BDEC068B07
:10656000BDE8F04FFFF71ABB002001B0BDEC068B71
:10657000BDE8F08F0000304100487047180000204F
:10658000F8B5064601F110050324012721463046DF
:10659000FFF794FC214645F8040D30462F61FFF7C4
:1065A0008DFC013C00FB07F7F0D2F8BD2DE9F0416E
:1065B0000D468CB01C4616460AB908F010FC002B9C
:1065C000FBD00246012304216846FFF70EFD2A4650
:1065D00000250123042106A8FFF707FDA846314640
:1065E0006846FFF7CDFF214606A8FFF7C9FF2946F9
:1065F0006846FFF763FC0746294606A8FFF75EFCDE
:10660000874207D0012F12D106F1100343F82580ED
:1066100046F8250001350434042DE8D106A8FFF71B
:1066200042FC6846FFF73FFC0CB0BDE8F081012852
:10663000C3D1C4F810802760ECE72DE9F04D2DEDB3
:10664000048B98B082469346084608AA194600244F
:1066500010AB269FFFF7AAFF0123259A042102A869
:10666000FFF7C3FC002102A8FFF728FCA0425ADC78
:1066700002A8FFF718FC18B0BDEC048BBDE8F08D44
:1066800043462A462146009608A8FFF75DFD43468B
:106690000BEB80002A46214690ED008A10A8009658
:1066A000FFF752FD249B9AED0D9A2A4603EB8000DA
:1066B000DAED0E8A43462146D0ED007A02A8009614
:1066C000013638EE278AFFF7BDFC07EB8000B4EEF9
:1066D000498AF1EE10FA48BFB0EE498AF4EEC88A52
:1066E000F1EE10FA58BFF0EE488AC0ED008A03219F
:1066F00002A8FFF7E3FBB042C2DC08F10108022167
:1067000002A8FFF7DBFB404508DC0135012102A8A8
:10671000FFF7D4FBA84203DC0134A3E70026E6E739
:106720004FF00008EBE70025F0E700001278F0B525
:10673000012A2DED028BABB0DDE93254349E3DD001
:10674000032A40D0F7EE007A022ADFED388A9FED67
:10675000388A47FEA88AFFEE007A07FE888A1B78EF
:1067600010AF294604A88DED238ACDED248A6BB3A2
:10677000FFF7E0FB05B16D6821460AA8FFF7DAFBD9
:1067800004B1646831463846FFF7D4FB06B1766839
:106790000AAB2A4604A916A80094CDE90176FFF7B2
:1067A0004CFF3846FFF77FFB0AA8FFF77CFB04A8E5
:1067B000FFF779FB2BB0BDEC028BF0BDDFED1B8A40
:1067C0009FED1C8ACBE7F1EE088AF9E7FFF7B2FBF1
:1067D00005B16D6821460AA8FFF7ACFB04B16468F7
:1067E00031463846FFF7A6FB06B176683A460AA955
:1067F00004A8FFF749FC00239842D2DDF5EC017AAA
:10680000B4EC017A77EE877AF4EEC87AF1EE10FAFA
:1068100009D4F4EE687AF1EE10FA78FEA77A013323
:10682000E6EC017AE8E7F0EE487AF8E7FFFF7F7FD1
:10683000FFFF7FFF000000002DE9F04F99B00446F4
:106840009246084608AA1946002510ABFFF7AEFE8F
:106850000123239A042102A8FFF7C7FB002102A805
:10686000FFF72CFBA84267DC02A8FFF71CFB19B05E
:10687000BDE8F08FD4F804903B4632462946CDF867
:10688000008008A8FFF760FC1AF900B03B463246CA
:10689000CB442946D4F8089010A8CDF80080FFF723
:1068A00053FC229BD4F818C01B560BFA0CF09944E9
:1068B000D4E9071209FA0CF9FFF7FAFB83464846B8
:1068C000D4E90912FFF7F4FB5844D4E90412FFF7A6
:1068D000EFFBE3683246294600EB0309E36A02A8AE
:1068E0009945B8BF9946236BCDF8008008F101089F
:1068F0009945A8BF99463B46FFF7A4FB249B03F8A4
:106900000090032102A8FFF7D9FA4045B2DC013715
:10691000022102A8FFF7D2FAB84208DC01360121B1
:1069200002A8FFF7CBFAB04204DC013596E74FF03E
:106930000008E6E70027EBE70026F0E72DE9F04F37
:1069400099B004469246084608AA1946002510AB9D
:10695000FFF72CFE0123239A042102A8FFF745FB31
:10696000002102A8FFF7AAFAA84267DC02A8FFF7F5
:106970009AFA19B0BDE8F08FD4F804903B4632463D
:106980002946CDF8008008A8FFF7DEFB1AF800B012
:106990003B463246CB442946D4F8089010A8CDF89F
:1069A0000080FFF7D1FB229BD4F818C01B5C0BFAC8
:1069B0000CF09944D4E9071209FA0CF9FFF778FBB7
:1069C00083464846D4E90912FFF772FB5844D4E9DC
:1069D0000412FFF76DFBE3683246294600EB03091A
:1069E000E36A02A89945B8BF9946236BCDF80080A9
:1069F00008F101089945A8BF99463B46FFF722FBDD
:106A0000249B03F80090032102A8FFF757FA4045A2
:106A1000B2DC0137022102A8FFF750FAB84208DCC5
:106A20000136012102A8FFF749FAB04204DC013522
:106A300096E74FF00008E6E70027EBE70026F0E7CF
:106A4000F0B51E46ABB0436A14460D461C93836AEC
:106A5000179343691D9343681E93C36A1893836910
:106A60001F9383682093036B1993C3691A93036A76
:106A70001B93D0E9032310A8CDE92123FFF75AFA8D
:106A800021460AA8FFF756FA0AA916AA10A8FFF786
:106A900014FC07460AA8FFF706FA10A8FFF703FA46
:106AA0003378294610A8092B3ED11FB3FFF742FACD
:106AB00005B16D6821460AA8FFF73CFA04B1646885
:106AC000314604A8FFF736FA73682A4610A90293E4
:106AD00004AB16A8CDE900430AABFFF7ADFE04A84E
:106AE000FFF7E1F90AA8FFF7DEF910A8FFF7DBF9D5
:106AF0002BB0F0BDFFF71EFA05B16D6821460AA85C
:106B0000FFF718FA04B16468314604A8FFF712FAD7
:106B100073682A4610A9029304AB16A8CDE9004376
:106B20000AABFFF780FBDAE7CFB1FFF703FA05B155
:106B30006D6821460AA8FFF7FDF904B16468314683
:106B400004A8FFF7F7F973682A4610A9029304AB6B
:106B500016A8CDE900430AABFFF7F0FEBFE7FFF749
:106B6000E9F905B16D6821460AA8FFF7E3F904B118
:106B70006468314604A8FFF7DDF973682A4610A956
:106B8000029304AB16A8CDE900430AABFFF700FB64
:106B9000A5E708B51846049B1A78032A01D0092AEC
:106BA00003D1DDE90212FFF74BFF002008BD000012
:106BB0002DE9F04F0E46D0F8088095B0496933684A
:106BC00005460DF11C0A04915A689B6808EB82196E
:106BD000726808EB831357684A4605934FEA871B90
:106BE00008EB8717CDE9007AFFF736FC044678B941
:106BF00018F80B000128DDE904130DD10A462846D8
:106C00003146CDF80090CDE901375346FFF78EFDB0
:106C1000204615B0BDE8F08F032801D009280BD11C
:106C20000A4628463146CDF80090CDE90137534653
:106C3000FFF7AFFF0446EBE76C69FDF723F918F89F
:106C40000B30024602492846A0470124E0E700BF76
:106C50007ECA04082DE9F843056804460B68884697
:106C60001746AB4214D008F0BAF831462046FFF779
:106C700025F9814631464046FFF720F98145F2D19A
:106C80000136AE42F1DB3B689D42ECD100260DE0BF
:106C90000026F6E731462046FFF710F980463146D8
:106CA0003846FFF70BF98045DDD10136B542F1DCFE
:106CB000052D4FF000034FF00100CCBF6468043491
:106CC0009D4201DCBDE8F88354F823200133504392
:106CD000F6E7836B13B50BB908F081F8002401AA1D
:106CE000282101949847012814BF0198204602B03A
:106CF00010BD70B515461E46FFF7E0F80446314654
:106D00002846FFF7DBF8844201D008F068F870BD30
:106D100038B522EAE2735442984024EAE474884287
:106D200021D100F100456B426B4180FB0101174D01
:106D30000029A8BF4FF08045BBB92B1841EBE57186
:106D4000002904DA6FF000401B1841F10001DB0F4D
:106D500043EA41031F320BDA0D4B40F267110D4A33
:106D60000D4808F043F80023DFE76FF00043F1E738
:106D70000122D90F43FA04F0A240013A02EA0305C6
:106D800001EB62029542C8BF013038BD010000C06E
:106D90006FCA0408E5C904083FCA04082DE9F04F8A
:106DA0009A469FB043691193B0F90A300A93B0F93B
:106DB0000C300B93B0F90E300C93B0F910300D93EA
:106DC000B0F902300E93B0F904300F93C3691293F7
:106DD000836A0793C36ACDE91B120893DDE9073282
:106DE000934201DD07F0FBFFDAF80030042BF9D104
:106DF000299B1B68042BF5D12D9B1B68042BF1D11B
:106E000000232D9A50461946FFF773FF0323299A52
:106E1000194613905046FFF76CFF0323149000218E
:106E20002D9A2998FFF765FF2C9B09902BB12B9881
:106E3000FFF7CBF8099B9842D4D101215046FFF7C8
:106E40003DF8022115905046FFF738F801211690C1
:106E50004FF000092998FFF731F80221179029987F
:106E6000FFF72CF8012118902D98FFF727F8022141
:106E700019902D98FFF722F81A90139B994580F2EC
:106E800093800F9B4FF0000B5B42069380E01D9BAD
:106E9000002B1FDB169BBB421CDD159BB34219DD8B
:106EA0003B46324649465046CDF80080FFF7CAF8C7
:106EB00021461090CDF800802998DDE90323FFF7E3
:106EC000C1F8109A289B9B56119A13442A9A12567D
:106ED00002FB035508F10108149B9845D7DB049B7E
:106EE000013304930C9B1F44049B189A934205DAC8
:106EF00047EA06034FF000081D93EDE7039B0133BB
:106F000003930D9B1E44039B179A934203DA0023BD
:106F1000059F0493E8E72C9B13B153F824301D44DC
:106F20001C9B284653F824201B9B53F82410FFF782
:106F3000EFFE129B00945A46C518079B49462D98B0
:106F40009D4204F10104B8BF1D46089B9D42A8BFA5
:106F50001D46029BFFF776F82E9B1D54099B9C4211
:106F600005DA0025069E0395CDE70024F6E7029B8F
:106F70000A9A01330293059B13440593029B1A9AC4
:106F80009342F2DB069B0BF1010B0B9A1344069321
:106F9000199B9B4505DA0E9B5B42059300230293E8
:106FA000ECE709F1010968E71FB0BDE8F08F01289F
:106FB00003D0022806D0002070471944013991FB04
:106FC000F3F07047013A0098194442430132891A9C
:106FD000F5E700002DE9F04FD1F800809B4691B015
:106FE0000646D8F800A01546209CAAF10203012B02
:106FF0000AD9494B494A00934F2344694849A0475D
:10700000012011B0BDE8F08FD1F80490D9F800301C
:10701000012B0CD001224349CDE90232424B3F4AB9
:107020000193424B009350234469A047E8E713784B
:10703000594617690E9393680E980B9353680C93F7
:1070400053691B9A0D9300970C9BFFF7B0FF0D9BA4
:107050001C9A1A990F9000930E980B9BFFF7A7FFAD
:107060001C9B0D9A0138013B0F9953430B9A013336
:1070700002FB00331A9A9B1A1B9A013A23EAE37324
:107080007A434F1E0C99013201FB0722A2EB0B023F
:1070900022EAE272511002F001022160591003F05D
:1070A0000103A2606160E3609DF87C30012B30D069
:1070B000B068BAF1030FD8F80410D8F8082000EB34
:1070C000811100EB821222D1D8F80C305F1C1ED047
:1070D00000EB831397680C357F680897E76907977B
:1070E000A7690195069704F12407059704F1200785
:1070F000049704F11407103403970294D9F804405C
:1071000000EB841000903046FEF7A6FD79E70023DF
:10711000E0E7002075E700BFCECA04089ACA040859
:10712000B1C104088FC80408AACF0408F2CA040831
:107130002DE9F04F0F698FB004460D460FB907F0E7
:107140004EFED1F81480B8F1000FF8D00A68D0F8DC
:1071500008A0536896684FEA831B0AEB83130AEB77
:1071600086169B68DA689B6808920993B368DA68A8
:107170000A929A680B924A6852680AEB82129268E5
:10718000D168D2F8089007F118020C915968836B06
:1071900089000D91984738BBA36B07F11C020D992C
:1071A0002046984700BB1AF80B20092A45D196F8CB
:1071B0003030012B0DD00122CDE90232284B019352
:1071C000284B009395236569274A20462749A847FD
:1071D00009E0736B5BB9264B00939A236569224AD9
:1071E00020462449A84701200FB0BDE8F08F186859
:1071F00020B9214B00939B236569F0E7596821B9B9
:107200001E4B00939C236569E9E70368012B08D0B6
:10721000B0684068834204D0194B00939E2365698F
:10722000DDE709688B4208D0CDE90231154B0193A7
:10723000154B0093A2236569C6E70C9B294620469F
:10724000CDF8109003930B9B02930A9B0193099B2B
:10725000CDE9052700934246089BFFF7BBFEC3E735
:10726000A9C80408DCC804089ACA04088FC804081E
:10727000F6C80408B1C104080AC9040806CB04080A
:1072800026CB04089FCB040879C904082DE9F04FE8
:10729000C1B0DDE94A654F9C22A831694C9F0A9133
:1072A00029690B9121691491B3F900100C91B3F97C
:1072B00004100D91B2F904100E91B2F908100F915B
:1072C000B2F91010B2F914201091314611921A69D6
:1072D00012925A69524213921A6A5B6A0792089391
:1072E000FEF728FE7368294628A81793FEF722FEAA
:1072F0006B6839462EA81693FEF71CFE07B17F680F
:10730000214634A8FEF716FE63684D993AA81593F6
:10731000FEF710FEDDE90732934201DD07F05FFD65
:10732000229B042BFAD1289B042BF7D1349B042BEE
:10733000F4D1002334AA22A81946FFF7DAFC03236C
:1073400028AA1890194622A8FFF7D3FC0323199006
:1073500034AA002128A8FFF7CCFC09902FB12EA851
:10736000FEF733FE099B8342D8D1012122A8FEF704
:10737000A5FD02211A9022A8FEF7A0FD01211B9075
:1073800028A8FEF79BFD02211C9028A8FEF796FD79
:107390004FF0000901211D9034A8FEF78FFD022156
:1073A0001E9034A8FEF78AFD1F90189B4B4540F3B2
:1073B00091800D9B4FF0000B5B4206937CE0002513
:1073C000DDF818A004951C9B049A934242DD00232B
:1073D000059E03932EE0219B002B21DB1B9BB342D8
:1073E0001EDD1A9B53451BDD33465246494622A8F3
:1073F000CDF80080FEF726FE2146209028A8CDF883
:107400000080DDE90332FEF71DFE209A179B0B99E1
:107410009B5C0A9A9B1A169A125C521A02FB03553D
:1074200008F10108199B4345D5DC039B0133039305
:10743000109B1E441D9B039A934205DD4AEA0603F6
:107440004FF000082193EDE7049B01330493119B57
:107450009A44B8E717B157F824301D442846DDE9AF
:107460001212FFF755FC149B00945A461D18079BF7
:10747000494634A89D4204F10104B8BF1D46089B4B
:107480009D42A8BF1D46029BFEF7DCFD159B1D54C7
:10749000099BA34293DC029B0E9A01330293059B46
:1074A000134405931F9B029A93420EDC069B0BF13B
:1074B000010B0F9A134406931E9B5B4507DD0C9B43
:1074C0005B42059300230293ECE70024E0E709F117
:1074D00001096AE73AA8FEF7E6FC34A8FEF7E3FCE8
:1074E0002EA8FEF7E0FC28A8FEF7DDFC22A8FEF798
:1074F000DAFC41B0BDE8F08F2DE9F04FB1B0DDE925
:107500003A64DDE93C5931690AA849422791D9F822
:10751000101029919168ADF894105168ADF892104F
:1075200051691269ADF898103146ADF896205A6845
:10753000ADF88C201A68ADF88A201A6A2C925A6A23
:10754000D3E906A32D920993FEF7F4FCD6F804B014
:1075500010AE21463046FEF7EDFC04B1646816AF6C
:1075600029463846FEF7E6FC05B16D680DF1700856
:1075700049464046FEF7DEFCD9F80430099A5146E8
:1075800022A8CDF800B0CDE90583CDE903750AAB9B
:10759000CDE90164FFF702FC4046FEF784FC384663
:1075A000FEF781FC3046FEF77EFC0AA8FEF77BFC66
:1075B00031B0BDE8F08F0000117B2DE9F04F0129BB
:1075C0002DED048BB5B0449D47D003294AD0F7EE8A
:1075D000007A02299FED9D9ADFED9D8A07FE899A28
:1075E000FFEE007A47FEA88AB3F9001016A8B3F997
:1075F000043007910893B2F9043042990993B2F923
:1076000008300A93B2F910300B93B2F914300C938E
:10761000FEF790FC429B0BB15B68429343991CA818
:10762000FEF788FC439B0BB15B684393294622A875
:10763000FEF780FC05B16D68479928A8FEF77AFC33
:10764000479B0BB15B68479345992EA8FEF772FCE8
:10765000169B042B09D007F0C2FB9FED7C9ADFED4F
:107660007D8AC1E7B1EE089AF9E71C9B042BF2D1A1
:10767000289B042BEFD1002328AA16A81946FFF750
:1076800038FB03231CAA0D90194616A8FFF731FBFF
:1076900003230E9028AA00211CA8FFF72AFB0690BE
:1076A0002DB122A8FEF791FC069B8342D3D1012184
:1076B00016A8FEF703FC02210F9016A8FEF7FEFBAA
:1076C000012110901CA8FEF7F9FB022111901CA8C3
:1076D000FEF7F4FB0121129028A8FEF7EFFB022130
:1076E000139028A8FEF7EAFB002314900293029A55
:1076F0000D9B934240F39680089B4FF0000B5B423A
:1077000004937BE0049F4FF0000ADFED529A119B37
:1077100053453FDD059E4FF000092DE0159B002BE2
:1077200021DB109BB3421EDD0F9BBB421BDD3346AA
:107730003A46029916A8CDF80080FEF783FC429BDA
:107740005246214603EB80004B4690ED008A1CA870
:10775000CDF80080FEF776FC439B03EB8000D0ED74
:10776000007AE8EE279A08F101080E9B4345D5DC24
:107770000B9B09F101091E44129B4B4505DD47EAAD
:1077800006034FF000081593EFE70C9B0AF1010A7E
:107790001F44BCE7002D3AD005EB840393ED008A2B
:1077A00038EE298A039B5A46029928A80094FEF7CE
:1077B00049FCB4EEE88A479BF1EE10FA03EB800037
:1077C00028D4B4EE498AF1EE10FA39FE088A013461
:1077D00080ED008A069BA34294DC039B099A013347
:1077E0000393059B13440593149B039A934214DC63
:1077F000049B0BF1010B0A9A13440493139B5B4502
:107800000DDD079B5B42059300230393ECE79FED9F
:10781000118AC5E7B0EE688AD9E70024DAE7029B4F
:10782000013363E72EA8FEF73EFB28A8FEF73BFBDB
:1078300022A8FEF738FB1CA8FEF735FB16A8FEF7BA
:1078400032FB35B0BDEC048BBDE8F08FFFFF7F7FCE
:10785000FFFF7FFF000000004B684A692DE9F041FF
:1078600086680446586886B00B6806EB80109D68F1
:107870005F6806EB851E1D684FEA8718022D06EB30
:10788000871708DDDD686B1C05D006EB85150B69D5
:107890001BB907F0A4FA0025F9E716F808C0BCF1F7
:1078A000030F1DD0BCF1090F10D0BCF1010F22D184
:1078B000059000200097CDE90300CDE901E52046C1
:1078C000FFF77AFE002006B0BDE8F08100260097A1
:1078D000CDE90306CDE901E52046FFF70DFEF1E70E
:1078E000059000200097CDE90300CDE901E5204691
:1078F000FFF7CCFCE6E760466569FCF7C3FA16F8CB
:107900000830024602492046A8470120DBE700BFB5
:107910007ECA04080048704738000020836B13B506
:107920000BB907F05CFA002401AA282101949847BA
:10793000012814BF0198204602B010BD2DE9F04F78
:107940009A469FB0B0F90A300C93B0F90C300D9301
:10795000B0F90E300E93B0F910300F93B0F9023039
:107960001093B0F904301193B0F9123006934369C3
:107970001393C3691493836A0993C36A0A93DAF869
:107980000030042BCDE91C1201D007F028FA299B06
:107990001B68042BF9D12D9B1B68042BF5D1DDE965
:1079A00009329342F1DC00232D9A50461946FFF725
:1079B000A0F903232D9A194615902998FFF799F9F4
:1079C000012104465046FEF779FA022116905046EE
:1079D000FEF774FA032117905046FEF76FFA012163
:1079E0000B902998FEF76AFA022118902998FEF761
:1079F00065FA012119902D98FEF760FA02211A907C
:107A00002D98FEF75BFA069B0B9A1B9002FB03F581
:107A1000A542BAD12B98FEF7D8FAA842B5D14FF0BB
:107A200000098CE00025DDF820800495049B189A5D
:107A3000934234DA0023079F059326E057EA0803B0
:107A40001ED4179BBB421BDD169B434518DD039BD1
:107A500042464946504600933B46FEF7F3FA002162
:107A6000129000942998DDE90423FEF7EBFA129AAC
:107A7000289B9B56139A13442A9A125602FB0355CD
:107A8000059B013305930E9B1F44059B199A934256
:107A9000D4DB049B013304930F9B9844C6E72C9BD3
:107AA00013B153F824301D441D9B284653F824205D
:107AB0001C9B53F82410FFF72BF9149B00945A4693
:107AC000C518099B49462D989D4204F10104B8BF91
:107AD0001D460A9B9D42A8BF1D46029BFEF7B2FAB7
:107AE0002E9B1D54A31B069A9A429BDC039B1644B3
:107AF00001330393039B0B9A93420DDB029B0C9A79
:107B000001330293079B13440793029B1B9A9342F2
:107B100004DA00260396EDE73446E3E7089B0BF111
:107B2000010B0D9A134408931A9B9B4505DA109B91
:107B30005B42079300230293E7E709F10109159BD4
:107B4000994505DA119B4FF0000B5B420893EBE778
:107B50001FB0BDE8F08F00002DE9F04F9B46B0F953
:107B60000A308A462DED068B9BB0D0ED0C8A90ED45
:107B70000D9A0C93B0F90C3019920D93B0F90E30A8
:107B80000E93B0F910300F93B0F902301093B0F9A2
:107B900004301193B0F9123006930B68042B01D016
:107BA00007F01DF9DBF80030042BF9D12D9B1B6881
:107BB000042BF5D100232D9A50461946FFF799F86A
:107BC00003232D9A194612905846FFF792F8012187
:107BD00004465046FEF772F9022113905046FEF714
:107BE0006DF9032114905046FEF768F901210A90BF
:107BF0005846FEF763F9022115905846FEF75EF9E4
:107C0000012116902D98FEF759F9022117902D9811
:107C1000FEF754F9069B0A9A189002FB03F5A54259
:107C2000BED12B98FEF7D1F9A842B9D14FF0000987
:107C3000DFED569A9CE008EB0403099E9FED538A02
:107C40000B9300230493049B159A934236DA002386
:107C5000089D059328E055EA060320D4149BAB4207
:107C60001DDD139BB3421ADD2B4632464946504672
:107C70000097FEF7E7F9199B002103EB80000B9BAF
:107C800090ED00AA58460093DDE90423FEF7DAF9E7
:107C90002A9B03EB8000D0ED007AAAEE278A059B91
:107CA000013305930E9B1D44059B169A9342D2DB2C
:107CB000049B013304930F9B1E44C4E72C9B9BB38E
:107CC000079BD3ED007A38EE278A0B9B49462D9807
:107CD000009308F10108DDE90223FEF7B3F9B4EEE1
:107CE000688A2E9BF1EE10FA03EB8000079B48BFD9
:107CF000B0EE688A04330793B4EE489AF1EE10FAB6
:107D000048BFB0EE498A80ED008A069B984592DB19
:107D100001371C440A9B9F4209DA2C9B4FF0000854
:107D200003EB84030793F0E7F0EE697ACBE7039B5C
:107D30000C9A01330393089B13440893039B189AEE
:107D4000934202DA00242746E4E7029B0D9A0133AE
:107D50000293099B13440993029B179A934205DAF5
:107D6000109B5B42089300230393E7E709F10109A5
:107D7000129B994505DA119B5B42099300230293FC
:107D8000EAE71BB0BDEC068BBDE8F08F00000000F9
:107D90002DE9F04F0D6995B004460F460DB907F077
:107DA0001EF84E69002EFAD00A68D0F808A0536871
:107DB00092684FEA83190AEB83130AEB82181AF8C8
:107DC00009209B681292DA689B680E920B93D8F890
:107DD0000830DA6819690C929A688900836B0D92F1
:107DE00005F118020F919847834650BBA36B05F12C
:107DF0001C020F9920469847834610BB1AF8093099
:107E0000092B49D198F83030012B0DD00122CDE952
:107E10000232644B0193644B009388236569634A83
:107E200020466349A8470AE0D8F834306BB9614B63
:107E300000938E2365695D4A20465F49A8474FF04D
:107E4000010B584615B0BDE8F08F196821B95B4B9E
:107E500000938F236569EEE75A6822B9584B009367
:107E600090236569E7E70B68012B09D0D8F8081063
:107E700009698B4204D0534B009391236569DAE77B
:107E80001268934208D0CDE902324F4B01934F4B19
:107E9000009395236569C2E7D7F80080D8F80030D1
:107EA0000F93023B012B04D9494B00934123656991
:107EB000C1E7D7F804A0DAF80090B9F1010F09D0B2
:107EC0000123CDE90293434B0193434B009342239B
:107ED0006569A4E7D6E901370C9A109333780E99B7
:107EE00011931198109BCDF80090FFF760F83B4676
:107EF0000D9A0B991390CDF800901198FFF757F851
:107F00000D9B01380B9A109907FB00339B1A139AAB
:107F1000571E0C9A23EAE37301FB07220E99521AAB
:107F200022EAE272511002F001022960591003F0B6
:107F30000103AA606960EB60129B012B81D00F9B4B
:107F4000A068D8F80410032BD8F8082000EB8111A2
:107F500000EB821223D1D8F80C305F1C1FD000EB4D
:107F60008313976810363F690897EF690797AF69E1
:107F70000196069705F12407059705F12007049758
:107F800005F11407103503970295DAF8045000EB59
:107F9000851000902046FDF75FFE834651E70023E1
:107FA000DFE700BFA9C80408DCC80408C5CB040883
:107FB0008FC80408F6C80408B1C104080AC9040837
:107FC00006CB040803CC04089FCB040879C9040835
:107FD000CECA0408AACF0408F2CA040800487047B1
:107FE000580000202DE9F04F9B46A3B0B0F90A30AD
:107FF0008A4621920E93B0F90C300F93B0F90E30EF
:108000001093B0F910301193B0F902301293B0F917
:1080100004301393B0F912300893836A0B93C36A48
:108020000C934369159383691693C3691793036A85
:108030001893436A19930B68042B01D006F0CFFE06
:10804000DBF80030042BF9D12F9B1B68042BF5D1F2
:10805000DDE90B329342F1DC00232F9A504619469A
:10806000FEF747FE03232F9A19461A905846FEF74B
:1080700040FE012104465046FDF720FF02211B90DF
:108080005046FDF71BFF03211C905046FDF716FFDD
:1080900001210D905846FDF711FF02211D90584611
:1080A000FDF70CFF01211E902F98FDF707FF02211D
:1080B0001F902F98FDF702FF089B0D9A209002FB5E
:1080C00003F5A542BAD12D98FDF77FFFA842B5D19F
:1080D0004FF000098BE00025DDF828800695069B0F
:1080E0001D9A934236DA0023099F079328E057EA46
:1080F000080320D41C9BBB421DDD1B9B43451ADD9E
:10810000059B42464946504600933B46FDF79AFF81
:108110000021149058460094DDE90623FDF792FFF4
:108120002C9B169A1B5C14991344219A525C159946
:108130000A4402FB0355079B01330793109B1F441E
:10814000079B1E9A9342D2DB069B01330693119B39
:108150009844C4E72E9B13B153F824301D4428469D
:10816000DDE91812FEF7D4FD179B009449461D184F
:108170000B9B2F9801349D42B8BF1D460C9B9D421E
:10818000A8BF1D46DDE90323FDF75CFF309B1D54AE
:10819000A31B089A9A429EDC059B16440133059363
:1081A000059B0D9A93420DDB049B0E9A01330493B9
:1081B000099B13440993049B209A934204DA0026F6
:1081C0000596EDE73446E3E7039B0F9A01330393EB
:1081D0000A9B13440A93039B1F9A934205DA129B4E
:1081E0005B42099300230493E5E709F101091A9B17
:1081F000994505DA139B5B420A9300230393EAE750
:1082000023B0BDE8F08F00000A692DE9F04F8146E8
:10821000B3B00AB906F0E3FD4B69002BFAD0D0F8F1
:10822000088048684668086808EB86164768016851
:108230004FEA871A8568032908EB871708EB85152D
:108240000CBFC468002418F80A0008BF08EB8414A7
:10825000032800F0CA8009286ED0012840F0198157
:10826000197C012960D0032963D0B7EE007A022976
:10827000DFED8E7AFFEE006A47FE277A9FED8C7A5B
:1082800006FE877A01210AA88DED2E7A8DF88810D6
:1082900011685268ADF88A103946ADF88C205A68DA
:1082A000CDED2F7AADF892209A68ADF894205A69F6
:1082B000ADF896209A69DB68ADF89820ADF89A3051
:1082C000FDF738FE294610A8D7F80490FDF732FED6
:1082D00005B16D6816AF21463846FDF72BFE04B197
:1082E00064680DF1700831464046FDF723FE06B183
:1082F000766810AB4A460AA922A80095CDE9038604
:10830000CDE90174FFF728FC4046FDF7CCFD384667
:10831000FDF7C9FD10A8FDF7C6FD0AA8FDF7C3FDCE
:10832000002033B0BDE8F08FDFED607A9FED617A19
:10833000A8E7F1EE087AF9E701210AA88DF888107C
:108340001168ADF88A105168ADF88C105968ADF815
:1083500092109968ADF894105969ADF89610996922
:10836000DB68ADF898106FF07F01ADF89A303B698B
:108370005B42279300232893336929937F23CDE918
:108380002C13D2E906A339460993FDF7D3FDD7F89C
:1083900004B010AF29463846FDF7CCFD05B16D6835
:1083A0000DF1580821464046FDF7C4FD04B164684C
:1083B0000DF1700931464846FDF7BCFD7368099A16
:1083C000514622A8CDF800B0CDE90593CDE903844C
:1083D0000AABCDE90175FFF7B1FA4846FDF763FD39
:1083E0004046FDF760FD384695E7012039698DF874
:1083F0008800C1F1000C10682969ADF88A00506846
:108400004942ADF88C005868ADF892009868ADF814
:1084100094005869ADF896009869DB68ADF898004B
:108420000AA8ADF89A30136A2C93536A2D933369D6
:10843000299313692A9353695B42CDE927C13946D1
:108440002B93FDF777FD294610A8D7F80480FDF798
:1084500071FDD5F8049016AD21462846FDF76AFD5A
:1084600004B164681CAF31463846FDF763FD73689C
:1084700042460AA922A8CDF80090CDE90373CDE9C0
:10848000015410ABFFF7AEFD3846FDF70CFD284652
:108490003EE7D9F81440FBF7F5FC18F80A3002461D
:1084A00005494846A04701203BE700BFFFFF7F7F0B
:1084B000FFFF7FFF000000007ECA0408F0B50D68D2
:1084C00085B004462B68012B0ED00122CDE9023283
:1084D0001B4B01931B4B00932B2344691A4A1B49E6
:1084E000A047012005B0F0BD4A681168012908D0F5
:1084F000CDE90213124B0193154B00932C234469D1
:10850000ECE76D6852688668AD019201735DB25CFC
:10851000934208D0CDE902320E4B01930E4B0093EB
:108520002F234469DAE74BB947691846FBF7AAFCE1
:10853000735D024609492046B847D2E70020D1E7DB
:10854000AACF0408C0CC040885CC04088FC804084E
:10855000D0CC0408E1CC0408EECC0408FACC040822
:10856000FFF7ACBF06F0E2B82DE9FF4790460A6876
:10857000836854684968A2014E6803EB84149D5CCB
:10858000012D0FD01D4B01241D4A01931D4B1E4987
:1085900000933D23CDE902544569A847204604B025
:1085A000BDE8F087A1680020D1F800E007467045DB
:1085B0000EDB626813EB86144FF0000618BF646888
:1085C0009146B246AE427AEB07030DDB0020E6E7A8
:1085D00051F804CF01304FEAEC726A430CFB0722DA
:1085E000A5FB0C571744E2E7B9EC010AC047013676
:1085F000A4EC010A4AF1000AE4E700BF24CD040814
:1086000085CC0408EECC04088FC804080A684B68BF
:108610002DE9F04F546805465E68D0F808904FEA9F
:10862000841AB20119F80A3009EB841419F80220EF
:1086300009EB861693422DED028B87B00CD0524980
:10864000CDE90232514B524A0193524B00937423AD
:108650004469A047012022E0012B07D14E4A07B010
:10866000BDEC028BBDE8F04FFFF77EBFA268002093
:108670004FF00108D2F800E00746704514DB092BE3
:1086800046D10025B6EE008AD4F804B06FF07F0A18
:108690007168A946454579EB070312DB002007B056
:1086A000BDEC028BBDE8F08F52F804CF01304FEAE9
:1086B000EC7108FB01F10CFB0711A8FB0C870F44C0
:1086C000DBE71BF905202369D4ED037AD31A059162
:1086D00000EE103AB8EEC00A20EE270A06F026F89F
:1086E00096ED037A3269C0EE077A059977EE887ABB
:1086F000FDEEE77A17EE903A13447F2BA8BF7F2355
:108700005345B8BF53464B55013549F10009C1E700
:10871000032B2DD10025B6EE008AD4F804B0D6F88C
:1087200004A0A946454579EB0703B7DA1BF80520F5
:108730002369D4ED037AD31A00EE103AB8EEC00ADA
:1087400020EE270A05F0F2FF96ED037A3369C0EEBA
:10875000077A77EE887AFDEEE77A17EE902A1A44C8
:1087600082F308030AF80530013549F10009D9E719
:1087700018466C69FBF786FB19F80A300246074970
:108780002846A04766E700BF8FC80408E1CC04086C
:1087900085CC0408EECC040865850008FACC0408F2
:1087A0000048704778000020836B13B50BB906F0C2
:1087B00016FB002401AA142101949847012814BF34
:1087C0000198204602B010BD2DE9F0430E6989B032
:1087D00004460D460EB906F002FBD1F814C0BCF1F8
:1087E000000FF8D00B6880681F685968022F9A68DC
:1087F0004FEA811E00EB811120DDDB685F1C1DD07C
:1088000000EB83136D6810F80E706D684FEA8518E1
:1088100000EB851510F808E0774511D0234B204672
:10882000234A0193234B244900936023CDE9027E20
:108830006569A847012009B0BDE8F0830023E1E79E
:108840004FEA821E00EB821210F80E00B84204D0EC
:108850006369204619499847ECE7012824D006A807
:108860004FF000084FF000099CF80070CDE900506F
:108870002046CDE90689FDF737F90028DBD105A9A7
:1088800030469DED060BFCF7DFFF059B2A46394677
:108890005B422046736006F10C03009306F1080367
:1088A000FDF77CF90028C6D10020C4E7E1CC04081C
:1088B00032CD0408EECC04088FC8040871CD04083A
:1088C000002938B5046801DBA14201DB06F087FA14
:1088D000052C4FF00002CCBF4368031D01208A42E3
:1088E00018BF53F8225002F1010208BF012594423B
:1088F00005FB00F0F3DC38BD2DE9F04F012A1C46E2
:108900002DED028B9DB0DDE928752A9E51D0032AFA
:1089100054D0F7EE007A022ADFED4F8A9FED4F8A9E
:1089200047FEA88AFFEE007A07FE888A214604A83F
:10893000FDF700FB04B1646839460AA8FDF7FAFAAE
:1089400007B17F68294610A8FDF7F4FA05B16D68F4
:10895000314616A8FDF7EEFA06B17668169B16A802
:10896000DDF8289003F1FF384146FFF7A9FF4346A1
:1089700016AAA9F1020102900AA8FEF7BAF909F1B4
:10898000FF3180460AA8FDF799FA00230246DFED81
:10899000346A9E460193029971454ADD01994FF070
:1089A000000C06EB8101084604EB8301039161464C
:1089B00027E0DFED298A9FED2A8AB7E7F1EE088AE2
:1089C000F9E7BAEC016A09F10109BBEC017AE6EEBC
:1089D000077A4A45F5DCFDB105EB810999ED007A8E
:1089E00077EE877AF4EEC87AF1EE10FA17D4F4EE47
:1089F000687AF1EE10FA78FEA77A01319444E0EC3F
:108A0000017A88450EDD07EB8C0BDDF80CA04FF0EA
:108A10000009DFED137ADCE7B0EE667AE0E7F0EE0E
:108A2000487AEAE701990EF1010E1344414401919D
:108A3000B1E716A8FDF737FA10A8FDF734FA0AA82F
:108A4000FDF731FA04A8FDF72EFA00201DB0BDECA9
:108A5000028BBDE8F08F00BFFFFF7F7FFFFF7FFF2E
:108A600000000000D1F814C02DE9F04F0746DBB03C
:108A7000BCF1000F01D106F0B2F90A68D0F80890F5
:108A8000536896684FEA831B09EB8318136809EB58
:108A90008616022B23DDD468631C20D009EB8414D6
:108AA0004B680A695D684FEA851A09EB8515002A4B
:108AB000E1D019F80B00032800F0AF80092810D08E
:108AC000012840F0DC819CF800204346384600969F
:108AD000CDE90145FFF710FF5BB0BDE8F08F002442
:108AE000DEE7D8F81030414612A80793336908939F
:108AF0002B69099313680A9353685B420B9393683D
:108B00000493D3680593FDF715FAD8F8043031467D
:108B100018A80C93FDF70EFA736821461EA80D9352
:108B2000FDF708FA04B16468294624A8FDF702FAA3
:108B30006B68189D0E93012D9DDD249B022B9AD10D
:108B4000DDE90432934296DC002124A8FDF7B6F952
:108B500001210F9024A8FDF7B1F98346A91E18A89A
:108B6000FDF7ACF9834586DC0026691E18A8FDF7E1
:108B7000A5F9B1460546B2460F9B53453FDD0E9B16
:108B80004FF000084B444746069321E00C9B002021
:108B900003EB060C0D9B03EB080E03469D421EDC07
:108BA00014B154F8273018440137A844DDE90A12FB
:108BB000FEF7AEF8099B1844049B9842B8BF1846CC
:108BC000059B9842A8BF1846069B03F8010B069325
:108BD000BB45DBDC0AF1010AD9442E44CCE71EF97F
:108BE000011B01331CF9012B10910799521A0899A6
:108BF0001192109A511A119A01FB0200CEE724A893
:108C0000FDF751F91EA8FDF74EF918A8FDF74BF92D
:108C100012A8FDF748F900205EE7D8F8103019F8DF
:108C20000A00069333690328D5F810B00793136838
:108C300008935368C3F10003099393680493D368BE
:108C400005930DD0072800F094807C69FBF71AF992
:108C500019F80A30024638468C49A04701203BE704
:108C600041462AA8FDF766F9D8F80430314630A805
:108C70000C93FDF75FF97368214636A80D93FDF755
:108C800059F904B1646829463CA8FDF753F96B68AB
:108C9000309D0E93012D7FF7EEAE3C9E002E7FF7A8
:108CA000EAAEDDE9043293423FF7E5AE013E3CA86F
:108CB0003146FFF705FE3346A91E3CAA00260F9059
:108CC00030A8FEF716F8691E0A9030A8FDF7F6F8EE
:108CD000B1460546B2460F9B53453FDD0E9B4FF014
:108CE00000084B4447460B9320E00C9B002003EB0D
:108CF000060E0D9B03EB080C03469D421EDC14B1CF
:108D000054F8273018440137A844DDE90812FDF76C
:108D1000FFFF049B58449842B8BF1846059B9842F1
:108D2000A8BF18460B9B03F8010B0B930A9BBB4291
:108D3000DBDC0AF1010A99442E44CCE71EF8012B32
:108D40000133079910921CF8012B521A06991192BF
:108D5000109A511A119A01FB0200CEE73CA8FDF7C8
:108D6000A2F836A8FDF79FF830A8FDF79CF82AA8CE
:108D70004FE7414642A8FDF7DDF8D8F80430314608
:108D800048A80B93FDF7D6F8736821464EA80C93BC
:108D9000FDF7D0F804B16468294654A8FDF7CAF875
:108DA0006B680D93DDE9043293423FF764AEBBF18B
:108DB000000F7FF460AE069B54A8549E5F465B4252
:108DC000489D013EDA460A93D946079B31465B42ED
:108DD0000793FFF775FD334654AAA91E0E9048A8C5
:108DE000FDF787FF691E069048A8FDF767F806465D
:108DF0000E9BBB4238DD0D9B002503EB490BA846BB
:108E00001AE00B9B54F8250003EB0A0E0C9B03EBB6
:108E1000080C00239E4216DC0135B044DDE908123F
:108E2000FDF776FF049B9842B8BF1846059B984211
:108E3000A8BF18462BF8020B069BAB42E1DC0137BA
:108E40009944B244D4E71EF8012B01331CF8011BEE
:108E50000F92079A8A180F9910920A9A11440A469B
:108E6000109911FB0200D5E754A8FDF71CF84EA895
:108E7000FDF719F848A8FDF716F842A8C9E67C697D
:108E8000FBF700F819F80B300246E4E67ECA040846
:108E90000048704798000020884219D100F1004234
:108EA0005342534180FB01010C4A0029A8BF4FF0F7
:108EB00080427BB9131841EBE271002904DA6FF0AC
:108EC00000429B1841F10001D80F40EA4100704771
:108ED0000023E7E76FF00040704700BF010000C0CB
:108EE0002DE9F84304460D46904607680026BE4229
:108EF00019DB002D24DBBD4222DA052F4FF00100E3
:108F00004FF00003CCBF646804349D4218BF54F88E
:108F1000232003F1010308BF01229F4202FB00F05E
:108F2000F3DCBDE8F883AE420CD031462046FCF7B6
:108F3000C5FF814631464046FCF7C0FF814501D060
:108F400005F04DFF0136D2E7002910B506DA0D4BCA
:108F50004FF4B3710C4A0D4805F048FF1F2904DD9A
:108F60000B4B40F26711084AF5E70123C20F8B4013
:108F7000013B03EA000402EB630308419C42C8BFC3
:108F8000013010BDD7C90408E5C904083FCA040868
:108F90006FCA04082DE9F0471E46D0F80080136818
:108FA00004460F46914698452DED048B28D005F0D8
:108FB00016FF29462046FCF781FF8246294648468F
:108FC000FCF77CFF8245F2D10135A845F1DCB8F110
:108FD000050F4FF000034FF00109CCBF6468043463
:108FE00098450FDCB7EE008A3446BAEE029A0026A6
:108FF000DFED168A4E450BDBBDEC048BBDE8F08738
:109000000025E2E754F82320013302FB09F9E7E7E2
:10901000B7EC010AB4EEE80AF1EE10FA13DCB4EE94
:10902000C90AF1EE10FA05D505F04AFB0136A4ECA9
:10903000010ADFE7B1EE400A05F042FB70EE087A64
:1090400088EE270AF2E7B7EE000AEFE7CFF3844194
:1090500000487047B80000206FF00042C317801826
:1090600043F10003B3F1FF3F08BFB0F1FF3F15BF6D
:109070000122024600211946801843EB01033149C1
:1090800070B5DD0F03242D1843F100036D0845EA88
:10909000C3752846FFF700FF00F15A3631462846CF
:1090A000FFF7FAFEC0F100513046FFF7F5FEB0F1D0
:1090B000005F33DAB0F1604F4FEA80032CDC33D12C
:1090C0004FF000434FF0FF32002123EA010321F06B
:1090D0000041013C83EA010323EA020302F000425B
:1090E00083EA02031E44D9D1B6F1804F24DAB319C2
:1090F000B6F1404F1EDC4FF0FF304FF0004300D17F
:10910000002423EA040324F00044634023EA00031C
:1091100000F00040584070BD0022D5E700224FF01B
:10912000FF316FF00043D0E74FF0FF3200214FF0E6
:109130000043CAE72046E3E720466FF000434FF0C4
:10914000FF34DEE7C4C3C3C3002108B5FFF7FCFE4C
:1091500008BD08B5FFF7A0FE08BD00002DE9F041ED
:1091600004461448FFF7F0FF064604F18054124805
:10917000FFF7EAFF804621462046FFF7EAFF054653
:109180002146FFF7E6FF294607462846FFF7E1FF9D
:109190000221FFF7D9FE41463844FFF7DAFF0121EB
:1091A0002844FFF7D1FE21183046FFF7D2FF3044A4
:1091B000BDE8F08194A8F570ABAAAA2A2DE9F04188
:1091C000054640F07E442001641BFFF7C7FF0746B9
:1091D000C4F340663C48FFF7B7FF01463846FFF747
:1091E000B8FF002E06F1FF3614BF80464FF000088E
:1091F00006EA0700C4F3806688EA00083348FFF7F0
:10920000A3FF01464046FFF7A4FF002E06F1FF36FC
:1092100014BF0746002706EA08062D48FFF794FF0B
:1092200001467740C4F3C0663846FFF792FF002E30
:1092300006F1FF3614BF80464FF000083E40254837
:10924000FFF782FF014688EA0608C4F3007640462D
:10925000FFF77FFF002E06F1FF3614BF07460027F9
:1092600006EA08061C48C4F34078FFF76DFF774014
:10927000014608F1FF36C4F380743846FFF769FFF2
:10928000B8F1000F06EA070608BF00204640134861
:10929000FFF75AFF01463046FFF75BFF002C04F151
:1092A000FF3308BF0020334083EA0002B5FA85F39C
:1092B0005B09581E002B02EA000214BF6FF0004049
:1092C00000205040BDE8F0817BBEAF63F2CBA24DE1
:1092D0006CAC162FA4AA5211B72A580211FE0A002C
:1092E0002DE9F04F804689B00E461F460025C1F19A
:1092F000000923EAE37B0192129B9D4202DB09B045
:10930000BDE8F08F139B5857A0EB0800814551DA58
:10931000B04252DA019900FA0BF0FFF7BDFD794235
:1093200021EAE171FFF710FE00283EDC0CBF4FF090
:10933000FF3A4FF0000A002443422040E14323EA71
:109340000403039158404042FFF738FFFFF784FEC3
:1093500002904FF08040FFF7F7FE029B6FF0004C49
:1093600003991C4000EA0A00ACEB030C0CEA010173
:1093700081EA0403172123EA0A035840FFF7E4FDBA
:109380006FF07F0380387F22069398420590079202
:10939000ACBF05AB06AB1A687F2AC8BF07AB93F911
:1093A0000030149A53550135A6E74FF0FF344FF0C3
:1093B000000AC1E76FF07F03F3E77F23F1E70000C6
:1093C0000B682DE9F0475E6894B04B6804468568E9
:1093D0004FEA861A5B6805EB86164FEA831905EBA0
:1093E000831815F80A3015F8092093422CD0CDE9DE
:1093F0000232474B0193474B00932F234769464A5C
:109400004649B84715F80A00012851D115F8093026
:10941000012B6DD1314608A8FCF78CFD74684146DC
:109420000EA8FCF787FDD8F804300EAA214608A83C
:10943000FFF7B0FD0EA8FCF736FD08A8FCF733FDDA
:10944000002014B0BDE8F087092BDBD1D8F810302C
:1094500013F1800F0AD06FF07F02CDE90232304B5A
:109460000193304B009331234769C8E7F068F7F761
:1094700093F800222C4BF7F7E7F841EC100B07A804
:1094800005F0EAF80022294B51EC100BF7F7DCF855
:1094900041EC100B05F088FB51EC100BF7F76EFB5D
:1094A0001F22069004200799FCF79AFA0590A9E775
:1094B00009281DD115F80930092B19D1B4680027E6
:1094C00030690125079BD4F800E0DDE905127745F6
:1094D00008DBD8F8044002947468CDE90054FFF723
:1094E000FFFEADE754F804CF0137A5FB0C5CEEE7B7
:1094F0006769FAF7C7FC064615F80900FAF7C2FCD7
:109500000B49034632462046B847012099E700BF81
:10951000E1CC0408EECC0408E1CD04088FC80408AF
:1095200019CE04083CCE04080000A0410000E04130
:1095300056CE04082DE9FF4794460A6849681C4640
:1095400085684F68D2E9018A1268022A10D0022386
:10955000CDE90223344B0193344B0093302344690B
:109560000126334A3349A047304604B0BDE8F087AE
:109570000A68012A09D00123CDE902232E4B019369
:109580002E4B009331234469EAE74FEA88124FEAF1
:109590008A11AA5C05EB8818695C05EB8A1A8A4275
:1095A00008D0274B0193274BCDE9022100933323A9
:1095B0004469D5E71A1D4FEA871905EB8717009212
:1095C0003A469CF80010FCF7E9FA06460028CBD191
:1095D00015F80930032B01D0092BC5D1D8F80C00A0
:1095E00004F10C05F6F7D8FF80468946DAF80C003E
:1095F000F6F7D2FF02460B46404649460834F7F7D5
:1096000023F880468946F868F6F7C6FF02460B46FF
:1096100040464946F7F742F941EC100B29462046EF
:10962000FCF712F9A0E700BF8DD30408C0CC0408F2
:1096300079CE04088FC80408AACF0408D0CC040847
:10964000ACCE0408B9CE040800487047D80000200A
:109650002DE9F0451D460B6892460C46042B2DED76
:10966000048B99B0D0ED0D8A90ED0E9ADDE9252797
:1096700001DD05F0B4FB2B68042BFADC1368042B26
:10968000F7DC0123042102A8FCF7AFFC20460024EC
:1096900010AB08AA2946FCF789FF002102A8FCF7B5
:1096A0000DFCA04256DC02A8FCF7FDFB19B0BDEC96
:1096B000048BBDE8F08543462A462146009608A85B
:1096C000FCF742FD43460AEB80002A46214690ED16
:1096D000008A10A80096FCF737FD249B2A462146F5
:1096E00003EB80004346D0ED007A02A800960136D5
:1096F00028EE278AFCF7A6FC07EB8000B4EE688A08
:10970000F1EE10FA48BFB0EE688AB4EE489AF1EE76
:1097100010FA48BFB0EE498A80ED008A032102A802
:10972000FCF7CCFBB042C6DC08F10108022102A81C
:10973000FCF7C4FB404508DC0135012102A8FCF719
:10974000BDFBA84203DC0134A7E70026E6E74FF0A3
:109750000008EBE70025F0E713782DE9F041012B35
:109760002DED028BAAB0DDE93254349E53D0032B89
:1097700056D0B7EE007A022BDFED447AFFEE006A96
:1097800047FE277A9FED427A06FE877A10AF294678
:109790000AA88DED237ACDED247AFCF7CBFB214688
:1097A0003846FCF7C7FB394616AA0AA8FCF785FD20
:1097B00080463846FCF777FB0AA8FCF774FB29467D
:1097C00004A8B8F1000F2ED0FCF7B4FB05B16D680A
:1097D00021460AA8FCF7AEFB04B16468314638465E
:1097E000FCF7A8FB06B176680AAB2A4604A916A8BE
:1097F0000094CDE90176FFF72BFF3846FCF753FBC9
:109800000AA8FCF750FB04A8FCF74DFB2AB0BDECFE
:10981000028BBDE8F081DFED1D7A9FED1E7AB5E782
:10982000F1EE087AF9E7FCF785FB05B16D68214692
:109830000AA8FCF77FFB04B1646831463846FCF7A0
:1098400079FB06B176683A460AA904A89DED238AF9
:10985000FDF700FADDED248A00239842CDDDF5EC1A
:10986000017A0133B4EC017A67EE877AB4EE678A45
:10987000F1EE10FA78FE277AF4EE678AF1EE10FA2C
:1098800048BFF0EE687AE6EC017AE6E7FFFF7F7FFB
:10989000FFFF7FFF000000002DE9F04F9BB0044662
:1098A000914608460AAA1946002512ABFCF77EFE2F
:1098B0000123259A042104A8FCF797FB002104A8A2
:1098C000FCF7FCFAA8425ADC04A8FCF7ECFA1BB03F
:1098D000BDE8F08FD4F804B03B4632462946CDF8B7
:1098E00000800AA8FCF730FC19F900A03B4632467C
:1098F000DA442946D4F808B012A8CDF80080FCF765
:1099000023FCE3680393249B18565844D4E90412BB
:109910000AFB00F0FDF7FCF9039B3246294603EBF6
:10992000000AE36A04A89A45B8BF9A46236BCDF8AB
:10993000008008F101089A45A8BF9A463B46FCF70B
:1099400081FB269B03F800A0032104A8FCF7B6FACC
:109950004045BFDC0137022104A8FCF7AFFAB8424A
:1099600008DC0136012104A8FCF7A8FAB04204DCA7
:109970000135A3E74FF00008E6E70027EBE70026F4
:10998000F0E72DE9F04F9BB00446914608460AAA3D
:109990001946002512ABFCF709FE0123259A042184
:1099A00004A8FCF722FB002104A8FCF787FAA842D0
:1099B0005ADC04A8FCF777FA1BB0BDE8F08FD4F8A6
:1099C00004B03B4632462946CDF800800AA8FCF791
:1099D000BBFB19F800A03B463246DA442946D4F8CE
:1099E00008B012A8CDF80080FCF7AEFBE368039343
:1099F000249B185C5844D4E904120AFB00F0FDF7DC
:109A000087F9039B3246294603EB000AE36A04A860
:109A10009A45B8BF9A46236BCDF8008008F101083B
:109A20009A45A8BF9A463B46FCF70CFB269B03F8D9
:109A300000A0032104A8FCF741FA4045BFDC013730
:109A4000022104A8FCF73AFAB84208DC01360121E9
:109A500004A8FCF733FAB04204DC0135A3E74FF069
:109A60000008E6E70027EBE70026F0E72DE9F04FD6
:109A70001646C1B01D460F46D0E90023CDE9372375
:109A80000B695B422D9333695B422E932B692F93B5
:109A900083683093C36826A83193FCF74BFA3146AC
:109AA00020A8FCF747FA2CAA20A926A8FCF705FC59
:109AB000044620A8FCF7F7F926A8FCF7F4F92B7860
:109AC000092B70D10DF1680A394626A80CB3FCF7B2
:109AD00031FA314620A87C68FCF72CFA294650461A
:109AE0007668FCF727FA6B682CA8224626A9009610
:109AF000CDE901A320ABFFF7CFFE5046FCF7D3F929
:109B000020A8FCF7D0F926A8FCF7CDF941B0BDE8B4
:109B1000F08FFCF70FFA7B68314620A80493FCF71E
:109B200009FA29465046D6F80480FCF703FAD5F81E
:109B30000490DDE93767BE4201DD05F050F926A843
:109B4000FCF743FA054620A8FCF73FFA8346504647
:109B5000FCF73BFA5D45F0D18542EED1319ADDE963
:109B60002DABDDE92F31AC4201DB1AA8C6E7079324
:109B7000049B18F9040013F904C05844D44400FBB2
:109B80000CF0CDE90512FDF7C3F8079B1844B0426D
:109B9000B8BF3046B842A8BF3846DDE9051209F81B
:109BA00004000134DFE7032BB0D13946CCB11AAC45
:109BB00026A8FCF7BFF9314620A87F68FCF7BAF960
:109BC000294620467668FCF7B5F96B682CA83A461A
:109BD00026A90096CDE9014320ABFFF7D2FE20462F
:109BE0008CE714A8FCF7A6F931460EA87F68FCF7AD
:109BF000A1F97368294608A80493FCF79BF9D5F8E6
:109C00000490DDE93756B54297DC08AA0EA914A8DE
:109C1000FDF720F8319A8046DDE92DABDDE92F31E3
:109C2000A04507DC08A8FCF73EF90EA8FCF73BF9B5
:109C300014A869E70793049B17F804C0185DD4447F
:109C4000584400FB0CF0CDE90512FDF761F8079BC5
:109C50001844A842B8BF2846B042A8BF3046DDE944
:109C6000051209F804000134DAE710B41846039B22
:109C70001C78092CDDE9011201D0032C03D15DF819
:109C8000044BFFF7F3BE5DF8044B70470B682DE9FA
:109C9000F04F866889B05F6804469B680D46D1F82E
:109CA00014B04FEA871A06EB83184B685A4606EB46
:109CB00087175B6806EB831904ABFFF73BFC16F8CC
:109CC0000A0003280ED009280CD0012817D0656996
:109CD000FAF7D8F816F80A3002460E492046A84787
:109CE000012009E004AB5A46294620460097CDE9F9
:109CF0000189FFF7BAFF002009B0BDE8F08F04AB7F
:109D00005A46294620460097CDE90189FFF724FDF0
:109D1000F1E700BF7ECA04082DE9F04F85B08368E3
:109D20004A690290486801934668B00103EB8616C1
:109D3000185C451E082D00F20B82DFE815F00900C3
:109D400041017100A5010902090209020902D800B6
:109D500008680124B7684168019BBE46D7F800C077
:109D600003EB8111D2E900928D680021002AB8BF6F
:109D70006244914211DB511C043701228C4512DCF4
:109D8000D5F800C0294600270125674510DB02FBF6
:109D900004F18D4212D005F022F85EF8048F0131F3
:109DA00008FB04F4E5E757F8213001315A43E5E7B1
:109DB00051F804EF01370EFB05F5E6E7736800255F
:109DC00002932F4602FB09F30393B94503DC0020FD
:109DD00005B0BDE8F08F50F8041F0026019BAE4689
:109DE000B44613EB811118BF4968644502DC0137A2
:109DF0001544EAE7029B01EB860A4FF0000803EBEB
:109E00008E0B424505DC039B0CF1010C16449E446D
:109E1000EBE7FAEC017A08F10108EBEC017AF0E7E4
:109E20000D68B0686D68019B8646D0F800C003EBF2
:109E300085130125D2E900B29F680023002AB8BF2C
:109E4000624493422CDB0132012300F1040E94455D
:109E50002CDCD7F800C03A460120002767452ADBF2
:109E600003FB05F2904296D17268002603923046B9
:109E700003FB0BF201928345A9DD0A68B64602EBAB
:109E800080025768029A926812EB87124FF000071F
:109E900018BF5268BC46654513DC01301E44EAE732
:109EA0005EF8048F013308FB05F5CAE75EF822006F
:109EB00001324343CBE752F804EF01370EFB00F0C9
:109EC000CCE7039C02EB07094FF0000804EB0E0AF5
:109ED000434505DC019C0CF1010C1F44A644DAE764
:109EE00019F8014B08F101080AF8014BF0E70D6879
:109EF000B0686D68019B8646D0F800C003EB8513FF
:109F00000125D2E900B29F680023002AB8BF62444D
:109F100093422EDB0132012300F1040E94452EDC26
:109F2000D7F800C03A460120002767452CDB03FB29
:109F300005F290427FF42FAF7268002601923046FE
:109F400003FB0BF2039283457FF741AF0A68B646E5
:109F500002EB80025768029A926812EB87124FF068
:109F6000000718BF5268BC46654513DC01301E442B
:109F7000E9E75EF8048F013308FB05F5C8E75EF8F2
:109F8000220001324343C9E752F804EF01370EFBC8
:109F900000F0CAE7019C02EB07094FF0000804EB50
:109FA0000E0A434505DC039C0CF1010C1F44A6443A
:109FB000DAE719F9014B08F101080AF8014BF0E75B
:109FC00008680124B7684168019BBE46D7F800C005
:109FD00003EB8111D2E900B28D680021002AB8BFDD
:109FE0006244914229DB511C043701228C452ADC52
:109FF000D5F800C0294600270125674528DB02FB6C
:10A0000004F18D427FF4C7AE7368002503932F4699
:10A0100002FB0BF30293BB457FF7D9AE50F8041F48
:10A020000026019BAE46B44613EB811118BF496868
:10A03000644513DC01371544EDE75EF8048F013108
:10A0400008FB04F4CDE757F8213001315A43CDE73E
:10A0500051F804EF01370EFB05F5CEE7039B01EB4A
:10A0600086094FF0000803EB8E0A424505DC029B8F
:10A070000CF1010C16449E44DAE759F8043B08F150
:10A0800001084AF8043BF0E708680124B768416812
:10A09000019BBE46D7F800C003EB8111D2E90092C4
:10A0A0008D680021002AB8BF6244914229DB511C0F
:10A0B000043701228C452ADCD5F800C02946002748
:10A0C0000125674528DB02FB04F18D427FF463AE76
:10A0D0007368002503932F4602FB09F30293B945E9
:10A0E0007FF775AE50F8041F0026019BAE46B446BC
:10A0F00013EB811118BF4968644513DC013715441F
:10A10000EDE75EF8048F013108FB04F4CDE757F862
:10A11000213001315A43CDE751F804EF01370EFBEE
:10A1200005F5CEE7039B01EBC60A4FF0000803EBF1
:10A13000CE0B424505DC029B0CF1010C16449E44FB
:10A14000DAE7BAEC027B08F10108ABEC027BF0E73E
:10A15000029B5D69F9F796FE024902460298A847FC
:10A16000012035E6C6CE040800487047F8000020FC
:10A170002DE9F04F1F460B6804460E46042B2DEDCB
:10A18000048B95B0119201D004F029FE3B68042B9A
:10A19000FAD100233A463046F7EE009A1946FCF70A
:10A1A000A8FD03233A46089019463046FCF7A1FD66
:10A1B000012109903046FBF781FE02210A903046CA
:10A1C000FBF77CFE01210B903846FBF777FE02215E
:10A1D0000C903846FBF772FEE36800210D900E9359
:10A1E00023690F93089B994280F291804FF0000BF6
:10A1F000CDF808B080E0B4F90280B4F90450AAEBBD
:10A200000803DFED458A0593ABEB0503059AA5EB43
:10A210000B050693A8EB0A03B0EE689A25EAE575EC
:10A2200023EAE37304930B9B9A1AA3699A42A8BF8B
:10A230001A460A9B1092069A9A1A63699A42A8BF14
:10A240001A460792079BAB424CDC89EE288A94EDB4
:10A25000099AD4ED0A8A3846CDF8009009F101092F
:10A260000491DDE90223FBF7EDFE229B049903EB49
:10A270008000B4EE489AF1EE10FA39FE088AF4EE46
:10A28000C88AF1EE10FA58BFF0EE488AC0ED008A95
:10A29000099B9945AFDB039B013303930F9B9A44C2
:10A2A000039B0D9A934222DA4FF00009F0E7059BD9
:10A2B0003046CDF80090434408F10108CDE9121270
:10A2C000FBF7C0FE119B78EEA98A03EB8000D0ED6E
:10A2D000007A39EE279ADDE91212109B9845E6DBE9
:10A2E0000135AFE7069BDDF810805A19F5E7029BB0
:10A2F000013302930E9B9B44029B0C9A934204DA17
:10A300004FF0000ACDF80CA0CAE701316AE715B09A
:10A31000BDEC048BBDE8F08F000000002DE9F04F8C
:10A3200097B09946044688461392D0E907239A428B
:10A3300001DD04F054FD0B68042BFAD1D9F800308C
:10A34000042BF6D100234A4640461946FCF7D1FCBF
:10A3500003234A460A9019464046FCF7CAFC0121ED
:10A360000B904046FBF7AAFD02210C904046FBF7FC
:10A37000A5FD01210D904846FBF7A0FD02210E909E
:10A380004846FBF79BFDE36800210F90109323697B
:10A3900011930A9B994280F28C804FF0000BCDF80C
:10A3A00010B07CE0B4F902700025039BB4F904609E
:10A3B000DB1B0893ABEB0603089AA6EB0B0609938D
:10A3C000039B26EAE676FF1A0D9BA3EB020AA3691C
:10A3D000099A27EAE7779A45A8BF9A460C9B9A1AEA
:10A3E0006369CDF81CA0AA469A42A8BF1A461292E9
:10A3F000129B9E424ADB0AEBDA734846069105EB54
:10A400006305E36995FBFAF59D42B8BF1D46236AD3
:10A410009D42A8BF1D46029B0093DDE90423FBF784
:10A4200011FE209B06991D54029B01330293029B4F
:10A430000B9A9342B6DB059B119A01330593039B5C
:10A4400013440393059B0F9A934223DA002302934C
:10A45000EDE7029B06980093089B03444046CDE934
:10A460001412FBF7EFFD139B1B5C1D44069BDDE9FB
:10A47000141201330693DDE906308342E9DBC31B86
:10A4800001368742C8BF00239A44B1E7099B06976B
:10A49000F218F0E7049B01330493109B9B44049B48
:10A4A0000E9A934203DA002303930593CAE701311E
:10A4B0006FE717B0BDE8F08F2DE9F04F1F460B682E
:10A4C00004460E46042B2DED048B97B0119201D05B
:10A4D00004F085FC3B68042BFAD100233A46304651
:10A4E0001946FCF706FC03233A4607901946304606
:10A4F000FCF7FFFB012108903046FBF7DFFC02214F
:10A5000009903046FBF7DAFC01210A903846FBF748
:10A51000D5FC02210B903846FBF7D0FCE368002104
:10A520000C900D9323690E93079B994280F29880BB
:10A530004FF0000BCDF808B087E0B4F90280B4F911
:10A540000450A9EB08030593ABEB0503059AA5EBB3
:10A550000B050693A8EB090325EAE57523EAE373E7
:10A5600004930A9B9A1AA3699A42A8BF1A46099BA8
:10A570000F92069A9A1A63699A42A8BF1A466FF414
:10A58000000310921593109B9D4254DB94ED099AA1
:10A5900038469DED158AD4ED0A8ACDF800A00AF15F
:10A5A000010A0491DDE90223FBF74CFDB4EE498A70
:10A5B000249B0499F1EE10FA03EB800048BFB0EE43
:10A5C000498AF4EEC88AF1EE10FA58BFF0EE488AD4
:10A5D000C0ED008A089B9A45AFDB039B01330393D0
:10A5E0000E9B9944039B0C9A934229DA4FF0000A80
:10A5F000F0E7059B3046CDF800A0434408F1010880
:10A60000CDE91212FBF71EFD119B03EB800015AB89
:10A61000D0ED007AF4EEC87ADDE91212F1EE10FA0C
:10A62000D8BF1846036815930F9B9DED158A984572
:10A63000DFDB0135A7E7069BDDF81080EA18F3E7BA
:10A64000029B013302930D9B9B44029B0B9A934206
:10A6500004DA4FF00009CDF80C90C3E7013163E74D
:10A6600017B0BDEC048BBDE8F08F2DE9F04F99B029
:10A670001F4604460E460992D0E907239A4201DD9F
:10A6800004F0ADFB002AFBDBFF2BF9DC0B68042B8D
:10A69000F6D13B68042BF3D100233A4630461946E5
:10A6A000FCF727FB03233A460A9019463046FCF78D
:10A6B00020FB01210B903046FBF700FC02210C909F
:10A6C0003046FBF7FBFB01210D903846FBF7F6FB0C
:10A6D00002210E903846FBF7F1FBE36800210F9052
:10A6E0001093236911930A9B994280F28C804FF05A
:10A6F000000BCDF80CB07BE0B4F90230B4F9045093
:10A70000A8EB0302A3EB0803079223EAE373ABEB86
:10A710000502A5EB0B050593089225EAE5750D9B4F
:10A72000079A9A1AA3699A42A8BF1A460C9B1292DA
:10A73000089A9A1A63699A42A8BF1A46002313928C
:10A740008DF85F30139B9D4248DB257F38469DF88E
:10A750005F3005919D4238BF1D4694F82030CDF8FA
:10A76000009009F101099D4228BF1D46DDE9032340
:10A77000FBF768FC229B05991D540B9B9945BBDB9D
:10A78000049B01330493119B9844049B0F9A9342BA
:10A7900029DA4FF00009F0E7079B3046CDF800902A
:10A7A00053440AF1010ACDE91412FBF74BFC099A54
:10A7B000099B0344105C069A90420DF15F0298BF1A
:10A7C0001346DDE914121B788DF85F309DF85F3079
:10A7D0000693129B9A45DFDB0135B3E7089BDDF852
:10A7E00014A0EA18F2E7039B01330393109B9B44E8
:10A7F000039B0E9A934204DA4FF00008CDF81080C4
:10A80000C3E701316FE719B0BDE8F08F2DE9F04FD4
:10A8100097B09B46054689461392D0E907239A4292
:10A8200001DD04F0DCFA0B68042BFAD1DBF8003010
:10A83000042BF6D100235A4648461946FCF759FA2C
:10A8400003235A460A9019464846FCF752FA01215A
:10A850000B904846FBF732FB02210C904846FBF771
:10A860002DFB01210D905846FBF728FB02210E908D
:10A870005846FBF723FBEB6800210F9010932B69E0
:10A8800011930A9B994280F29480002302930593CE
:10A8900085E0B5F902800027049BB5F904603C46C9
:10A8A000A3EB08030893029B089A9B1B0993049B44
:10A8B000A8EB03080D9BA3EB020AAB69099A28EAEF
:10A8C000E8789A45A8BF9A46029BF61A0C9BCDF8E9
:10A8D0001CA09A1A6B6926EAE6769A42A8BF1A4625
:10A8E0001292129B9E424FDBE30F002F58460791B6
:10A8F0002344CBBF07EB6303A7EB630793FBF4F49D
:10A9000097FBF4F4EB699C42B8BF1C462B6A9C424F
:10A91000A8BF1C46039B0093DDE90523FBF792FBD0
:10A92000209B07991C54039B01330393039B0B9AB1
:10A930009342AEDB069B119A01330693049B1344AA
:10A940000493069B0F9A934222DA00230393EDE7C8
:10A95000039B48460093089B53440AF1010ACDE942
:10A960001412FBF76FFB139B1B56DDE914121F44F7
:10A97000079B9A45ECDBA3EB0803079A0136904549
:10A98000C8BF00231C44ACE7099BC2469A19EFE7F5
:10A99000059B109A01330593029B13440293059B78
:10A9A0000E9A934203DA002304930693C9E7013118
:10A9B00067E717B0BDE8F08F2DE9F04F99B01F465B
:10A9C00004460E460992D0E907239A4201DD04F0BD
:10A9D00006FA8032FBDB7F2BF9DC0B68042BF6D107
:10A9E0003B68042BF3D100233A4630461946FCF766
:10A9F00080F903233A460A9019463046FCF779F964
:10AA000001210B903046FBF759FA02210C90304699
:10AA1000FBF754FA01210D903846FBF74FFA02215B
:10AA20000E903846FBF74AFAE36800210F90109326
:10AA3000236911930A9B994280F28E804FF0000B9C
:10AA4000CDF80CB07DE0B4F90230B4F90450A8EBB5
:10AA50000302A3EB0803079223EAE373ABEB0502BF
:10AA6000A5EB0B050593089225EAE5750D9B079A62
:10AA70009A1AA3699A42A8BF1A460C9B1292089A86
:10AA80009A1A63699A42A8BF1A46802313928DF8D6
:10AA90005F30139B9D424ADB94F91C5038469DF968
:10AAA0005F3005919D42B8BF1D4694F92030CDF826
:10AAB000009009F101099D42A8BF1D46DDE903236D
:10AAC000FBF7C0FA229B05991D540B9B9945BADBF5
:10AAD000049B01330493119B9844049B0F9A934267
:10AAE0002ADA4FF00009F0E7079B3046CDF80090D6
:10AAF00053440AF1010ACDE91412FBF7A3FA099AAB
:10AB0000099B03441056069A90420DF15F02D8BF8C
:10AB10001346DDE9141293F900308DF85F309DF98A
:10AB20005F300693129B9A45DEDB0135B1E7089B47
:10AB3000DDF814A0EA18F2E7039B01330393109B9E
:10AB40009B44039B0E9A934204DA4FF00008CDF821
:10AB50001080C2E701316DE719B0BDE8F08F2DE933
:10AB6000F04FD1E9028385B090F800A04FF0010BBF
:10AB700015460293D0E90179D0E903345046CDF867
:10AB800000B003933B46DDE90212FCF710FA0646DB
:10AB90004B46224641465046CDF800B0013EFCF7F8
:10ABA00006FA039B029A013807FB063309FB0044AF
:10ABB00000209B1AA4EB080423EAE37324EAE4745C
:10ABC00043FA0BF203EA0B032A6044FA0BF204EA9D
:10ABD0000B04AB606A60EC6005B0BDE8F08F00006C
:10ABE0000B682DE9F0475E68A0B0D0F808900746E2
:10ABF0004D694FEA861A09EB86164B6805AA284666
:10AC0000B1685C68FFF7ABFF8046002846D119F8B1
:10AC10000A0009EB841403284CD009284AD00128E3
:10AC200040F08A802B7D012B3CD0032B3FD0B7EE28
:10AC3000007A022BDFED457AFFEE006A47FE277AA5
:10AC40009FED437A06FE877AAB68314609A88DED01
:10AC50001E7A18936B68CDED1F7A19932B691A939E
:10AC6000EB681B93069BADF85830059BADF856304A
:10AC7000FBF760F921460FA87568FBF75BF904B193
:10AC800064680FAB2A4609A915A80094FFF714FCC5
:10AC90000FA8FBF708F909A8FBF705F9404620B013
:10ACA000BDE8F087DFED297A9FED2A7ACCE7F1EE57
:10ACB000087AF9E704AB297D22463846009303ABB6
:10ACC000FAF76CFFAB68314609A818936B681993C3
:10ACD0002B691A93EB681B93069BADF85830059BC4
:10ACE000ADF85630039B1C93049B1D9319F80A3052
:10ACF000032B10D1FBF71EF921460FA87568FBF74F
:10AD000019F904B164680FAB2A4609A915A8009483
:10AD1000FFF7ABFCBCE7FBF70DF921460FA8756800
:10AD2000FBF708F904B164680FAB2A4609A915A816
:10AD30000094FFF741FEABE77C69F9F7A3F80649F9
:10AD4000024638464FF00108A047A7E7FFFF7F7F84
:10AD5000FFFF7FFF00000000EACE04080B682DE92A
:10AD6000F0475E68A0B0D0F8089007464D694FEAFA
:10AD7000861A09EB86164B6805AA2846B1685C68F6
:10AD8000FFF7EDFE8046002846D119F80A0009EBCE
:10AD9000841403284CD009284AD0012840F08A8026
:10ADA0002B7D012B3CD0032B3FD0B7EE007A022B3A
:10ADB000DFED457AFFEE006A47FE277A9FED437A82
:10ADC00006FE877AAB68314609A88DED1E7A189386
:10ADD0006B68CDED1F7A19932B691A93EB681B935F
:10ADE000069BADF85830059BADF85630FBF7A2F83E
:10ADF00021460FA87568FBF79DF804B164680FAB96
:10AE00002A4609A915A80094FFF7B2F90FA8FBF785
:10AE10004AF809A8FBF747F8404620B0BDE8F0879C
:10AE2000DFED297A9FED2A7ACCE7F1EE087AF9E78F
:10AE300004AB297D22463846009303ABFAF7AEFEF9
:10AE4000AB68314609A818936B6819932B691A935C
:10AE5000EB681B93069BADF85830059BADF8563058
:10AE6000039B1C93049B1D9319F80A30032B10D1EC
:10AE7000FBF760F821460FA87568FBF75BF804B193
:10AE800064680FAB2A4609A915A80094FFF746FA93
:10AE9000BCE7FBF74FF821460FA87568FBF74AF8A7
:10AEA00004B164680FAB2A4609A915A80094FFF7FE
:10AEB000ADFCABE77C69F8F7E5FF0649024638468A
:10AEC0004FF00108A047A7E7FFFF7F7FFFFF7FFF4D
:10AED000000000000BCF0408004870473801002034
:10AEE0000048704718010020836B13B50BB903F0BD
:10AEF00076FF002401AA082101949847012814BF75
:10AF00000198204602B010BDF0B50D6985B0044629
:10AF10000DB903F064FF0A681368012B0DD00122FC
:10AF2000CDE902323E4B01933E4B009332234469FC
:10AF30003D4A3E49A04701205EE04F683E68012E31
:10AF400008D0CDE90263364B0193394B009333238C
:10AF50004469EDE77B6881684FEA831C526801EB26
:10AF6000831393F83070012F08D0324B0193324B8A
:10AF7000CDE9027600933A234469D9E75E6B3EB986
:10AF80002E4B00933E234469274A2D49A047D2E720
:10AF9000366826B92B4B00933F234469F4E73668A3
:10AFA000012E04D0284B009340234469ECE7900124
:10AFB00001EB82120F5C781EC0B2082805D840F25F
:10AFC000451626FA00F0C00708D4204B0093422310
:10AFD0006569154A20461A49A847ACE711F80C10D4
:10AFE000032906D0092904D0194B0093462365692B
:10AFF000EFE7012F02D1002005B0F0BD92ED037AFA
:10B000002C1DD3ED037AC7EE277A17EE900AF5F7D9
:10B01000C3FA41EC100B21462846FAF715FCEAE783
:10B02000AACF0408C0CC040834CF04088FC8040891
:10B03000D0CC0408A9C804086CCF0408F6C80408DA
:10B04000B1C104080AC9040886CF0408ACCF0408BB
:10B0500026D004082DE9F04FD1F8108007462DEDD9
:10B06000028B8FB0B8F1000F01D103F0B8FE0B686E
:10B0700086685C684B684FEA841B5D6806EB841445
:10B0800016F80B004FEA851A431E06EB8515D5F816
:10B09000109095ED038A082B00F25781DFE813F03A
:10B0A00009005501FC005501550155017500550178
:10B0B000A20016F80A30032B35D0092B55D12146B2
:10B0C00002A8FAF737FF6468294608A8FAF732FFA2
:10B0D00008A902A86D68FAF702FF214600226FF066
:10B0E0007F0490420BDC08A8FAF7DDFE02A8FAF70D
:10B0F000DAFE00200FB0BDEC028BBDE8F08FB1ECA2
:10B10000017AC7EE087AF8FE677AFDEEE77A17EE65
:10B11000903A4B447F2BA8BF7F23A342B8BF23465E
:10B12000AB540132DDE7214602A8FAF703FF2946B6
:10B13000646808A8FAF7FEFE08A902A86D68FAF785
:10B14000CEFE214600229042CDDDB1EC017AC7EE61
:10B15000087AF8FE677AFDEEE77A17EE903A4B44EC
:10B1600083F30803AB540132EDE77D690120F8F762
:10B1700089FE044616F80A00F8F784FE22460346C4
:10B1800073493846A8470120B4E7A06803F08CF85B
:10B1900016F80A308146092B20D1D4F804A06FF0AC
:10B1A0007F06D5F810B06D68D8E90017D4F8108084
:10B1B0000024A1459DDD3AF914003A460191A0EB27
:10B1C0000800FBF7A5FD58440199B042B8BF3046CE
:10B1D0007F28A8BF7F2028550134EAE77D6916F84B
:10B1E0000B00C4E7A06803F05FF816F80A30814648
:10B1F000032B23D0092BF1D1D4F804A06FF07F06E4
:10B20000D5F810B06D68D8E90017D4F81080002484
:10B21000A1457FF76EAF1AF904003A460191A0EB01
:10B220000800FBF775FD58440199B042B8BF30469D
:10B230007F28A8BF7F2028550134E9E7D8E90067B7
:10B24000D5F810B0B6F1804FD4F804A0D4F810802F
:10B250006D680FD1012F0DD1A8EB0B03803309D1FD
:10B26000002305E01AF8032082F08002EA5401333B
:10B270009945F7DC00240CE01AF904003A463146FF
:10B28000A0EB0800FBF744FD584480F30800285564
:10B290000134A145F0DC2CE7A06803F005F816F8AE
:10B2A0000A308146032B35D0092B97D1D5F810B041
:10B2B000D4F804A06D68D8E90067D4F81080B6F11E
:10B2C000804F0FD1012F0DD1A8EB0B03802B09D19B
:10B2D000002305E01AF8032082F08002EA540133CB
:10B2E0009945F7DC002412E01AF804003A4631468A
:10B2F000A0EB0800FBF70CFD6FF07F035844984269
:10B30000B8BF18467F28A8BF7F2028550134A14523
:10B31000EADCEEE6D4F804A0D5F810B06D68D8E900
:10B320000067D4F810800024A1457FF7E2AE1AF838
:10B3300004003A463146A0EB0800FBF7E9FC58440C
:10B3400080F3080028550134EEE77D690FE700BF60
:10B3500056CE04080048704758010020836B13B58F
:10B360000BB903F03CFD002401AA04210194984785
:10B37000012816BF01982046046002B010BD38B500
:10B38000E8B109B903F02BFD002AFBD0431E02EB04
:10B3900080020024002B01DA01200EE0101F52F879
:10B3A000042C51F823500132AA42EBDC03D1013BBB
:10B3B00002460460EEE70260002080F0010038BD24
:10B3C000F8B59C46069F0546D0B109B903F007FDC4
:10B3D000002AFBD00024204610E047B1002604E0FC
:10B3E00057F82630A34208D00136B445F8DC52F8AD
:10B3F000246051F8243003FB00600134A542ECDCEA
:10B40000F8BD2DE9F8439C4600249146DDE908E3A8
:10B410001C6018BB0120BDE8F883854214DB03F0F3
:10B42000DEFC5EF82620954201D001360EE00134A4
:10B4300048F100084C4578EB0C05EBDA51F8245044
:10B44000002DEADA2D18EAD41F680026B742E8DC9E
:10B450004EF827501D6801351D60E8E7A046E9E772
:10B460000B68F0B51E6885B00446022E0ED002238C
:10B47000CDE902631A4B01931A4B00933A234469B6
:10B48000194A1A49A047012005B0F0BD4A68126860
:10B49000012A09D00123CDE90223154B0193154B55
:10B4A00000933B234469EBE79B6882689B01D05C77
:10B4B000022812D06769F8F7E5FC05463046F8F730
:10B4C000E1FC0D4B084A01930C4B0D4900933F23BF
:10B4D000CDE902502046B847D5E70020D4E700BFA9
:10B4E0008DD3040898D0040862D004088FC80408DB
:10B4F000AACF0408F2CA0408C5D00408D2D00408B0
:10B50000ABD004087FB504460D46FFF7A9FF50B93C
:10B510002E6956B9164B009346236569154A204695
:10B520001549A847012004B070BD6B6801215A6815
:10B53000A36803EB82139B681D68A84206DB002901
:10B540000ADC0E4B009349236569E7E753F8042FA3
:10B550000130A1FB0212F0E7002303AA8900204674
:10B560000393A36B98470028DCD1039B3360DAE791
:10B57000F1D0040862D00408B1C10408DDD0040889
:10B5800030B5002314468B4208DB21EAE173012425
:10B5900002EB4300032B07DD117030BD50F8235040
:10B5A000013324F8025FEEE7013320F8024FF1E7A0
:10B5B00000487047780100202DE9F04F0E680446DE
:10B5C00093461D46042E2DED048B91B001D003F05F
:10B5D00006FC1B68042BFADC0A460123314604A84A
:10B5E000FAF703FD01232A4631460AA8FAF7FDFCC3
:10B5F00000210AA8FAF762FC012181460AA8FAF79D
:10B600005DFC022180460AA8FAF758FC0321054692
:10B610000AA8FAF753FC0121824604A8FAF74EFC67
:10B620000221064604A8FAF749FC94F900300746BF
:10B63000022BCCD1B4F90230012B1AD1B4F9043069
:10B64000022BC4D1B8F1010FC1D1012DBFD107FB2D
:10B6500006F3002409EE103A4C4541DB0AA8FAF73C
:10B6600022FC04A8FAF71FFC11B0BDEC048BBDE866
:10B67000F08F022BABD1B4F90430012BE1E7424645
:10B68000214604A800950393FAF7DCFC0BEB80003D
:10B69000039BD0ED007A013378EEA78ABB42EEDB44
:10B6A00008F10108B04514DB0023B8EEC98A009503
:10B6B00021461A460AA8FAF7C5FC88EE887A1E9B2E
:10B6C000013503EB800080ED007A554503DB013442
:10B6D000C2E70023E2E74FF00008DFED028AE1E76E
:10B6E0000025F2E7000000000A692DE9F04F8346CB
:10B6F0002DED048B99B03AB98F4B904A0093622399
:10B7000044698F49A04714E183684FF0000C086832
:10B710004E698568446803EB851548684FEA8418CC
:10B720000121476803EB8414A8684FEA8719D0F811
:10B7300000A003EB8717D44529DB13F80880B8F184
:10B74000030F00F0CF81B8F1090F00F0DB80B8F1F2
:10B75000010F40F09B82D5F8048009AA4046FFF70C
:10B760000FFFA5682B68042B0BD19DF92430022B09
:10B7700007D1BDF92630012B10D1BDF92830022B9D
:10B7800012D0DBF814306F4958469847D1E050F892
:10B7900004EF0CF1010CA1FB0E1ECCE7022BF0D143
:10B7A000BDF92830012BEBE73278EAB121460CA82D
:10B7B000FAF7C0FB394612A86468FAF7BBFB07B179
:10B7C0007F6812AB22460CA909A80097FFF7F4FE88
:10B7D00012A8FAF768FB0CA8FAF765FB002019B06D
:10B7E000BDEC048BBDE8F08F6368D7E90140069398
:10B7F0000123076897425ADC9A00A246A14604EB4F
:10B8000083030792204622460026934259D108AB73
:10B8100000260A46042001930CAB08960093CB1730
:10B820004146FFF7EEFD002863D0089B04350593E1
:10B83000CDE91266CDE914660CAF002312AA2946A1
:10B8400004200096FFF7BCFD059B804612AA2946FE
:10B8500004200097FFF7B4FD069B04EB800012AABA
:10B8600003EB88082946D0ED007A98ED007A77EE50
:10B87000877AC0ED007A0420FFF781FD0028DBD134
:10B88000F7EE007ADFED306A059B83421EDCF5EEB1
:10B89000C07AF1EE10FAA1DD079B1C44A1459DD0B2
:10B8A000F9EC016A86EEA77AAAEC017AF6E750F87D
:10B8B000046FA3FB06ECBCF1000F1AD173430132F5
:10B8C00098E742F8046B40F8046B9EE786EEA76A9F
:10B8D00057F8043B05EB830393ED007AB8EE477A03
:10B8E000B4EEC67AF1EE10FA03DC67EE877A013027
:10B8F000CAE7164B00938423DBF814400F4A5846DE
:10B900000F49FFE613F8090009282BD0DBF8145083
:10B91000F8F7B8FA04464046F8F7B4FA0C4B01932E
:10B920000C4B00938F23CDE90240044A58460A4944
:10B93000A847012053E700BFEED0040862D00408F6
:10B94000B1C1040801D10408FFFF7F7F82D1040840
:10B9500056D00408E1CC0408ABD00408000000C3B2
:10B960000000FE426368A6680693236994ED039A7B
:10B9700001240593BB68D7F804A097ED048AD7ED9E
:10B98000038AD6F800806F68D3F800C015680022DB
:10B9900094457FDC00231A469C4240F0858009AB29
:10B9A000099240460A4601930CAB0093CB173946E7
:10B9B000FFF727FD002800F08F800023DDF824909A
:10B9C00012AA1946984575DC04360CAF002312AA5A
:10B9D000314640460093FFF7F3FC4B4612AA31462E
:10B9E000079040460097FFF7EBFC3146DDE9063251
:10B9F0009A5655F82030134412AA45F82030404694
:10BA0000FFF7BDFC0028E1D101226FF00041814524
:10BA100054DC002A7FF7E2AE89EE286A059BD34604
:10BA2000043D5B4254441FED325A07EE903A5FEDFD
:10BA3000355AB6EE007AF8EEE77AA6EE277AA345F5
:10BA40003FF4CCAE06EE902AD5ED017A0435F8EE3F
:10BA5000E77AF8EEE66AC7EEA64AF0EE476AF8EE35
:10BA6000C87AE6EE246AF8FE666A77EEA67AF4EE05
:10BA7000C57AF1EE10FA2CDCF4EE657AF1EE10FAEC
:10BA800048BFF0EE657AFDEEE77A17EE903A0BF8D4
:10BA9000013BD4E753F8040FA4FB009EBEF1000F56
:10BAA0001AD14443013273E70AF8032045F82320F2
:10BAB000013371E7013342F8041B83E791FBF2FC89
:10BAC00057F8043B56F82330634505D85A430130F4
:10BAD0009DE75FED5D7AD6E76E4B00939723DBF829
:10BAE00014400BE713F8090003280FD0DBF81450BB
:10BAF000F8F7C8F904464046F8F7C4F9664B0193D5
:10BB0000664BCDE9024000939A230EE76368A6686E
:10BB10000693236994ED039A01240593BB68D7F833
:10BB200004A097ED048AD7ED038AD6F800806F68E9
:10BB3000D3F800C01568002294457FDC00231A4624
:10BB40009C4240F0858009AB099240460A46019329
:10BB50000CAB0093CB173946FFF753FC002800F0DD
:10BB60008F800023DDF8249012AA1946984575DCD1
:10BB700004360CAF002312AA314640460093FFF76B
:10BB80001FFC4B4612AA3146079040460097FFF72C
:10BB900017FC3146DDE906329A5C55F82030134433
:10BBA00012AA45F820304046FFF7E9FB0028E1D112
:10BBB00001226FF00041814554DC002A7FF70EAE70
:10BBC00089EE286A059BD346043D5B425444DFED71
:10BBD000345A07EE903A9FED335AB6EE007AF8EEFB
:10BBE000E77AA6EE277A5C453FF4F8AD06EE902A98
:10BBF000D5ED017A0435F8EEE77AF8EEE66AC7EE9D
:10BC0000A64AF0EE476AF8EEC87AE6EE246AF8FE35
:10BC1000666A77EEA67AF4EEE57AF1EE10FA2CDC9D
:10BC2000F5EE407AF1EE10FA48BFF0EE457AFCEE00
:10BC3000E77A17EE903A0BF8013BD4E753F8040F7C
:10BC4000A4FB009EBEF1000F1AD14443013273E7FA
:10BC50000AF8032045F82320013371E7013342F845
:10BC6000041B83E791FBF2FC57F8043B56F82330A2
:10BC7000634505D85A4301309DE7F0EE657AD6E773
:10BC8000044B0093A223DBF8144037E6DBF81430B2
:10BC9000054979E58FD2040819D00408E1CC0408DD
:10BCA00000007F430000000092D204080A6849683F
:10BCB00083685268496803EB821203EB8111506874
:10BCC0004B68984210B50AD1002010BD5068C45C82
:10BCD0004868C454013390699842F7D8F4E70023C8
:10BCE000F9E700002DE9F0430E6885B085687468B7
:10BCF0004B680121A70105EB84145A68A3684FEA39
:10BD0000821C002405EB8212D3F80080444529DB15
:10BD100093683268012A05D11A68012A02D15A684B
:10BD200002B91A60D3F80090984600264FF0FF340D
:10BD30000122B1451CDC661C1CBF91FBF2F603EB33
:10BD4000840315F80C401CBF72435E60EB5DA34298
:10BD50002BD0CDE902341B4B01931B4B00934023A6
:10BD6000446915E053F804EF0134A1FB0E1ECDE742
:10BD700058F804EFBEF1FF3F11D1B4F1FF3F12D0EC
:10BD8000124B0193124BCDE9024E009335234469C7
:10BD9000104A1149A047012005B0BDE8F0830EFB11
:10BDA00002F20136C5E73446FBE78A4208D00B4B66
:10BDB00001930B4BCDE90212009341234469E7E75D
:10BDC0000020E9E7E1CC0408EECC04082CD30408F9
:10BDD0002FD30408F5D204088FC804083BD3040805
:10BDE0004FD304087FB50B6804460D461B68013B22
:10BDF000012B09D9184B194A009346234469184965
:10BE0000A047012004B070BD4B681B68012B0CD00B
:10BE100001221449CDE90232134B104A0193134B0E
:10BE2000009347234469A047EBE7FFF75BFF002837
:10BE3000E8D0294620466669FFF754FF0023074AE9
:10BE40000849CDE902030A4B20460193094B0093B0
:10BE50004823B047D5E700BF62D30408F5D20408F1
:10BE6000B1C104088FC80408AACF0408D0CC0408C4
:10BE70008FD3040899D30408004870479801002024
:10BE80001FB50C682268012A0ED001214C23CDE990
:10BE90000221154A0192154A00924469144A154933
:10BEA000A047012004B010BD49680968012908D0E5
:10BEB0004D23CDE902120C4A01920F4A00924469C7
:10BEC000ECE76168826802EB811292681268002ACE
:10BED00007DC0A4A4F230A490092054A4469A047F1
:10BEE000DFE70020DEE700BFAACF0408C0CC0408CB
:10BEF000B6D304088FC80408D0CC0408EDD30408D6
:10BF0000B1C104082DE9F04F1E460B680D4680466E
:10BF100003F1FF3914462846324649462DED048B7D
:10BF200087B0DFED399AFCF7DBFF324600264B463F
:10BF3000494607462846B146FAF7DBFE0DF1140BD9
:10BF4000830005460193B9452ADB07B0BDEC048B9D
:10BF5000BDE8F08F0B4601320431D3ED007AF4EEE8
:10BF6000C87AF1EE10FAD8BF5B4693ED008AAA4278
:10BF70008DED058AEEDB23464FF0000ADFED238AC4
:10BF8000AA4512DB149B4FF0000A03EB86022346FE
:10BF9000AA451FDB019B09F101092E441C44D2E78D
:10BFA000B0EE698A21460022E1E7B3EC019A0AF17A
:10BFB000010AD8E9000139EE489A0293F4F706FE27
:10BFC00000EE100A20EE090A02F07AFB029B78EEDE
:10BFD000808AD5E7B3EC019A0AF1010A039239EE9F
:10BFE000489A0293D8E90001F4F7F0FD00EE100A38
:10BFF00020EE090A02F064FBC0EE287A039A029B45
:10C00000E2EC017AC4E700BFFFFF7FFF0000000001
:10C0100070B58EB004460D46014602A81646F9F7E3
:10C0200089FF04B16468294608A8F9F783FF05B1C0
:10C030006D6808AB224602A930460095FFF762FF03
:10C0400008A8F9F730FF02A8F9F72DFF0EB070BD70
:10C0500000487047B801002008B5B0FA80F3C91A4B
:10C060009840116000F10040FCF7F6FF08BD0000A9
:10C070002DE9F041054640F07F446001641BFDF767
:10C080006DF80746C4F300664548FDF75DF80146C4
:10C090003846FDF75EF8002E06F1FF3614BF8046E5
:10C0A0004FF0000806EA0700C4F3406688EA00087B
:10C0B0003C48FDF749F801464046FDF74AF8002E96
:10C0C00006F1FF3614BF0746002706EA0806364881
:10C0D000FDF73AF801467740C4F380663846FDF72D
:10C0E00038F8002E06F1FF3614BF80464FF00008E6
:10C0F0003E402E48C4F3C067FDF726F888EA0608DC
:10C1000001464046FDF725F8002F07F1FF3714BF21
:10C110000646002607EA08072548C4F30078FDF71D
:10C1200013F87E40014608F1FF373046FDF711F85D
:10C13000B8F1000F07EA0607C4F3407808BF0020F3
:10C14000C4F3807408F1FF3647401A48FCF7FCFF3F
:10C15000014638463E40FCF7FCFFB8F1000F08BF2F
:10C1600000204640F220FCF7EFFF01463046FCF786
:10C17000F0FF002C04F1FF3308BF0020334083EAB6
:10C180000002B5FA85F35B09581E002B02EA000293
:10C1900014BF6FF0004000205040BDE8F08100BFA8
:10C1A0007BBEAF63F2CBA24D6CAC162FA4AA52118A
:10C1B000B72A580211FE0A002DE9F04F1D468DB036
:10C1C00083680C460E680093C368013E05922A46B8
:10C1D00001933146836920460293FCF781FE334682
:10C1E000314600262A4603902046FAF782FDB146E2
:10C1F0000546B346039B994502DB0DB0BDE8F08FC1
:10C20000059B00249F1922463946AA428DF81F40FB
:10C2100016DB4FF000083B46C246AA451BDB4046F2
:10C2200008AA0C214FF0000AFFF716FF169B049096
:10C2300003EB0608AA4524DB09F101092E44D9E7DE
:10C240000B46013201311878A0420DF11F0098BF52
:10C2500003461C78D9E713F8010B029A001B8242AF
:10C260000CDC0493DDE900139840FCF715FEFFF7A2
:10C27000FFFE0C21FCF768FE049B80440AF1010AD2
:10C28000CBE717F8010B029B001B834223DCDDE99F
:10C2900000139840FCF700FEFFF7EAFE0146049801
:10C2A000FCF757FF08991731FCF74EFEFF22099063
:10C2B00090420A92CDF82CB0D4BF09A90AA9086807
:10C2C0000028B8BF0BA9096888F800100AF1010A14
:10C2D00008F10108AEE788F800B0F7E72DE9F04F64
:10C2E0001D468DB083680C460E680093C368013EFE
:10C2F00005922A4601933146836920460293FCF752
:10C30000EFFD33463146002603902A462046FAF7D1
:10C31000F0FCB1460446039B994502DB0DB0BDE835
:10C32000F08F059B6FF07F0500220DF11F0C9F1908
:10C330003946A2428DF81F5018DB4FF00008BB466B
:10C34000C246A2451DDB404608AA0C214FF0000A58
:10C35000FFF782FE169B4FF4004B049003EB460858
:10C36000A24522DB09F101092644D4E70B4601323C
:10C37000013193F90000A842D8BF634693F90050F9
:10C38000D7E71BF9010B029B401B83420ADCDDE966
:10C3900000139840FCF780FDFFF76AFE0C21FCF7C4
:10C3A000D3FD80440AF1010ACBE717F9010B029B88
:10C3B000401B834227DCDDE900139840FCF76CFD4D
:10C3C000FFF756FE01460498FCF7C3FE08990F31AB
:10C3D000FCF7BAFDA0F5004047F6FF720B4BB0F535
:10C3E000004F09900A92B4BF09A90AA90B930868E3
:10C3F0009842B8BF0BA90968A8F800100AF1010A11
:10C4000008F10208ACE7A8F800B0F7E70080FFFFEA
:10C410002DE9F04F1D468DB083680C460E680093E1
:10C42000C368013E05922A4601933146836920463E
:10C430000293FCF755FD33463146002603902A4609
:10C440002046FAF756FCB1460446039B994502DBA9
:10C450000DB0BDE8F08F059B6FF07F0500229F199E
:10C460003946A2428DF81F5018DB4FF00008BB463A
:10C47000C246A2451FDB404608AA0C214FF0000A25
:10C48000FFF7EAFD169B4FF0800B049003EB0608C4
:10C49000A24524DB09F101092644D6E70B46013207
:10C4A000013193F90000A8420DF11F00D8BF0346E7
:10C4B00093F90050D5E71BF9010B029B401B834207
:10C4C0000ADCDDE900139840FCF7E6FCFFF7D0FD3D
:10C4D0000C21FCF739FD80440AF1010AC9E717F97C
:10C4E000010B029B401B834225DCDDE900139840D1
:10C4F000FCF7D2FCFFF7BCFD01460498FCF729FECF
:10C5000008991731FCF720FD7F2280386FF07F03F8
:10C510000A92904209900B93D4BF09A90AA908680E
:10C520009842B8BF0BA9096888F800100AF1010AFF
:10C5300008F10108ACE788F800B0F7E70378032BAF
:10C5400070B505468EB00C46164619D1014602A8B4
:10C55000F9F7F0FC214608A86D68F9F7EBFC04B187
:10C56000646808AB2A4602A930460094FFF724FE0F
:10C5700008A8F9F798FC02A8F9F795FC0EB070BD71
:10C580000B78014602A8072B0FD1F9F7D3FC2146FF
:10C5900008A86D68F9F7CEFC63682A4602A90093E3
:10C5A000304608ABFFF79AFEE2E7F9F7C3FC2146F5
:10C5B00008A86D68F9F7BEFC63682A4602A90093D3
:10C5C000304608ABFFF724FFD2E700000B682DE9E7
:10C5D000F0475E680446D0F80880B7014B68D1F890
:10C5E00014A008EB861618F807905D68B9F1030FE0
:10C5F0004FEA851308EB85152DED028B92B015D00F
:10C60000B9F1090F40F0A18018F80330072B3AD197
:10C610002B6913F5004F68D06A4ACDE902326A4BA4
:10C6200001936A4B00932C23446923E018F80330EC
:10C63000032B13D046691846F7F724FC05464846F5
:10C64000F7F720FC624B0193624B00932723CDE95F
:10C650000250614A20466149B0470EE02B69002B29
:10C6600043D00022CDE902325D4B0193574B00933A
:10C6700028234469584A5B49A047012012B0BDEC09
:10C68000028BBDE8F087092B0FD046691846F7F7F3
:10C69000F9FB05464846F7F7F5FB534B01934D4B25
:10C6A000CDE9025000933023D3E72B6913F1800FBB
:10C6B0000AD06FF07F02CDE902324C4B0193434B1D
:10C6C000009331234469D5E795ED037ADFED487A8D
:10C6D000B4EE677AF1EE10FA07D0464B3E4A00936B
:10C6E000322344694449A047C7E7F068F3F754FF91
:10C6F00041EC180BDAF80000F3F74EFFB0EE481AE1
:10C70000F0EE681A05AA41EC100B08A90520F9F70C
:10C710002BF905991F2205200991F9F761F9F3F723
:10C7200029FF01F10041F4F729FA0C9018F80700ED
:10C73000032837D0092835D0012839D106AA29463F
:10C740003046FFF765FC002098E7B9F1010F0FD0E4
:10C7500046694846F7F796FB05460120F7F792FB36
:10C76000264B0193264BCDE902500093422370E7FC
:10C7700018F8030001280ED06669F7F783FB054619
:10C780004846F7F77FFB1D4B0193124BCDE9025052
:10C79000009343235DE7DAF80000F3F7FDFECDE9EF
:10C7A0000601C3E706AA29463046FFF7C7FECAE7D7
:10C7B0006569F7F767FB18F807300246114920460C
:10C7C000A8475AE70080FFFF07D404083CCE0408BE
:10C7D00019D00408E1CC0408B6D30408ABD004088F
:10C7E00065C804088FC8040856D004080ED404088D
:10C7F0000000803B13D40408B1C1040835D40408F8
:10C80000EECC04087ECA040800487047D801002016
:10C810002DE9F74F4C68002B97686568D4F800B095
:10C820008468D7F800E004EB85140191A66827DA44
:10C8300073443468744525D106EB830607EB830502
:10C8400074686D6804FB0BF4AC421BD14FF0000818
:10C85000BA4601254446984516DB01334FF0010CDA
:10C8600007F1040873451DDB0023D2F804909846B5
:10C87000AB4278EB04023FDB002003B0BDE8F08F51
:10C880009E45D6DC02F0ABFA5AF8049F08F1010885
:10C890004FEAE97C05FB0CFC09FB04CCA5FB095421
:10C8A0006444D8E758F823700133ACFB07C7D9E7D5
:10C8B000019A4FF0000A526802EB8E0257688268B4
:10C8C00012EB8712776818BF52680CFB07F707FB5B
:10C8D00003221146BA4508DBB9440EF1010EDE45CC
:10C8E000E6DB013348F10008C2E719F80A200AF133
:10C8F000010A01F8012BEDE74FF0000EEFE72DE9FB
:10C90000F74F4C68002B97686568D4F800B08468CE
:10C91000D7F800E004EB85140191A66827DA734488
:10C920003468744525D106EB830607EB83057468EC
:10C930006D6804FB0BF4AC421BD14FF00008BA4603
:10C9400001254446984516DB01334FF0010C07F1F1
:10C95000040873451DDB0023D2F804909846AB42CF
:10C9600078EB04023FDB002003B0BDE8F08F9E456A
:10C97000D6DC02F034FA5AF8049F08F101084FEAB5
:10C98000E97C05FB0CFC09FB04CCA5FB09546444C1
:10C99000D8E758F823700133ACFB07C7D9E7019AF1
:10C9A0004FF0000A526802EB8E025768826812EB61
:10C9B0008712776818BF52680CFB07F707FB032242
:10C9C0001146BA4508DBB9440EF1010EDE45E6DB3F
:10C9D000013348F10008C2E719F90A200AF1010AF7
:10C9E00001F8012BEDE74FF0000EEFE70A682DE9A3
:10C9F000F04F536889B0D0F808B0044692680BEB4A
:10CA000083131D7D012D06D04369B7499847012046
:10CA100009B0BDE8F08F5B6895010BEB82121B68D3
:10CA20009668002B376809DADB190ED5AF4B0093F7
:10CA300053234469AE4AAF49A047E8E7BB4204DB51
:10CA4000AD4B009354234469F4E71BF80500451EE1
:10CA5000082D00F27581DFE815F00900F80080006C
:10CA6000730173017301880073018400D1F804E03D
:10CA7000DEE900810BEB8111886801688F4201D0EB
:10CA800002F0ADF900EB8300416806EB830001FB87
:10CA900008F440688442F3D10020B24601240546E0
:10CAA000984219D101304FF001090436874220D154
:10CAB00009FB01F10020D2F804C08B0081468A00F6
:10CAC000069328EAE873534302460793A24279EBA0
:10CAD00005033BDB00209BE75AF8049F01304FEA37
:10CAE000E97C04FB0CFC09FB05CCA4FB094565446F
:10CAF000D6E756F820300130A9FB0393D6E7039E12
:10CB00004FF0000A049756F8043F1BEB831303967B
:10CB1000059E18BF5B68334451450EDC069B1F44DD
:10CB2000029B01330293029B9845E8DC079B01328C
:10CB300008449C4449F10009C8E7049E0AF1010A2F
:10CB4000F6EC017A0496E3EC017AE5E783006746A8
:10CB5000CDF80CE005930023E4E72046FFF758FEEC
:10CB600056E72046FFF7CBFE52E7D1F80480D8E91C
:10CB700000910BEB8111886801688F4280D100EB36
:10CB80008300416806EB830001FB09F4406884429E
:10CB90007FF476AF0020B2460124054698421ED1AC
:10CBA00001304FF0010C0436874225D10CFB01F116
:10CBB0000020D2F804E04B0082464A00059329EA9F
:10CBC000E973534302460493A2427AEB050381DAE8
:10CBD0004300F446CDF80C800693002324E05AF875
:10CBE00004EF01304FEAEE7C04FB0CFC0EFB05CC9D
:10CBF000A4FB0E456544D1E756F820300130ACFB6C
:10CC000003C3D1E7039E56F8043F1BEB831303963F
:10CC1000069E18BF5B68334400261F46B1420EDCF7
:10CC2000059B9C44029B01330293029B9945E9DCDE
:10CC3000049B013208449E444AF1000AC4E73CF9CF
:10CC40001630013627F8023BE8E7D1F804C0DCE9EA
:10CC500000E10BEB8111886801688F427FF410AF0F
:10CC600000EB8300416806EB830001FB0EF4406893
:10CC700084427FF405AF0020B24601240546984265
:10CC80001FD101304FF001080436874226D108FB3E
:10CC900001F10020D2F804908B0082468A000593AF
:10CCA0002EEAEE73534302460493A2427AEB050345
:10CCB000BFF610AF8300C846CDF80CC00693002322
:10CCC0002DE05AF8049F01304FEAE97804FB08F898
:10CCD00009FB0588A4FB09454544D0E756F82030F8
:10CCE0000130A8FB0383D0E744D40408D5D404085A
:10CCF000A0D40408B1C10408E5D40408039E56F882
:10CD0000043F1BEB83130396069E18BF5B683344F6
:10CD10000026B1420EDC059B9844029B013302932E
:10CD2000029B9E45EADC049B0132084499444AF187
:10CD3000000ABAE758F82670013643F8047BE8E7A2
:10CD40006569F7F79FF8024902462046A8475EE664
:10CD500007D504082DE9F04F85B083684A69029031
:10CD6000086801934668B00103EB8616185C451EFF
:10CD7000082D00F2B281DFE815F009007300D80039
:10CD8000B001B001B001B001B00144014868019B9D
:10CD90004168B76803EB8111D7F800C08D68D2E90C
:10CDA0000092002A22DA6244BE4600210124914208
:10CDB00020DB511C043701228C4521DCD5F800C052
:10CDC00029460027012567451FDB02FB04F18D4240
:10CDD0000ED17368002502932F4602FB09F30393DB
:10CDE000B94518DC002005B0BDE8F08F6245DBDBFB
:10CDF00001F0F5FF5EF8048F013108FB04F4D6E77B
:10CE000057F8213001315A43D6E751F804EF013782
:10CE10000EFB05F5D7E750F8041F0026019BAE4630
:10CE2000B44613EB811118BF4968644502DC013731
:10CE30001544D5E7029B01EB860B4FF0000803EB8E
:10CE40008E0A424505DC039B0CF1010C16449E44FE
:10CE5000EBE7FAEC017A08F10108EBEC017AF0E774
:10CE60004868019B4168B76803EB8111D7F800C09F
:10CE70008D68D2E900B2002A2DDA6244BE46002154
:10CE8000012491422ADB511C043701228C452BDC02
:10CE9000D5F800C0294600270125674529DB02FB9C
:10CEA00004F18D42A4D17368002503932F4602FB41
:10CEB0000BF30293BB4595DD50F8041F0026019B40
:10CEC000AE46B44613EB811118BF4968644516DCC1
:10CED00001371544EEE76245D0DB89E75EF8048F41
:10CEE000013108FB04F4CCE757F8213001315A43F3
:10CEF000CCE751F804EF01370EFB05F5CDE7039BB6
:10CF000001EB860A4FF0000803EB8E09424505DC71
:10CF1000029B0CF1010C16449E44D7E759F8043BE0
:10CF200008F101084AF8043BF0E74D68019B6D6881
:10CF3000B06803EB8513D0F800E09F68D2E900B237
:10CF4000002A34DA7244844600230125934231DBFF
:10CF50000132012300F1040C964531DCD7F800C002
:10CF60003A460120002767452FDB03FB05F290427C
:10CF70007FF43EAF726800260392304603FB0BF24B
:10CF8000019283457FF72EAF4A68B64602EB8002D6
:10CF90005768029A926812EB87124FF0000718BF89
:10CFA0005268BC46654516DC01301E44E9E772450F
:10CFB000C9DB1DE75CF8048F013308FB05F5C5E705
:10CFC0005CF8220001324343C6E752F804EF013710
:10CFD0000EFB00F0C7E7039C02EB070A4FF00008C6
:10CFE00004EB0E09434505DC019C0CF1010C1F44C8
:10CFF000A644D7E719F8014B08F101080AF8014BDC
:10D00000F0E74D68019B6D68B06803EB8513D0F8BD
:10D0100000E09F68D2E900B2002A34DA7244844604
:10D0200000230125934231DB0132012300F1040C7E
:10D03000964531DCD7F800C03A4601200027674505
:10D040002FDB03FB05F290427FF4D2AE726800261C
:10D050000392304603FB0BF2019283457FF7C2AE89
:10D060004A68B64602EB80025768029A926812EB51
:10D0700087124FF0000718BF5268BC46654516DCA2
:10D0800001301E44E9E77245C9DBB1E65CF8048F64
:10D09000013308FB05F5C5E75CF822000132434384
:10D0A000C6E752F804EF01370EFB00F0C7E7039C18
:10D0B00002EB070A4FF0000804EB0E09434505DCBC
:10D0C000019C0CF1010C1F44A644D7E719F9014B50
:10D0D00008F101080AF8014BF0E7029B5D69F6F7D9
:10D0E000D1FE034902460298A84701207BE600BF13
:10D0F00028D5040800487047F80100204B1E18444A
:10D10000B0FBF1F048437047B0FBF1F04843704783
:10D11000431E0B44B3FBF1F301FB03F07047000027
:10D12000022838B5044615460BD8D0B92046F6F784
:10D13000A9FE234602460E492846F6F7AFFE012017
:10D1400012E0C31E062BF1D8012303FA04F212F4F5
:10D15000127F07D112F4887F07D1072CE6D1022372
:10D1600000E0042300200B6038BD0823FAE700BF6D
:10D170004ED504082DE9F3410E46016804461546D4
:10D18000411A9846088804282CD90023012703E077
:10D1900001335EF8232057438A8804EB020C0AB35C
:10D1A000A2580CEB020E5CF802209A42F0D8062836
:10D1B00016D9C88800B1205642460DF10701C0B209
:10D1C000F6F7BEFE48B9424629469DF80700FFF72C
:10D1D000A7FF10B92B687B43336002B0BDE8F08134
:10D1E0000020E9E700231B68FFDE704770474068B6
:10D1F00001F082B810B50446082101F0FDF920467F
:10D2000010BD00007E289ABF024B53F82000024850
:10D21000704700BF1C2D0508F1DF040810B5082178
:10D220000446F6F77AFE10B123182058184410BDB2
:10D2300010B50A210446F6F770FE10B123182058E5
:10D24000184410BD10B50E210446F6F766FE00B175
:10D25000205C003818BF012010BD10B50421044621
:10D26000F6F75BFE10B123182058184410BD10B516
:10D270000A210446F6F751FE10B12318205818442D
:10D2800010BD0000037C10B5044623BB43688068D2
:10D29000D3E90112521AD3E90331CB1A0F49D21A3A
:10D2A000F6F7FCFD63680E49DA685B68A068D21A7D
:10D2B000F6F7F4FD63680B499A681B69A068D21AF7
:10D2C000F6F7ECFD6368D3E90120801AD3E9033255
:10D2D000D31AC01A10BD0020FCE700BF70D50408A7
:10D2E0008DD50408A2D5040870B5044615464068DB
:10D2F00010220E4601F000F830B932460449A06809
:10D30000F6F7CCFD012070BD28600020FBE700BFD0
:10D31000B7D504082DE9F0411F46436904460E467F
:10D32000904640684BB10269934206D00E49A0680E
:10D33000F6F7B4FD0120BDE8F08104220C2100F0D5
:10D34000DBFF28B932460949A068F6F7A7FDF1E7E7
:10D35000A36900258660C0E900583B60A3690133DA
:10D36000C4E905032846E6E7E7D5040849D60408DA
:10D3700008B583690A468B4205D807498068F6F7E5
:10D380008DFD002008BD5B1A42690C2101FB0323BF
:10D3900053F80C0CF6E700BF7ED6040808B5036806
:10D3A000994206D3054B40F20111054A054801F0A8
:10D3B0001DFD00EB810090ED010A08BDA9D604080F
:10D3C000B4D6040864D7040808B50368994206D3A4
:10D3D000054B40F20111054A054801F007FD00EB3D
:10D3E000C100D0E9010108BDA9D60408A1D70408ED
:10D3F00064D7040808B50368994206D3054B40F288
:10D400000111054A054801F0F1FC013150F82100F5
:10D4100008BD00BFA9D6040861D8040864D7040871
:10D4200008B50368994206D3064B40F20111064A3B
:10D43000064801F0DBFC013100EB810250F82100CD
:10D44000104408BDA9D6040817D9040864D70408F5
:10D4500008B50368994206D3064B40F20111064A0B
:10D46000064801F0C3FC013100EB810250F82100B5
:10D47000104408BDA9D60408F5D9040864D70408E7
:10D4800010B50446F6F749FD10B12318205818448A
:10D4900010BD10B50446F6F740FD10B12318205812
:10D4A000184410BD2DE9F04F85B00C468046002190
:10D4B0000E9D914640221F46284601F08DFF062111
:10D4C0002046F6F72AFD00B120563A462946C0B25A
:10D4D000F6F736FD0646002870D12046FFF7B2FE6B
:10D4E000082185F82D002046F6F717FD014600B10A
:10D4F0002158D9F800308B4206D85E4B40F201111A
:10D500005D4A5E4801F072FC013109EB810059F877
:10D51000213004211844FFF7B3FF002852D00368DC
:10D52000002B4FD00430012368602B753B4603AAC3
:10D5300005F118012046FFF71DFE064600283DD1E3
:10D5400004212046FFF7A5FF0C21A8602046F6F72E
:10D55000E4FC00286ED0235804EB000999444846A7
:10D56000FFF75CFE8246002864D00368002B61D080
:10D570004846FFF75DFE00285CD00368002B59D0B9
:10D5800031465046FFF70AFF484685ED030AFFF78C
:10D590004FFE3146FFF718FF28614846FFF73EFE71
:10D5A0000422D0F800B00C21404600F0A5FE8246CF
:10D5B00068B9334901263846F6F770FC304605B0A5
:10D5C000BDE8F08F6B68002BB0D10223ADE7584661
:10D5D000F6F72DFC04220146404600F08DFECAF805
:10D5E000040008B92749E5E75846F6F748FC042245
:10D5F0000146404600F080FE0346CAF8000008B924
:10D600002149D7E7DAF8042037469046C2F800B03F
:10D6100043F804BBBB4519DC10214846F6F77DFCF6
:10D6200008B159F800000123CAF80800C5F834A071
:10D6300085F830300A212046F6F76FFC0028BDD06F
:10D6400022582318043213442B62B7E7484601934B
:10D65000FFF7EEFD3946FFF7B7FE48F8040F4846DE
:10D66000FFF7DCFD3946FFF799FE019B0137A3EC7C
:10D67000010ACFE7A9D60408D7DA040864D704085A
:10D68000B5DB0408E3DB040811DC04082DE9F341F1
:10D690000568044608212846F6F73FFC002851D0CB
:10D6A0002A182B58D018D358012B07D02649A06828
:10D6B000F6F7F4FB012002B0BDE8F08143680433C3
:10D6C0001844E061FFF7C9FDE5680168042260685D
:10D6D0002960890100F010FEE368A8609A687ABBAF
:10D6E0001A681A499201A068F6F7D8FBE2E72946C2
:10D6F0006768FFF795FED4F8008006460C21404687
:10D70000F6F70BFC024620B108EB000358F80020A6
:10D710001A44E368314638469B6803EB851300934F
:10D72000A368FFF7BFFE10B12A460949DBE70135C0
:10D73000E069FFF792FD03689D42D8D30020BAE765
:10D740000025F5E70368FFDE3ADC040863DC040823
:10D75000A5DC0408F8B5079F1D46002302600446B7
:10D760000374C0E90271C0E9053310212846FFF7B0
:10D77000C5FC8542064604D0421B0D49A068F6F759
:10D780008DFB069B31463846EA18921B00F0CEFD11
:10D7900060602046FFF77AFF38B10649A068F6F7C7
:10D7A0007DFB002320462374F8BD0123FAE700BF68
:10D7B000C4DC04082FDD04082DE9F04F037C8BB096
:10D7C0000446CDE9031283B14568C069FFF74FFDF8
:10D7D0002821036804222846594300F08DFD814624
:10D7E00028B95349A068F6F759FB012351E0266890
:10D7F00006213046F6F791FB054610B1331835582F
:10D800001D4463684F464B4A4FF0000ACDE9082398
:10D81000E069FFF72CFD03689A4504D3049BC3F825
:10D820000090002335E05146FFF712FE04218046A8
:10D83000F6F773FB064608B158F800602B68A0683D
:10D84000B34204D832463C49F6F728FBCDE7731CB7
:10D850000246039905EB830B55F823309B4407F1EF
:10D8600024035846F7F780FFB8B1039004215846C7
:10D87000A468F6F752FB039B08B11BF90000C0B285
:10D880000393FFF7BFFC2D4902462046F6F706FB3F
:10D89000039B18460BB0BDE8F08F7B6A1BB932467C
:10D8A0002749A068D0E793F814B0BBF1200F0CD043
:10D8B0000E214046FFF7E4FD38B1A4685846FFF753
:10D8C000A1FC204902462046BEE700230E21404627
:10D8D0000793FFF7D5FD0646E0B156F8043B062155
:10D8E00040460593FFF7D5FD0821834640460AF1DF
:10D8F000010AFFF7CEFD242280460021384601F0C0
:10D900006BFD079A059BC7E900B8C7E90526FB61CF
:10D9100028377DE707AB59464046009308ABA2681D
:10D92000F6F770FB03460028B3D13346D7E700BFB4
:10D9300055DD0408242F05088BDD0408B5DD040837
:10D94000E2DD040803DE0408037C2DE9F04F044601
:10D9500097B0002B75D08368029343680299C06921
:10D96000D3E90323CDE90712CDE909320B93FFF781
:10D9700074FCA369D0F800A007A8534404931423AF
:10D98000049A534304221946039300F0B5FC05465C
:10D99000002851D0E3688146D4F81C8083469E68F5
:10D9A00000274FF0FF330436BA454CD14FF0000B3F
:10D9B0001426DA4606214046FFF76BFD03689B45B7
:10D9C00060D34FF0000A142608214046FFF761FD9E
:10D9D00003689A4560D340464FF0140BFFF747FCAD
:10D9E0000668013E002E66DA002229461646974256
:10D9F00040F0988014236269012003FB07530499C7
:10DA00001433B94200F2A680012207A8DDE90A36E4
:10DA1000F61A314600F056FC0146002840F0A88076
:10DA2000A14BA168019340F24123A04A084600930C
:10DA30009F4BF6F741FA04E0039A9E490298F6F7E5
:10DA40002DFA0126CAE07269CBF81060CBF80830D5
:10DA5000CBE9002332689AB94046FFF7FEFB39460E
:10DA6000FFF7DEFCFFF7EEFB80F001004FF0FF3325
:10DA7000C0B28BF80C0001370BF1140B403693E762
:10DA80000020F6E759460BF1010BFFF7B3FC06FB4C
:10DA90000050C0F804A08DE751460AF1010AFFF7D3
:10DAA000A9FC06FB005B4046FFF7E1FB0368013B76
:10DAB000CBF8083088E740464FF0000AFFF7D7FB65
:10DAC0003146FFF7C5FC059006210598FFF7E1FCFC
:10DAD000026892450AD34FF0000A08210598FFF723
:10DAE000D8FC026892450FD3013E7BE75146FFF711
:10DAF00081FC0BFB00508268511C01D0964200DD76
:10DB000086600AF1010ADFE75146FFF773FC0BFB61
:10DB100000504268531C01D0964200DA46600AF178
:10DB2000010ADAE7D1E90130B3F1FF3F05D1013055
:10DB300005D00E730132143159E70130FAD1087B58
:10DB40000028F7D04FF0FF31029800915A49F6F7BC
:10DB5000A5F976E75168013743F8042C0C3243F8F5
:10DB6000141C52F8041C03F8080C43E9041146E79E
:10DB700032460CA800F036FC039FD4F808802F44EE
:10DB8000BD4215D163680CA8D3E90335ED1A00F046
:10DB9000FCFCD4F80880A84224D90CA800F0F5FCBD
:10DBA0002B46024645494046F6F778F9012612E031
:10DBB0002B7B0BB91435E3E710212868FFF7A8FA8F
:10DBC000AB680246414600930CA86B6800F0D0FB9E
:10DBD00006460028EED00CA800F0C0FB304617B077
:10DBE000BDE8F08F63684FF0000B4FF0FF3ADD683F
:10DBF0004F4515D165680CA800F0C7FC012201460D
:10DC0000284600F05FFB18BB2D4BA168019340F242
:10DC10005A23264A08460093254BF6F74DF9C5E7E7
:10DC200099F80C308BB106AB5A4641460CA8CDF89A
:10DC300018A000F0C5FC06460028CCD1069B0BF1CD
:10DC4000010BD9F810202B44136009F11409CFE718
:10DC50000CA8002600F082FBE069FFF7FEFAE368FB
:10DC60000746D4F804809D683B689E4202D3002694
:10DC70002674B3E731463846FFF7D2FBFFF7E2FAE6
:10DC800028B9284601364035F7F7CAFDECE71022DF
:10DC9000A969404600F030FB68600028F1D10949CD
:10DCA000A068F6F7FBF8CCE624DF0408B1C104084D
:10DCB000EDDE040849DE04088ADE04083DDF0408BE
:10DCC00092DF0408B5DF04087047000000B5C1B05A
:10DCD00013460A464FF48071684600F0E5F968463D
:10DCE000F3F7EAF90348F3F7E7F9002041B05DF8EC
:10DCF00004FB00BFEFDF040810B50446042100F068
:10DD00007BFC204610BDC3681868FFF7EDBAC068F9
:10DD100013460A4681680068FFF7FCBAC3681868B2
:10DD2000FFF726BB0EB4C36803B5586803AA03689F
:10DD300052F8041B9B680192984702B05DF804EB0F
:10DD400003B070474369202B01D180697047DBB273
:10DD50007E2B9ABF024A52F823000248704700BF48
:10DD60001C2D0508F1DF04082DE9F3470B9F002562
:10DD700000F1100A04460E46984604F16009C0E915
:10DD80000051C0E9022729465022504601F024FBE9
:10DD90000A9B514632460093484643460197FFF797
:10DDA000D9FCE3680821304684F88050C4E9229306
:10DDB0004FF0FF33C4F89030F6F7AFF8E0B1311808
:10DDC00032588B18895801290AD001250B49384649
:10DDD000F6F764F8204684F8815002B0BDE8F08779
:10DDE0005A68616304321344C4F8843004F1880330
:10DDF000E361034B6362EDE70368FFDE3ADC04088E
:10DE000025DD0008F8B503680446A3B92046F8BD2F
:10DE1000236806FB05335A6A22B1526812B11969A8
:10DE2000384690470135D4F88400FFF720FA03689C
:10DE30009D42EDD3EAE70025282600F11007F2E71E
:10DE40002DE9F74300F16007024681680446384631
:10DE5000FFF7B2FC0546002860D1334B4FF028088D
:10DE600004F11009A364C4E91400D4F88400FFF796
:10DE7000FEF903689D4222D34FF0FF330025282688
:10DE800004F11008C4F89030284B2365D4F88400BE
:10DE9000FFF7EDF903689D4226D34FF0FF33384674
:10DEA000C4F890300023A3642365214B6365FFF71A
:10DEB0004BFD002832D1012384F880302EE0266803
:10DEC000C4F8905008FB0566736A5A691B68202ADB
:10DED000D6E905100ABFF2690022014613B148468F
:10DEE000984730610135C0E72168C4F8905006FBBF
:10DEF0000511D1F82490D9F8083093B140469847DD
:10DF0000014670B1E4684846FFF71CFF00910246E5
:10DF10002B4608492046F5F7C1FF012003B0BDE8B4
:10DF2000F0830135B2E700BF07DD00080FDD000810
:10DF30001DDD0008F2DF040890F881302DE9F3417F
:10DF400004462BB11E49C068F5F7A8FF012114E073
:10DF500090F8803063B10025282604F11007D4F82A
:10DF60008400FFF784F903689D420AD3002104E08E
:10DF7000FFF766FF01460028EDD0084602B0BDE875
:10DF8000F081216806FB0511D1F82480D8F80C3007
:10DF90000BB90135E3E738469847012801460BD114
:10DFA000E4684046FFF7CEFE009102462B46054945
:10DFB0002046F5F773FFC9E70028EAD0DDE700BF88
:10DFC00028E0040855E0040838B50C460546082149
:10DFD000D0F88400FFF75DFA03689C4206D322461E
:10DFE0000649E868F5F75AFF002038BDAD692146BB
:10DFF000FFF700FA05EB8010F7E700BF89E004089F
:10E0000038B50C4605460621D0F88400FFF741FAE2
:10E0100003689C4206D322460649E868F5F73EFFAE
:10E02000002038BDAD692146FFF7E4F905EB80100B
:10E03000F7E700BFB5E0040830B5034604462046C4
:10E0400014F8015B002DFAD10139013A0B4412F8A2
:10E05000011F09B1984202D30023037030BD00F8BC
:10E06000011BF4E770B505460C46B5FBF2F602FB62
:10E070001650C3B20928204694BF30335733AA4202
:10E08000DBB200F8013B04D900236370A14203D343
:10E0900070BD04463546E8E70B78227801F8012B7D
:10E0A00004F80139F2E700002DE9F04F824695B0FF
:10E0B00017461C4601F1FF3900253B7829460AEB3B
:10E0C00005065BB34D4529DA252B07F1010240F027
:10E0D000CE807B78732B00F0CD8008D8642B19D0CC
:10E0E000662B3AD0252B00F0C1801746E5E7752B4B
:10E0F0002AD0782BF9D1A9EB0502681C092A0EDD7C
:10E100004FF03002023532700AEB050610220AF891
:10E1100000301EE0A9EB05030A2B05DC681C002378
:10E12000337015B0BDE8F08F54F8040B31460A2265
:10E130000028BEBF2D23404201F8013BFFF792FFAC
:10E14000801B0544BA1CD0E7A9EB05030A2BE5DDCB
:10E150000A22314654F8040BF0E7A9EB0503B2EEAE
:10E160000C7A07EE903AF8EEE77AF4EEC77AF1EE21
:10E1700010FAD3D4073406F12F0824F00704F4E88A
:10E180000201F2F723FDC0F3C7530028B4460293FF
:10E19000A3F17F03C0F3160B0193BCBF2D230CF832
:10E1A000013B00238CF80030019B802B0BD1A8EBA6
:10E1B0000C01BBF1000F04D1364A6046FFF73CFF6B
:10E1C000BEE7354AF9E7354B04AA59689646186800
:10E1D0000833AEE80300324972468B42F5D1186825
:10E1E00004A91B79CEF8000058468EF804300023AD
:10E1F00011F9012B01332BFA02F20D2B1044F7D148
:10E2000031230CF1020B002208A98CF800302E23D8
:10E210008CF802200A228CF80130A8EB0B03039340
:10E22000FFF720FF08AA03995846FFF705FF1D4A8C
:10E23000A8EB0001FFF700FF019B8346A8EB000855
:10E24000002B4FF00A02BBBF2D230DF1210108A9BD
:10E250008DF82030BEBF029BC3F17F03019301986C
:10E26000FFF700FF08AA41465846A7E7BA1C013548
:10E2700033703AE754F8043B013B894503DD13F85A
:10E28000012F023112B9A6EB0A055BE706F8012B54
:10E29000F3E700BFE0E00408E4E00408ECE0040871
:10E2A000F4E00408E8E004080346016800220120C5
:10E2B00010B5914200DC10BD53F8044F01326043A9
:10E2C000F7E7000037B505460C46C0681146FEF773
:10E2D00015FF2B691B1AA34209D2E21A05490092C5
:10E2E00022462868F5F7DAFD002003B030BD04446B
:10E2F000EC60FAE7FAE0040837B504460D46006919
:10E300001146401BFEF700FFE36883420AD91B1A3F
:10E310002A4605490093EB1A2068F5F7BFFD002057
:10E3200003B030BD2061FBE7FAE0040870B50A4491
:10E3300086B0CDE903210592042201ACCDE90101AB
:10E340000DEB02001421FFF7D7FF064605460FCC60
:10E350000FC5236830462B6006B070BD70478068DB
:10E36000704710B50446282100F046F9204610BD3C
:10E3700070B5044616460846D4E90125954204DBEB
:10E380000949F5F78BFD012070BD0C21E068694358
:10E3900001354218465000205360049B93600123CE
:10E3A000A56084F82430EFE73EE10408F0B50346A9
:10E3B0000C4601250026954202DB002EF7D1F0BD68
:10E3C000D3E9007C01356745BCBFC3E900C7D4E988
:10E3D000006703F10403BCBFC4E9007601260434DE
:10E3E000E9E7000010B50C4CC160046000248460B3
:10E3F000012480F824402424B2FBF4F20C2442606F
:10E4000054432144016101EB8201416101EB82012E
:10E4100081612144016210BD502F050810B54C6880
:10E42000C1680C2000FB04114868984205DC88682C
:10E430009042B4BF0020012010BD0020FCE770B561
:10E44000054669B984690C2621462846FFF7E6FF90
:10E4500078B9A1684C1C0ED0AC6906FB0144F3E707
:10E4600089684E1C04D084690C2000FB0144EAE753
:10E470000024204670BD0446FBE790F824302DE9C7
:10E48000F04F044685B033B3836823B300230C21D7
:10E490004FF0FF3580F82430D0E90408A268934299
:10E4A0001CDB41460126FFF781FFA56900234FF0E1
:10E4B0000C092B60D8F800206A604FF0FF32AA6088
:10E4C000226AE66100920099D8F8002041F82230D3
:10E4D000A3689E420FDB05B0BDE8F08FE66801FB44
:10E4E00003F2B25840F82320226A48F8233042F859
:10E4F00023500133D2E758F826A00027D4F80CB0F7
:10E5000009FB0AF238460BEB02035BF8022001928A
:10E51000D3E90123029301460390029B2046FFF7B3
:10E520008EFF039949B14B68096809FB03FC5BF84E
:10E530000CC08C446745B8BF674620B10168019B99
:10E54000C91B8B42E7DC009B43F82A70E26909FB98
:10E5500002F3EF50E818531CC0F804A0E3612B4607
:10E560009968B1F1FF3F05D19A6081600136AFE74C
:10E570007346F5E709FB01FC05EB0C0E55F80CC0E2
:10E580006745F5DA81609A60F0E770B50446FFF7F9
:10E5900074FFA06820B1A16900200C250B4603B9C7
:10E5A00070BD5A68E6686A43B2581E689B68324478
:10E5B000904238BF10465A1CF2D005FB0313EEE719
:10E5C000F8B5144605460F461E46FFF756FF002CC9
:10E5D00002DBAB68A34207DCAB682246054938463C
:10E5E000F5F75CFC0120F8BD2B6A002053F82430BD
:10E5F0003360F8E75BE1040800F024B800F022B8CB
:10E600000268D207034605D4427802B1FFDE01203A
:10E61000587070470020704701230360704701283D
:10E6200038BF012010B50446204600F003FC00B1BD
:10E6300010BD00F009F808B900F0D1FB8047F3E7FE
:10E64000FFF7EDBF00F0FEBB024B1868BFF35B8F16
:10E65000704700BF640B002070B5002155EC104BD3
:10E660000160144925F000438B4206462A461ED815
:10E67000214619431BD01049294061B90F4B002294
:10E6800020462946F1F7E0FF0A4621F000436FF0EB
:10E6900035010446316031681B15A3F2FE336FF378
:10E6A0001E52194442F07F55316045F4001545EC87
:10E6B000104B70BDFFFFEF7F0000F07F0000504364
:10E6C00008B52DED028BF0EE408A00F0B3FAB0EE03
:10E6D000408AB0EE680A00F093F860B1DFED0F7A7F
:10E6E000F4EEE78AF1EE10FA0ADD00F017FF9FED75
:10E6F0000C8A22230360B0EE480ABDEC028B08BDF1
:10E70000DFED087AF4EEE78AF1EE10FAF3D500F0C7
:10E7100005FF22239FED048A0360ECE71772B142E4
:10E720000000807FB5F1CFC20000000038B510EEC8
:10E73000105A25F00043B3F1FF4F2DED028BF0EEA0
:10E74000407A0FD32A4BD3ED006A93ED007A86EE20
:10E75000A70A002DACBF30EE070A30EE470ABDEC29
:10E76000028B38BD234A934239D8B3F1105F07D2E8
:10E770001F4B93ED000A30EE270A20EE270AEEE742
:10E78000B3F17E5F1C4C19D300F022FBD4ED007A6C
:10E7900020EE270A00F03EF8154BD3ED007A94EDF9
:10E7A000006A94ED007A37EE007AC6EE076A37EE1B
:10E7B000E60A002DB8BFB1EE400AD0E794ED008A1A
:10E7C00000F006FB28EE400A00F024F8D4ED007AB1
:10E7D00077EE807AB1EE407A87EE270AE9E7044BBC
:10E7E00093ED000A054BD3ED007A30EE670AE0E7BF
:10E7F000702F0508FFFFAF416C2F0508682F050833
:10E8000010EE103A23F00040B0F1FF4FACBF0020F3
:10E810000120704710EE103A834A03F0004023F0C5
:10E82000004393421FD9B3F1FF4F02D930EE000AE3
:10E83000704706D10028FFEE007A18BFB0EE670AD5
:10E84000704720B9794A934263D900F02BB9DFEDC4
:10E85000787A70EE277AF5EEC07AF1EE10FA51D59B
:10E86000BFEE000A7047734A934272D9724A9342CC
:10E8700068D89FED727A00283DD130EE477ADFEDFF
:10E88000706A012337EE660A77EE407A77EEE67A11
:10E89000F6EE005A20EE254A9FED6A6ADFED6A6ABD
:10E8A0009FED6A5A20EE047AF0EE084AE7EE066A17
:10E8B0009FED676AA6EE876ADFED666AE6EE076A95
:10E8C000B7EE006AA6EE875AF0EE466AE5EE076AF2
:10E8D000E4EE664AB1EE084AA0EE644A36EEE45A27
:10E8E000C5EE046A66EE876A002B40D190EE267A68
:10E8F00030EE470A704730EE077ADFED576A4FF087
:10E90000FF33BFE79FED557A20EE077AFEEE007ADF
:10E9100005E09FED527A20EE077AF6EE007A77EE68
:10E92000877AB0EE407AFDEEE77AF8EEE76A17EE06
:10E93000903ADFED427AA6EEE77ADFED417A66EEB5
:10E94000A76A9FE79FED457A20EE077A0028E4D07A
:10E95000DCE7B3F14C5F08D2DFED417A70EE277A45
:10E9600077EEE77A30EE670A7047002390E776EE9D
:10E97000E76A5A1CD6EE807A77EEC77A06D170EE37
:10E98000677ABEEE000AA7EEA50A7047012B18D1E0
:10E99000BDEE007AB4EEC70AF1EE10FA5BBF70EE7E
:10E9A000677AB0EE007A70EE255AA7EE876A43BF09
:10E9B00077EEE57AB8EE000A27EE800AB0EE460A56
:10E9C00070475A1C392A4FEAC3510BD977EEC07AE7
:10E9D00076EE677A17EE903A194407EE901A37EE02
:10E9E000C60A7047162B11DC4FF0807242FA03F30F
:10E9F000C3F17E5307EE103A77EEC07A77EE677A6E
:10EA000017EE903A0B4400EE103A7047C3F17F03C3
:10EA1000DB0507EE103A77EE877A70EE677A77EECD
:10EA2000867A17EE903AEDE743B895411772B142F6
:10EA30006042A20D1872B13E9115853F8071313F41
:10EA4000D1F71737BBED57B4547E8636898808BD99
:10EA5000CD70A6B8010DD03AD1F717B73BAAB83F91
:10EA6000CAF2497110B52DED028BB0EE408A044612
:10EA700000F054FDB0EE480ABDEC028B046010BDFE
:10EA800030B1F1EE407A27EE800A2220FFF7EABF8C
:10EA9000F0EE407AF7E700009FED010AFFF7F0BFC4
:10EAA000000000109FED010AFFF7EABF00000070B0
:10EAB00051EC100BC1F30A532DE9F041A3F2FF36DC
:10EAC000132E0C460546804634DC002E17DA32A39E
:10EAD000D3E90023F1F702FC00220023F2F744F807
:10EAE00050B1002C55DA24F000442C430025AC42F0
:10EAF0002B4C08BF4FF000442146284623E0294F05
:10EB0000374101EA070303431DD023A3D3E90023C0
:10EB1000F1F7E4FB00220023F2F726F80028EBD0FF
:10EB2000002CBEBF4FF480133341E41824EA0704DD
:10EB30000025E1E7332E0ADDB6F5806F03D10246EA
:10EB40000B46F1F7CBFB41EC100BBDE8F081A3F2D3
:10EB500013434FF0FF37DF400742F4D00EA3D3E951
:10EB60000023F1F7BBFB00220023F1F7FDFF002893
:10EB7000C2D0002C0ADA142E01D1013406E0C6F10D
:10EB800034060123B3401D444545F6D325EA070565
:10EB9000B2E700252C46AFE79C7500883CE4377E41
:10EBA0000000F0BFFFFF0F0051EC100B70B5C1F378
:10EBB0000A54A4F2FF32132A0B4605461BDC002A36
:10EBC0000BDA01F00043013204BF43F07F5343F4FA
:10EBD000401300221946104615E0154C144104EA72
:10EBE000010606430FD04FF4002141FA02F213440C
:10EBF00023EA0403EDE7332A08DDB2F5806F02D182
:10EC00000246F1F76BFB41EC100B70BDA4F213460A
:10EC10004FF0FF34F4400442F5D0C2F13301012239
:10EC20008A40521928BF013322EA0402D2E700BF0A
:10EC3000FFFF0F0010EE102A22F00043B3F1FF4F48
:10EC400002D930EE000A70474FEAD27106D1DFEDEB
:10EC50004E7A002918BFB0EE670A70474B488242CF
:10EC600002DD0020FFF71EBF002A05DA484A934262
:10EC700002D90020FFF710BF464A9342F7EE005A30
:10EC800052D9454A93424FEA810234D8434B134448
:10EC900093ED007A424B134430EE477A81F0010243
:10ECA000D3ED007A521A37EE670A20EE006A9FED24
:10ECB0003D5ADFED3D6AE6EE056A9FED3C5AA6EE51
:10ECC000865ADFED3B6AE5EE066A9FED3A5AA6EEFC
:10ECD000865AF0EE406AE5EE466AB0EE006A20EE33
:10ECE000265A92BB76EEC66AC5EE267A37EEC00A81
:10ECF00035EEC00A7047304B9FED307ADFED306A59
:10ED00001344D3ED007AE0EE077AB0EE407AFDEEE0
:10ED1000E77A17EE902AF8EEE77AA7EEE67ADFEDCB
:10ED2000296A67EEA67ABEE7B3F1505F0BD2DFED3A
:10ED3000266A70EE266AF4EEE56AF1EE10FA02DD5C
:10ED400030EE250A70470022AFE736EE666A12F110
:10ED50007D0FC5EE066AB8BF643277EEE67A77EECD
:10ED6000C77A75EEE77A17EE903AABBF03EBC25362
:10ED700003EBC25300EE103ADFED147ABCBF00EE95
:10ED8000103A20EE270A7047000000001772B142C7
:10ED9000B5F1CF421872B13E9115853F7C2F050821
:10EDA000742F05084CBB31330EEADDB555B38A38F4
:10EDB000610B36BBABAA2A3E842F05083BAAB83F9D
:10EDC0008071313FD1F71737CAF249710000800DC9
:10EDD00010EE103A23F0004300EE103A704708B5E9
:10EDE000062000F029FB0120F2F7C4FD1FB51446F0
:10EDF0001A46094B1B680546D8684CB1074B009171
:10EE0000CDE9013406492B4600F076F9FFF7E7FF1C
:10EE1000044B1C46F3E700BF2402002084E10408F1
:10EE200091E10408F1DF0408002301461A46184660
:10EE300000F0B0BB024B0146186800F02DB800BFCF
:10EE400024020020024B0146186800F0FFBB00BFFF
:10EE50002402002070B50F4E0C463168054611B9EA
:10EE600000F03AFB30602146284600F035FB431C99
:10EE700003D14FF0FF34204670BDC41C24F00304BE
:10EE8000A042F8D0211A284600F026FB0130F2D12A
:10EE9000EFE700BF680B00202DE9F843CD1C25F0FB
:10EEA000030508350C2D38BF0C25002D064601DB67
:10EEB000A94204D90C2333600020BDE8F883DFF8B1
:10EEC000D48000F069F8D8F800301C4644BB2946CD
:10EED0003046FFF7BFFF431C044658D1D8F8004026
:10EEE0002746002F43D1002C4BD0236839463046AB
:10EEF00004EB030900F0F0FA814542D121686D1A54
:10EF000029463046FFF7A6FF01303AD023682B444C
:10EF10002360D8F800305A6862BBC8F800700FE070
:10EF20002268521B20D40B2A17D96119A3422560ED
:10EF300018BF5960636808BFC8F8001062514B6081
:10EF4000304600F02FF804F10B00231D20F00700DD
:10EF5000C21A1CBF1B1AA350AFE76268A3420CBFC2
:10EF6000C8F800205A60EBE723466468AEE73C46E9
:10EF70007F68B6E71A465B68A342FBD10023536063
:10EF8000DEE70C233360304600F00CF894E70560B0
:10EF9000D6E700BF6C0B0020014800F0EABA00BFC2
:10EFA000B00C0020014800F0E5BA00BFB00C002012
:10EFB000002310B50446C0E90033C0E90433836080
:10EFC00081814366C2818361194608225C3000F06A
:10EFD00003FA0D4B63620D4BA3620D4BE3620D4BC5
:10EFE00023630D4B24629C4206D003F168029442D5
:10EFF00002D0D0339C4205D104F15800BDE8104046
:10F0000000F0B6BA10BD00BF09F200082BF20008EC
:10F0100063F2000887F20008700B0020024A0349DF
:10F02000034800F0D3B800BF1802002085FD000897
:10F030002802002041680C4B994210B5044601D0CB
:10F0400000F0A0FEA168094B994202D0204600F0D2
:10F0500099FEE168064B994204D02046BDE8104075
:10F0600000F090BE10BD00BF700B0020D80B002038
:10F07000400C002010B50B4B0B4C0C4A1A6020467C
:10F0800000220421FFF794FF04F168000122092106
:10F09000FFF78EFF04F1D0000222BDE810401221DC
:10F0A000FFF786BFA80C0020700B00201DF00008A1
:10F0B000014800F05EBA00BFB20C0020014800F029
:10F0C00059BA00BFB20C002010B50446FFF7F0FF9C
:10F0D000236A1BB1BDE81040FFF7F0BF044B236269
:10F0E000044B1B68002BF5D1FFF7C4FFF2E700BF0C
:10F0F00035F00008A80C00200EB403B5014603ABA0
:10F10000054853F8042B0068019300F013FB02B08C
:10F110005DF804EB03B070472402002070B50D4683
:10F120001446064618B1036A0BB9FFF7CDFF636EAC
:10F13000D90705D4A3899A0502D4A06D00F019FA65
:10F14000A3891B0701D5236973BB2146304600F014
:10F15000DDF848B3636EDA0702D4A3899B0529D58D
:10F160004FF0FF3018E0A368013B002BA36004DAE6
:10F17000A269934211DB0A290FD023685A1C22602E
:10F18000197015F8011F0029EDD1636ED80702D45C
:10F19000A38999050AD5002070BD2246304600F0AB
:10F1A00076F80130EDD1D5E7013DEAE7A06D00F03A
:10F1B000E1F9F0E7A06D00F0DDF9D1E7024B0A4676
:10F1C00001461868FFF7AABF240200202DE9F84382
:10F1D0000746884614460026D4E90195B9F101098D
:10F1E00005D52468002CF7D13046BDE8F883AB89FB
:10F1F000012B07D9B5F90E30013303D02946384623
:10F20000C04706436835E9E710B50C46B1F90E1062
:10F2100000F03CF90028ABBF636DA3891B1823F4F1
:10F220008053ACBF6365A38110BD2DE9F0411F463B
:10F230008B89DB0505460C46164605D5B1F90E103F
:10F240000223002200F010F9A389B4F90E1023F470
:10F250008053A38132463B462846BDE8F04100F08A
:10F260004BB910B50C46B1F90E1000F0FDF8431C77
:10F27000A38915BF606523F4805343F48053A381B1
:10F2800018BFA38110BDB1F90E1000F0DDB8F8B5BC
:10F290000E461446054618B1036A0BB9FFF714FF72
:10F2A000A369A360A3891A0701D5236943B921463D
:10F2B000284600F02BF818B14FF0FF373846F8BD5C
:10F2C00023682269981A6369F6B28342374605DCDF
:10F2D0002146284600F056FD0028EDD1A368013BE9
:10F2E000A36023685A1C22601E706269431C9A4204
:10F2F00004D0A389DB07E1D50A2EDFD121462846B9
:10F3000000F040FD0028D9D0D6E7000038B5294BE1
:10F31000054618680C4618B1036A0BB9FFF7D4FE0E
:10F32000B4F90C30190722D4DA0607D409222A606E
:10F3300043F04003A3814FF0FF3033E0580712D56C
:10F34000616B41B104F14403994202D0284600F0B8
:10F350007DF900236363A38923F02403A3810023A1
:10F36000636023692360A38943F00803A3812369B1
:10F370004BB9A38903F42073B3F5007F03D0214672
:10F38000284600F04DFDB4F90C3013F001020AD00C
:10F390000022A26062695242A261226942B913F05E
:10F3A0008000C5D138BD990758BF6269A260F4E7F3
:10F3B0000020F7E72402002010B5013902449042F2
:10F3C00001D1002005E0037811F8014FA34201D0DC
:10F3D000181B10BD0130F2E702440346934200D1EE
:10F3E000704703F8011BF9E71F2938B505460C469D
:10F3F00004D9162303604FF0FF3038BDC26B12B141
:10F4000052F821304BB9284600F064F822460146F4
:10F410002846BDE8384000F04BB8012B0AD0591CF3
:10F4200003D1162303600120E7E7002142F82410EE
:10F43000204698470020E0E7024B01461868FFF796
:10F44000D3BF00BF2402002038B5064D0023044678
:10F4500008462B60F2F7B0FA431C02D12B6803B1C7
:10F46000236038BDAC0C002038B5074D0446084673
:10F47000114600222A601A46F2F7A8FA431C02D16C
:10F480002B6803B1236038BDAC0C002038B5074DA4
:10F4900004460846114600222A601A46F2F770FA1E
:10F4A000431C02D12B6803B1236038BDAC0C002093
:10F4B00038B5074D00230446084611462B60F2F785
:10F4C00051FA431C02D12B6803B1236038BD00BF41
:10F4D000AC0C0020F2F744BA38B5064D00230446C0
:10F4E00008462B60F2F774FA431C02D12B6803B173
:10F4F000236038BDAC0C002038B5074D04460846E3
:10F50000114600222A601A46F2F748FA431C02D13B
:10F510002B6803B1236038BDAC0C0020014B186888
:10F52000704700BF2402002070B50D4D0D4C641BC8
:10F53000A4100026A64209D10B4D0C4C00F0CEFCC5
:10F54000641BA4100026A64205D170BD55F8043BEB
:10F5500098470136EEE755F8043B98470136F2E745
:10F56000942F0508942F0508942F0508982F050857
:10F570007047704770470A44914200F1FF3300D151
:10F58000704710B511F8014B03F8014F9142F9D1C2
:10F5900010BD00002DE9F843274D07462868914625
:10F5A0000E469846FFF7E5FF244A14683CB9244B01
:10F5B0001360244A12B11268C3F88820204C636893
:10F5C0001F2B06DD2868FFF7D5FF4FF0FF30BDE8A1
:10F5D000F8832FB3D4F8880068B91B4B002BF1D007
:10F5E0004FF48470FFF726FC0028EBD00023C0E91D
:10F5F0004033C4F88800636840F8239001229A40A1
:10F6000000EB8301D0F800311343C0F80031022F22
:10F61000C1F8808002BFD0F804311343C0F8043130
:10F62000636828685A1C0233626044F82360FFF75D
:10F63000A1FF0020CBE700BF74020020400D002096
:10F64000B40C00200000000035EE000838B5054677
:10F65000002941D051F8043C0C1F002BB8BFE4181E
:10F66000FFF79AFC1D4A136833B96360146028469B
:10F67000BDE83840FFF796BCA34208D9206821189E
:10F680008B4201BF19685B6809182160EDE71A46D3
:10F690005B680BB1A342FAD911685018A0420BD194
:10F6A00020680144501883421160E0D118685B68FB
:10F6B000536008441060DAE702D90C232B60D6E7C8
:10F6C000206821188B4204BF19685B68636004BF1F
:10F6D000091821605460CAE738BD00BF6C0B0020D8
:10F6E0009368013B002B10B4936008DA9469A3423D
:10F6F00001DB0A2903D15DF8044BFFF7C8BD13688D
:10F70000581C1060197008465DF8044B7047F8B536
:10F7100006460F461446D518AC4201D1002007E03A
:10F7200014F8011B3A463046FFF7DAFF431CF3D1C9
:10F73000F8BD00002DE9F04F0D469DB014469846E7
:10F74000064618B1036A0BB9FFF7BEFC6B6ED9070A
:10F7500005D4AB899A0502D4A86DFFF70AFFAB89DF
:10F760001B0701D52B699BB929463046FFF7CEFD13
:10F7700070B16B6EDC0704D54FF0FF301DB0BDE8F3
:10F78000F08FAB899805F7D4A86DFFF7F3FEF3E788
:10F790000023099320238DF82930CDF80C803023E5
:10F7A000DFF8AC818DF82A304FF0010923469A46E4
:10F7B00013F8012B0AB1252AF9D1BAEB040B0BD0AF
:10F7C0005B46224629463046FFF7A1FF013000F094
:10F7D000A780099A5A4409929AF80030002B00F049
:10F7E0009F8000234FF0FF32CDE905230AF1010A83
:10F7F000049307938DF853301A935446052214F856
:10F80000011B5348F0F714FD049AD8B9D10644BF40
:10F8100020238DF85330130744BF2B238DF853302A
:10F820009AF800302A2B15D0079A544600204FF042
:10F830000A0C214611F8013B303B092B4BD9B0B1E2
:10F84000079214E0A0EB080309FA03F313430493AF
:10F85000A246D2E7039B191D1B680391002BBBBF77
:10F860005B4242F0020207930793B8BF04922378E9
:10F870002E2B0AD163782A2B32D1039B1A1D1B68C9
:10F88000039243EAE37302340593DFF8D4A02178AE
:10F8900003225046F0F7CCFC38B1049BA0EB0A00E1
:10F8A0004022824013430134049314F8011B294879
:10F8B0008DF828100622F0F7BBFC00283FD0264B1D
:10F8C0001BBB039B073323F0070308330393099BF8
:10F8D0003B4409936AE70CFB02320C460120A8E77F
:10F8E00000230134059319464FF00A0C204610F806
:10F8F000012B303A092A03D9002BC6D00591C4E761
:10F900000CFB012104460123F0E703AB00932A46D8
:10F91000124B04A93046AFF300800746781CD6D1BD
:10F920006B6ED90705D4AB899A0502D4A86DFFF791
:10F9300021FEAB895B063FF51FAF09981EE703ABBD
:10F9400000932A46054B04A9304600F079F8E4E715
:10F95000C0E10408CAE10408000000000FF7000835
:10F96000C6E104082DE9F047164698468A680B69F7
:10F97000DDF820909342B8BF1346336091F84320DE
:10F9800007460C460AB1013333602368990642BF2B
:10F99000336802333360256815F0060506D104F19B
:10F9A000190AE36832689B1AAB4226DC94F84330AC
:10F9B0002268003B18BF012392062BD404F14302B6
:10F9C00041463846C84701301ED02368226903F0FB
:10F9D0000603042B02BFE5683368ED1AA3680CBF69
:10F9E00025EAE57500259342C4BF9B1AED18002651
:10F9F0001A34B5421AD1002008E00123524641468C
:10FA00003846C847013003D14FF0FF30BDE8F087DA
:10FA10000135C6E7E1185A1C302081F84300224422
:10FA200094F8451082F843100233C7E701232246B9
:10FA300041463846C8470130E6D00136D9E70000D4
:10FA40002DE9FF470F7E0C9E782F914680460C468D
:10FA50009A4601F1430207D8622F0AD8002F00F01E
:10FA6000D180582F00F0B88004F1420684F842702B
:10FA70003AE0A7F16303152BF6D801A151F823F062
:10FA8000D9FA0008EDFA000869FA000869FA0008D6
:10FA900069FA000869FA0008EDFA000869FA000836
:10FAA00069FA000869FA000869FA0008EBFB000827
:10FAB00017FB0008A5FB000869FA000869FA0008AE
:10FAC0000DFC000869FA000817FB000869FA000835
:10FAD00069FA0008ADFB000833681A1D1B68326024
:10FAE00004F1420684F8423001239CE03368206828
:10FAF000191D3160060601D51D6803E04506FBD5DA
:10FB0000B3F90050002D03DA2D236D4284F8433001
:10FB100058480A2311E021683368080653F8045B4B
:10FB200002D4490648BFADB26F2F5248336014BFAC
:10FB30000A230823002184F843106668A660002E7B
:10FB400005DB21682E4321F0040121604BD01646CD
:10FB5000B5FBF3F103FB1157C75D06F8017D2F4696
:10FB6000BB420D46F4D9082B0BD12368DF0708D51B
:10FB7000236961689942DEBF302306F8013C06F133
:10FB8000FF36921B2261CDF800A04B4603AA214606
:10FB90004046FFF7E7FE01304AD14FF0FF3004B096
:10FBA000BDE8F087236843F02003236032487827BC
:10FBB00084F84570236831681F0651F8045B02D44D
:10FBC0005F0648BFADB23160D90744BF43F02003A0
:10FBD00023601DB11023ADE72648E9E7236823F031
:10FBE00020032360F6E71646BDE7336825686169A0
:10FBF000181D30602E061B6801D5196002E06806EA
:10FC0000FBD51980002323611646BCE733681A1D13
:10FC100032601E68626800213046F0F709FB08B1C7
:10FC2000801B606063682361002384F84330AAE787
:10FC30002369324649464046D0470130ADD023685B
:10FC40009B0713D4E068039B9842B8BF1846A6E709
:10FC50000123324649464046D04701309DD0013508
:10FC6000E36803995B1AAB42F2DCEBE7002504F191
:10FC70001906F5E7D1E10408E2E10408B1F90C2026
:10FC80002DE9F041160705460C4654D44B68002B6D
:10FC900002DC0B6C002B48DDE66A002E45D0002309
:10FCA00012F480522F68216A2B6030D0626DA389D4
:10FCB000590705D56368D21A636B0BB1236CD21A4E
:10FCC0000023E66A216A2846B047431CA38906D16F
:10FCD00029681D292BD82A4ACA40D60727D50022D1
:10FCE0006260D9042269226004D5421C01D12B68CC
:10FCF00003B96065616B2F60B9B104F144039942A7
:10FD000002D02846FFF7A2FC002363630DE0012325
:10FD10002846B0470246501CC9D12B68002BC6D0DC
:10FD20001D2B01D0162B1ED12F60002022E043F0A6
:10FD300040031BB21BE00F69002FF6D093070E683B
:10FD400008BF4B690F6018BF0023A6EB07088B6044
:10FD5000B8F1000FE9DD216AA66A43463A46284613
:10FD6000B047002808DCB4F90C3043F04003A3810D
:10FD70004FF0FF30BDE8F0810744A8EB0008E7E74B
:10FD80000100402038B50B6905460C4613B9002523
:10FD9000284638BD18B1036A0BB9FFF795F9B4F9D5
:10FDA0000C30002BF3D0626ED00704D4990502D436
:10FDB000A06DFFF7DEFB28462146FFF75FFF636E6D
:10FDC000DA070546E4D4A3899B05E1D4A06DFFF7CB
:10FDD000D1FBDDE770B50C46B1F90E10002996B0E5
:10FDE00015461E460DDAA38913F0800F4FF000016F
:10FDF00014BF40234FF48063002031602B6016B0A5
:10FE000070BD6A4600F048F80028ECDB019901F467
:10FE10007041A1F50053594259414FF48063EBE71B
:10FE20008B89F7B59D0706460C4607D504F14703B5
:10FE3000236023610123636103B0F0BD01AB6A4617
:10FE4000FFF7C8FF009F054639463046FFF724F804
:10FE500048B9B4F90C309A05EED423F0030343F00B
:10FE60000203A381E2E7A389206043F08003A3811A
:10FE7000019BC4E904075BB1B4F90E10304600F0F1
:10FE80001DF828B1A38923F0030343F00103A381E4
:10FE9000A3891D43A581CFE738B5074D002304464C
:10FEA000084611462B60F1F78AFD431C02D12B68EE
:10FEB00003B1236038BD00BFAC0C002038B5064D3F
:10FEC0000023044608462B60F1F77EFD431C02D157
:10FED0002B6803B1236038BDAC0C0020F8B500BF1F
:10FEE000F8BC08BC9E467047F8B500BFF8BC08BC1B
:04FEF0009E46704773
:10FEF40058BF03002000000054464C3300000000AB
:10FF0400140020001C001800140010000C00000055
:10FF140008000400140000001C000000840000001D
:10FF2400DC000000D0EE0000E0EE000020BE030084
:10FF34000300000001000000040000009EBCFEFF5E
:10FF44000C0000001C0000003C0000000F0000003A
:10FF540073657276696E675F64656661756C74005B
:10FF6400010000000400000098FFFFFF5C02000095
:10FF740004000000080000006F75747075745F3130
:10FF840000000000010000000400000036BCFEFF79
:10FF94000400000007000000696E7075745F310092
:10FFA400020000003400000004000000DCFFFFFF3A
:10FFB4005F0200000400000013000000434F4E568F
:10FFC400455253494F4E5F4D4554414441544100BD
:10FFD40008000C0008000400080000005E02000095
:10FFE40004000000130000006D696E5F72756E748A
:0CFFF400696D655F76657273696F6E0061
:020000040801F1
:1000000060020000F0ED0000E8ED0000C8ED000027
:10001000ACED000098ED000080ED000064ED000004
:1000200070EC0000E0CF0000D0CD0000C0AD0000BB
:10003000B06D0000606D0000506900004068000075
:100040003028000020270000101B0000401A00008C
:1000500030140000A0130000D0120000C8120000ED
:10006000C0120000B8120000B0120000A812000078
:10007000A0120000981200009012000088120000E8
:100080008012000078120000701200006812000058
:1000900060120000581200005012000048120000C8
:1000A0004012000038120000301200002812000038
:1000B00020120000181200001012000008120000A8
:1000C00000120000F8110000F0110000E81100001B
:1000D000E0110000D8110000D0110000C81100008C
:1000E000C0110000B8110000B0110000A8110000FC
:1000F000A01100009811000090110000881100006C
:1001000080110000781100007011000068110000DB
:10011000601100005811000050110000481100004B
:1001200040110000381100003011000028110000BB
:10013000201100001811000010110000081100002B
:1001400000110000F8100000F0100000E81000009E
:10015000E0100000D8100000D0100000C81000000F
:10016000C0100000B8100000B0100000A81000007F
:10017000A0100000981000009010000088100000EF
:10018000801000007810000070100000681000005F
:1001900060100000581000005010000048100000CF
:1001A000401000003810000030100000281000003F
:1001B00020100000181000001010000008100000AF
:1001C00000100000F80F0000F00F0000E80F000022
:1001D000E00F0000D80F0000D00F0000C80F000093
:1001E000C00F0000B80F0000B00F0000A80F000003
:1001F000A00F0000980F0000900F0000880F000073
:10020000800F0000780F0000700F0000680F0000E2
:10021000600F0000580F0000500F0000480F000052
:10022000400F0000380F0000300F0000280F0000C2
:10023000200F0000180F0000100F0000080F000032
:10024000000F0000F80E0000F00E0000E80E0000A5
:10025000E00E0000D80E0000D00E0000C80E000016
:10026000C00E0000B80E0000B00E0000A80E000086
:10027000A00E0000980E0000900E0000880E0000F6
:10028000800E0000780E0000700E0000680E000066
:10029000600E0000580E0000500E0000480E0000D6
:1002A000400E0000380E0000300E0000280E000046
:1002B000200E0000180E0000100E0000080E0000B6
:1002C000000E0000F80D0000F00D0000E80D000029
:1002D000E00D0000D80D0000D00D0000C80D00009A
:1002E000C00D0000B80D0000B00D0000A80D00000A
:1002F000A00D0000980D0000900D0000880D00007A
:10030000800D0000780D0000700D0000680D0000E9
:10031000600D0000580D0000500D0000480D000059
:10032000400D0000380D0000300D0000280D0000C9
:10033000200D0000180D0000100D0000080D000039
:10034000000D0000F80C0000F00C0000E80C0000AC
:10035000E00C0000D80C0000D00C0000C80C00001D
:10036000C00C0000B80C0000B00C0000A80C00008D
:10037000A00C0000980C0000900C0000880C0000FD
:10038000800C0000780C0000700C0000680C00006D
:10039000600C0000580C0000500C0000480C0000DD
:1003A000400C0000380C0000300C0000280C00004D
:1003B000200C0000180C0000100C0000080C0000BD
:1003C000000C0000F80B0000F00B0000E80B000030
:1003D000E00B0000D80B0000D00B0000C80B0000A1
:1003E000C00B0000B80B0000B00B0000A80B000011
:1003F000A00B0000980B0000900B0000880B000081
:10040000800B0000780B0000700B0000680B0000F0
:10041000600B0000580B0000500B0000480B000060
:10042000400B0000380B0000300B0000280B0000D0
:10043000200B0000180B0000100B0000080B000040
:10044000000B0000F80A0000F00A0000E80A0000B3
:10045000E00A0000D80A0000D00A0000C80A000024
:10046000C00A0000B80A0000B00A0000A80A000094
:10047000A00A0000980A0000900A0000880A000004
:10048000800A0000780A0000700A0000680A000074
:10049000600A0000580A0000500A0000480A0000E4
:1004A000400A0000380A0000300A0000280A000054
:1004B000200A0000180A0000100A0000080A0000C4
:1004C000000A0000F8090000F0090000E809000037
:1004D000E0090000D8090000D0090000C8090000A8
:1004E000C0090000B8090000B0090000A809000018
:1004F000A009000098090000900900008809000088
:1005000080090000780900007009000068090000F7
:100510006009000058090000500900004809000067
:1005200040090000380900003009000028090000D7
:100530002009000018090000100900000809000047
:1005400000090000F8080000F0080000E8080000BA
:10055000E0080000D8080000D0080000C80800002B
:10056000C0080000B8080000B0080000A80800009B
:10057000A00800009808000090080000880800000B
:10058000800800007808000070080000680800007B
:1005900060080000580800005008000048080000EB
:1005A000400800003808000030080000280800005B
:1005B00020080000180800001008000008080000CB
:1005C00000080000F8070000F0070000E80700003E
:1005D000E0070000D8070000D0070000C8070000AF
:1005E000C0070000B8070000B0070000A80700001F
:1005F000A00700009807000090070000880700008F
:1006000080070000780700007007000068070000FE
:10061000600700005807000050070000480700006E
:1006200040070000380700003007000028070000DE
:10063000200700001807000010070000080700004E
:1006400000070000F8060000F0060000E8060000C1
:10065000E0060000D8060000D0060000C806000032
:10066000C0060000B8060000B0060000A8060000A2
:10067000A006000098060000900600008806000012
:100680008006000078060000700600006806000082
:1006900060060000580600005006000048060000F2
:1006A0004006000038060000300600002806000062
:1006B00020060000180600001006000008060000D2
:1006C00000060000F8050000F0050000E805000045
:1006D000E0050000D8050000D0050000C8050000B6
:1006E000C0050000B8050000B0050000A805000026
:1006F000A005000098050000900500008805000096
:100700008005000078050000700500006805000005
:100710006005000058050000500500004805000075
:1007200040050000380500003005000028050000E5
:100730002005000018050000100500000805000055
:1007400000050000F8040000F0040000E8040000C8
:10075000E0040000D8040000D0040000C804000039
:10076000C0040000B8040000B0040000A8040000A9
:10077000A004000098040000900400008804000019
:100780008004000078040000700400006804000089
:1007900060040000580400005004000048040000F9
:1007A0004004000038040000300400002804000069
:1007B00020040000180400001004000008040000D9
:1007C00000040000F8030000F0030000E80300004C
:1007D000E0030000D8030000D0030000C8030000BD
:1007E000C0030000B8030000B0030000A80300002D
:1007F000A00300009803000090030000880300009D
:10080000800300007803000070030000680300000C
:10081000600300005803000050030000480300007C
:1008200040030000380300003003000028030000EC
:10083000200300001803000010030000080300005C
:1008400000030000F8020000F0020000E8020000CF
:10085000E0020000D8020000D0020000C802000040
:10086000C0020000B8020000B0020000A8020000B0
:10087000A002000098020000900200008802000020
:100880008002000078020000700200006802000090
:100890006002000058020000500200004802000000
:1008A0004002000038020000300200002802000070
:1008B00020020000180200001002000008020000E0
:1008C00000020000F8010000F0010000E801000053
:1008D000E0010000D8010000D0010000C8010000C4
:1008E000C0010000B8010000B0010000A801000034
:1008F000A0010000980100009001000088010000A4
:100900008001000078010000700100006801000013
:100910006001000058010000500100004801000083
:1009200040010000380100003001000028010000F3
:100930002001000018010000100100000801000063
:1009400000010000F8000000F0000000E8000000D6
:10095000E0000000D8000000D0000000C800000047
:10096000C0000000B8000000B0000000A8000000B7
:10097000A00000009800000090000000700000003F
:10098000040000002AC6FEFF040000005C00000016
:100990000C00000008000C00080004000800000023
:1009A000100000002C00000008000C0008000700E8
:1009B0000800000000000001040000000100000029
:1009C000EB03000000000A0010000C000800040007
:1009D0000A00000002000000020000000400000005
:1009E00006000000322E31342E30000092C6FEFF89
:1009F0000400000010000000312E31342E300000C1
:100A00000000000000000000C44DFCFFC84DFCFFCA
:100A1000CC4DFCFFD04DFCFFD44DFCFFD84DFCFF6E
:100A2000DC4DFCFFE04DFCFFE44DFCFFE84DFCFF1E
:100A3000EC4DFCFFF04DFCFFF44DFCFFF84DFCFFCE
:100A4000FC4DFCFF004EFCFF044EFCFF084EFCFF7B
:100A50000C4EFCFF104EFCFF144EFCFF184EFCFF2A
:100A60001C4EFCFF204EFCFF244EFCFF284EFCFFDA
:100A70002C4EFCFF304EFCFF344EFCFF384EFCFF8A
:100A80003C4EFCFF404EFCFF444EFCFF484EFCFF3A
:100A90004C4EFCFF504EFCFF544EFCFF584EFCFFEA
:100AA0005C4EFCFF604EFCFF644EFCFF684EFCFF9A
:100AB0006C4EFCFF704EFCFF744EFCFF784EFCFF4A
:100AC0007C4EFCFF804EFCFF844EFCFF884EFCFFFA
:100AD0008C4EFCFF904EFCFF944EFCFF984EFCFFAA
:100AE0009C4EFCFFA04EFCFFA44EFCFFA84EFCFF5A
:100AF000AC4EFCFFB04EFCFFB44EFCFFB84EFCFF0A
:100B0000BC4EFCFFC04EFCFFC44EFCFFC84EFCFFB9
:100B1000CC4EFCFFD04EFCFFD44EFCFFD84EFCFF69
:100B2000DC4EFCFFE04EFCFFE44EFCFFE84EFCFF19
:100B3000EC4EFCFFF04EFCFFF44EFCFFF84EFCFFC9
:100B4000FC4EFCFF004FFCFF044FFCFF084FFCFF76
:100B50000C4FFCFF104FFCFF144FFCFF184FFCFF25
:100B60001C4FFCFF204FFCFF244FFCFF284FFCFFD5
:100B70002C4FFCFF304FFCFF344FFCFF384FFCFF85
:100B80003C4FFCFF404FFCFF444FFCFF484FFCFF35
:100B90004C4FFCFF504FFCFF544FFCFF584FFCFFE5
:100BA0005C4FFCFF604FFCFF644FFCFF684FFCFF95
:100BB0006C4FFCFF704FFCFF744FFCFF784FFCFF45
:100BC0007C4FFCFF804FFCFF844FFCFF884FFCFFF5
:100BD0008C4FFCFF904FFCFF944FFCFF984FFCFFA5
:100BE0009C4FFCFFA04FFCFFA44FFCFFA84FFCFF55
:100BF000AC4FFCFFB04FFCFFB44FFCFFB84FFCFF05
:100C0000BC4FFCFFC04FFCFFC44FFCFFC84FFCFFB4
:100C1000CC4FFCFFD04FFCFFD44FFCFFD84FFCFF64
:100C2000DC4FFCFFE04FFCFFE44FFCFFE84FFCFF14
:100C3000EC4FFCFFF04FFCFFF44FFCFFF84FFCFFC4
:100C4000FC4FFCFF0050FCFF0450FCFF0850FCFF71
:100C50000C50FCFF1050FCFF1450FCFF1850FCFF20
:100C60001C50FCFF2050FCFF2450FCFF2850FCFFD0
:100C70002C50FCFF3050FCFF3450FCFF3850FCFF80
:100C80003C50FCFF4050FCFF4450FCFF4850FCFF30
:100C90004C50FCFF5050FCFF5450FCFF5850FCFFE0
:100CA0005C50FCFF6050FCFF6450FCFF6850FCFF90
:100CB0006C50FCFF7050FCFF7450FCFF7850FCFF40
:100CC0007C50FCFF8050FCFF8450FCFF8850FCFFF0
:100CD0008C50FCFF9050FCFF9450FCFF9850FCFFA0
:100CE0009C50FCFFA050FCFFA450FCFFA850FCFF50
:100CF000AC50FCFFB050FCFFB450FCFFB850FCFF00
:100D0000BC50FCFFC050FCFFC450FCFFC850FCFFAF
:100D1000CC50FCFFD050FCFFD450FCFFD850FCFF5F
:100D2000DC50FCFFE050FCFFE450FCFFE850FCFF0F
:100D3000EC50FCFFF050FCFFF450FCFFF850FCFFBF
:100D4000FC50FCFF0051FCFF0451FCFF0851FCFF6C
:100D50000C51FCFF1051FCFF1451FCFF1851FCFF1B
:100D60001C51FCFF2051FCFF2451FCFF2851FCFFCB
:100D70002C51FCFF3051FCFF3451FCFF3851FCFF7B
:100D80003C51FCFF4051FCFF4451FCFF4851FCFF2B
:100D90004C51FCFF5051FCFF5451FCFF5851FCFFDB
:100DA0005C51FCFF6051FCFF6451FCFF6851FCFF8B
:100DB0006C51FCFF7051FCFF7451FCFF7851FCFF3B
:100DC0007C51FCFF8051FCFF8451FCFF8851FCFFEB
:100DD0008C51FCFF9051FCFF9451FCFF9851FCFF9B
:100DE0009C51FCFFA051FCFFA451FCFFA851FCFF4B
:100DF000AC51FCFFB051FCFFB451FCFFB851FCFFFB
:100E0000BC51FCFFC051FCFFC451FCFFC851FCFFAA
:100E1000CC51FCFFD051FCFFD451FCFFD851FCFF5A
:100E2000DC51FCFFE051FCFFE451FCFFE851FCFF0A
:100E3000EC51FCFFF051FCFFF451FCFFF851FCFFBA
:100E4000FC51FCFF0052FCFF0452FCFF0852FCFF67
:100E50000C52FCFF1052FCFF1452FCFF1852FCFF16
:100E60001C52FCFF2052FCFF2452FCFF2852FCFFC6
:100E70002C52FCFF3052FCFF3452FCFF3852FCFF76
:100E80003C52FCFF4052FCFF4452FCFF4852FCFF26
:100E90004C52FCFF5052FCFF5452FCFF5852FCFFD6
:100EA0005C52FCFF6052FCFF6452FCFF6852FCFF86
:100EB0006C52FCFF7052FCFF7452FCFF7852FCFF36
:100EC0007C52FCFF8052FCFF8452FCFF8852FCFFE6
:100ED0008C52FCFF9052FCFF9452FCFF9852FCFF96
:100EE0009C52FCFFA052FCFFA452FCFFA852FCFF46
:100EF000AC52FCFFB052FCFFB452FCFFB852FCFFF6
:100F0000BC52FCFFC052FCFFC452FCFFC852FCFFA5
:100F1000CC52FCFFD052FCFFD452FCFFD852FCFF55
:100F2000DC52FCFFE052FCFFE452FCFFE852FCFF05
:100F3000EC52FCFFF052FCFFF452FCFFF852FCFFB5
:100F4000FC52FCFF0053FCFF0453FCFF0853FCFF62
:100F50000C53FCFF1053FCFF1453FCFF1853FCFF11
:100F60001C53FCFF2053FCFF2453FCFF2853FCFFC1
:100F70002C53FCFF3053FCFF3453FCFF3853FCFF71
:100F80003C53FCFF4053FCFF4453FCFF4853FCFF21
:100F90004C53FCFF5053FCFF5453FCFF5853FCFFD1
:100FA0005C53FCFF6053FCFF6453FCFF6853FCFF81
:100FB0006C53FCFF7053FCFF7453FCFF7853FCFF31
:100FC0007C53FCFF8053FCFF8453FCFF8853FCFFE1
:100FD0008C53FCFF9053FCFF9453FCFF9853FCFF91
:100FE0009C53FCFFA053FCFFA453FCFFA853FCFF41
:100FF000AC53FCFFB053FCFFB453FCFFB853FCFFF1
:10100000BC53FCFFC053FCFFC453FCFFC853FCFFA0
:10101000CC53FCFFD053FCFFD453FCFFD853FCFF50
:10102000DC53FCFFE053FCFFE453FCFFE853FCFF00
:10103000EC53FCFFF053FCFFF453FCFFF853FCFFB0
:10104000FC53FCFF0054FCFF0454FCFF0854FCFF5D
:101050000C54FCFF1054FCFF1454FCFF1854FCFF0C
:101060001C54FCFF2054FCFF2454FCFF2854FCFFBC
:101070002C54FCFF3054FCFF3454FCFF3854FCFF6C
:101080003C54FCFF4054FCFF4454FCFF4854FCFF1C
:101090004C54FCFF5054FCFF5454FCFF5854FCFFCC
:1010A0005C54FCFF6054FCFF6454FCFF6854FCFF7C
:1010B0006C54FCFF7054FCFF7454FCFF7854FCFF2C
:1010C0007C54FCFF8054FCFF8454FCFF8854FCFFDC
:1010D0008C54FCFF9054FCFF9454FCFF9854FCFF8C
:1010E0009C54FCFFA054FCFFA454FCFFA854FCFF3C
:1010F000AC54FCFFB054FCFFB454FCFFB854FCFFEC
:10110000BC54FCFFC054FCFFC454FCFFC854FCFF9B
:10111000CC54FCFFD054FCFFD454FCFFD854FCFF4B
:10112000DC54FCFFE054FCFFE454FCFFE854FCFFFB
:10113000EC54FCFFF054FCFFF454FCFFF854FCFFAB
:10114000FC54FCFF0055FCFF0455FCFF0855FCFF58
:101150000C55FCFF1055FCFF1455FCFF1855FCFF07
:101160001C55FCFF2055FCFF2455FCFF2855FCFFB7
:101170002C55FCFF3055FCFF3455FCFF3855FCFF67
:101180003C55FCFF4055FCFF4455FCFF4855FCFF17
:101190004C55FCFF5055FCFF5455FCFF5855FCFFC7
:1011A0005C55FCFF6055FCFF6455FCFF6855FCFF77
:1011B0006C55FCFF7055FCFF7455FCFF7855FCFF27
:1011C0007C55FCFF8055FCFF8455FCFF8855FCFFD7
:1011D0008C55FCFF9055FCFF9455FCFF9855FCFF87
:1011E0009C55FCFFA055FCFFA455FCFFA855FCFF37
:1011F000AC55FCFFB055FCFFB455FCFFB855FCFFE7
:10120000BC55FCFFC055FCFFC455FCFFC855FCFF96
:10121000CC55FCFFD055FCFFD455FCFFD855FCFF46
:10122000DC55FCFFE055FCFFE455FCFFE855FCFFF6
:10123000EC55FCFFF055FCFFF455FCFFF855FCFFA6
:10124000FC55FCFF0056FCFF0456FCFF0856FCFF53
:101250000C56FCFF1056FCFF1456FCFF1856FCFF02
:101260001C56FCFF2056FCFF2456FCFF2856FCFFB2
:101270002C56FCFF3056FCFF3456FCFF3856FCFF62
:101280003C56FCFF4056FCFF4456FCFF4856FCFF12
:101290004C56FCFF5056FCFF5456FCFF5856FCFFC2
:1012A0005C56FCFF6056FCFF6456FCFF6856FCFF72
:1012B0006C56FCFF7056FCFF7456FCFF7856FCFF22
:1012C0007C56FCFF8056FCFF8456FCFF8856FCFFD2
:1012D0008C56FCFF9056FCFF9456FCFF9856FCFF82
:1012E0009C56FCFFA056FCFFA456FCFFA856FCFF32
:1012F000AC56FCFFB056FCFFB456FCFFB856FCFFE2
:10130000BC56FCFFC056FCFFC456FCFFC856FCFF91
:10131000CC56FCFFD056FCFFD456FCFFD856FCFF41
:10132000DC56FCFFE056FCFFCECFFEFF04000000C1
:10133000C0000000D8CF7FDEC11E8BEE66FEC381E9
:10134000192C47813C06137F065DFC1FFC7F3C2C5B
:101350002DEAD095797F086A65E8B97FCBDEA08158
:1013600027E22317815CCFC7013CE981BA972904A2
:10137000977FEB7BF6E0E98105EF8418C97F0CD8F5
:10138000D102D3F3828108F67FA017AF0403E234C1
:101390007581C5D0427FDBC721E7FC6EE8A6917F4F
:1013A000D6815A3AF80AE77C81DC160E6A9CA48141
:1013B000022DB91A187F1804EF6981DC87D0E37F0A
:1013C000D34EF087DF4E20347F28DBB90862819549
:1013D000810ADCEAFB1E097F895381F5388164DAD2
:1013E000F7E3E481B5B1D8C331D77681451E7F5F7D
:1013F0005891EFFF9AD0FEFF04000000800000002B
:1014000071FDFFFFC6FDFFFF0906000027FDFFFF7E
:101410001AFFFFFFB6F3FFFF39FAFFFF0DFFFFFFD3
:10142000A00600006B04000000FAFFFF75FFFFFF3D
:101430007E0100002F080000D2020000F10200002F
:1014400067050000860600005BFBFFFF89060000C1
:10145000060700006DF9FFFF9202000002FCFFFF8B
:1014600084FDFFFFE3F6FFFF8501000079FEFFFF2B
:1014700059FFFFFF1A06000098030000E505000071
:1014800026D1FEFF04000000000600003ECCC78FFE
:101490003F939715190D55413701C0C41939A0055F
:1014A0009A2E3AFAFBEEC7F9C4DAE3813C3B2F22CD
:1014B00022ECACE1D335EA7FD21536B640924F012B
:1014C0002FB074E25AEC3E62F5B9F2A7BF3E5D90D0
:1014D000F2D62B1F25DFFEBCA2BAF1F5B216892F7A
:1014E0001F0C30810DD70EAA064E600C191219265A
:1014F000081EE9921A09EBE92597F80324EC42E467
:101500001D29F3C31E57F9FCA006E57FE0CCE014CB
:10151000E01DF503ECD1EBFA0EDC11E6E40D0CED69
:10152000282F2C2D170D24EF2013A87F8CE713AC48
:101530001D1852C8FDC9F631010D104A4CC6F020E5
:1015400059F4FBC0134A13B1D7B71B7F60D92424C9
:1015500017DC0394BE5141192829366716111E471E
:10156000446E34C4086AB6E2F3363D7F0C3BB720C4
:10157000CC842995FFE869F5F88164A8D010AF0004
:10158000ECDCFFFD3D35160C41A857DFCF1CDDDF3D
:10159000F3CF0955DAF1CBF924FD81BD09EFB7404E
:1015A000CFFB1506E9DEB91E2D06CD2FB72EEAE1D9
:1015B000FAFE0B81CFE32B9AE6210B33DEE9CEEE68
:1015C000E5170A4DC3D60DADBF051AEE43B6F0E7D9
:1015D000CC23B24628FA332ADFD886E5C81D04DAC0
:1015E00081C0ED0730DEE813F93A0C10DCECEF2592
:1015F0000CF4B80205F8DF2B17FB8153CDE8CFEBD5
:10160000D72A0AE71714F4DF15C81A363C003EE55E
:101610002920E0CABF1B20EEADDC09160D220057C1
:10162000BDAB30BC792CA94E5F813F0D4A1F22F41F
:10163000C6D6EDF41C7F0D33422C304DA0D2E4E52C
:10164000DFBB0FEFADF9FF22AA0E0E3A0BCADB1576
:1016500031E1BE0F31161E56136FF8F281EA2ECA21
:10166000E42006EC241811E8F7EFDBD0F00424C9DD
:10167000200EDEEA04382318173CF220FBE74A1F4D
:1016800081EE3AF9372FBD11C9D733A2CA3AFF1CF0
:1016900027309FF2AF707126F93C3381EA2CAC34CD
:1016A0006BE213C4002B851F1804D966C86B4FEF7B
:1016B000132103E161DBECCBB378713A7FF7365C41
:1016C0002D3F3628B72335F3EB32510AD4AAC8117F
:1016D0002723C5050DFAE0E303CFDFE8FCCA0329A1
:1016E000F633DCAEE7F7FD810DBFFAD0B8E99EF125
:1016F00025F9DC31FD0A1BB3EF1D5DAB02EC08815F
:10170000D1E889B2AE0247A8E502A7F7F73217E39E
:10171000940ED0814CC0D590AA09D3F7D3CB5F8764
:10172000A933978F85A00DD1DC0E0AE8DAFEE9F522
:10173000DDCBC41731B724CBF481172549EE1FD672
:1017400038F5D32B0C0DF210063429DE0420ABF74C
:10175000E0D8F8E9F73FDF81FD1C0B70ADEFD196C3
:10176000D52EFF0FB2E25836CBFC9ED4F3CB251B0F
:10177000DE290AD0DB19DD16D2F0E7B3C181164DA0
:10178000E1D18AF00C00CB2339FBDDD1D4A4797FE1
:10179000FD48360516082ADBCA860DD2D687EF86A5
:1017A000C23CD8BD0FEB4315AEAA0AF555E581BC86
:1017B000ED11E7F01126CFD623FF2A3502C38E059F
:1017C0002F0EE4FADEF860EBBF18A8EF3F1CE081B3
:1017D000CCF4C2FB0B37D73CAFC22FEF20ECFDDFC0
:1017E000F29406F8E3E5013713BD36EADEFA26B7D0
:1017F00014D8061E7F0C2E09585B9D19FDC8B12315
:10180000EE09D7DBC2E92515690205F8F7ED9187E6
:1018100005DCDF4C116A81E9FAE38925C10BF0F69A
:101820002D114024EA8F0BB437F0F99D1CFD1516DD
:1018300055009815AB2D1A338115E2E6271CE2F00E
:101840000DDDCDF9EADC4AFD1C19C61021E528039F
:10185000D3B72D8143E708DC04DA221ED10EB70B83
:101860000B2005DE15D839FFD9BAD3B23CB438D72E
:10187000B60F31351EC8D4F92002C9D5211A042D5E
:10188000EECD1BE5810CFD230ACC28394B31260611
:10189000D09C521855C9F71CE31B23EE07A2BF6466
:1018A000CF28EED433EAF2811251FC28D5D2D7DC0E
:1018B000DFF857FFFFE7BABA483FE4BDE9FD26422B
:1018C0000B593C157F5522FCED18EAF3061DE10487
:1018D000ACF5293FF77F282FD93522C58B93FD0022
:1018E000EAA93F5653D7643D470AFBA5DC202BF4F9
:1018F000F63124AA14109AF35FEB81D965153031C3
:10190000A51BF4D309F9273FD8CEF94CE85AEA03CE
:10191000B7DE38D924FBFF04A4D7A3FB1D0C1702A4
:101920002305B104811DB8C8B9FE1298EFE1E12F7B
:10193000122DE9E9F3CBF64BBDE2EC81CAD440F9B4
:101940005F2CFFD1F6F90AF903E8BED2CAE423DE20
:10195000BC22F9EBF554F73FE17FBE1F8E012BC986
:10196000D2BF08B8080920BE264F3E91437F2413FA
:101970002EEA4402FC0CAFFA1D5BAE3D3413F1A11C
:10198000E6C5FAF3D989C3F9E39C1AEBB65A13ED0D
:10199000D42C9FBE04CE0F456EFCEA02ACFE184A62
:1019A000347FED17F991F1F259AE1961F221F51575
:1019B00004DC191E1F32DB101200FDF1DBE108FF11
:1019C000200D03D4D0DF371DC1F608812C292693C2
:1019D000B201DA0ACCCA81F6C02D8F50E74118E86F
:1019E0008ADFD63034C05EC2D6EF733202E6B34B24
:1019F0003D28C62853C121E6FF19074C811734F949
:101A000000E43AEF41F00F274B2214173F96F8B845
:101A1000CC33ECEA8151E6F7A054E0FFDA9F9ADF7D
:101A2000E3DC41DCB5EE0D2183364E0FEA43C707F8
:101A300050F12ADAC0DCE43F1F180B08EAF416253F
:101A4000B914231E1E8198C6161AC0C5CFE8CC3B18
:101A5000EAFE35E2D9C61E03814D4EFE0E3C020F52
:101A6000EE052505F5BD131CE73416D0D716FF008B
:101A7000F929F6EC3B7F1A12584998EB2AFF2410FB
:101A800040D51702D56702DF3F12D11B32D7FEFFC8
:101A900004000000C000000025260000A6EAFFFFA9
:101AA000EE08000079F4FFFFCFF4FFFF75F7FFFFAA
:101AB000C5CCFFFF6E04000082150000281F000047
:101AC0009C0C00000F0C00004DF9FFFF29FBFFFFED
:101AD000D6FBFFFF60FFFFFFE7E9FFFFFCBBFFFF57
:101AE0003F2100004C23000058300000F2010000AC
:101AF000E51A000063170000B40D00000611000095
:101B0000BA110000CCF7FFFFE61D000036FFFFFF13
:101B10009B110000E6060000D9EDFFFF24F0FFFF57
:101B200094F4FFFF98FDFFFF1F1C00000F0F000043
:101B30003A0B000062110000FFF2FFFF2F070000C8
:101B40004E150000F9EDFFFF312300007406000080
:101B500030F3FFFF6EE6FFFFFED7FEFF040000003C
:101B6000000C000026DC1AEE00290BE185084CE38E
:101B700003BB1BF520EF1EF027347ED2FE971823FF
:101B8000F8EC3408FEB4CE12EBE8B603CCED12DB71
:101B90002E5D7D7F0904CF41FCCC2037F5F8CEEBDC
:101BA0002C3011591DD301390BEB1DE4DAC181260C
:101BB00008EE52311F77982009D63A90DBE5C41120
:101BC000BDB393D224572AE64A0CBC20390EE7B5A0
:101BD000D64D29D909114404C0FA29FAA506D2D54F
:101BE000332830ABA4A47FFB2E58F01FF72D9E0A9C
:101BF000EDE6A7D61B3CC721A2251C40CEDDE6F3AF
:101C000094AF0318EDF2F33ED3428F2B9DA2811FB8
:101C1000D7FFCE09FABC3DE410FE1EE1B9FAAFE8E9
:101C2000F7CB9B9BD2B1F920C71102FB2FA0291241
:101C300031F62BEE4AFA4519080163230C1581CEC3
:101C40003700EFBCE2D40B070B38C6B887260F026B
:101C5000EBCDE8D22205FE1CA681DE0AFF1B9429EB
:101C600057E4FEF36099C60B8AF5EBE7FB43F6B346
:101C70002540C5D5B0FC1013F7D53E0F1127B62C63
:101C800042231127FCD249F820ED374030C90B7FA1
:101C90001E2D3EFF2153F16B15F6EEEDC6CFDB2076
:101CA0005101C1225435F6166E04C93221EA64BFCF
:101CB000BCCDEB3FEF24AFDF3AE7291D17F02F3102
:101CC000F5EDB9DC4F0F6428C202391B02E1CD1CCF
:101CD000DE1D15F57F09E1B516ED0D1F0EEEF614AC
:101CE0002C2516091FEF0515F74C18EC348129F443
:101CF000D335D30AE9F7EF227207B5F0F5B1FF2427
:101D0000F1041B6820D4F0B7E4D223D068382ADD70
:101D10000D5A0EF7092BD38FD3C3A855D9D2E71884
:101D2000E6DF1DC5F0C5D635C302EDEDE70F62084D
:101D3000C9F4F7E9360C1337E13ECEF15FE6D8E897
:101D40000481040AE8CDCC1B0951CD012CFF07F713
:101D500002D938C9915AE14DA3DAA6CC2337C3DFA3
:101D600025F0812333001532EC16211B119F40D240
:101D700034F3E62AF03D06C71519B9FBFD81FE00D4
:101D8000092613F623E241BF304A100145F105242C
:101D9000D4EC65C9F349FC3012F0C5DBEEB3231473
:101DA000500CB70FC9F60FFBEA8DF3D1C80C2B818D
:101DB00003FED9FEFE04ECE70522402C5CF33CDE7A
:101DC000B5D3C3FEEAFE0822CD340423C81C20E6A6
:101DD0000A0D15F508591F361B48B0D5D2DCE35360
:101DE000EEB4BFF4E212359DEF02D1E45E1A076D46
:101DF0003081F20050E705DD27EDF10E10C2DCDD89
:101E00002DC7EE387F09C34C75D30501D698E6E59A
:101E1000D9E2F4CF15A1B108E0033561E51900F36B
:101E20009708C658DFD8FB13CC3CE513F43C0DC92A
:101E300093A50CB431CA68FCCB01E4F43612CDE6AC
:101E40008F37F2309721D10416311B0AE13CE22F83
:101E5000EF2F812B11F5B598C0153805E2DBE6169A
:101E6000EDFAF017D1D37FB4524019A0D6FFE03677
:101E70005625290130D506202ECA17FB3B4CE5AB71
:101E8000F3E103E308F9F9001B8CDADD59D72F449D
:101E9000ACC03F51F3ACF2B1F7C02795F54BEB075F
:101EA000F6E8FEDF0AB605B49739CE31EEF2FCC291
:101EB00097500D81B60FE41BE124D1E848E402DC21
:101EC0000EB10EE7DC569968FD12ED989446B7E620
:101ED0009BD881C3DDA16C0EE70F04EF00000F9DBE
:101EE000E4F15253D7236937C92C27203FF5BCD7DB
:101EF00021E495EA4A1A0041EEEB08D89BFAC604A1
:101F0000E907301C06FFFA4373C2EBAE0C5EC4BA9D
:101F100000B581CE25F92E40F918E80FEE10EA063B
:101F200016CD3AD0F0C5CCE2334CF6DC0AD7A68108
:101F30002C3F5AE00506B1D0D2DD100E2EDD318ADD
:101F4000FA1A15ACB0E2DC94F2FBF31C0B5215C488
:101F50002CD2F9F7CC3F7FAC24F7246D77CE6CB24E
:101F60003530402A03E9BC6BCFF2D0E69D203E001D
:101F700038F705BAFBFAD7A940D3F5C0E23665FBBE
:101F80001C0A04BCE10728E1AA1E240B3DA225E19E
:101F9000E8DBFAD8E415FDF20A0C2BFDF0D718FFA8
:101FA000461602F51FF3EBF90302F98103FC1A113F
:101FB000B1C6FEEA7FF49967C733126D2222274526
:101FC000A9C67E0C61E6DFE66CDBD218601AEFB4BE
:101FD0002FC298B0FFDEF527BD2B1016D4372B1873
:101FE00020E5F3FDF6223ED6ED161FC4D394BA15B4
:101FF0003C1B38ADF1F596FB2FDB3760F669B33E3D
:10200000E6267F541C19C18861BB033617F7F134EB
:102010004A10F905996AFEDF0A9C4D6A0B1B0928D4
:102020003F121617CA994EBDD6715125160CC2CA59
:102030001004121F780D2F493912E4A1F9E0CDECFC
:102040002B81DBB6FAEBFD343AAE1B38260AD2D729
:102050000512EBFACBF4142424ADEADDC981E70ABA
:102060001A2518DE1A3FABE7B40D072F080EB1E1B1
:102070001AD3F2DA0DE50E00F0DCD8D4AD34A7F6B1
:1020800038402A2B0AF84E61DBD1DE93DAFDC361BA
:10209000EF0EAD4908DA212C57FA46C7FA213AEA81
:1020A000815933EE2BE4C305E235CE53D8F7340B18
:1020B0000BB83BD708C3DCAF42EDEE2EE51DA37F86
:1020C000CA15ADB4D420C099C9D7650A0D1A751ABE
:1020D0000FE4034E52D757BA7FD94E4B1BE230FD67
:1020E0000D06B5303339A1170557DEFB5EA8EBF9B5
:1020F00034E5F367BC97591664DD73EC44DC47069E
:102100006AFCBAA4D3113937C8AE10DFFF9AF18741
:10211000E2D5EE49FDBA46FF723F3305C9EF9B2D6C
:10212000EA81E046C43BD3FB1FFB950E0687D11125
:102130000BE5F70A0322DF5C461221C21DF4D4C569
:102140001B81F3E05401E917E507F89D0339FFF817
:102150001A095899A341F2D548088FBACDF9DAF394
:1021600017C7C6CA683609CBE104F132DBC64A6339
:1021700081EC05FDF1EA5B330FF142070ADF8B5E6C
:10218000FEF644EEE7AB1046F915D0F023F5DC0778
:10219000F52D2F11B8D908A581FAA11DF829B93359
:1021A0000FD42B5110F319E1DCAB05455CE412D2DE
:1021B000129B9E2527DB2E1DB2EFEF9DD636EE2F0C
:1021C00091C80AFEC7E9EC32FD06E8EA0BFE81067B
:1021D000F9D70BDD3440FFE100FFCDED1B0FC3C28B
:1021E00031FAEC31E2251F653113DD0B1AEEF1DC1B
:1021F000DA2027DFB012160CCC04F91AF881120B82
:102200000421EE1FD018EFC56A78B03E1134E831D2
:1022100043F6DC32DB05AEAC14095322E4914B1FCC
:10222000151557F3FC1B3BE15D01CC13311E130860
:10223000E8FDF5D316F9C312F9D1DFE7E52ABFD4DB
:102240003CD6A6E2C52E027F3BEC04AB27C62CC7CA
:102250001A0725F1F1B7DCEEBE0C270C4F69D21737
:10226000B81A053AD44626B281253929F4B1D30DDE
:10227000E35255E8F0BFACAECC36F9443122F4BBA2
:10228000C1F1EA28411F1D23F8D7113B2229D8D4D8
:102290009DEBF00DF1812533C002EAE409E0F82757
:1022A00038161DE429E0D5E88F4E16DE27FEDEE362
:1022B000D1D823CB0DE80CA8E5DA31E79F1319FA42
:1022C000144B35170752EA122E19EFC8C1E32181CA
:1022D000EFF9F0DF0B16B0BE0F059C0ADB143FCB05
:1022E000CB21071C3918D528FB4A5BC0E53AE41B13
:1022F000EFD702101BE1EA0C322501F10249B3B419
:10230000FC8106FE47FCF21BE319500FC903291993
:10231000D7CBE1D93BECF43DC63701DA81B04B3481
:10232000230B3FC79A5CDCFA2890E02CBD0238F3FF
:10233000BA1F25D229082545CAF605E5BFDEB1CD6D
:102340000D1FBE131108F41011B5DFC2DE3AE223EF
:10235000F4FE15FEE35848F403E104F7CC26C5C6A5
:10236000D5D33DBF0F0F1325FBFBF93DB1ED810127
:10237000A2E917CF2B2DF5281201E7CDD71758E783
:10238000157F27F70BCA22162DF8DA3200DD222B33
:10239000ACE8D72D0C321AF4E4FD0C2A2DF3D7202B
:1023A000270D1DADD8CFE43446F20BC332D9B0C9E6
:1023B00010E40E0F4001F911BAFEF910B4A1F20DAC
:1023C000FBF47FCE0035CDEA05011031CED3FCDD24
:1023D00002E5E03AB778F12E0D2E4B4E6E360B49E2
:1023E000CD3AF421E002313E436481D4182A278695
:1023F0003D3345665DB349D7D2CC2A39320BCFA9DC
:102400005620C1F4812A18C32B2FB5041E0A3DF8AB
:10241000FB14DEEF41C502081F4E164ADC230D21D6
:10242000E315FFC20ECBC91E3D0AADE9000CE33433
:102430003704390507F8C6FA19E90F2E1F59191F75
:10244000F021036DEECA032C5D34A418A79267E156
:10245000F6C2232317EAD701C7120AF981C78DEA0A
:10246000A40DC94F4B31D2E1C9461FD9229C27BDCB
:10247000EC6E19FFF828E433EB7F100CEDD1F9AFC7
:102480002C04080835E914546A06E4C50C32C3BEAE
:10249000ED3034AA3E04D8F64708281C43E43D0337
:1024A0002081E1EAE2ACB2FAE3DDEA5904CB5BEA6F
:1024B000D0E4B1FE61F802224FFEEEDCDA11FA1A26
:1024C000384E3FD210D7DD0AF53E1BE741F2FD2022
:1024D000FCFAC145DAEBB8DF2EEFF00BD1010309AE
:1024E000D3F3ECE613EF21F0EA08DE2745467F043C
:1024F00023FB02D248C2BBA5D947F03BE7B31C0C73
:102500007407EA141BDFE6915E166181E327DBFAAC
:1025100024693AC4B6F72EEEBA4058F40AAEE50E76
:102520003CDB6A2A4C5CEDEBC0EEFCE12F53195EFC
:10253000D10A2AE5EC422D571BCFC60E2F133A03C2
:10254000B688BD0713143E5623BB81BCF3B83019BF
:10255000CCE61D1AB96FB0F52207D41F30B02402A3
:102560002EDBD697075D265482F0E1D62BCFB80834
:102570006408CEF6952BA53D6481D6EEE8CC8FF2AB
:10258000F21ED651D4694C40203EDE6E3005290C37
:102590006340BA1D23161E7628D8FEC80F2F932B32
:1025A0005681FF302E58F7E744EF04E58F07C93B0B
:1025B000C70FB0C7C2BD8F1CBBBAECE608EC865C87
:1025C0005202E9CBFFF9E744301DD114460207213E
:1025D0008F1C1021FE1E26D881F0DC0C3520F32A3A
:1025E00002CFBD120AEDD0F3EADB08D1C527CE2118
:1025F000D6D2C72BBB4C160DE42527FA2AC13324AB
:10260000EB0E3E0FDEF20A49F6FD02D6D012812013
:1026100031FBE3E0E4EB19BD2E81F6F5B415FB3D8B
:10262000435F24E92302C515DD1DC008FD1A00EE35
:10263000591425C24211E7E1D0F83E06E6D70D3025
:1026400059DBF005EB4F0DD52EFF35A425D500073E
:10265000B6B6F6F9A6F733E72419F3EC13350249B9
:102660000C05B5141DE1F90814EDBBE911D281FA8E
:102670000DB7EFE0FF20CBCFE5B1C663812CD17958
:10268000012540FFCA071D2B09D235ADB49CEE10C1
:10269000B936F6454944D422F6F7FF16D5FDA81CF5
:1026A0001E1CF61F05F782C74D6047EE625543C6F4
:1026B00074FA369F0A097E361E0B79DFBCACA2DFA6
:1026C000555BEE4C02BE263042E199D4EC3B2481AE
:1026D000B8FA26D3E248E215BC2E40322B1FDD09A2
:1026E000ECF9D87FFBD3F5440C56F30C03295326A1
:1026F00029B4214152FCC243D11E44D6F6E1ED1D5E
:1027000009F2F2EADD14BE1BEBE0CCD013D20E07C7
:10271000FB132AC553EE225703E8542A13EE3CE676
:10272000E8151406CCA8327F1E143C89DA2E172A2D
:1027300010C80DACDB19EC00AAC1D993D41F1AC381
:1027400004090110B90F0ADE0D95EF83D5F00BDDFA
:10275000EAFB36367FF3F4B3FDF1FB09D81ED6FE53
:102760009E25E4CC0AE4FEFF040000000001000006
:10277000B3F9FFFF29130000CAF8FFFF7836000005
:10278000500D0000B8FFFFFFECD5FFFFA3EAFFFFED
:10279000E9F7FFFF2B1D0000E3060000E2FBFFFF4F
:1027A000BE0E00001409000005190000A906000073
:1027B00012F8FFFFB1300000C5150000D807000077
:1027C000F21E000021EFFFFF29170000D7E5FFFFF1
:1027D000ABF0FFFF11FAFFFFC415000051F7FFFF38
:1027E000C7050000D1D7FFFF7C230000C21B0000FB
:1027F000F7F6FFFFB7260000680C000092F8FFFF15
:10280000BF0600000F090000BA0900006F170000A2
:1028100033FBFFFF47160000E21C000001E5FFFF4D
:10282000E5120000BFCBFFFFFDF2FFFFD506000061
:1028300020F1FFFF23F6FFFF79F7FFFF5CF8FFFFB2
:102840002BF5FFFFA11C000046DEFFFF88100000F3
:102850005D0E000099FAFFFF3F19000061070000BC
:1028600013EAFFFFA6DBFFFF35F7FFFF5735000038
:1028700016E5FEFF0400000000400000FD02E2F942
:1028800008FCF4FB2811E10C20E60DE4FEEF05F94D
:10289000FE0D1610ECFEF701E81106F1ED23040F12
:1028A000F8BF2614EEFFDA0FD60F001BEFF3E4F5A6
:1028B00006F8E8F10FFEF428F520161B0105FAF7DB
:1028C000EDF8F5FD09FDF3080AF506EDFAFAFBF857
:1028D000F8FAF8050107FBFCFFF1F9EDFFF9150027
:1028E000F00B0205FEFCF608030CFE02050AEE02E0
:1028F000FF04F8F80CFD1209F6130CF40AF5FB02BC
:10290000FC04F60EDD091E02230D0002183521F429
:102910001E040BF9E910FBEDF7EB12EE000A141799
:10292000001CF909090024F9FFFF1402E60213EB69
:10293000060A1D0715070B0207F7F9FAF1FDE40A6D
:10294000E11AEECC0816010A22FDFD0BFE03FF0979
:1029500037070BDFFDF709EEE0E7FF00D002EF0ECF
:10296000E2EDF014F11400F7F2070D3AE60F01164C
:10297000FD0210ED160BE7E7D6072611FCEC150259
:1029800017E20208F515EF0D06FF02F40BFB01F646
:10299000F1031505F317FBF908E9FA09FD0400FB3B
:1029A000FDEE0CFEF0FEE40004F015F40E0FFCFC4E
:1029B000041009DDF4F3F9DBFF090DEE0DECE7ED92
:1029C000DC1022F0020609F0EEF007FFC1FEF8F07D
:1029D000FAFEF2FBF2D6140DE6EAE90816CAFDE1AA
:1029E00013F2F5060D44011C14EBFB17310030FB0C
:1029F000EFEBD4FDF6F90C0D30F30A1416D9DD1106
:102A000000DDE1D93131E9273A1B31E1C403ECF0B3
:102A10000D4F63FF050D1EFAFA2BF1D30211BEFC18
:102A2000E5F00FFEF139E9CCF8F00136001A09F7AC
:102A3000F2CDDD0A2CDBFE13E324502AF603FD065B
:102A4000FEFBFD0011FA09EE04F60811F7F8F3E5B4
:102A500002EEF9F405E8F504EAF801EC01EC0EFFEA
:102A6000FC0209FD021E08170D0E050A07F6EF0508
:102A7000F6EAD8F5E70309F5EC060B17FE0C3BFC6C
:102A800048151AD8F822D6F218C316CC03E808ED78
:102A90002126451DF2F10013CE2115150C1A01F95E
:102AA000EDD8FB02C7E3F104E7E11FE0370CCFCF1D
:102AB00019F5FFF1060F04F121F9521F03C31D0E92
:102AC000FA461ADDEF4708FE21F1F0FA18294B0DFE
:102AD00032442A36D5F81108F8E8EDF0091F030C46
:102AE0000400FEFDD923F702F62C101EDBC2FA15F6
:102AF0000B1AC2261F1EFB4204F14905E0DA102919
:102B0000F1F2ED383D3BE411F1E91814F1000CB598
:102B100012100BE91C3630D6104F2418050CEC2F80
:102B200005041BF8F8D4C049E41B1B131A20192113
:102B3000DFF5192A0A06FAC20AEBE910FC0EFDDEDF
:102B400023EE1EF402EFCF0D04F6F9EEFEE4F60BD1
:102B5000F0FC053B0C01082D13FEECE3051D05F709
:102B600000FC0003F5FE0F1EE5DCDCD721EFFAF4D4
:102B70000913280FF1F9F10AF9F7FB12FE142EE5FB
:102B8000050D2E0A3627073437FF0FE103D218054B
:102B9000E80A26083DFFD4FAF71511E119FCF512F1
:102BA0000CEEB2E00A09255FE118E81704180CF9E9
:102BB00059FDDD044729F634F12E54161A08071A78
:102BC0003FDECDEB1BE207FC18EC2AFD0C1E2D0BA3
:102BD0000EE92AE6FDF71B2A24D408012E170C0063
:102BE000F11C2BD40E16F901F9F406F41CDBF7E303
:102BF000F5E4EE2D18D811181CD44234FAD9E00FA0
:102C000003F00DF9E7FF11DF0904DE100315E8FA00
:102C10000214FEFAFF0C09FB0CF4F1EE0612F409A3
:102C2000000FFE0E00040FF901FF000D0EFF09F169
:102C3000FF0703FE0C0E0DEDFD02EFFEF722050768
:102C4000120EF6F31B08F3190D1112F815E018F423
:102C5000F3EF13F30702F103F9E8011DF51E1D045C
:102C6000FCDF13F405FAE6F5E51FF604FF01F4F5C1
:102C700019E715F814EE11FD011F1A050C1CF6D307
:102C800003E8E10C21ED05F90EFF27EC26FF1A21E0
:102C9000EE02FA0712E2FFEAFE322FFD0AF6E8E83A
:102CA0000FD907E119E50D190612F8FB0BF5E5CE72
:102CB0001F04FB111DF71C04ED09E3F8FA19FBF5DD
:102CC000EBF4F7FEE6F0DC0EF8FC1805F81401084A
:102CD00016E2DC09F3F914F1DEE4002810F923E030
:102CE00004FA0AE80CF00DEE0FF0FBE2FCF8E50048
:102CF000FE0B1DEDF0EF11030CF4F3F5300546D695
:102D0000EDB61C1B0C25C35FFE033BDE3BC7571C07
:102D1000FAD5E4F31955E7FEF70A093956F11DF41F
:102D2000EAE507F11F03FA6BD408F6C924E60CFCA8
:102D300040ED40F15DDB264136DFFD26F814251617
:102D4000100E16F8E30304040137DCF4FB07F4E289
:102D500009FD200AF817050221F602F5130FF013FA
:102D6000EA0CF8F0E7F60EF907F2FCF0E8060507C2
:102D7000EB2A23FAE6040001F321F3F4F30A0C0D25
:102D80000CF8F5FFFD05FEF303EBF4F612FDFC0570
:102D9000EEEEFD06090AF8FD04EE16FD0A02FAFF42
:102DA00010F4FAFF07EA00FFF2FFFEE706F8F9FD6C
:102DB0000C0E180CEE03FE0C02F10305F3F619D409
:102DC000BD20D82514E619051C41F50328ED221570
:102DD000DCF1F4141C3FFEDAF424F0E0E0003238B9
:102DE000FAFA13C51A03F22AFC15DDD9243903288F
:102DF000EFEA0D0527290EE4C852CA13F0F9FC0AC0
:102E0000F916F0E8FDDECC280A1FF20723F3E80DDF
:102E1000061F1B0009F704E9FD010CFDE601FF1286
:102E2000EDF90118FEFCF9FCE41CF00612E6FE1EAA
:102E3000E1E517FE040EDB07F62BED18E63ADB039F
:102E4000DDE6DB20F7F2FC40002313FB200813E54E
:102E5000F1E7F2E3071DDF0FF7E30411EF103CED9C
:102E600005140DF1F5ED04F21B0C11FBEFF6F11654
:102E7000FCFC173EF1F614090FF6EE04FCF50BFE10
:102E8000EEF70EE5E602F4FDEE0A0401E50505FFA6
:102E9000F7FCFB02071606EAF8FCE70AFEF3DDF58D
:102EA000000AF71319280D0A0BF30C08FA0006FFA5
:102EB000F81EF4FFFADD0413EEFBE409FDF502F958
:102EC0001F15F1FBD4E91D1C0820F7FA092820087A
:102ED000F8ECF7F7EEE907FA03FAF01BFCE4170049
:102EE0001115FDF5FAFE04EC12E1EAD8FD03FDF53B
:102EF000E814FB02FBE7F30508DFF2FBFAE8F10058
:102F0000E6F3E4011414000BFF0508ECFFF4FDFAEE
:102F1000ECEFF00CF6FE0DEEFCEA1AE6FDF4F4F12F
:102F2000E90B0B1B09FFE429FDEFD803EBFF14E6C7
:102F3000D3080A2004EEFCFDE000DC0AFD0613F9CC
:102F40000A16EF0D101CEEFFF9FA1206F308180826
:102F5000FF06170B2005050607FDFF0100F6EE1022
:102F600016FCEF1409F5FF0501F70103EEFBFC0960
:102F70001605FB11FEFBF109E7F2FE121ACEFD0F5A
:102F8000E4E80B161DF2FCDD07FD1E03D2DBF0109A
:102F9000F10EF2192FC51C2C0BF9E5EB1BC9EFEC58
:102FA000F715061E050E1E3E11EF1A2C0516FFF82A
:102FB000EDE8F3150E0EEA37F9E0FD110424F3DE17
:102FC000EF0B0B15ECD618EF0E1902F31007D80310
:102FD000F1FBF4E4FF16D903D10104CAD4F80DEDD6
:102FE0000516CF0003F112160C0CE7F908FFE002FA
:102FF000030D2217021CFD06EA11F4F101F2F5EFB0
:103000001318FED11FF0E81F2D1DF70B29FAFA0E39
:103010001C32360434E0DB2814083014F904E324AD
:10302000FEE6010CF4FCF51407EC250DE3E9D6E807
:10303000F8D9EBEB1F2213F6DD122022F4F8402A18
:103040001119F72C1023EB190BE932EEE7DE0DED29
:103050000E02FA060A2B09E107FD0019F4FA11071E
:10306000E5DA0E10E8E8D723F4F902162E48DA184C
:10307000FBF8542606FCD8F822F4ECF5FA0801FE19
:1030800005F8F809040405081101EE0712FF01F222
:10309000FD050F01040B05FA0DF30009FB0F0D0DE3
:1030A00007FB0A0000DE04F5FB0808F5FBEC07FC53
:1030B00014F50E000A1508FC06F80CFC0A161E1A78
:1030C00030E6FED8CCF6D619DA0DD707F401F8436E
:1030D000F5F2E71F160C0F2813DD20F953FEF8EB6D
:1030E000E209260F26F95F08E8DA1BFBFFCEE204AF
:1030F0001802F20102FC0C0C0EF4F6FBF2F200F3E3
:1031000016F4FEEF1315EC2EEDF507E0230903E0AE
:1031100005F40EF2FCF0F9F8FCF2241F071B14EB87
:1031200006E0E9F40103F3200DFBEFF2F1E9EE0F05
:103130000200130FE8E2EE060ADFFA14F80802F2C2
:10314000121407D7FBFA0E1EE50307F5000C03FC6B
:1031500008070306F7FEF4F7FFF810FB0B0BEDFE74
:103160000DFE071602F70D01F80FF51916E7080115
:103170001E09FFFFFA0CF7160302FBF8FB00E6D965
:10318000FC1F20F51E11AC1C1C011A01F7F23A209D
:103190002511F4FB142E24F806022FED13F00D0573
:1031A00008C3E9DB052A392CDC140417DC2B1F09C2
:1031B00052A604031008230A1112FC12FDFBFBFCAB
:1031C000020EF7E80805FF1904100A0B0405F5F7CD
:1031D000050118FFF602F8F0E8F1F7F80C0C04FA14
:1031E0000A1722100F1107FEF619E70202FD0DF172
:1031F0000AFF22FD00E70AEC0A06011B211DF70D5C
:10320000050921130A220B06F81B10202220ED0DC0
:103210002C1B110D1F0909060E0A2A1F0626FB0B7F
:1032200023000E1BF91A05222818391CFC1C100A51
:103230001603FD02FC0B17FE001609120608EF0527
:103240001AFEFE06EDF0F8F6F406DCF5FE08F0FCDA
:10325000040602F901F400001104F4F4E9F1E80DA8
:10326000060D080402F903E8F5FB06FAFC070AF963
:10327000FCFD110AEF06F8F2EFEAF2F8F60FF4029D
:10328000F9F3F210F810F3F3F4F6F8E905FD17FC82
:103290000505F9F3F807EC1B0B04E6F50CF909EE4C
:1032A0000BFAF8E1F91107ED0FFEFFF2FE05D80A5F
:1032B000EBF504F011F90011F51206EEF0EBF7FE54
:1032C000170BF7EDEEFE000412FADFF90B15F50B04
:1032D0001A0403E3EEFAF003FF0500F9FE0FF80FFE
:1032E000FDFBF814F6ECF6F8EFFAFDFC09F2FAF53E
:1032F000F204E7F6F005F304070B0CF6FF3616FCB4
:10330000F7F5EC08142E2069DE1A0F007F31C5FE98
:10331000D5E4ED31F745F2B9D2E258CEDA24D6FF42
:103320001D32F822DDFEF74BEB12FD14122A17EFC7
:103330001F4CE217D4D32C02F218E1EF0FEFFFF786
:10334000F4E9010CFBFEE0F00D0210DF05F8F900D6
:1033500000FCF906FC0607EBEF1203F201FDEF0F8C
:10336000FFFAF9F7F1F60F0BF5F10AF0EF0DFCF7A4
:1033700003F512F3FEFFF1F8D308F5FCF310D114B6
:103380002A281C063FDDEE06150EFAED0C0112FA96
:1033900000285A1E1101FAFFFF21F41BED1DE9253B
:1033A000F6CA0310F611E6E92020042A162102EFDE
:1033B000FA0F2D0E06EEE1EBD1422D02F1FD01F6E2
:1033C000B9100AFE3613D3EC0CC63D1ECFEDEFD577
:1033D00012FBDC22DBD902180A0EFA1002B10FD35D
:1033E00011FB1F11D537CB1F0801FF013BFCFA0A67
:1033F0000FE9EBD7FCE311F40E1A452C221D04E46F
:10340000F8F7D7F701FD090DF72920E21FFBFE2190
:1034100004EEED14FC102727C6281EFE0E280F040C
:10342000DB262D1507DE1808170EB5F8F4F40DF09D
:1034300007F3FEF6F6FA0FFCFD0A0A0E1300FDE193
:1034400007FAF5FEF20305F9EB02F612051C070D6B
:10345000EAFEEE051E0FFB06060006F710EA080955
:1034600003F60AFF16F316EDE9F616DDDAFAF209AD
:10347000110E1405EDF80811F4DAECFB13FAF0184C
:1034800002F6ECF305E626FAF824FBF50707190126
:10349000E5F2F8E3F9F80FF9E7F3FCDEECF60F05D7
:1034A000FF10ECF1FB1421E7040EF1FFEFEF20FE1B
:1034B0001A0BF4130DF4190611F604FF023AF72E55
:1034C0001BEAEEF90BE8FAF4F7CF240DFFF51E1115
:1034D000DEECD5DB0C135F00E5F10EFEF91427DC02
:1034E00001F2E5F722FF13002600020F0424FCFC82
:1034F000083A2158ECE2F1033CE0EE0DF017FF042E
:10350000FB180EFDF8050916E4FDF9E9DEE003F00D
:10351000F303F8EEDAEE1818D5F7ED0918F4FDDD2F
:10352000EACD26DEFAFEDDFBF2090C080E00FAEC0D
:1035300002EF05F613FC1F07081D240E0D02FAFF0B
:10354000EFF7F7FA13EEFFFE0FFEFB19FFFFFDF892
:10355000110907090AECF9F8060B00FAFCFA060053
:10356000F9FAF005F8030505F31002110D02080140
:10357000030A0D08090802FDF502070912FF4AE8CF
:1035800001F6D9F205FFE83114040FF8FFFCF5D578
:10359000D4E7EAE3EF1D0DDFB9ED24F6F3281DEFC4
:1035A000F407EC07E70516050702F3FD0F00EBE94A
:1035B0001A02F82A15DA0EEC08E9F90401161BD5EF
:1035C00018FA13EFF5EAF81EECFCEC12F604F9E930
:1035D00005FF1F021D0DEB20F314DDFA290FF61B6A
:1035E000F7F109DF0FE2DBF3D9F2F6EC10FE061378
:1035F00015D91CECF61E13C51F040AF209EB10F8CE
:1036000000F01700F7FBF9EC0CFA1302E9090EEFD2
:10361000EF0407FDEFE5F7F5F5F2F5E5EEFCFCE765
:10362000FC0BF808FF08040710020D0120EC05064A
:103630000BEEFCEA020AF20E0009FBFFF0E3E7FEE4
:103640001602FE040B01F7140406D30A231B0EFC1A
:1036500007041FFD050DF10805000207F41CF90918
:103660000B070106F0F611FAFAFF1501E8F9061446
:10367000FF08EE1D07F9FBF304F5E90CFB34E90044
:10368000FEC2E9C524D604F5281C280418C90F3E3B
:10369000E31F262F24111EF0FBF3E51CD31221F1AA
:1036A000FBD9080801090217EF3BEE263F2CB6EACA
:1036B00017DD36D508D4F2F1BB52F91D0B06D8033D
:1036C000F9E70E140101F2ED0D11EA03FD03EE0519
:1036D000FC1505EA080200F5011E04F604FDE217D8
:1036E000F2F120F5F204EAFB020F1606F2FBFAFAF9
:1036F000EFF104FB070CFB14EF0CEC0EFAF4281BA3
:10370000030DE8F3FEE8040EF01625D904F21711B4
:1037100014FF0302FE02F027EF02E304F3162CE885
:10372000EF0DF204202430FC0D12CEFE32EA0AF333
:103730001FFC26FDFD02C0FF301E03290122FE07EB
:103740000103E81FFCE6F119150D06E91DF7E12E4E
:10375000E8F2DFF410F61E20E404F1F3FA10E9EFCA
:10376000FCF4FBF0F8EC20270AEC0DEDEC1EDBFB83
:10377000131010FA250E0B02DAFEF00BF2F3FC0721
:10378000091B0A1BF01005F432FC0BFE043012D2A8
:1037900023FBF5D605FBF0F0E710F93DE71CF30F2E
:1037A0000008D115E4E8F301F1DE27070F2912E73D
:1037B000F7D8EF0C2611F5D3F40AFCF90925C41249
:1037C00034CFFEF3150BF6EBF1F33B10EDF118F8E7
:1037D0000A0F0BE3F2D6FB031106120A0403F7F5F6
:1037E000EC0DFDF91509EBC62400151DDCE1FD0209
:1037F000F4100005F5F3ECDF31C3230EF9E607F30F
:10380000DFEBD9E41104F1ECFFF6F7F8F7FBF4FB7A
:103810000412120E0CF9EDF6F9EB06E8E30BD0F802
:10382000EBF90D2CFEFDED09FD26EDFF09F8EBF19E
:10383000D3C9F7EB01DDFFFAF0FCFF28F917ECFF25
:10384000FDEB0EDE0EF01CF4FCF2F20D06031A0A7C
:103850000AEB0B0FDBF4EAFC1E04FA0A060BF70472
:1038600028F1FFED0FF01407F81C081602F001E331
:1038700037F6F8DF04FC2BED07FA16D71210FA061C
:10388000FB05220D040C07EDECFB0618F516EDFF09
:103890000BFBF6F90DF6011412FE040209F4F8F719
:1038A00016102212FEFEECFD10FE1706FA06181D79
:1038B000071B0405050E1CFD2207030305FC040578
:1038C00009EC030004FB0EFF070600FB0FFF02FAE2
:1038D000FE040DFBFFFCF7FF0100FEFAFD0AEEFA05
:1038E000FF010B09F0FE02FEFB0000F107040BFCD8
:1038F00000050B0103020CF3FE00FBF2F107F401DB
:10390000030806F503EC06F4FA0FF41D001209F69D
:10391000141212F006EC081627F707F10418F70046
:10392000152300030FEB00ECFBFFF9F6EDE7340E77
:1039300004F1051005F60B02FEEAFF09010FF9E29A
:10394000D818E8F2DCFD13FEFE00E2040220FD00C0
:1039500023E5D5F1EFECE2FAEFDF0629F9FB08F3F6
:10396000101BDD0EF6FF11F2FFFB08ED13F6F51448
:10397000E801EEEC0BF10703FDF1F3EE1102F601A5
:10398000FAF1EC17FDF1EF100810F00F0614E1FF4B
:10399000FF14FC061AFFFA00F6F912F80DF80407F6
:1039A0000C010A0CF31106FB170B1BFC14120D047F
:1039B0000F10FD030D031D07F91CFCFDF4FCF802BC
:1039C000F812E6FCED041EF9FC12E30C1A1407FCD5
:1039D0000E050AF5040C02FDFE0715EDFD28FB1B84
:1039E00017FE080502DC00EFFD010D03EB1C001DB6
:1039F000FD0608030107FDFDEBFDF8E601F0E527F4
:103A00000B16F313F1F937FB0C14E222FB1601F34A
:103A10000A16FFE4F3EEF0E11AF4F602F711EFF103
:103A20001224FAE6111EF7F8260905F725E91A19F6
:103A3000F003E608FC05ED071DFAF1010807F5158E
:103A400029FA0311E91118FDE2FDEF090A1B041A16
:103A50000900FF030F0806F9F1F7040AF62A080423
:103A60000E171E16FEEE10E502FA02FEF700051311
:103A7000F6090513FA0E03FDFCD9E3F50522E50C62
:103A800004EC16F52AF10BFAE5FFF31CDD0CEFEF61
:103A900009FCFAF10DE705EFFB0C1006F1E3110A42
:103AA0001A04EFFF11E808E715131A0411E523EED5
:103AB0001613DE16F5001EF51515E9FE08DAEB0102
:103AC000F92B1323DCF30813151EDA001E1EFAFA75
:103AD000F6010403F615FC190208E9FF01FEF812CD
:103AE000FD10E8FE11FC0BF70C020AF2E2F21202E2
:103AF0000CF4DFFF060404FFF001F0E911FBC9122A
:103B0000E507F617F4E0F0DEF404161FD90EFFF215
:103B1000FBF3DEEA13ED35090B08E4F905F3F0EFEA
:103B2000061F17EB1B080AF7081CFF04E008330503
:103B3000F7F71A0AED04E7E91701ED050404F82385
:103B40000D23F9EC0B01E9DEF3EF1118E31A080776
:103B5000170F02EE08E61107EFFC17FE08FC0D1226
:103B6000220807150A1AFFF8160D1B1E15020F086A
:103B7000F713F802E30E09050B0C060FEFD9141D1D
:103B800003211608CBEC1CF21125E616E92AE6ED16
:103B90001D1CFEE2F608F71903E20602F6FCE50337
:103BA0001E14EF14F821F8FB12DE22DCFE0E18EDD5
:103BB000ED110AD5D4EA02CA02FDE7F80BF80100BC
:103BC000FE0015EF14E7FBDEF9EEF50CFA0A0F0E16
:103BD00007FD0EE90CE5FE180CD9050408F612DD08
:103BE0000823DFFD03182810FBF8FB0614F61C0D54
:103BF0000BF7E81407F8161E1EED063AE70BE30470
:103C000004FBF0E7041B01D9EDF21FF5110120F4CC
:103C100011F8F4EFF5E7E1F814DEFDF3F50206EA3A
:103C200017F5FAFE02F5FC12EBFBF1FE00DF09FDD1
:103C300016FFE3EE0B1600E70DF904FF0DFD02ED94
:103C4000020907110506F30E110C030BFB00E60435
:103C5000040EF40400F907FAF800F80001F10CFF73
:103C600010FF0801F5EE0A1508FAFDF91501FBF938
:103C7000FC02FAFB010A0910FAFDFB12F6D927CE65
:103C800002F7100000112FE7FFF026FC15FC2D1D98
:103C90000212E501181F01F6051F28ED092F00FB90
:103CA0002C03D1000C0105DF04FA020E1A22F701E1
:103CB00008F7DC0EFCFB050900FCFB010EF40D000F
:103CC000F6150714050CFC020C05FE230F1304F275
:103CD000290F07E92DF407111A0D161BFE0B14FF0F
:103CE0001B0AF90A020916F730F024F1F006FA1F50
:103CF000EC10FF0D041C18F9FBF6F815E6D21212B1
:103D0000FFFCFEFEDCEC09D60C1BFB1BEF2AFAF3D2
:103D1000252902DAF9081BF91A12F1FDEE06ECFD6D
:103D20000510FD1AFA2918E917F51C04ED151DF206
:103D3000E1F9F7EFE310F4EC09FEDF09050A080CDE
:103D40000F0710F412F00007ED1BF7FBFBF9FCEB7B
:103D5000E7EA121AF8D806140FE9F8F115F7FAE8AD
:103D60000509F00008090FF70AEFF2FD06FE09E960
:103D7000FC1CF50FFAFE140822160E0C040A0405AA
:103D80000207060101FF0FFC040E12FDFDFB0705F3
:103D9000F8F8FBF7F7F8F5FEF2FFFF0713FE05F35F
:103DA000F30803F9FE06F5EBF908FF060214FCF62A
:103DB00006FDFFFBFEFF04E90000F00705F302E447
:103DC000CE2101CEFAE10CDBFC0BD908F30BF9F1A3
:103DD0000710E5ECF0CAEEFD0F05F6FB07F0FF0E4D
:103DE0001B17F03BF3F8FBA609FD080502EB1F26A5
:103DF000E5DFD8FA23DAEDD30900D4FD0620091156
:103E0000E80412FA0A06120B08121002FC070D1041
:103E10000A10FEFEFAF2180908FEE50209F8E9F6B2
:103E2000FA0617F81F17F8080A17F60704F135F60F
:103E300008EA0DEC0907FA15F82111180BEA03E955
:103E40000E1C08F01B03EEFF00FC16ECFA11FEFB43
:103E50001C16181EEFE1F204FCF6E7E4F41219F95F
:103E60001D11F41AE6E707E30306EEF92CF2FB2630
:103E700007EDEE000FEDDFEE111812130E001BF030
:103E8000FC05F101E5FE33061112E1172902E506F2
:103E900004020B0404FCDE10E4F9EFF50B1C130C18
:103EA000010E10FFFCDD00D8FB0301EAE1FDFDEF90
:103EB000F30E01FB031115E4E301FAEDFE05FD022B
:103EC000F2EBFB130517F40216FD09050C0810D5DB
:103ED000FD03FF09EB050BFA0BF803EB0AFB0209E4
:103EE000FC020AFFE8F3040A0BF8E907D5110217F0
:103EF0000007FCF90FF00B16F6E9F8FC14F90704BB
:103F0000240C18F2F8FE171C0809EF02311C1918CE
:103F100024161007EE0AFBFF05000F10011C061EF9
:103F20000D030A1D26FCF90BFCF5100DFB0512FC18
:103F300001F90006000EF4131100FDF8FBFA141449
:103F40000401F5F9040A1302050111F8FE0C100032
:103F5000040D0911FC1604FEF2F70414FE131412EA
:103F6000F4010CF9FCFADFDE040FFDF2FFF015FBA3
:103F70000E18F2EBF603FDF30E0B0CF8F5130DFF24
:103F8000F1060FE7E9E612040A1AE2070908030C32
:103F900012060B001112F602ED040408FC16F911CA
:103FA00006FF02EA0BD6FAE2040AF3F1F3FE18EA7E
:103FB0000700FEE1FA0F07E2E20DE9EEF7F71A1B40
:103FC0001D0EF905E6F500EF2B10FFF33115FEECA1
:103FD0000B0416EAEC0106270711F602FE0704138C
:103FE0000D0FF80EFBF12A1307F810F7FF05001369
:103FF00003383216050E0E0D080112EA02FF0BF906
:10400000E90100F4F2F70EF402090D07F70C16F9B6
:10401000F8040FF80FEBFDFF05F90211F4F707069E
:104020001E10E901FB0E0DFA29F30E04F7F604FC4D
:10403000FF07EC060AFE00F9FAF4170EFEFD1A2936
:10404000FA0F111EF21B0EEDEB020D050005F9082B
:104050002504E5F1040F0FF9EEFDF0FF02090EFB58
:1040600006020A1C270500E501100C0B113003178E
:1040700007FD1AF3FC12E9F822F1EFF90B0A06F733
:10408000F806FA010A0505F902F919010502FAFC18
:104090000401040D02EB0101FFFDFF000EFE02FB17
:1040A000FF050505F212F708FE01F806090305F001
:1040B000FBF6F50002F901F9FEFBFE0AFFEFEFFC4B
:1040C000E6151DE1FCF516FF1B07030EEC1FE4F3DC
:1040D000070814FFFAF2EDEFFE26E3ECF3FBFB1703
:1040E00022200B1CFA1210D4152A2112FAEF2BF5FC
:1040F0000DF5CEFBFDFC0CF10B1C150111FF0E0F95
:104100001301F4F5F8F3100CFA0CFD18FD13FC0B79
:10411000091712F503F5F3080FFC0901060F03094F
:10412000181E05171E1212D9091C10F404F90327D2
:1041300009080CFDF211FAF60A01020204F9120F45
:10414000F2FC1C0008171217101CF90815FD1BDFE4
:1041500002FA09EAF404FEFB1AF9FA0DEB02130065
:104160002503E809EF130212110E0F26F50C2C0996
:104170002F20051B0E0C1F040B1F0FF909F1F3264E
:10418000E311FC00061017BEF9D12122DEFCE71571
:10419000020EF0070FEE2FEE160418D7F5ECFAD842
:1041A000FD13FB1E0908FBFA0BFDF41C031205EAC4
:1041B000FC0CF51ECB0BEC0922F4F5F8FEED0C1906
:1041C00010160A0006FFF9FFEF05E910FDFCEF04E9
:1041D000FB01F9EF09FB0C0103F1070AFCFFEFFCFF
:1041E000F3F71411FD05F00501F905E1FBF8060FE1
:1041F000F20EFA0807F10FF912F1FE000BF3EFFED1
:10420000DEF700FC020EEBF6E60504F7F0E0F1EC59
:10421000F1F4EFFEF0F9F7F3E6FD00EBFCF004E754
:10422000E9EDFBE5EAFE06FCF9F8EA080002F4EB2A
:10423000F204FDF405F0F103F4FAEAEA02F214FCE8
:104240001F170C131927EE22F8F822021605220672
:1042500016FA040B0C03F4F71F042C190114F3F3E2
:10426000FAFC0C0BEBFA002B11FAFC1A1FFBF60EF2
:10427000220E00080A12170A09F21F2004FEEA1390
:10428000F8FAFD17150905F00B06F20406000DEC0F
:1042900004210AF015F3E519F51C030E0E0307FFC0
:1042A0001C04020B06FA13E821012100161304175F
:1042B000E80F07F1180219E02210020303EFF20AD7
:1042C0001B0F160303FA04011501080E070DF1FC7C
:1042D0002C06F4EF16F10B0615FFFB070DFF061376
:1042E00015FD0522FDF40E000908230D190E170D0A
:1042F00000FE0408F109F9000EF2FC0D04151F1769
:104300000F0B251908F8FCFBF2E503EF09F4F3BBEA
:10431000F9DAFF0B0AFAD9071B21FC13FD1FDE0592
:104320001022F7FDDC05F50C0AE00226F102050972
:10433000072BDC0B261709EE03D71EDE0901050C3F
:1043400009FD22130E09FEFF2CF623EF3A16200773
:104350002A0F0F0E04EFED2B01120B2B130414FA8E
:1043600010F7DF1C151D0F18FDF42A03F7FE0403D8
:1043700007130A19E607F60D0A0E420005F115F3B8
:10438000FB0608E1ED06E9FBFD06E002FC1BF60B6F
:104390001A02F8E21BF5F01129EDF82601E0F0EF22
:1043A000182BD83710131C041DEC110E07F6251915
:1043B000FEE6F2F60AE503FB07FF13140AEEF40A21
:1043C000DEE7140013FF0BE5F100070EE7FAFD0628
:1043D000F709F3DFFAE218070309FCEF1AC8FCF942
:1043E0000328041D0B2517030AFC0210F6091C0301
:1043F000F50AF40903DC000019F7021DEFF40AF3D3
:10440000142DEAFEF00716DAFA07ED14071B0CFD6F
:104410001F0BF5D607F10CFCF1F60118ED2102F6A1
:10442000110EFCFBE8E315E20C0B0AF3F8F3020AA9
:1044300004FEEF0C1B1A0AFB0D00010302EE1A101A
:10444000040117F0DCED0508261403FAF50704E172
:10445000110211EDFE0D030DFB14FD13F2130614F2
:104460000000F7020CFAFAD91A0416EEFFF70AF662
:10447000FDFA02E6F9E70BE2F915001100EEEC1087
:104480001BF0FCE9E7FF1910010DDD0C1C1301DC2A
:10449000FAF8FDDB000EFF0A0FF8F8E3F429030336
:1044A000140EEEF9F20204D3FEFCEFEA03DE0E096D
:1044B0001117FA0D1CF005E814EBFCEC0002EA1FE2
:1044C000110B0AF501E60400F701DE16E90AF9E925
:1044D000FDFDEBE3FF032C051803F6E7F11AEFFDF2
:1044E000F40B1301091BFDEE1BFE010F0BFE122046
:1044F000E91401180CE806EC0F0E01FA2109110B62
:10450000091C202C04170A0BF21B041BFB0BEEF3F7
:1045100009FE06E711FF06070CFCFC0617EBE8F2A4
:104520001808130BFA14FC0D030E1DFD14191A1BA9
:104530001A131A060D0A1DFA0E04F9FA0CFEF706F4
:10454000FFFF1614FEF70F00ECFDFCFFF91010063C
:104550000106FAEC08040D0B080D090C07F0EBF24C
:10456000FD12ED011312231711F80E0EE4000B00DB
:104570000904E0080008FB13FFF9FEFC05F11F0C1D
:104580001F21FAE9F1011904EF10D40AF90D01F025
:10459000DD1B2600F00AE410F5210608F3330C12A7
:1045A000213012EDFD1A12D516181D06F9010FF46F
:1045B000FB02DA0F021318E71C1624E3120DFAF8B7
:1045C00021F710FB0A060F0AF10A01FD0D181FE979
:1045D0000E0000F70DD4FC18ECFBF40B050F04F8EB
:1045E000FB08F3FAF8FF0F0D140806F700F103F9C2
:1045F00011FDFB11FA190FEF10FF0C1500FD06114C
:1046000021F9FF0D050506150620FF02160DF50E12
:104610000205FBF60016FFFF0A03FF060B12F81057
:104620000503140F06F3F404F9F40A01FB06FDF97F
:1046300000161C08FD0D0CF90204EA03F21FFD0B25
:10464000F40210F5F4E40CF30BECFB15FF08FFED9E
:10465000150A06EFFCF6FB0112FD020CFEFFF3FB50
:104660000E040AEF0407FAEDFDFD03FB16FB090239
:1046700007EDF4EAF80312EB0C0E00F3F729DD1E48
:10468000000EF1FA01DC12E208F4002901330E1EDB
:104690000D1BFAE914FC3EEE02F913F8EB0A0315C0
:1046A000010F29F7E20A16FB21190820F30E010376
:1046B000F212F4060D190A2FDAFDEBE304FFF822DB
:1046C000EDEEFF081AF60FFA0F1007170D05031588
:1046D0000F1207FB07FC1006ED1A130604E3101275
:1046E000FF0F1A1A13000D08121A1D06140B13EBF4
:1046F0000506EFF601FB1E15161C0512090D001527
:10470000FEF701F5FC0219EB1AF41708F80618FB7E
:10471000130F0BF1F9ED0E0311FD021A0EF8240927
:104720000EF5040A08FEF9F21C08E20BF2FDFF0880
:1047300002F8FCF4F013FBF60609F5F5F20806178B
:10474000F6FFF8FE11190302EFF30EF5EE0013F574
:10475000E701E30AF4100F04FBF5F4E9050504E9A9
:10476000072415E0FEFB0009E008011A011CFFF513
:10477000F60725FFFBEB081600FBFBF2EDE3EA0969
:10478000FFFC1217F211FBE50EF2FC0BD900F2024E
:10479000F3F2E4FC031306F6FD0BF6FBFEF1000555
:1047A0000FE80DEEFA07F601DCE512F9FC0F13F144
:1047B000FDE20CF804F910FEF405FEF0F0010CFB2C
:1047C000FFF927ECFC160AFDFA1AFFF7EAFD0910BB
:1047D000181217F9FF080121F9F3E7F7EEFDE5F2EA
:1047E000F42AF1020B1808FF20EDEE0908F51FF27C
:1047F0000001E3F5F40AF8051AE402080216F812BB
:10480000080008D900E90D00FD040D0E0511120481
:104810001010F80CF408F1031CF20F0BFFF8F70B63
:104820002C02FC1D212116FC190F020100F5FF06C8
:10483000EBFFF9FFF9EA13101CF7ED0D0109F5EC98
:1048400000060EF5130FF50207F10808E909E80163
:104850002A1EF2D208F009EB06000308F00FF8E771
:1048600015F7DF24F1EEFEE6FD100806230DF51C1A
:1048700005E8FAF8EAEEFC020A110F040B02151122
:104880000CFDEB0BF219F414FEF90CFF09EFE41325
:104890000FF900F10B0C0AFBF7FB02EDFB0FFBFD20
:1048A0000BE2030A1D04FA03070B0910071BE0F8CB
:1048B000F82A16F4F2FF07F60013FFEAFC0201FEE5
:1048C000FCFA03FD0BFC040502020306FE020404CD
:1048D0000E020704FDFB050200FA000401FFFCF8CC
:1048E000050DF90BFC0905FCFE020CFBFB0306FDA4
:1048F00000FC07040306FCFE000801FFF7F4F6EFD6
:10490000FEF1F60505081B0DFE15EB00EA12FC0290
:10491000F007050806140D0505F8FAFD11F00F164D
:10492000F50BFEFB16FC0C0C13F3F2FEFBF1F50F7E
:10493000F40111EFF7060326FC00F300380710EF2F
:1049400000190F010B0CFEF0ECE9F607151708181B
:10495000FEEDF73E1C27FEFF13FF17EF5D07FBFF81
:10496000F5FD0F0E12000E01D6021205EDF2E8FD64
:104970000AF5FB0528F31E22F9F1E0050914F604F7
:1049800002EEF6FB0304FD01FDEB00110C04F8043C
:10499000F1F809010AFBF90FF404FF06F5F6F3F745
:1049A000010BFEEF0205F3131004030A0C030600CB
:1049B0000715F10C0FFB0CE8040F01FD06F905FCCF
:1049C0000809FBFAFBFD14080B14E4F90C08F503C5
:1049D00007FA15080504EB0B0201F704F2170901A9
:1049E000FA000401FBEA03F20DFFF9F203FCFFE811
:1049F0000B01150807FA0EDF0102FF000F0EE61883
:104A0000F5E7E5FEFE0F04F2F6FDF6FCF80907F601
:104A1000EF030409080C0FFA0905F6E5FB06D6F9C1
:104A2000E02016FF03EE11E4EA18F00FF3101B0D5F
:104A3000F1DE100F37F9091BEC0FF2FBF8030A0443
:104A40000E07ECF9F3EC04020E0FF4051209E9006D
:104A5000F304091603FEF906E7F6FE00FE1E020A3D
:104A6000000208F402FBFAE010F2F9F011FB0FFE6D
:104A7000F90901F804F80BF7FD00E602E3F310F280
:104A80000A011706FE18271705F104E0011B0CF3B5
:104A9000040AF902F4FF01E4D106EE23E60217F559
:104AA0000F05ECF7ECF3F118FFFC08F71B12FAE026
:104AB0000A1D1E26FCF3F1EC30EDFFF308E907FCBC
:104AC000081A0E27F604070A4212FB07F1FB17E249
:104AD00007FC050BEDE80EFCFB1C18FC17D61AF8BA
:104AE00008010204F5F8F9FA0AE9E8ECEDEBFF0D2C
:104AF000E807F3FE02F408040D0003FAE212EAFDEF
:104B0000FBFCF2FEF9D8FBE3F30704FE0102F21B03
:104B1000EE0104F228F609F3F918F1FCE5FE1B0A90
:104B20000F03EAFA220827F60EFBF3F4F813F8F461
:104B3000040D1707F513E8FF0708F215FE0ADFFA60
:104B4000F7F6080B14EF04080FFF0AFF1801EB0536
:104B50000601FB030505F90508F70A10F8091EFB15
:104B6000F9F7EA15140A000D27EE05F6FE0602F124
:104B7000F40FFC17F5EF050F13FDF3F90015DF0532
:104B8000F0021801EF0809FB0313EA06FA16040005
:104B900015130A0CF1F4EF1C0CD3011218F8F7EE00
:104BA00011FCE50500110CF90BF819F7DBE3F0F93E
:104BB00003E708F0F5F81125E8110AF20C0BFE15D1
:104BC00016EF0FFDF8EBF1F32EEFFDF7F40BE8F61F
:104BD000F6E71CEEEDF42B1BF22115E1FC0100FFC2
:104BE000021E0302FAFB180618F3FA00000600FD85
:104BF000F7050BEEFDFCFBF2150D1010F2F712029B
:104C00000907EFF50F10ED0509E80EF4E4ED0A14BD
:104C1000E803F6DFE8F4FCE5F4FDF6F5E0F50A025A
:104C2000FCFE06EBF806FDEDE4000E140D0EFF058C
:104C3000EAECF306EEF9F70BF5000CE80FEFFCFADF
:104C4000F10108040DF8E3F5F10605EEF9EE0502B1
:104C5000F3F6F7F9FAE308FAF6FE06080CF8FEF4A4
:104C600004F3FAFEF51A071BFDFC010B0805FDFF16
:104C7000F2ECFD0601F7FC12F1100702011607F233
:104C8000030A0806F803F419FDF9050D020B06F3F3
:104C900001F8FB070F12FDF6FE0A020AFF1C1209BB
:104CA00000F408FDFF0B0BEFFFF90BF30701F7050D
:104CB000FD00F8FAFEFF02FCF20CFC05F0EC01F03E
:104CC0000A02F5F6F5030BF1F5FCDF06FA100817FA
:104CD000EFF6F3FA010503FC0A0E00F1FCF1FB0EFE
:104CE0000AFEF304FFF409FBF8F80706FCF70700D7
:104CF00001FCD805FF1CFC0E0102F4FB220919F28D
:104D0000160B0BF1E6F9F4001A0811F9FE0BF1107D
:104D100023E3E90602F6F016EEE518101910FCE59B
:104D2000FEF1EB12F7010B06F9DCFBEDEC0BEFDA11
:104D300021FC0AF1FA041A1706EB180E05120F04EB
:104D400007110520FA15F10B04FFF2F0011206EF2E
:104D500027FD0C1EFE12010DFCF000FF09F4FF0FF1
:104D6000ECFBF306F0FC01F6FFF309FC100EF9EF83
:104D7000FDF715EEF8F90312FB03080A0308020613
:104D8000040A0302030102FE0D04FAFB06FFFE0201
:104D9000FBFBFCFB05FF0603FDFE08FD05F8F50621
:104DA000FDFD060308FCF50000FE0300FE0B0703F3
:104DB0000107FA05FB00FFFD02F3000416E5F4EA23
:104DC000040FF60E0C0F01FF09FD14F7FC09F11199
:104DD000010602190DFB040BF1EF05E60EF0ECE7FE
:104DE0000017F517EC121C0814DBF901FB13F2F2A3
:104DF000E4FDEE0F11E40A02F8FBF8FE0108F4FBF3
:104E0000F9000C1C02F6F9110003010713F5EAFE84
:104E1000FD1105DEF501F200FEFCF620FAFC05FDB1
:104E200011CDFFFF040EEAF20B07140BF9FEFA0690
:104E30000CFA02E9FCF41EF8E81003F206FFFB008E
:104E400016FCFF0706E9F3F80E0A0F00F9FF05FB51
:104E5000F70C0AEBFEE71C060101040A0DF21BFC2D
:104E60000C0804F9E1FB00F8130305F514FFF1FC4D
:104E7000F5FCF4110AEFFA1416F50611EFFBFFFA30
:104E8000F30209EDF4FF0AE701F6040AFB0BF9F15E
:104E90000FF80303060A0606FB0608F80B0BF9FADF
:104EA0000E06FA12040C0EE20EF5F401EA04FCFC04
:104EB000F800F7FAF5FA0BFE10EEF906FAECE8F94D
:104EC000010E08F9EC04FFFFF2F8ECFAF5FFF00E22
:104ED000FA09E906FE00FCF00FF1FDFDE9EFFF0124
:104EE000F7FE0602F4FDEE05F6F8FEFF04FCFB0BF0
:104EF000E7F9F9FD08FCEB0105F400FD1300FC00E7
:104F00000A05E9FB15EE10FA0F00F8110D030F1654
:104F1000100A022E0AFB01F1150208ED090C030725
:104F20000A010108260A05F00EFEFEFA010503FB40
:104F3000F40A101903F0F706F5FBFC11FA14E70563
:104F4000FD0511FFF6F6FDF8FCED010E0A0C15E467
:104F50000005FFE1F1E8F316F602F102FA021AFF8A
:104F600001FD0EF90F04FC04FB04080013F020F10E
:104F700020E7F5F801FB14E60506FDF905E8FCEB72
:104F8000EA06F4060A0BF9F7F2E10CF9E40102F87B
:104F9000F601F807F4F8FA0103FE05FAFEF60FFC35
:104FA000F7FC0CFDFC17050904F5F6F50CF6F50CFD
:104FB000F7F9F809FAFCFC031004070DFAF113F3F2
:104FC0000005FF0706F2FE030507041DF4EEEE11CF
:104FD000EF0A160C09F00F03FF0AF0F1F108140EA6
:104FE000F2011EE3F8FB0204F801E7ED130C04F7ED
:104FF00016EFF206011AF70BFDFA081AF7FA110775
:10500000EC000107F2FF12FED9EF05F1FD110504D6
:105010001A00E5000212EC0B0001EAFC0E0810EA8F
:105020000F04F6F3190B070AF808EDE704131BE960
:1050300023E81AEEFD15041A23F8E00ADBEA0EF65F
:105040001D2109F112FB02F706FBECF4F8EAFF0759
:10505000051E330808E9F5F9E114EB05DCF8000852
:10506000F8F70F0BEA000BFB0806F2F81DEDC7116D
:10507000D8FFFEF70E1AD50FFE1921170603FE0BF7
:10508000F8020203090003FE00FE0B040109F80404
:105090000300020306F80802030007030805F900ED
:1050A0000B03FE04010800080302FF0509FC0701C9
:1050B000FE000009020605FB0107040BF2F9FF20C0
:1050C0000E04EDF21400FB060B0C27FCFDED19ECB1
:1050D000DFF8FFF01AFE23EA0C08F206F8041D10B0
:1050E000F9F40B14FAFBFCF802090713091606047D
:1050F000E7381F26F5F5FCEFF709040602FFFA076B
:10510000EE02FF0DFF060A07052005E811F4E2098B
:1051100000FAEF19FD01FDFD02E9E306F807F50AC3
:10512000FAF9150CF106F6FB0C0FEB0DFB080AF370
:10513000EF060DF000FBF905EC07E70EF2FDFA03B0
:10514000EAF00E0CEC0B08E7FDFB0C0EFB0301F67E
:10515000F8F004FFF6121509F7EEF80AF81203004A
:10516000E81CFBF5FCFEF90507FB0502F60EFB0645
:10517000FDFE04FD02F30EFFF8FA04F1EF17090B30
:10518000FF0B0CDD02FD07FC0EF9240EF602E90709
:10519000FE1E1DE40BF7F40F1917F706FBFB06F2D2
:1051A000F9F5320312F9FDF5F816F0051AE8FF0FCC
:1051B000FCEA0CEAEC0311EBF43023FE0A020201D4
:1051C000FD02FE0E07FEFA0BEE0E0B04081004F2B1
:1051D000030509F902FCFE01F7F713030304FA04BF
:1051E0000105F6000503020A1001050C0303110E68
:1051F000FE04FF0604FB05FC02FE0002F2FBFCF5C8
:10520000FEE800F500F3F00CFBFA00DCF4EAFC0524
:10521000EFF60003F002F3FBFB04F603FEEA0EEFE9
:10522000EEF200F3FEFD0600F3F104FCFA02EEFCE0
:10523000EDFDFFF1FCEAF907F3FDF7E8FFF70F06D4
:105240000800F607F6F80E13FC13EFFC1605F90B31
:10525000F2F8FC06F708EFFEFAEEF906E8FAFE0DA2
:10526000EE0F04F5F702F2FA00FEFAFAFB080CF66C
:1052700008050CFFFD0DF808FE01FB08FE12FDF904
:10528000EDF4F709090E0A01FE050505100A15F9E6
:105290000111FFF502FDF005FB0DFD11F9F90CEF11
:1052A0001302FDFCF805FCE5170E09F00BF9F9FEF9
:1052B000DFFBF9F321FD0A020204FC0308F2ECFD16
:1052C00007E4F809FCEAF10AF9FEFCFA0FF709F520
:1052D000FFF8F30000F5EE07F3FBFD0F0DEFF8F814
:1052E000F8EB07FA121DEFF0FD0716FB0DFCFC0EA4
:1052F000FD0101FC0CE6F9F20A02FCF8EEE4FBF910
:1053000011F9F5EE051202E9F3FB05FB0E0AE72B96
:10531000FE290E1419F3001D17FBF3E3EE17FAEC48
:1053200019F90A1B04151003F5FA0CF70C1300EF1A
:10533000FEF40315F6ECF3FBE7121205F102FB078E
:105340000402E3F1F4F60F10F8F2E611F4F7F50BAE
:10535000EAFBF3F705120BF90BF50DF9010009094A
:10536000EB040EF007FEFBEB020BF5F60FF8FD0267
:10537000EF01F8FC04F9F9FD02FEF60BF6F000F976
:10538000EE0C02F6070E110D120AE905F10812DF04
:10539000F8FE10C70006F0E4E7230800F3FDFF1253
:1053A0000D10EDE5FC0C07FBF800F7100810EFF608
:1053B000050703F910140B14F6062016F502F20384
:1053C00009F7FBEAF4EE040B03E0F606FEF6F9F447
:1053D000050D05F0F602000206F902FC0F0D0EF4B1
:1053E0000800F9F5F4F710EFFD0A01F9F6FCFA02EE
:1053F00002F1ECF706F211EE0003FEEDEF04FFFA06
:10540000E619F00F060904FFFC04320BE3FD010A64
:10541000FFFBF9EE0BDD1A00F3EFF60705E3F709E2
:10542000FD010C1B05150B1C0FF4F4180FFC0715E0
:1054300006F5E8D3F307EE3D04FBFF27F8080BED74
:10544000F70F0107F6F81B02F30AF6FCF80AF5F667
:10545000F3FD0808FA10F700FB02FB050E01FD0939
:1054600005F10110FF0011F6F8F8EAF807FFFE0950
:105470000AF8FD07FFFE0AFDFEFAF404050C030915
:10548000EC060901FD2CF7E610F102F20E05090306
:1054900011281B0E07E3FA000101F804F1EF05F2F1
:1054A0000706F7F403FA040200FB10050209FDE504
:1054B000F5FB05020A180007EA172FE51BF41DE3A8
:1054C000F2200B0C250A0202163012041BF1F6F131
:1054D00002FD032807FCF2FF0D17FF040701FE2F52
:1054E00004FF1407EE07E5FCE5061BE4E00907FEF0
:1054F000E7FBDAF7040007E6F0EDE2010A130DF22C
:10550000F2100B131114FDFAEA0A04FEF1F1E9029C
:1055100006F9FB0A0302FBF90312FC020EFDEBF194
:1055200012F40700F603E4100B09FA00FDFFF01C6B
:1055300007F9F6F70007F5FF06F7FFFE05FE03097A
:105540000BF9F2060004F004FD1201FE0D04EC1943
:10555000F60204FF00FD0807070004F701FEFCF750
:1055600001F906010CFDF7080601FEFA0BF9FB0331
:105570000501110103FCFFFDE70CFC05F8F5FE1128
:105580001B211014EFF8E1FAFFECF8F40919F50902
:105590001D120AE905FF0F040E06FF0EEFF0ECFFE7
:1055A000F8EDF701F7F512000309FCEB1709ED1808
:1055B000F1F005F30515DD0B19F0FAFDEFE5FEEB53
:1055C000F10BFA0113FA0EF9F6050803FB01DD10E1
:1055D000FE06FA0712DDFFFE0F0505EFEDF30E14D0
:1055E00005EEEE1C0006F4FF0408FEFBECF2FC09DD
:1055F000F20BE415E40000220AF9EA080404F30CB3
:10560000F106FD0106FDFC06FAF304000206F704AC
:10561000F1FBFAFA05F30003FCFDF70601FE0AFAB6
:10562000FD090A02FA08F70B02F6FB0DFC0704025B
:10563000FC0CFFFA090306FA0303080BFF16FB151F
:105640000E0609FA0BF1F8061001000B18FE04FA19
:1056500004FAFEF9FBFF040106FF090D060DF40232
:1056600003FF15FDF9FCF9F9F31412F708FB080123
:105670000FFC0806000504EF030100F70026ECF715
:1056800005EA09EC12F9F10A020C00DE1FF100161E
:10569000EAF10B1D05130FFC11F2F6FC040DF2FAF2
:1056A0000BF8F1FCF408FB040501F70604F4F4041C
:1056B000FFFFFB1910FDE22BFB150BFC0711EC099A
:1056C000F8F8FC1112FCFA01050D1F0A01FE0A157B
:1056D000F602FDE514F80E010615FB23FEF119FB99
:1056E000070D05FD0DFDFCEE141417FEF0FC1AFF6E
:1056F000FC04F60A18FE0F0BFA01F805F7E4F708A8
:10570000EB1C0708EF20FDFD0B0802FDE00F080D64
:105710002508F4E80C0D030E0BE5F2FCF8FB030082
:10572000F2FE081027F40D080BF8090EF2FAF70B39
:105730000AEEFD03F727EA01FE08E60A02F1121855
:10574000FBD5DC04020E1800F7FE19F2050DF10B73
:10575000E3F2F7010408F4F0060807F109FB0AEC8C
:10576000F80CF7F0131709FBFFFE06FBFC1415EC11
:10577000050EF0FE03F101160508F9F91FE21A07FC
:105780001F10EFFFE508E80806EF13F6FD0712F813
:10579000FCEBEFDAEDFE12DF0806150FF2FF020751
:1057A00001F60D00FEE807EFE2F9180C0219FEF110
:1057B00007F21508FFED04E7FBF304E703060EF21A
:1057C000FBFA000BF8EAF900171304EAF916F70FD1
:1057D00001D7FB1910FC0100EBDBECFCFAEFF9FB45
:1057E000FCFBECF9FD0A1615F9F5F4FEE1FDF9ED07
:1057F0001AFF23010318020D0305020809040B0810
:105800000AFEFF050B0FFDECF6FE1005F2E90AFC9F
:10581000EC0508EAFC0AFA0918F3030AFBEC0CF998
:10582000F0F91CF3FAE5EE01F80C02FA0FFDF90AA3
:105830000CFBFF070311F5FB13F700F8F2FEF1F480
:10584000FBF8F2EE0D05000407F50011FE0D030D47
:10585000FD0BF6FD0AF503010404FEF2F8E2010077
:105860000EFCF90A00010617040BFA0A04F3F71EEE
:10587000FE04F717F9FA00FF0C1AFCF40BF809F90B
:10588000F41302FFFF01EDFF1DFD06FDF601050506
:1058900012180701FBFE080A000E0009F216F70CA9
:1058A0000F0E1812F6F1F7F9F8060617F2FA190CAE
:1058B000F6F700F813170300020E160D0D0308F19A
:1058C000FC0C010A0907FAF413F41010FDFF05F0AF
:1058D000FD02140220F20D03FF0A0D06F1EC05098A
:1058E000F70EF018EE0E180709F6F81EF200F40D88
:1058F000F903F610FB0C010B06031316050CF30C51
:1059000003000107000808000906060E08080CFE3F
:10591000030A02F2FFFB09FF08FE110209FCFE0068
:105920000B0DFE0101F503FD02020A08FF00130240
:1059300006FD0104030B04FD0705070BEE09EC0748
:10594000EB14EAEFF32604FE24061C0C06171DEDEB
:105950002E0A04DBFCFB14ECEDE70610E00BFB0663
:105960001102F119DB0B03FE0108152FCC25061BD4
:10597000EE13F807100F0BEBDB1525FB040407FCF7
:10598000FBEF04020B05ED08F40A08FB0F0005010C
:10599000F802F20911010BFC0CFFFCF902F2F5F31D
:1059A00016FF080B0609050811F80A05F40206019E
:1059B00000160F0302F314EC04FEF30B05FE0204C1
:1059C00008FBFC06FB060105030F0106FA08F007B9
:1059D0000506FC0D0A03FF05EC01FE031008F704A1
:1059E0000BFEFA090501EF07000100F6FD0B0507A4
:1059F000F912FA1602FB0DF00DFBF20307FFE605A4
:105A00000C0AFF0F12FC0806121502100414EC0316
:105A10000D0F07FB140107FDFFFA13F8030AF7FC4B
:105A2000030E0D13040F000C080800F5FFF10E081B
:105A3000FC0EFB0F150209FD0907F90F0D03FA0E05
:105A40000FF7060E0812FDF6E4FF1B1D01180500F6
:105A500007FAFA121EF8FC0109F808ED170CFF0806
:105A60000E0B030911160A1AFE04000209FF1A1789
:105A700004F8FF15F408FE12F5ED041CFA08110CE9
:105A80000B1706FF1300FEFA15FF0B0B0A1100049B
:105A90001F181EFA06E3F5FEFB2118120303FE137E
:105AA0000F0DF307F8001504FC001C01180212FD8D
:105AB0000607F60D1815FBEB1603241800F7F8F788
:105AC000000603010D04FDF7F60A02FF0C0D0206A5
:105AD0000508020C0D12160207FB020506FCEEFB80
:105AE0000105F501010F0302EC0507F7F8FB08FAC1
:105AF0000B0406FF03000402FAF8F4FE0FEDF6FFB4
:105B0000F901090F06F5FAFCF2030A19FC0902F97A
:105B100000FEE308110B170B040B0303FF0D040831
:105B20000305060007FCF20FFE0A040001FB1D0A34
:105B3000FE05021EFCFFF6E700FBE508F9FE031375
:105B40000A0A04F2F4F6FBFE03F90109FA03020261
:105B50000D071301FAFAFE02FB0E01F601FFFB022C
:105B600005F802FE090601FEFF02F7FCFDFAFE0839
:105B700003FC05FBFF05FEFBFDFF140DFFFAF30B15
:105B8000060B0EFD05050E08FD1304161410FE0A83
:105B900003FCF300040406FF0FF1100E0FFAF700E8
:105BA00011F9FF07FA05060D13FA1209EE020AFDB4
:105BB00003FFF710FFEFFFF107F8EB030D07F30406
:105BC00005F9070202FEFE05F2FD0F0F0A09FFFEAE
:105BD00010F2F0FC0DF3FA0103F308020009FD00D6
:105BE00009FE0707FBFA030BFF04FCFDFF0403FD9E
:105BF000110400F5F6F207FC020AFC03EBF5E80FCE
:105C0000F2F5FEF6EE1A04E302FD07FEFF0B0CFAB6
:105C10000401FBF70712F2F112EDF0F9F300FAF2CA
:105C200010F5F50905F7F41DF50D06081AF60CFB3D
:105C30000B0B0A010110FF02FA130AF70503FAEF32
:105C4000031804FE0F0601060AF508180910FBFCEC
:105C50000A0F0FF50807F9FDFC010702F6FD0F1604
:105C60001100F90C0407FC070009020800F10310F9
:105C7000130204FEFF080C090E15130808FEFD09A7
:105C800006F5010502FD0106FA030C14F9100C03D8
:105C9000FCFBF2FA0AFA0AF5150812FEF8FCF40108
:105CA00001FB0700040E0701090400180100FDFEB6
:105CB00000FDF00BF900FA0803F8F9040B02070ADB
:105CC000FF050F080801FC02100C0506060D0B006D
:105CD0000B0804FD06F90208080709020407FB0780
:105CE000020AFC0A030C02040B040604EF0E06FC75
:105CF00004FE0808F80509FD020307080802020C63
:105D00000509030C020203F904111419040B0BF822
:105D10001F09EDF1110805031B06110B1011FF08F7
:105D20000E06F71F110B09FC000D0E00EE051C00FE
:105D300004F80114F90C08FD07FDF80C06F9070931
:105D4000080300F7F0FC03090C04F6EB010009F569
:105D500004FA1200F402FBF900FDFE01FFFC030649
:105D6000020805EEFDFC0EF5FAEFFB04FD06F6F267
:105D7000F60011F400040403050B05F303070816ED
:105D8000090B07F407010A03020DFB0E111005F8B9
:105D900008080BF6F20403061102FD09FE05FB06D6
:105DA00009F607060CF2EEF2061311F6F90616F8DC
:105DB00019FA0FF6110206F802FB0203210C09FA88
:105DC000DF1A03FB1FFB1802EC24FCFF160A0F1658
:105DD00003F0E5F8050B18EE10F00E0302EC0005D9
:105DE000090A162A1A3B07FB18050A1BD5F61213D7
:105DF000E711FE05FBFBFEFDEB21E1140403F701B7
:105E00000D0405F903FAFC110209F20506F309FB7A
:105E1000FC0B0206FF0800FCFDFBFE0BF8FEFD0B71
:105E200003ED0404FE00FEFBF90309FEFCF5FA0E87
:105E300004FF0EFBFD0501FC030F0600EFF6FDFE5F
:105E40000D29E6F4F4E8F52B2B23E8F70F17F005FE
:105E5000001B3116F218FD11FE05DFEEE72D0827B5
:105E6000140A0AFEF001FAF5FE08F60816E1012C04
:105E7000F5F900F7F3FEE9E2FC151A180507090128
:105E80000AFD120203E61412081A06031D0AFE0F89
:105E9000ECDE0407081FF709FF07F4040F03FD19E0
:105EA000EC080BFF0512FDFB110313FCEE2205EDC0
:105EB0000A0DFA03FDF414F2ECEBFEF903F7FCF51E
:105EC00013120219F0FE05040F0CDF04040E0BE799
:105ED000FD131E00EFF90EEA010BEA02EEF30408CF
:105EE000030C05FEE800FC00FFF8E1F7EFFE0508F3
:105EF000F00113FAF7F5FBFDF8F109160A050104A4
:105F00000300F90908040A0206FD0412FE0F10F549
:105F1000F90D09EF0409FE090B050305FDFB040259
:105F20000805FF0D11030AFE0400FDFC08F910022C
:105F3000FF04F60BFF04080B05FFFE02EFE0020D65
:105F4000FE29F812F21B01F50A0D0F16010FF80ACF
:105F5000010FFA062FF70108110308E3F305EF1705
:105F600011F8F42A05FAF0F1FEE8010801121620F2
:105F700001FEEB1FF61BFAF9F5EEFA0304FCF82319
:105F80000E01F404F70B0501020DF5060C050306DE
:105F9000FFFF14030C0A0AFE0A0606060AFDF310A8
:105FA00003FF00F70A020211041118FCF5F808FBC0
:105FB0000206130B0303FAFDFE03F1FD040DFBF4CF
:105FC00001F60C14140FF50705140E00FF0DE4FD87
:105FD000020003020EFCFA02F8F806F601EE010BCD
:105FE0001215ED20FAFB041511FDFFF8FF02010A5E
:105FF000F61D0206FB0905FB12FFFA031C10F9004F
:10600000F5F309E811F3FD09F41D092217FB04FE5D
:10601000061508071BDFFD0312FE0DF912F9FB0F31
:1060200019070BF8F622010320071710F7FA0C0DD9
:10603000F90CE5F3FA071802FA11F417F805060748
:106040000A1E09010F07FC000907061A0008FBF6E3
:106050000F020D0F0BFD070AFDFF0402F308FF08F6
:1060600001090213F4F8F0020308FE11FB0B070DFF
:10607000FCF9070F0506F7FD09FD081D040F0607CB
:106080001A0B0A0202F903200511F0011B1214F584
:106090000403090308F80015160E000DFC12191E62
:1060A0000FF40702FEF3FCF2E30C18F1F7F80B090A
:1060B0000607220A090B01F009F61006FD04010883
:1060C0000300FFF7F2F308FFF9FBFB00F20AFB0104
:1060D0000EFC00F606FE070801FF05F40A0805FE9F
:1060E0000302060D0E040B0E13F60906F90009044F
:1060F0000700FEFB07FB02FE0C03031408F00D0172
:10610000020503010401F6090306FCF7F80506FF82
:10611000F6090EEFF7070504F90213010F0801F85D
:106120000F0C01FD0100F9F6FC09030AECF2FF0572
:1061300007FD06EFFDF70B01F60DF600FCFE050D61
:10614000FF080500FD03020303F603140703080418
:106150000D04070000FB05FC11FE0100FEFBF30629
:10616000040106070AFBFFFDFC01080E030305FD01
:106170000B05FA06F910F9060B0807030109F204EA
:10618000EEFFFEFA0707FCEDF7CE08FDF6F2EF058D
:10619000060EEC00F9E50BF10BFD17E400E7FDDC62
:1061A000020013F904F80C08F705E6FD14E9EF0600
:1061B0001D04FD0FFC07030016FF19F9040B011B5A
:1061C000071707041001FF02FC081219070DFF0250
:1061D0000C06FFF70DF40DFD08100706FE0DF50B7C
:1061E000130C0A13011502000F0A04080405100518
:1061F0000EFD030D03060EF1070CFB1CFCFBFE015C
:1062000005FCFDFB07FEFAFDF8F3FC05FAE80403C4
:10621000FAFE0205F6FD02F0FA08FCF8F9F404FAB9
:10622000FEF5FAF7F8FE00F8FA0308FF07F6F40A9D
:1062300005FAFCFFF901F504FAFBFEF30205040A76
:106240000D0C140203FBF5FEFBFF0408FA0902FF24
:10625000041003FC0CFB05090C020703FA09FCF807
:10626000FF0D0103FE10FC0403070D1207040307D2
:106270000401020D01080300FF030F13F9030304D7
:1062800004F3F10FFEFF00F500FEFEFCFAFB070130
:10629000000302050402FC0B0711F502FB0700FCDA
:1062A0000504FC00020305F6F9FF02FC05030401E6
:1062B000EAFE0B0C090BF6F8F9050BF302F9FDF6F3
:1062C000040503FE0802FDFDFF090201090BFF069C
:1062D0000D0804FE05EB0C0DFDFC0802FF02FC0995
:1062E000010DF80300FE0502FDFFFB000706080490
:1062F00004030208F90B0107FEFF060D0F0F030F41
:10630000FC04100706FC0A05F8070B0F061702F33A
:1063100002FCF6F70BFC00FDFF08100B040FF6045F
:10632000110CFF05020D07020F07FB1004001B09EB
:10633000F50F000702010A0309F7F9110E11010513
:106340000503F8FF0803FD070C0F04030D0E07F704
:10635000F7F2FB03150AFFFC0AF300FB010801FF3B
:106360000305F80E0C09040601FE0D0800F706F5FA
:10637000041200FFFDF903FAF909F5FE03F7F4FD35
:1063800006FB030605F9F6050604010D070BFCFFE5
:1063900000F8F4010E080D070BF6010D120000F6CF
:1063A00009030D10F90AF10105FF0A0305FD150A9D
:1063B0000205FB0407F411EF0102F403000AFD02D9
:1063C000FB100903170C03FEFFF616140507010462
:1063D000040FFD0F16FE030505F7060D07FB010F61
:1063E000FC0AF305030EFB0C0C011005F5FD0C0077
:1063F0000CFB0508060500FCF5FE0313060012F76A
:1064000008FBF904FAF415FE011BFC0C1403FA0C4A
:106410000601FAFB160014FFF30E150CF727FE1702
:106420000600F50BFBED00F8090AFDF8EC03110B73
:10643000F80409F30602F2F60109000A1407101B1A
:106440001DF308FF07110323FE18ED041D11FB09BE
:10645000F103271A101B0D180302FCF9060506109C
:10646000FC0228F306FBFE14E90935F0F5F210EE04
:10647000060B0B06030519FBFEF807F80CD20C0EF1
:10648000090CF103FDF72BF5140F04150E1216F984
:106490000F0604FB130406050A0F06F1ED180907A1
:1064A0000D1DEB17000C17E609FE05F2F1F6121AA6
:1064B000EB17F9160404F6FE0BE2FBFFFC14FF1DBC
:1064C000F2F40007F2F611F9FB03F611F4070808DD
:1064D00005FEF8E9040D180207F708F9011AFAF9A0
:1064E000021AF80F1303110912000608060A1A0609
:1064F000010C040EF80609051A000B070D0A070A1D
:10650000F70C06FD0FFD1700FA0D0121F5F0F2F46E
:1065100000050EF10BF70201F8000D140A04ED045A
:106520000FED1BF9120AF0150703FF0BFAFD07FF29
:10653000040AFEF60E0E240005FCFF0F0C2103F9E1
:10654000ECFA050A2D0A06F9FAF5FF05FD1312FA11
:106550000A03030B0BEBF8FE061A0803FDF503060E
:106560000D08F104F70E0D191E0202210DFB0402A5
:10657000010DEA0EFE0D0B1C02000C0F0D050EFFA7
:10658000FDFBFCFDF700F909FFFB00FCFDF70F091F
:1065900006FDF8F2F8040303F8040A000D030501F0
:1065A000110DF6FA031809FB070105090202050699
:1065B0000BFAF416F4FC0FFC0EFC040203040AFBB5
:1065C000040AFDFE080007F403FFF90506FEF8F5CE
:1065D0000A020E0900F7030FEE02F2F8160B090B80
:1065E00003060203EE02010901FDFEEF0BF70708A7
:1065F000FF00F706FF0A100607F6011410FB080A51
:10660000FBFA0405F8FA0AF3F1F80E04F8120CF894
:1066100000010A0BEBFEF8FD1AFCF9F2FA0C0EFA77
:106620001A22FC040209011213F7F4F2F4FE0E051B
:10663000FFFEF901F20B091AFEEC0613F3FC04004D
:10664000FA0DF4FFF30013F602FEF003F212FE035C
:10665000FAFC040F0A0908F7FCF9F2F5FE0E05161C
:106660000A1809160A0900F10CF8FBF800040A13CD
:10667000E9FFF00F09F5EFFB04EFF113FFFE000552
:10668000010006FD02FF04F90516000C0BFF0509C9
:10669000020A01F5000B0604FF00F7FF090AFEFFDE
:1066A00008FF1208FD0EFEFB02FBFF0701030CFBB7
:1066B0001101FBF802FE1605FD04F804FD010000BF
:1066C000020001080101FC03040307FC0303F806B0
:1066D000FC0200F6020102000203060304F90507AA
:1066E000FD0507FB02FDFC0001FF06FDFCFD07FFA9
:1066F000FDFFF10101FF04FD08FBFB05F3F5FD08BB
:106700000000040308F90700FFFE09080108090951
:106710000C1002F60400F7FF05FBFC0105FF0D0855
:106720000502081404030BFE0C00F7F90003FA0538
:10673000FBFDFF0DFC0BF7FB0008EE0B05FD091937
:10674000F400FEFEFFF9100F06171414140CF908DC
:10675000F605F60B0F0709FE00FD07FE0213010107
:106760000E19000507141106070908FCF5161E018D
:10677000E919070102090AFD0003FA0D03080FFFDA
:10678000132006F211FB0C00161A1012FA07060F5E
:106790002215FA0005F1000DF8021015F21AF20B9D
:1067A000100AF214EC0213FE04EAFA0FF11A21099E
:1067B000090007FFFB0B03FE06FF0D1A0C12D7FDA5
:1067C000E31317090416FF1503230E10FD05FB063E
:1067D0000E02FAF5FC02F717F5DF0D12F1EFF2DA0F
:1067E0001110F90F0A0E070725F6170CF1110AF61A
:1067F0001007EF0BFEF70A1D0FEEF20BFAF6F40787
:1068000004FFFE0207F50C0CFC010907FF17FF014E
:1068100009FF03030505F2040B0709FEEE18041037
:106820000F15F71506F90EF30C0D0F0703FDF91DF3
:10683000EB18F802FFF3060519FCFC010300020344
:10684000FCFAFD0001F9FCEEF9FC0C07FF14020450
:106850000B0502F30AFA06FB060A09FD04090D06F8
:106860000807F803011020FC0201FDF902F80F12DD
:106870000D02FB0B01FF171004050BFE2225FFFF85
:1068800004000000000100009B9CB7BCA2AAC5B593
:106890009AC8C7ADADC2BFA08B999DB3A3A7BAA23A
:1068A000B4BFA2B5A2A0BCA8B7ABABABB2B5F19FC9
:1068B00096A8D197B9A6C2ADB8C594B5A8ACACBDE1
:1068C0008DAEB1B2C8C0A8AA71667366726B787FCC
:1068D000746C737D78755F7275797E6A63767168A2
:1068E0006E6D7871666973716B7D786D70785871B3
:1068F00071756B6B75797D716C6F72767A756B6F74
:10690000796C6C6364777374A5B8A4B6B1AEB0BE8D
:10691000A7B3B0ADA9B198B0B9B4ABA9BAB4B1B886
:10692000C09FBDB29BB7AEAAC8AEB5B2ADCD80A870
:10693000ABAAB0B7AFA5B6A9A3B4B1AAAFB5B1B968
:10694000A7B9B1B09CA8B0B8C1B8B5C8A8B6DBCAE1
:10695000D8C0CEB9D1BCBEC4B2B0EBADC1D6B6B012
:10696000B7C6AFC7B7C3D4D7B7B8AFB0AACAC3A961
:10697000A6B8E2A9BEC1D0AFD4D3C0BCB7BDBDBF1D
:10698000C7AFB9D9E2CCBEC22E26FFFF040000007B
:1069900000040000C1FCFFFFFAFCFFFF59010000EA
:1069A00014020000F5FDFFFF35FFFFFF7D0300002F
:1069B000F8000000ACFCFFFFF1030000D903000069
:1069C000AAFFFFFFB2FFFFFF1803000087020000CD
:1069D00086FDFFFF32FAFFFF7CFCFFFF33FDFFFF68
:1069E0009100000019FEFFFFB7FEFFFFBE0100008F
:1069F000F1FDFFFFDA0000007C020000F7FDFFFF61
:106A0000F7000000F2FDFFFF8EFDFFFF0D0200000A
:106A1000EDFEFFFF350100005FFFFFFF53FFFFFFAB
:106A200063FFFFFF8F000000EA0000007A0A000009
:106A300078FDFFFFF3FBFFFFD8FEFFFF61050000BD
:106A400017FCFFFF8D0100007FFEFFFF0003000029
:106A50009BFFFFFF670100007B030000C4FBFFFFFB
:106A6000ED000000EFFEFFFF83FFFFFF79FFFFFF58
:106A70002D02000097FAFFFFC7FFFFFF4A0000004A
:106A80008300000009040000C9020000EEFEFFFFC1
:106A900026FFFFFFFD1E00003A1D0000521F0000F0
:106AA000321D0000301F0000101E000021200000D9
:106AB00027210000841F0000211E00004B1F000042
:106AC000EB200000112000009F1F0000221C00008E
:106AD000351F0000A71F0000312000001F2100000B
:106AE000E61D0000BB1C0000B91F0000FE1E0000D8
:106AF0007E1D0000751E00005B1E00000E200000C1
:106B0000021F00002E1D0000A31D0000471F0000F3
:106B1000E91E0000151E0000D72000000C20000018
:106B2000571E0000BF1E000006200000F51A0000DE
:106B3000F51E0000031F0000B01F0000161E00001D
:106B4000151E0000A11F000047200000D8200000F3
:106B5000ED1E00001F1E0000A11E0000251F0000EA
:106B6000BA1F0000692000009B1F0000091E0000E2
:106B7000AC1E000053200000261E00001D1E000059
:106B8000BE1C0000D61C0000E01F00005C1F0000BF
:106B9000651F00005FFEFFFF790100002DFEFFFF73
:106BA0002901000041000000DAFFFFFF2000000083
:106BB0005A020000AEFEFFFFA500000037000000F3
:106BC000A6FFFFFF0CFFFFFF5B00000055FCFFFF6F
:106BD000280000009F010000CD0000006DFFFFFFB6
:106BE00015FFFFFFB3010000CC0000005C000000B7
:106BF0006A010000AA02000073FDFFFF34020000DA
:106C000082000000C2FCFFFF44010000C8FFFFFF3C
:106C100040FFFFFFF7030000C7FFFFFFE800000091
:106C200085000000B0FFFFFFD00400006DF8FFFFFB
:106C3000F2FEFFFF61FFFFFF26FFFFFF31000000B4
:106C40003E010000030000006EFEFFFF2A0100006D
:106C500019FFFFFF24FEFFFFD200000061000000CB
:106C600041FFFFFFEFFFFFFFF30000003E000000C9
:106C700088010000AFFEFFFF9801000066000000E1
:106C80002F00000007FDFFFFDCFEFFFF28000000D3
:106C900080010000F302000073010000E300000027
:106CA000F6030000DAFEFFFF0D01000008070000F8
:106CB000620400007A060000B8020000F704000039
:106CC000A40100007C05000008020000550200003D
:106CD000550300008E0000001D0000008A0900001E
:106CE0009BFFFFFFDD0200003C06000031010000B9
:106CF0002500000036010000AE030000F3FFFFFF97
:106D0000D90300005501000045030000E50500001F
:106D100070060000520100006B0100000900000035
:106D20003B00000028FFFFFF4A0400004003000072
:106D3000FAFEFFFF96FEFFFF7F0100001E08000025
:106D40001AFFFFFF5E020000E7020000410500009D
:106D500004000000F3050000C1050000C8020000A7
:106D60000B0200003A0100003D0200003A02000060
:106D700083020000D90300000A000000AA010000FD
:106D8000AB0600001C08000094040000670200002D
:106D9000090300003A2AFFFF040000004000000041
:106DA00000000000000000000000000000000000E3
:106DB00000000000000000000000000000000000D3
:106DC00000000000000000000000000000000000C3
:106DD00000000000000000000000000000000000B3
:106DE000862AFFFF0400000000400000C31DE91CCC
:106DF000F5E728F7F1F7D1F3DAE8022E0C20F9EEE7
:106E0000FF0900D4FB0EE0EDF5FAFAF400E8251ACC
:106E1000F1FA08EAD9101409F0F1E815E00B0D03B6
:106E20001920D01702ECF9DAFB0BF51618E0FCF389
:106E3000F221FB1DFE07091201F71F1009F109E0FD
:106E4000F0C9160819FF0AF1F30912ECFBFA150D47
:106E50002FF93006161CD6FBE526E6F1D6F7FAF731
:106E6000082BF0F22102F0FF18361E0BECDC0704B1
:106E7000F22715F1F3FF0700F2E8E8FEFD08D7FA64
:106E8000F9F4E6E611040FFFDB080D08FCF5FC023F
:106E9000EC1BF60EFFFE1D0800041209F9FC120F90
:106EA000FA13F90CF003230FE510FAECD644EAFBD1
:106EB000EC04E5381EC52DF20ECD0D1F021DF1D8D4
:106EC000C9E530D30817E63BF2EC2A00FFF9401879
:106ED000E21714EDE328D534F7FBF908E415F3FFC6
:106EE000D735FD0AD0DEE5FBDD2BFD4D0DEDF4FCC5
:106EF00009ECFD0CF0FD01150AF3001404F80A0179
:106F0000E901F7EF0418EF02F20FFFFE050703FD9A
:106F10000301FFEF000009FAFCEDF8060FFB11FD7D
:106F200004FCE124EF06F4E702F0FBF81DE0FBE4CB
:106F3000F507EDCAF3FDF40CFBEB021811D7F3FDD6
:106F4000E6F0F41CECFD10F9C51514EB0A15090464
:106F500028F20C1400FE0FF5F4F609C61207251AE4
:106F6000ECE82B211702FBD9FEEFE701D916EC0361
:106F7000F4E6EB0E34FBBEE243FAE8490702D00028
:106F800004E903C5FD22F508F3E2D807F00D0D056D
:106F9000150701F4F20F5C12F4D606F80D1DBE08B9
:106FA0000F2C9031C9F410E6E7D8F60F05F6F5FE80
:106FB000F20507000BEF0AF3FFEA14201A04EAECCB
:106FC000D8F21213F812F823DBD50402F1010111F3
:106FD0000B080FFFF0090416ED03F6C4E6E8191AD2
:106FE000FB28D42603E1FB17FA04FB08E23AD00E93
:106FF00011E0F44537F4ECDA0311FD61061D21F2CE
:10700000F9F40B06F7FEE808F0E6E141FFF4FF199A
:10701000D11707D9D503060ADEE3CEF70B05BCF27C
:107020000F0D9D4E00E7E0EAFEF7FF2A14FA091063
:10703000FCCCE8D2C8F5CEEF4AD7E10AEC18030F32
:107040000A31DAC80B0CFFF50B15F822020EDCFA38
:10705000F7EFFBFCECF0370D4AE9F70B41B1E0F537
:107060003FFFF00317F329D0E80BFE13DFFCE0FF2E
:10707000F8E81A2FEBF701CCF7E2FA320614F2F92E
:1070800008BD09F3FD00EB2EEFDE04F8FDFE191636
:107090000C28FDE4F719041019EED00DFB0AD7F700
:1070A0000A1AB127D1F0EDE80CD91C0DFE11F1FB45
:1070B00002EBD235DEE70FF5F3FA1132020BFEF5E3
:1070C000C928FE09FB0FEAFF0C062DF300EB25058E
:1070D000FFFC10EBF10F0008F0DF0304EAF5FEF10E
:1070E0000010E21ACCEADDF6EB1AE41DD81CF1B967
:1070F000F5DABF0A04FC23F349C40D4D04024D0820
:10710000DC2900D9291FE808F2F0080FDCBF0724AA
:10711000EA060CE8EB1DE00D30CEF11B05DF21DDAA
:107120001324D1131EEFC2F6F807FE18F7F8EB1779
:1071300006F6382EC6B8530BF20007EEE6E1E0DCA7
:107140000517DB0027ED021031FFF000F614DBFC21
:1071500002CE060B0C1114F8F430E30522DEC9D57B
:10716000E3FFEEFD0A0AE227DDFC3020DF08EDED4B
:10717000E3E9F517EDFBF2EC09DEFAFD172A00F35F
:1071800014FD130C1318DD04E2030616FFEF1707B6
:10719000F31A04D2E311201D05ECF2F8FDEEF4FD24
:1071A000000CE40AE9E4FED4F20D0324D81EF4D363
:1071B000F9EB00F303E7FE0010EF15F71105F1E21C
:1071C00009CF01F8243CFA110D0009EEBFFD0A07B2
:1071D000FAF51901FC0D0F1BECFFEB06F8F91E1375
:1071E000FA0E1A34F002041625E514FBEABEFAE79B
:1071F00005D00DFDF9011EF8F6F5FD16BC0902F6E5
:1072000009361335D70E05282D03EB1902F007F7C1
:1072100004BC15F803F614EBED0D03F6FE080EF0B2
:10722000FB1FEDE9E9060501FE03EC15FC15F2096B
:1072300005F6FE0EEDE504F3FED905370F05FDF763
:10724000E7FD0D03EF04FDF5FA0C04FBF9F0100C5B
:10725000F5010CF80202FE10F7EEEE0C10FD12091B
:107260000615D6FA05F902F4EF0A030CDF16F4E668
:10727000E6CC38F940DFF8E8A0D90E1F0411DADDBA
:10728000F6E10F08F7F3EA110B2456D909EE1502BF
:1072900000F609E70515ED11F6EDDF13E1FCDAEC78
:1072A000231BB707A1F5F8183703320D0CF50AF8C0
:1072B0000905F123FB0422FBFB210EFB0C0003025A
:1072C00004FC1C031FF2FBD0E6FED70508111B1CB3
:1072D000EE08FEFBF30BF10A09E9EA16F9031208BE
:1072E0000100E81441FAD40D0B3011050EE5F92D1B
:1072F000FEE9F01EFDF71F09EFCD0E04FB0D0EF1A8
:107300001500FDDEEFFD094EF4FB34E602ED080644
:10731000B4091E050210DEFB01FEFCC107EBF40000
:10732000F9FAC7DB2BF1F8090C1CFE0DF115EAFA8E
:1073300003E70C43EBD70CDDCCD703301C13EDF186
:10734000E01620FE090FEBC5EE12EC0A0D022C1A16
:10735000EC150701010C160303E0FC1ABA48F70705
:1073600006FCD143F6EDF50CDE16EBFFE711EEE877
:10737000F7ED0616D4EB2BF8F00606201710FECF1B
:10738000EABEF6F90D14EEE4000B0A0502FA271620
:10739000FBFFFEEEF2120418F5E1E002F0F8FD0545
:1073A000F91CE92603E5F60CD60F1829EF1EEAE6CC
:1073B000F1E4F61600DF2A011FCB051DEDFE04F3F4
:1073C000F0E5041A220DEDFBF9F91BFF24F6041772
:1073D00013240EEDF114F9200DCFEC1BCBF6DEDB00
:1073E0000E2CED37FCEF24E606BA2417F21EE50654
:1073F0000AD2FE05FFF1F8EF10EEF706E717FD02DF
:1074000007FBEC25DF01FC2513DEF3162BF321111E
:10741000FD050AF3EE08F80B05FF09F0F60116FC6E
:1074200000FAC81027F1FEBD0911FE12F436EF0371
:10743000FDFE0619F30419E30CFC090414FFEE1217
:1074400003E606E3031DE11001FA0803FDF7110846
:10745000F0FB0BEEEF160806FBF8D1190AF2020456
:107460001AF0F00EFEE5EAD60A13F00FF60002FE5F
:10747000F81F250EFC191FF916FEFC051C03F30767
:10748000F6E5FC04080015E4E525FD05130602ED0C
:107490000103F707F3F8E408F40EF9EEFCF7F1FD49
:1074A0001614E7F1060800E9F2F20EFB00FAEC0907
:1074B000EEE00A25F0F1F2EBFBE1F210093EDEFA14
:1074C000093823230AF8E232F8EDFD2529F51424C2
:1074D000F42F01E907181F121AD6270AFA3128F9E2
:1074E000123DC01BEBF108F6E0E6F00E15FD0719A2
:1074F00000FA27001EFD03041112FEFFCBFC04EA74
:10750000200FFA06DFE30609F6EEFF08D8F7F8FBCE
:10751000FBE2FF05070C24FEE2F72104E6EB07F887
:10752000FC0B0FF4E30C361BFEBB15FB0816E90041
:10753000F3050B05F2F5E9E8EDF50522001F01F270
:10754000FDEBFB100C06E9F2E902151CF2F91B1029
:10755000030809EDEB27F50620ECF0FAF90BD8014A
:10756000060CDD16FDEFE6F0D70C3E16E309F40C31
:10757000FBF8CA36AEF119E147D9FA230F09050124
:107580000C000CC83402F41FDF1EE520ECE40C03F1
:10759000FF1A0AF20E0EF8121AEFE4080C030BEFB2
:1075A000161EE22AEC01F5DEDBF4F60FE500E2DD63
:1075B000ECD8233E1FEC2907E6E91D3D0D1AEFE943
:1075C000D7FA08FCFC0CE3D4DA1E4DF5E1DE2B1FE4
:1075D000E7201BE0D324F514B2D5F014DECF12FD62
:1075E0000F1FB247CCD5F52516021126FE07F90864
:1075F000E9FB03FFFC16EDFC01D4F9D6FEF9FBF71D
:10760000FA17FEE737E7FE02FB030004DB06FC0483
:107610000AFE04060005FC0BEDFBF31E1C160F1DF5
:1076200015FE1749FEFB0312140400FDE3E2F01AF5
:107630000BA10C2CDCF512F900F60319FE1215EE65
:10764000E112F9F80F01F004012DF813FBE6F9FC43
:10765000210A07F3EE083F20F4EEDD2BADED191CF7
:107660001C13823D09000DEE094324560FF5080650
:107670000602FDF22601F30B13F2085104F9F1F8AA
:10768000F5E41307E51F070707E01AFE31F4F0FCE5
:107690000A0812F10317C8010708FE05FBF917E7EE
:1076A000D8EEED08EFF6FAEB00F4021205F8F1F56A
:1076B000F51A07F3DDE8FDE80EDF0CF51600EB0226
:1076C00003CE15E600FF010FFADFFDF7F3EA01ED47
:1076D000F6FAFDF6F10DE200F821F1FAECF4F91AF0
:1076E000F813CAFA25FEE816FD17FCEED613E70AD2
:1076F000EA0BD4EA02FF2BFFEEEF04043C21FBFF70
:10770000C0B2F3F40310FE4DB71844FB0819F6F8A5
:10771000323F11DED930E406FB22CCE4D42436E03B
:10772000DCF402060BF4E2B1F9232224ED00E9D3E4
:1077300005E7001A10E3FEF1F4D9191900F8EFEF8C
:10774000E4EEF7F20832EC0D06FA060BEEEA191435
:10775000F6DB4300F80200060E08E103FE05FD1209
:107760000A16EE17F6EDEDE92E0D191FF204F80ECC
:1077700006E101060B0FF2070DEE0B1B0C0AFF02D0
:10778000DE251D200D13E9EC000A030D20F500098C
:10779000EBF80BF4F20B16FAFDF0F82109231F05A4
:1077A000220BF01423F6FBEE3118F8140A07FBF154
:1077B0000604FF1BF7EBFDF000E9040B17F20C06C3
:1077C0000CFF13FA0F0A01F3F613F401060311FF7D
:1077D000F7EF12110CFD08FAE904F211FF00F6FBB5
:1077E0000910E505EE00EE08FB0314FAF615F8F1B2
:1077F000F8DD180FFEFB0BEBF9ECFF0E1104F7EEB2
:107800001EF0FB1AFA0AEC0F10FCF41406F10D1826
:10781000040803EEF300041101EDFD000DFAFAF285
:1078200007FEDD09E9F008F0FFEE130B0904F3038E
:10783000F612EAFFFEF4F7EEF6FBF20E150A0DF56E
:10784000E916F81A1108F2F3F208E604100102062C
:10785000DEF202F5E5FE0B0FFFE7F8F9E9EF0C1891
:107860001B14D030E7F205F4F01400132AEEE31CE9
:1078700024D0F62909D7BFFCCCCC20480D1BE5DD70
:10788000027D06D4E510F3F6F799FE0808D9100F2B
:10789000C3151104EB12AABF10F6EEFDCD0E5AD699
:1078A000BA2410047FF8AC61CE30D0ECFBED0117A8
:1078B00000FFF8070F060AFAEDFCFF1E10F0020D9C
:1078C000F1F902F017F8FAF8F109F801FBFF0003EB
:1078D000F7F8FA01F80302F3EDFDF60F18062100A0
:1078E0000EF5EE0B1D06DFFD06150609B8F0E30BDD
:1078F000ECFD3429EBFDFDDA21D0FC01091A0BE483
:10790000F2C910C5010CDF1CEDC7EC0BFC05070D1F
:107910000E1C09EBFE073A1FD70FB9EA1017EDF45A
:10792000090FB7341BE8DFAAF7D8F526E104FD0AF2
:10793000FF15EBDD1CF1DB200FFC06F310EAFCFE6B
:1079400006C9FB23C3230636FBFAF2FBC3FB06F78B
:1079500040ED1803020818FBF13DF9F51AF327264C
:10796000EFEE14CF1112020407EF0500E00DEC0951
:10797000F6ED2026F4D3F2EEF8FF1527011900F7F3
:1079800023DFEDDEF821ED2721F1FCF500D21E0DFD
:10799000EFFB18EE0F22C611F3F701FCE9F5E90B36
:1079A00008F7F8F0FFE9113FFB171F180BE207116A
:1079B000EFEA04FBFBF113EFFBE004F1121501F712
:1079C00013FA0913EBEC06F81504020C38EEFFFD70
:1079D000E8090D03F310F80510EEFDFFD901D300FF
:1079E0000931CBE7E4F4E10809EF2200EDFAEE05F6
:1079F000ECFE1A01F5F01EE816FB031B1012E9C895
:107A0000F64209202C01F21FEDE1F4FC03F2101DF7
:107A1000E7210CF402160B1F04EC0C07F8E607E64E
:107A2000E419130EF6EEF0FBEA0504290214EFEE5A
:107A300009BD1030FDE435EFF3250C4CE907F5E105
:107A4000ED16104C1409EA0EFAF3FFFD052E0C1288
:107A5000180C0FF5F1090619E8EAF30B03ECAEF484
:107A600021270052D6FBFFD0F9FC2F4BF819E8F67E
:107A7000FCEBF82F15E20CF9FFEC012D0511E1F3F9
:107A80001CFB29F7F41EE2070111200B0C090E1C48
:107A90000A0300E1F410090FFE02EDF0F7F9080601
:107AA0001112DC2DE5E400E91A0EF7F402EEEDEE1A
:107AB000F3F3F116F7F7F6F5EDE1FD0AFEF3FE0834
:107AC000EBF207F532FDE4F50A10E80AF3F50109D7
:107AD000031509F8F913DB0B19E4DA2CFAEA0AFDAD
:107AE0000E2A131102E6DA060D2A1C13120BE41AF1
:107AF000F9E5E2F314EAD300E60117530F15FAE8AB
:107B0000FE25F326F31BE32A0E0BFF10F7FCF425EA
:107B1000EF2513E2EA12EE2414FEF501E21909F64C
:107B20001023091CEDECFF001A232B29F619F40091
:107B3000F0021A2002FCF4D3F6EDF7E6170C01F57B
:107B40000221EE002508EFE2E912012AF2FDFE060D
:107B5000F50E04F2EE00FC16F7EC070A0CEAE4EE70
:107B6000FE100D1BEDEDE91502EE1402F8E9F7E247
:107B7000D91C06C8170711FB0AE410FC080010FB0B
:107B8000DFF2FFDB3303FD0EF5FC1AFACBFD051B1C
:107B9000F20903FF040A1502EC03E8E2FCEF050D0D
:107BA000ED070C00F00124F5FDF7FAEC193307FDA1
:107BB00005D70C20FFFC0CFBFCE80DE8F805F704EA
:107BC0003C550B1DE81106DC190205E9140A15F8ED
:107BD000B40AFEFEF7FCF20602ECF810D32718EC0C
:107BE0000300E0DA11FC05FDFCDFEFF2221BFEDDF5
:107BF00016F8422BE1D748DBEDEA2328040CDBE240
:107C0000EAE5F9FAFB13EF15DBDE09EFF2D92423DD
:107C1000EFF823F70517F8FF1DFEF31A3549E61EA6
:107C2000F419E120FEF3C80119F3FA180702FAF675
:107C30000BED2DF41B03132F0AF2000EEA09E30DDE
:107C40000DDA28FBEE0AFC12010AFF0803FB0CFD0B
:107C500009F205EC28FA0DF9FBF6E5071618E5F030
:107C60000A08E416EF18F0D9F70214FC0704F3E150
:107C7000E8EAE80C41EE0806CDE603110609F6FD38
:107C800033D70D1EE51DF4FFF9FE0A20FFE00819A9
:107C9000FCF910F20914E611EBF8D006C4FBF5E18B
:107CA000480BDE01F0ECEDFC11FA121BF701ECFAC7
:107CB000FAE92C28FEE702EA08DA043D101CF2EA91
:107CC000F7030DE5EE01DE02E8F71BDEDEF43323F9
:107CD000D62215E7F322E31AE7020301FAFCF8E9DA
:107CE0002722D321FAEFE410ED0E1416F316C2FD8D
:107CF000EFE9FEDD31F8F5C4B8FA2028201526F7A3
:107D0000F61B472E21FBC41AE7F3022B17EB203694
:107D1000E81307E005230121FAE2C6E3001BA51DD5
:107D20001F20E41EBDE5EBE34EFA1405E501D00883
:107D3000EBE6F1000FF50EECFE07160F1018F7E753
:107D4000023106F418FAE60C1201FA13F1E2092ADC
:107D5000E125FED9E723E719EFF3E3FEE6DBE5F6DD
:107D60000312EA25E8EC10D80A10F50EEBFB001A16
:107D7000F1F20C1E02F716F904F4030A0304EAFAFE
:107D800010F3E7FF08F806FAF9FAFC0AF10FFF16FC
:107D900023F2FEF7ED0B0602E3E40CFFDAF9D5025D
:107DA0001108E10820F30131FDD3E7050BF7E9F0F5
:107DB000F608E40C1ADB06FD1ADAFAFCEE0E0AE00D
:107DC00015E40811CF09F33A06E90D07E4EF10179F
:107DD000F0F810F9ED0B0B0D06F9E0E61AEDD90AF3
:107DE0000E120C0103ED0B0BF806FEF80415093812
:107DF0001112FEE108000107EDFF0909F803030372
:107E00000F0700FEF40505F00D0AF5020413FCF35C
:107E100000F6010DEEFA06F2270A14070E20F4F21E
:107E200018F511E115071FC1EF05E3FDF5F80A325A
:107E3000FC0A0F1FF8FB13021117FF16000900E6DA
:107E400009F0052908EC0CE90A0A03120408F9EF05
:107E50002FF8EDF7FE000AFBEA1116FBF8E9CFF662
:107E60000215DFC8EB0F16F8D912280CF9FE0FEF38
:107E7000EF1F19E008F90B17FDEFFEF0FEF3E30921
:107E800006F1F3F8F6000D09E101FB09040B080502
:107E9000E0F7FB1013F51FFDFC0D0F090CF6F307BF
:107EA000020F0BFE0309200EF51CFAE70014001761
:107EB000F3FD18FA0BE9F107F403FC02F211FB02DF
:107EC000000D09F60CF801FC0CF9070902010C0B76
:107ED000F003FA0503FCF707FB0D01F8171DF5F990
:107EE000F11A1404F3F50AFAE216E61D110102195B
:107EF000FC1D052C0EF9FF06E6E0FF050804FEFC5C
:107F0000DCEA002423FFFBFCF017FEF8021A0E0F38
:107F1000EB03F0080AF8F501F9F400030424180C47
:107F2000F315FB10070FFC1BFAFC040B09090910E1
:107F3000042805FC05F50AF8FCF1F406FBFB0E0A23
:107F4000F9E504EAD8F901E8E90C0201EC0F15079C
:107F50000117F805FCEFDC0F09DF0A0CFA1103F931
:107F60000CF2064917F3E51A09EAE70106DF0811E2
:107F700000130EE90EF8B80AED1FF0E1F7ECF20776
:107F80001030FA1EB60212191CDAFFFC0108F7F5D0
:107F900001EDF70E0C0C19F9190B19E3F5130D0D82
:107FA000ECF5F5CA2C061C01D502F9DFFEDD103018
:107FB000EF111CFC11070BFF040F0F1E0B050C1912
:107FC0001007F70DE2011607EE29F4001506E5FF8C
:107FD000E406F00AF7EB0503FC0C1FE41413F80B9E
:107FE0002A04DDEDEF05FF04CDFBFCFD18E7040FCF
:107FF0000F07E1DC17FD0310E01E00D6EEEE06F6DB
:108000000624F32BF5EEF8251BECDB23060AEEF431
:10801000FCEE020E15EA1AF4F90816EB142D06FA16
:10802000FB151DC409140DF01517FAF0F4DF1A083A
:108030000307FCEBE20BF60A100BFCE9F409E2067D
:10804000FFFC03D4E6F107FA27320108EB1EE6FD38
:10805000F3EA0613FD013507280EE60229E2FB04C8
:1080600012EED5DB18FBFDDBDA17F603140E0F0753
:10807000020F2DD6F315E901B82103EBFDFBC00873
:108080001EF7F7F0CCF50F130FF819D1F511F8081A
:108090000C02FC00050FEAF0FAFA0CF7121529128F
:1080A000FADE23D3F70D1A2B0FFE19E1F8FF150A9C
:1080B0000427CA07DF00110A101605E2FFEDF612C9
:1080C0001401F72914070D0F04F9FBEFFD11F7EF69
:1080D00010F8F8090CF7F7F6E70926FB06F909FC92
:1080E0001AF710F9FB0F0009F7EDF0DC0EF010E8BD
:1080F0000202FEB411202A11F817EFF8FDE127075C
:108100000EF0EB07E4FC0DECFADE17EEFAFAF5F9E7
:1081100004E5F10216FBFEEC1A0C08E71A040C0247
:1081200016F715CA1C130D1B10E516E71C180A17C5
:1081300007052A00E5EA030FFF1A0FF8FAE00EF32D
:10814000170CEB07E30115E314F3FFFAFCFBE8FE61
:1081500009EF060B0DF6FDF0FE110AEF1DE2CFFB55
:108160001ACC0AD826050B14E90D39ECFCFA0003E9
:10817000F7F0E40308FB01F708F9E309F30C0D0439
:108180001AFC0FFBFC0CF203F0F8000E010A01F6DA
:1081900007F402F5EF02210F0C0703F70CEBE9FCE3
:1081A000F0FB0AFFF0F309E0F2031312F4FFF921E8
:1081B00004F1E70E1520F40AECFBEA091C00FB05AC
:1081C00007F30BF700F8FE060009EEFEC2F6050401
:1081D0001B0EE9ED130A080604F9FE0E10E6271B34
:1081E0000309EE11F209200B001CE50B11D008F376
:1081F000E7E7E4F61815080EE503F1FEDCEF1BD502
:108200000521F958F1EF0B1D0EEB0FCA1014FA03FC
:108210001DEAEEFEFFF244E6EA0528F00F0805F439
:108220000E0FD9C62A11D82CFBFBEA020900041351
:108230000B0AE5F3E00DEF18EB00EF0A06F510FF6F
:108240001E06EB0B00F30AEAF50BF7F0FF01FDF752
:10825000FFF9FD040F010BF4220FF7050810FCF5E0
:10826000CDFD18FA1708FB03F6FEDDF728FF11F61F
:10827000FB0D0DCA19F5F219DDF600F205D80B1148
:1082800012B62115D7F810D907153DDAF824F4E70E
:1082900012E7F40D1DF7ECF0EE12F6EE28F1F70BF5
:1082A0000BE923E506170B0F14EC27C308F20BE4C8
:1082B0001F36E40108FA38FE011906F9E7EDE40E6D
:1082C000ECFEF3E0FE03FEF505EBE403F5FD0A0228
:1082D000E9EC050E14000008F6020802150D010075
:1082E0000E10FC022004F7F814031BD8E80AFF3430
:1082F000F6F90208010BE7050B15FCD6031107037D
:108300000F1405FAF71A05521822F805DCFBF3FDE5
:10831000E2FDFAF805F3150FFB0C04E933E9F43537
:10832000EAE904E1BCF810E5F2DC0BFD1B440508AA
:10833000FA0B0D0AE207EFF4E0F3F3122003F7154E
:10834000FEE00903EDF50AEFE60BF201F9F8F5F9A5
:108350000528FBF8FB0DE5FB16E301F4EE17DC0343
:10836000FCCAE9142100FA11DD00F7CE0DF706DA98
:10837000FAFAF9F1D6E400FE1303E413FDFDFA0363
:10838000E8000400F5030C1D0402FC14040D06FAB9
:1083900004F5FB02FEEF160827FD1AD001FA020EC3
:1083A0001103F606EAFF1C081500F90CF1FB061B89
:1083B000F5EB0008F0EDFF11FA06FE1BF001FB0FD4
:1083C000FC1C0A0B090DFD11F1EEFDF711EFEBFF9F
:1083D0003008F6010D03120605FD1421CCEAF5FA6A
:1083E0000600F00DF70408ECE5F0F906061402E4C7
:1083F0000CDEF82B10F2FCF6F100F9FCF40F010E84
:10840000481FE804D8F9FD041AFDF2202F010502E7
:10841000E8FFF9FBF0FDF000F706FE20041108E983
:10842000F7FBD7FAFFF70DF60B0A0CFA040DFA0664
:108430000003F40CF10F19FF1E130002FBF4EC1AF9
:10844000FC1E0704180BF61706F0F10A0B0BECFFE5
:10845000F4F302FD07FCF7F91510FD0719FB0A06F6
:1084600013FB13F1FBF1EDEB0BF5C60B001E090E30
:10847000FA110907F913F3F1F6FDEEEA2303F20D01
:10848000EAEE082B100D0EF8E327060C17F804FB94
:108490001110F7FAEEFAD30A0C0330F0FA100714B1
:1084A00029FFF5F3F307FA14E6DAF8050FDFFC21EC
:1084B000EF19FA0D04F9FCEE0C090CF30D0A05098D
:1084C00024F5EE0004F50E050A0AFAE506F2F011AD
:1084D000EF1FF4EF0C0F030903111F0EE6FCF41756
:1084E0001406F010FFF71C14E8F4F6F3F912050E69
:1084F0000DF3021A1AFD12F5FC01050EDD0D0BFF3E
:1085000003030F1920F1FBD5000406F4E603030B67
:10851000E605F6FFF805FCFDF5E800350F00E3FD84
:1085200004052D12200CE8EA1208FD0FFFEF03FBF3
:10853000F70CFBF4011E411005FF09C6E9FF0B0C07
:10854000FC1DF3F302C10AE900E818010CFBF80076
:10855000F2EB0C11F9061CF2081F0DE31FFD22F5CA
:10856000F8F3FAD9F006FAEEFA0CEFF20AEB0B0385
:108570000615D8DFED0C0BEA1C06060103F32312E7
:108580000810FD0AFCFC03160C18E522F606EEF8AE
:1085900007FFFF010CF40BF624180ADE250EEFF995
:1085A00008F632E42008F40BF1040CE339E205F696
:1085B000FF1EF6D93809F8FAC70C08CC06EC1216DB
:1085C000F2E4020AC60D1BE9F3FC10FD0E10F201E5
:1085D00008FFFB02F7F2FBF2060C1ED40505E909C1
:1085E00000F343D71C02121E131503E9FCF0080C1C
:1085F000FF23FFF001F2FCFF000CFA2CF6060C073B
:10860000F7F202F60C0403E6FB0CF4FAF305ED01B5
:108610001EFAF2F700FA1600FD13062115FE0807F0
:10862000FDF80E17FD080F021007110A35F6060FA8
:108630001A22EFEEFADF2F09E4110FD6F7E5021543
:1086400010E5F131C2F60E051518F205ED38F1E42A
:1086500020F7FB1024F9E9F11E30F5EE14EDCFE31D
:10866000C4DC2FCE460CF402FEE3FBB8FCFA121871
:108670000A0AE81218FE03181B01F40BFD01ED0BAA
:10868000111D08F9FD2E031CFD000D0119F3F4F274
:1086900002FAF30804FFF0FA08092A24F7F41A0191
:1086A000D9EFDE0DFD0003F3D3F4F40110FFF7F56D
:1086B0000012F5D3F5E704F200EB01EF0DF6E90344
:1086C0000FDA1DE9E101F91F00CE00F0E8FEF9F133
:1086D000021000FC0607E1ED0524F4FE1902010773
:1086E000E20FF9E10501FB0DF3F7F1E6E512F81DE4
:1086F000FC1418EBFD0C00110E11FCE4F92109002B
:108700003BE302DC1E0117E61DFF0805F502FF062C
:10871000E800F5F5E9000F0C0028DF0BFCECF9F69A
:10872000151E07010B0616E2EE13E70105FE100009
:10873000041105E9F6070205FDF8F9F6DBF7F20D7D
:1087400014EFD205E4EF121A120314FBF81DFCF724
:108750000DD6F01610E9030F0A200EE6020A250BCB
:10876000F3071AFC09030EFA010404E8110FFD11C6
:10877000FFF8F90B05FF1000EC0012FE000FFDFAE8
:10878000E1050303180DEEE2080102F7F211080FEC
:10879000F7EAFD03F6FDEC0604FBF502FD03031307
:1087A000EF180716FEF1020D0DFBF40615F7FF0397
:1087B00004F7C7EC00D5FAFEE7F2F6FDED0705E594
:1087C0001102020C16F4FA1E02EBF7ED080D07F683
:1087D0000EF1EE0801EE1003F91111FDFE07190864
:1087E000EE2E12D90B09021E22E3FF011DFE10EE30
:1087F000090804FEF3060000F10606EDF9F5FE0691
:1088000029F4FE120FFC081006F2FBF3FB01010233
:1088100006F302020DF714EC000617FA0B01F7013C
:10882000F0F025E1F8031920EEE9F1EE17FB01085D
:10883000F931F6F302FEF4F2F80EEBFC020710FD3C
:10884000F11BFD20F70405F505F8F107FAF0F3FB3D
:10885000DEF4F0FFF9F2F9FFEDFA09DAF6EF0215AE
:1088600016050204EE0711F203F002F326E6FEF805
:108870000B08FDFDF820E517EEFB13FB0803F9EEEE
:10888000140EF7BC05ED07F605F513F7FCFE07031C
:1088900001030A0D05F2ECDF0D0D0AF8ECE621F4F8
:1088A000E9EE28E43807EDF6DDF5ECE2EBFE06052F
:1088B000F6F805EDF7FFEF0800F5F30C06F5FAEE14
:1088C000031300EE1F02FC0902EE0EF40FF2FF028A
:1088D000F801F60201F20803E8020AF611F4101199
:1088E00011FF05E0E8FF0BE81E14F511F2F8F9EAB4
:1088F000F815F1D2EA2E0AF2F210F0FCFD06310171
:108900002A33FCF9D0F400EE19FCD41CFA16E6FC6C
:108910000F00F3FFF1EB22F2EDF804E1301EE2FE6E
:1089200007DD0DD54900FE03EDFDFEF40BCE04136B
:10893000F313F0D10D16000DDD1CECDE05FC110863
:108940000A08FB1FB2EB0412E307FD11FE00080B3F
:1089500026FAF10907171A090B1333B6160F1B1E57
:10896000FAFB3AEB180A070C08FFDEF1EC18F919CC
:108970000003EC2A06FD2B05D814F00304FE23F1B6
:1089800038E6E9FA20F3EEF51A06FA0D0DF0FF0DC0
:108990002002DBF81301170BFDFC131C170202FF6A
:1089A000F21C07FE020615EBE8F3091706F10A1B95
:1089B000F7FBF51507FD08F40CEA031605FC1A058C
:1089C0000CF90D13F2E811CEEC1D10E26E0D09F753
:1089D000E116ED06EE0203FE14E2F70EFBF9D8FCF9
:1089E000F1EAC9FC1405FD0BF8042401F0F9F80CB8
:1089F000FF2009E2F4090B071707040BFFFF050C22
:108A00002429FBFDFDF30307F7F4E504F80C000649
:108A1000E112030802F11A0D190108F712FBEAFF2F
:108A2000F9F815F019FDEBDFE304F108190108FB73
:108A30000028F7D4FF01FD06EB2D09FBF7F3F90140
:108A400018DC0130D0050ABC0208D5181241F5FB2C
:108A500011F3FD09FFF3F6F2FA00FCD9100EE5223E
:108A60000BEE37FB2B0EFC0BFE1417D706180A452E
:108A7000FF070112FB0FF8070BF400EE010002F2F2
:108A8000321100FEF72603EE0004F7040410EBFB9E
:108A9000EEF0EC0BFEE6FEF9E70D0603C5F6FB0C67
:108AA00029FAF5CC19FD031B010303F914F5FFE8BE
:108AB000FC2C0504F207EEF416FFF50CFF02FCFB9C
:108AC000F9F407FF11E7FB0A0705FF0810F300F8A8
:108AD0000315EFED04FBEC0906FF11F806F302FEA7
:108AE00006FB14EA0BFD16EFF40115170F030D0436
:108AF000040DEE05FFF5C907FD1B0DD20DEAEC0FC5
:108B0000FBDA00EA1BFB0C0E0628FCFAE610DFE598
:108B100031EFFC0B14F7180411F9EF10F1FB0B0CFB
:108B200002E323DC001400EDFAED0CF119F3FE3E34
:108B3000FD0A0CEFFDE002E605E3EC03F6EEF501BD
:108B4000E614E2CCF40D06EE01F818070202ECF68A
:108B500003F3F20D0FFD18FBF60516EA1CF8F607F5
:108B6000F8040D07F0031E130BE01BE9F6CBFD39EB
:108B70000A08F6F008F40EF203FAFB24F1100303DE
:108B8000E51605131A0D06F1EC10FA12FDFFFD02B1
:108B9000040AE8FD04F22803F4F80E002A0402E4B3
:108BA000FB0B00FDF70B04E7FB02FB03EC1D09E8E0
:108BB000FCF90C3003F8180D0110FCD9FFF80DFF7B
:108BC00026F2FE06FC1105101707FE00020EF8FD46
:108BD0001704F8FEF9000FFEE905F81CFFFAD206AB
:108BE000FDE1F5F90B02190AE80218F11AD6FF4562
:108BF0000F0716F20CFC1908E0FC0201F5FE18053F
:108C0000FC00E6F80A02112B0FF013F10A0000072E
:108C10000BF5FE1000FB27D7EE03FA022D160A080B
:108C20000F0B10DB290DE114F80FCEFBFE0500F948
:108C3000050618F41EFAF740FEEDFCFAF50E0612D2
:108C400031FA10F9E50BFF10102206FBFBF70C05BB
:108C5000FFF400FC18FD2BF3E0FCE61AF51CF615FA
:108C60000711F0F5F71601E3F009F3E8170D01FA23
:108C7000F4E60DEB321AEC01FFF4FADFF6F01CFD1E
:108C80003F13EE09001F0BEB110EEE14D405FA078B
:108C900002F5F7FDFDFA16F8F10D12FBF10EE808EA
:108CA00041EA1AEB2602F6E003EED500FEEF1512BC
:108CB000002806F20700011BF3FD0FEFFAEE13FB8D
:108CC00004FAFDE20A1F10EAFA1B26E00A16F5FC78
:108CD000F5F00E121CFAF9F6F41F0CEE0BFE11D78C
:108CE0001FF323E61A05010F21FDFEE2160DF50F15
:108CF000F7F9F1E020FF0DF4D51810F003FB161280
:108D0000FBF201F416F408230D050B16FE0C020B02
:108D100004F4FD08050103FE04150EECFE129E1975
:108D20000B0B02F4E206240B35FEE4E7FEE7F1D775
:108D3000FE06F5F01A01F10BED07FCE8FB0A00F95D
:108D40001118D9F8FFF7040614F91304DFF9F41326
:108D50001711F1FCFC0DE9FAFEF90DD027F1E5023F
:108D600008040109EE070606F409E2E6EA0A0AF633
:108D7000F61306EEF9FC1D0123FC0901F4FFD71ED2
:108D8000FF01DCF41004100412E718FEE308F9FCFC
:108D900005E800071E00170109001DFA0D031B005E
:108DA00031F8F803230119F7E6C8EBEC11E50200EE
:108DB000ED19E6DA201A0BF4FB01F005F2081BF7B7
:108DC0000709021DF5FE14FB14DE0CF7F6FCF80A89
:108DD0000CF3DDFF010A00E3EF16FCE728EB16EDCC
:108DE000FC080BED0507171D0B03FCFA180A040815
:108DF00012E9EFFEFAEA00FEFD02040D010101F5A1
:108E0000F6F8F70AF805FC0901111503020405FE3E
:108E100001F50A03FEFDF9F7030103F20B01040754
:108E20000FF11505F405FF020205FE0FFC1EF8F711
:108E3000FFF8FCE9F7FA020402FF00E6FF0102FC7A
:108E400011FB04F00706EAF116040D08E4031214FE
:108E5000E50F04ECFC01FE13FEE8E3120CFEF61C29
:108E600007FD120DFC03F4FA05FDFEEDF9F30DFE0E
:108E70000207FDE816F7F9F6ED05F301FBEBF61036
:108E80000A12F4FAF6EE2701EEFDFD080207FDEFE7
:108E9000FC01F9291EEB08E809F61410090AF2137F
:108EA0000502FA0CE512101C03FDFF11F50F01126B
:108EB000F4F2FDFB0AEC0901F5F1FCEB200E0111C7
:108EC0000209ED070C16F7E525E9F900FD01EC05AF
:108ED000FE0A07F30003DE06FBECF715070203ECBE
:108EE00010FB0CF40FF8E8150E09131409F4F9013E
:108EF0001014F705F901FEFA0202FD190101FE0B3B
:108F0000DDFD00040FFEFC04F614010A0F09FFF654
:108F1000EB04F20D06F9F2F204F5F909090712FC67
:108F2000FAF5FE10000E01F6F4FC04F908F40CF357
:108F3000001001F5070405FD0A0003FA12FE0B01FB
:108F400013E5F4EFF5060109F407FDFADE01FB0174
:108F500004DF080D090608FBF43CEEF00F07E91DDD
:108F6000FAF803F8F6000A05FA030EE2E80F061D08
:108F700001FF2801F6F9EBEE03FFFA10F803EDFF0D
:108F8000FC0BF8F3FE0206FBF6E201F7F9F80AFA29
:108F9000FE04FC080F0101FCFF0605FB1AE9FEFEBA
:108FA00010F905FFFF05F5FDF70107FBFB140404AD
:108FB000FCF1F6080007FB08FF0CF510F7030609A3
:108FC000202610032209FCFC080BFDF50C041202FC
:108FD000F911EFFC0AFEFA0004FFF21A0407EA0393
:108FE000FFE909FC03F701FBFB01FC09F90DF3D2D2
:108FF000FE13F7F726010420E6FAFD07010A09052A
:10900000010108030213FD06020A1715FFFFF5060A
:1090100011F9FE00F6001103F9FEF2150A05FEFB38
:1090200002050703FAFFFE1D0501F5FFF6F905EA43
:10903000F909F3F2F928ECFA06FC04E4FFFF07084B
:10904000000EF20A00E806F8FDFAF80006FFF5FD4A
:1090500008F009FD0904DE050D03FB150902FF11E7
:1090600006F1F5F9EC02F3E8FE030E150D0D03F918
:10907000FE0AFEFCFCF52D13F404000603050105B1
:1090800003F1020803FDFCFEF30714070001F902D7
:10909000FFFEFA04FDF9FE01FF01040908F10400D6
:1090A000F7020102FD0704EA0604F0FA05F609F0EA
:1090B000FA00EB08F7FF091A00080108030DFA028D
:1090C00005FA08F6F4070003011511F9FEFB08FB89
:1090D000F70109F705FF0804EB08FCF1FAFD0CEDB8
:1090E00011070B0901030316FBF8F407ED09080E3D
:1090F000FC0500F1E703FE0721F609FAF9F80B0D6C
:10910000F2FD01070109FF000BF2F5F506FCF30281
:109110000406FAFB0BF8F9FEFAF8F50802ECF7FA88
:1091200001120AFF020505EEEA13F0FCFFF2040348
:109130000E0811050206040DF21DFEFBFCFAEE01FD
:10914000F5FC05FE020201060206F1FB04F9FD0230
:10915000FFFC03070802F8F9F602FEF9EAF2F4064A
:109160001004FCF90B06FF090D030909FEF9FC2C9C
:10917000FF201E0300FC0FFE090A01E4F70117059A
:10918000FC10F8EF020D0EEF130B02FC0302F801C6
:10919000E808FA0DF1EF2006FB0614F9F902F707CB
:1091A000F80FE30E1D0CFE2A0AFED8FF091F090D59
:1091B0000CFEF10FFE01F302FF01F50310FEFCF9B6
:1091C000F0F7030E0EFBFEEFF112FF002C0CFEE891
:1091D0000FFC00FBFFFFF7F808121202100305DA7C
:1091E000F7F8EC300607F6F31208081B071DE5FD3B
:1091F000EAFDFDFBFEF7F8FDFCEF0DE60619FDECC0
:10920000EE0403011C0BE6ED0CF9FBF5F4FE16175A
:10921000F51FFDE6E617F21A03EDF804F0FAFA0D71
:10922000011E15F601EAF3F7FE05FBF5F1F70AF268
:10923000F804FC0B02FAEF05020401030304FF111A
:10924000030602F2FC01F8020302F3FB020A06061F
:10925000060DFE01FA02FD0A02FAFDF004110406F1
:10926000FB00FDF005FBF1F3FCF70404070FF50824
:10927000F606E809040908FE1106050206FE1C0EA2
:10928000F512F3050B07FAF700F815FD03020608BF
:1092900006FAFBFAF1F504050402FAF8FAFEFF03F8
:1092A000010007FBF201F707120404EF16FB04FBB1
:1092B0001812F10507EB070F0D0501F5F5FA01226C
:1092C000F81E17ED010803080AEF05FA05EE00FC89
:1092D000E4EC0A09050009FFEEFE11100B1319FC5E
:1092E00018FD0A1020FDE70300FB03F5062CF30828
:1092F0000BD3FF08FE07FAFFFA0102E8EFFD0501B4
:10930000100D01E5FE0DEEE92B00EEF7EFFDF2008A
:10931000F40000F5F703FF05FFFFEC260A04F2084E
:10932000F60414F700F706F9F00A09EC0103060742
:1093300008F704030607FEFCF90F0208E8FE06F72B
:109340000A27FB040D000EFCF110F710FC060407C1
:10935000F40101FD09FF04FAFCDD12F4FDF4130F22
:10936000EAFD13F5F6F808FA0304F7130506F816F4
:10937000F002F9EF16F5FEF6EFFAF504F203FF033B
:1093800014F1F8F7EFF4F01B01F3F107EDE9F21037
:10939000043BEAF604FFF70C0FFF06F2FB05001191
:1093A00001FB05FE10FDF9FDFA080B08F416F9069D
:1093B000F8F002F4FFFFF6FE0106FE0018F6F8FAD8
:1093C000060A011AE604EC05FD09F307FE0000FB9E
:1093D000050400F9FE06F603F8FF08E402FEFF129A
:1093E0001408FCF3FCF3F90B070110070DF9050352
:1093F000FA0F0308F1F913010808FCF90A1201EE4B
:10940000D8FBF2010A0704F9EFFA14020E08FBFD7B
:109410000A24FEFAFE010E0503E312F4FAEC02FF41
:1094200001FF02160603F8F307E7F00AF911081224
:10943000FD0BE8F30307F2140B02F4FBFB00121C14
:10944000FACFE9E8E80E10F9F8FE07EE0702F8E9AE
:109450000400F0060BEFF30810020E0017080500D9
:1094600016E8F315F81119F8D4F3EDEDFF09FF0232
:10947000030AFB290CFCFD0C0BFBFC19FB01010A88
:109480000402F8ED0911110406EF0EF3F901FEF1E3
:10949000FDEC0709F6FCFA01E210FC07EA0EFC0AF3
:1094A00011FFE7F00909F9160608F7F90120F6F6A9
:1094B00007FDF81DF5FCFBFA0F13F5FD02FD010693
:1094C00017DEFDE7F307FA0D14F90702E3010600C2
:1094D0000AF006130DFCFEFD0504F8020504F6096A
:1094E000FEFB0E0101FA0DEC0AFAFFE108D005FEC1
:1094F0001AF205050B01020108FEF500DEF3FC116E
:10950000EA00E400F8FA0CF50503F902E00AE7F0D6
:109510001CEAFB1525F123F4EF050C16F7FF11F3F8
:10952000ED003A06F50E16FEFAF1F3EEECF601F355
:10953000FA03FE0B00FE00FEFAF60D01FE01FAFF33
:109540000206F40801FD09FA01EE0600FDFE01F332
:10955000010CF0FDFA03030B0206F8F6F9F901120B
:10956000090C09010303FF09FD020605FA0902EED1
:10957000FD0007F4F6F9060AF1EBFBE7F7FF070336
:1095800002DE05F9EF00020C011218EA04F709FCEB
:1095900006010306FD00F5FF00F900120FF40CFDB3
:1095A00013F8FF03FAFEFF08FAFD0503FD0FF9F9B2
:1095B000FBFDF8061306FCFAF1060AF7FF01F6FDBB
:1095C000020805080AFFFFFA01EFFF14F602FE0584
:1095D000F20703FEFFFD0002FDF8FE0AF702F702A4
:1095E00003010BF6FCFC0803F411FE0DFC24F0044F
:1095F000E9F4FD0503FC0104F601F6EA1D0103FB95
:1096000012F20513EDEFF518F6F7010516FC0DF94A
:10961000041EEAE4F30B040AF9FA0CE803FF000A5B
:109620000902F4ECFEF9F80803F6050F18060D0C14
:109630000601F9F8120605FEF7EFF3FC01F5F7FD58
:109640000904FF12EDFE08FEFEF8F3F4FF3702FBFB
:109650001405FD0407F31102020BFC04E9F5F10AFD
:10966000EB03FFFEF40F0B10FC04FEEE0905F8FF00
:10967000EFF603FBF109EEF802F7FAF4EC06F90C49
:10968000FAF3FE070403F5FCFA2A0103F6FD1106BE
:10969000FD0201F8FA07F707FAFD07FF09000DFCC4
:1096A000060A060C11F600F8ED01F7EAEBEAF600FF
:1096B000EC06FE1500FA0202FEF40508060806FB99
:1096C000E0110E07F80CF0FEF92301FEF516211D3E
:1096D000EFFD1CE3FA13FE0F010005F9FB09F90980
:1096E000FCFD17F9DFF0F3F7F8050203F30607FEB8
:1096F000F3080B0413EFFF11040803FCFFF603FA51
:1097000017D51BCEFC000A05140609FEF80B00FB5A
:1097100031F9FEFC0AF0FBF80103F7171A0FEDFA16
:10972000F7052AEC07100C1A18F7FCFAF311F6FEED
:10973000DF12FBF709FB00F502EF08FA2111FCF933
:109740000C00FB0AFE07F109F803FF02FBF91816EB
:10975000FC06FBE1F616F42301F0FFE900FFFE1919
:109760000D1204F0FAEAF7F3F718FB02FFF606F021
:10977000130BF0FADC0806EFDC06FF00F901FF0A24
:109780001904F5E1F5E20FF2FECEF0D6E9F70F028B
:10979000EBF60BFB09F505F40909F0ED030CF214E7
:1097A00015021B01E202E007111FFDF50BF0050693
:1097B00012F5F90709F6F9FC0404F70BF6E5FA08C7
:1097C0000614F4080BF917F20812FCFE0B0DF9ED64
:1097D0000DFA011212EC0DE5FBF60F1A08020AF55C
:1097E0000E0C11050212040604FA00FAF8FE0CFC35
:1097F00005070A05F8010F000AFB020807F000F947
:10980000F7EE12050AFF0602FB0503EE1CFAFA0347
:1098100006FDFD0FF3F5FEF5080CFE090AFAF5FC4E
:10982000FD10F5FEFD0DF615FAF0F9F6F806F70D48
:10983000F8EFFD0A06FAF80A02FB05F00008FCEE54
:1098400003E8101909FFFCF3EBFD0C0300F907FC1A
:10985000F9100AF5FA0DFE10ED08FEFB04130818C6
:109860002C070FF608FE081EF6110707F4FFFBF69B
:10987000080808FF0BF10B0104F9F7FB0608F901D2
:10988000FB1CFB01F505FCF903090412050401F8B2
:1098900018F901F509FF2400EF10FB010DFFF50E8B
:1098A000FC09FCFF0C02011704EBFA100BEB03FDA3
:1098B0000316040D030B0F04060A02FA020E0A0730
:1098C000F9FF0605F204FA100303FF00FD03010689
:1098D00002FCFEF7FB08060C080905FDFE010F0659
:1098E000FC0AF8130AFC09FBF9F5FFF9F105040F6E
:1098F000FEFD020206040AF205020503FE04F70853
:109900000407F4F7FBFAFF0206E8010C0A06F80761
:10991000FDFAFD00FF04F0FC1DFA04030604FEFF3F
:1099200006F405FE0401FAEEFA14F5FBFAE10FF86D
:109930001BFB0B0307FB0C010314F3F7E9EB050E0C
:109940000A0CFB0FFDFC0EFF2F01F4000208EEEFE6
:1099500016D5F7100FE2F9E9F518F805FD0203F046
:10996000EDEFF002FE1116F4020006F8090B0905EE
:10997000F00709FE00F2100DFE0CFFD40DFB15FEE2
:10998000220103FCD208101C13FF0404FFF80FF19E
:1099900012F5F80900FEF711001222DE0EF3FEFBAD
:1099A000FA0CF1EB0BFE04080DDF0104FAFA090CC6
:1099B00005DF0902FCFC03050AF3FCF5FA01F607D2
:1099C0000314F8142DFC08FEF7F707F92DFAEFF74A
:1099D000F910F6020AF007FDECEC0E020E00FFF1A2
:1099E000FBFCFD27F904FFF4FB03021E0101010645
:1099F000041A15F5210E05FA0EF4FEDF00FDF40839
:109A0000FC0703F0F8FE0B08F8FEF509030AFB0655
:109A1000F6FDF70306F803FB0400040309FD10EE4E
:109A200003FC1E010B040F0104F7F802F31006F308
:109A30000001F0F8120DF9F5F2EE021805F8F8033E
:109A4000020F01FD06FD0504F504EE0F07020401F7
:109A5000FFFFFEFD030309ED02FC0F09F4280201DC
:109A6000EA0BFF060808EF140CF90DE1FCF303F70D
:109A70000B03F615F802F6F2FCF1FDE605FFF3FB29
:109A80000800EE070FFFFA16FDFA05F20A05FE06BA
:109A90000AFBF8000DFF07FF04010A09F50A18FD8B
:109AA000060408090F07FC08F903000E02FDFE0278
:109AB00000FCF8E3F801FFEBF80A0E0DFC09F909C8
:109AC000FE2104F1FE10F804FEEAF7FEB1FE090BD8
:109AD000F0E920FF0709F30807FCF8FF0B010D036D
:109AE0000DFCFAF6F6EAF70CEC0107E5FA04FDFBCB
:109AF000FDFBFEE40305F7FDFA0CFDFDF9FF04098B
:109B00000AFAF1FA0313FEF406F60308F905030155
:109B1000FAFFFCFDFC0AFC0307FF0806080AF5F83B
:109B2000231003FD0C0608EC0B13F7F0F5FB00FF08
:109B3000F5F60008F9FA0504FDFBFA09FF0F0E031C
:109B400010F4FF1B0607FD14F7F8F90013F7030FD5
:109B500002EF05FD0E06F80A03010407FA0AFFF7F3
:109B60000601020501030F23DCFEFD12FFF7F9ECED
:109B700002140CDDF705FF05F5130AFAFCFC0BEFE8
:109B8000F1F6FBF20C180EF2E7F7FDFBCEF6F01142
:109B9000F5FEFB05F9FDFD08F902F1EDF2F6FA2EEE
:109BA000FCFA061504FFF804FF00F8F7FB0E02F6B6
:109BB0000012FE19FFFEFC0901FAF1160B1BF7005B
:109BC000E0E00DF7200805FDEEFD07012CFB070E78
:109BD000EF21F5FAE906F804FDEDF5000F10DBFAC8
:109BE00002F3FB0A08030012FC0C142FFD02F50817
:109BF00004FAFBF8FEEF0102FFFD01F50104F80392
:109C0000F5FFF2FB0107FDEFFDF50507FF0117FD6D
:109C100007EFFF0AFB08FDFC0402FEF8F6FAFD025E
:109C20000D04FC0218F9E9F0FCFFF40BF8EE02FF5A
:109C3000FAFD1E09FE09F721F7FD02F1060A12F5E9
:109C40000C01FC07F3EE01040F180006FEF3FCFF05
:109C5000FCFD02F30E0000F9FDFDD6E8F309ECF07F
:109C6000F30E01F4FC060814FA1EE8E600040B0BE0
:109C7000EEF40601FC05FC09F90300010101FD10E9
:109C8000020CEFDF000507E90F010D04F2080700E1
:109C900010F6F3000B05EBF6F7F60DEE02FFF5FC00
:109CA000FD0602F7F60624EF0B090AFF17FA00F982
:109CB000FFF30008FAFCF6FFF7FD09FC0C0500FFB6
:109CC000F30709FDF601F8F1FCFF08FDF5FF0600BA
:109CD000F8FA0E02F200F8F3070BFC0501FCFC0198
:109CE000F902FA0700FBF9F80108FEFF020202215F
:109CF0000BF0FDEA00F5F9DFDE1BFE12FFF817019D
:109D00001919FC0F06E20A1A01DE03FA0A02FBFB2C
:109D1000F813F2090108FDEFFBF7FA110518E10647
:109D20000F1F07F7EA04F40B2714FF0C1CFFFC15A8
:109D300003F2F0F7F2F3FF0501160509EB0A04FD43
:109D4000E712F2F4FFFDFA0400F6F7FEFA010AFB4F
:109D5000FFF40F09F7091BE30805FEFA0E16F204DB
:109D60000B0101FA24FE04FAEA1012090D0A0CF0A4
:109D700008F912FFEAFBFF0008FEF5FEFE00F1F90C
:109D8000FFE80806F6FEF9F1091100F6110008F4E3
:109D9000090E030701F502FFF2FEF3FBECEC05FDF3
:109DA0000EFD19F0F504060304EBEE0DF73104F691
:109DB000FC110E02F50511F2F6F7F5090D0F01067B
:109DC000080302F91F06FDFBEAF204FF0606010084
:109DD000FF36F9FCFDFE040F00E7EDFCF70EF2F98B
:109DE0000C0706070CF709FFE906FE08050607261B
:109DF000E91333E2F422D6D6E2051AF90800030289
:109E00002005EE0B13F5000303000BE914F800FF27
:109E100010FCFBFCFB00040724FD12F40008FF15F6
:109E2000FAF23BF61401F7F208ED02FB0CC1032134
:109E3000F50E03EFF91E0113F40D19FB16F216EBE4
:109E4000E012134325D109EAEAE0E0FED703FEFD64
:109E50001CF8060B080A08F4FA150FD5D9FC141DD6
:109E6000052515E50D0DFF05141FEAF9FA12FEEAA6
:109E7000F30219FC03F40B00F2F4FBFE0808FEF2F7
:109E8000FCF8130EF406030BF70A14FF0CEF0D0198
:109E9000020CF7F701060D10F4FEFDF0F9EDF606E1
:109EA0000A080102FE00F0FBFB0A0C05F920E30A98
:109EB000FBE1E21338E00F021BD6FE4113040EEE65
:109EC000D3FF34EA1113F314E7CF31F30C081C0865
:109ED0000A2606E5ED19B811F8D71B0D11040ED3AB
:109EE000E12D0B1905E7F903F30DF46A1156EF1490
:109EF00016DAF70D09FD0302FEE001F8FDFF0C097B
:109F000021060DFA0F1DF1F1F4FEF30207070D040F
:109F10000E0F08F70502FA0704DEEB160C09FBF931
:109F20000E0111150AF6F4F717F91B22FC9C05FF28
:109F3000170AFC0A05090AFE03FBE926F2030E01D3
:109F4000CA21F81FE30F041FE3090EFC1F170401C9
:109F500016F2FC130DF5FE01FB0C16E6FC1028CDE5
:109F6000F604EA1EDC09F9ED02C5FB0E0D16F854E5
:109F7000F6F3FC27DB0CDA112EF90A120406FEEBCD
:109F8000073CFBFD070DF4D6F4E4FEFB0BE90A11D8
:109F9000E91406F3F805F50901EF07F4F8120506D0
:109FA000F4141B0931FDD602B50FEBFB03DF0A34B5
:109FB000DF0B1EECEAE10EF30413F71102020400BA
:109FC000CAE0FE1E0AFD091CDDF914F51FF6EF01BB
:109FD0005418FA02FF031402D10139CFF601E4F359
:109FE000F8100E0610050304D6FF23120C07FA061C
:109FF000F70FE1D92AF5E2E5C31507FCF60A1F00C1
:10A00000F621091923F5F80CF538F03A0DF6E80EAB
:10A01000D5140FF5ED0713141BF0EFF30E20F7FE28
:10A020003BFA200111F8ECF92D0D0BFBF8FE0411A1
:10A03000F7EC08F21FE31FEC0AEAED04020DF5F954
:10A04000E6071CD9EC0705F9F20E22051D050411DF
:10A05000FAFCFCF5E60F4511FBF5E8F807FDF8FA08
:10A060001508E4FD01F806F91729DC03EBFBF917E5
:10A07000F8052A1AEA050108AB0F0302FB0EDC0FF4
:10A08000FA05FAFD00F2FF01F4FD20C9F4040818F6
:10A09000EC13F7F5F216040AE4F4F910DE3C2C0890
:10A0A0000908FE0CE6FF11140410FBF70301FE0F74
:10A0B000F5FAF3F4C71BE9EAEE0313D7FB03ECFF51
:10A0C0001217F9FB0F03F70002FBE315EFF9FAFE95
:10A0D000110308EF01FEE6FE1EF20EF33001FA282E
:10A0E00016FDFDF6EAF4FCEE131FF403D4E3F9F0D9
:10A0F000F800FF101B0ED9130CDFFC0117FA130632
:10A10000F6E711FA1C0CFC19ECD91CD7FCEC081B67
:10A11000F414FAF5091BDE00C7F3F50C002238EF42
:10A12000012CFA14F704020A02D90903F8F7F82BF4
:10A13000FD18F5FDF7E2FBEE28E8FF1204022CEF14
:10A14000E20B18060B11F713FBCF1FF91808FD09D6
:10A15000040500FFF3071FF9F1FCF5FC010104F60B
:10A16000DCFAD9F30DF6FAF8E1F401F1F5FDFEFEA3
:10A17000EDF7D1FC0EED02F40CEA0010F91A07FA23
:10A1800008EE0BE1EC10EE0DF8F10C120EFE0EF4E1
:10A1900001F90DEBE51020120DFFEAF60EEDF70BBD
:10A1A000000BE700F0E1FDDB01111A171737F4D2BD
:10A1B0000FF1E2FA21F7E9FCE8FF0D10030108F4C2
:10A1C00039C5F9F00A30FEE426ECC40EBC040E04D6
:10A1D000F0EB1508F6F7EE002600C924F210EB2686
:10A1E0002C030F1E200012262EF8EFF3F2FC072D91
:10A1F00013E8FAF4F7ED10E8E8F6DC27E41DF8F3CD
:10A20000E9ECF9081610FAEBEBF5F60800F5E601B3
:10A210000E10F7FA0701FA061DE6EC16010106DC3E
:10A220000B01EF260FFFF40AF001131BF90AF8F8EF
:10A230000702EAE7F5F11702EFF406FE07FBF60363
:10A240000CF0FE0B08010101E815FD03F7F7FFF51F
:10A25000FC0D0300FDF917FCFDF5FDEE10FAFA0CFC
:10A260000E04F20D0EFEFEF8ED0BFE00FC01E525DE
:10A27000E8ED0504F1DE47070FF2EE01FF0501FDF1
:10A28000F1FD13F81DE5F307FAF44BE908FC0809A2
:10A290000E12F7FD071BE7F1CEFAF900CF01F80F18
:10A2A0001B2703E7E5F40300260316FBE711F8F884
:10A2B000FBF6F5FD11F513E3FCF904050A0CEBFFC1
:10A2C000E8D316180EF4F51AF8F5F5010901160D84
:10A2D000F01700F1F50BDC0F12F3E2FE08F0E9EAEB
:10A2E000EF07FE08D8EFE80B0AF51E1010EC013658
:10A2F000ED0B07F3D8F2FE150FD80AFEF6FA02F4BA
:10A300000BD0F4FF13110D45FD1328D4090911F3E7
:10A31000F4F6090808FCE1F6C711FEE52CEDED1F87
:10A32000F9F0F9FA4F04E209FC0F1BF70B3BF602B8
:10A33000FFDEF91EE0D70E0F3AB8F126150CE0F457
:10A34000F8F909FB2612F1CBF1DB11EB05F2171836
:10A35000F22E13F8EF1CF61403DD0C0ACB00FAF70B
:10A360000616E62B27EC04FEE406FA05F8ECEE23CD
:10A37000F9EDC9E1F9F503EA11F3F9141401E60363
:10A38000F3C40BE9E702F218F3DCF23401FE0A022F
:10A390000A060201F60EE10822FBD4FBFA04FE01D4
:10A3A0000B02FF12E8F406E1F61C1C052116F0E191
:10A3B000F7100A13D5F1E7F708F113E40A0CED03DF
:10A3C00015B912F80713F5E6F511EA0AF6121608A0
:10A3D0003806FBFFED03280CEDF2E819E7060D2720
:10A3E000E3CF08292EF4F3D0BDF8FEE7FEE2F51E18
:10A3F00003E60320FDEFF0F907EEFC18EA1AE6F594
:10A40000112DEF35CDEB0A1C0CF1E619430B1C079F
:10A41000DEFEFDFCF7080408FF0D00FAED29F5DB70
:10A42000E92FB2E90601F2CFFD1408FFEDF202FFB9
:10A43000F210180BD02104E30C0BFC0D0B0BE20CFB
:10A44000F6FEF3F2EA05F31EFE06F4FF0BFA0DFF2B
:10A45000F7EDFFFAF702F0051607F001FE0D1703FE
:10A4600010F4CDFEE7EBE7DAF623F013FD0902FB6B
:10A47000FC090BF6EB0BFEF7F4F508071709FEF3E2
:10A48000F6E10405DDF70B0CEC0AF807FEEE010817
:10A49000FD04FB01F401EDFF0AFC00E200EDF7040E
:10A4A00008F7E5FD00FEFF0DF9F2FF0740FEFA0A8E
:10A4B0000EF3D130F412F80200E00C0F051FF11B6F
:10A4C000EF10F2E5FF22100509060500E51F110750
:10A4D000E00F0B0C1504180F49F4183339263F060A
:10A4E0002B25F61E04F923F7DFDFC8EE0742FFFD38
:10A4F0001CE8FD0801FCEC01FEEB1001E704ED0E89
:10A50000310805FBE50CFBB6F40B0803F3F7030277
:10A51000B104FBF9F405ECF401D2E53B2217F6088F
:10A520000CFC0E221603F40B020D0AF51102F306C1
:10A5300009EAEAEE1009113904FC07DA0B0E02FDF4
:10A540000F111B1704D408E5F0F210FBFC030308FD
:10A55000F116F1F6010606FC16F3100BF3102EEBC4
:10A56000F3F819FB030E0505C1FAE0ED03F813F942
:10A570001004F904EBF9D8F933F205E40405E2FE1E
:10A5800001001CF4F802081711F6D7DA020A00F5E8
:10A59000F9F6140E14EEF5F8FC09F7190D29280E3A
:10A5A0000DFC17031909F7F0E3F6F3E31B11F000B4
:10A5B000F2E20CFBF40213F4F3F720F60A0BDDF0E1
:10A5C000FBFBF01C0F14F4D2FD2ADD0CF10613176F
:10A5D000FBFD1DFDE80311030FF107070F00F60255
:10A5E0002520030810F40AD3F2FEFE14FB18130D05
:10A5F000F11CFEE50EF10728F8DC02B40BEA0610A8
:10A600001AE30FC257030DFAF00301FCC119F9F563
:10A61000FE04FFFE0C090101FA03F70C1B1D0D15CA
:10A62000F7034D1F130DF11D05FEFFE1E208FEF2D9
:10A63000F8100E13F6E02CF91A2410041007240069
:10A64000E30D0BFD1716F302FA171F1020EC0D0691
:10A65000100C02F8F408FF1409F404FF0FD4E1DF32
:10A6600002100B0105FA1007010C0E061100FE0086
:10A6700002FFF5F4E502BA0314F000031303F4F14A
:10A68000F6061E1AFC1204F6D6FDE0161CF7FAFABE
:10A69000F91000F8EE08E8FC1AF007FAFC0F0C07B6
:10A6A000F4F701160FF9F702F5051410FB11FAFE85
:10A6B000F9DEF7F8E8EEFEEE0EEBF0FA0F0BFDFF19
:10A6C00005F308F7F50AF42AFA0108FA1EF20FF169
:10A6D0000D0BF0F0E902E90005EFF8FE03F1F506D5
:10A6E0000609FB07E2EBEBECE5E71210EE09F416C6
:10A6F000FCC9FC00FFFF19EBE20DFA28F8181CF268
:10A70000E921FB375003FA07DCDF050935EB020AC4
:10A710000020F4EDF515F50905F508FFECDCEDE09A
:10A72000040EE9430BF9E43B1D331D4DF91AEC17F8
:10A7300016F40E23FCDA08F0EAF3FD16020C08F812
:10A74000E8E4FA020DFFFCFBF8EA1706FCF6190430
:10A750000FF407FE02010515FF01170904010EECB5
:10A760000818F11309F1E2ECE5FC060DF317EC080B
:10A77000E2F70CFDFAF7FFEAEEE82809141E02EAF8
:10A78000060B1A041D1FDFF8FAF1FFFEFBFC1B2469
:10A79000F9F10CEDE71DE41809F1EEE5E801E91F18
:10A7A000FD1CE7FEF5E2F10C0E09060F05DDF106D2
:10A7B0000202F8F1FCF2F7F0F2F10A1406070902BE
:10A7C000E4E90514080601FFE0F215F90C00130492
:10A7D00000F9FB08FFFCFD0A000EF3EFF0FA0EFA99
:10A7E0000F03E40B1506EEEB05F40D04F90201FB73
:10A7F00000F8F6F802E00BF2CFF71106F4F6EDFBE5
:10A8000005DEF9FAEE05F8090010F715EAF1051171
:10A8100005E410FE0300F8010602F5EE020719FF39
:10A820001AFE040405F6031523050E03E91002EFD2
:10A83000F21FEBFDF904F9F8FB17F707FA040FF420
:10A84000F91E0325030AFD00FB00F211FC09EA00D2
:10A85000DEF2FD05EFF60502F9F8F6F8EFFDFDF979
:10A86000FD05F00905FEF604090CF9FA10FA0112CB
:10A87000FAFF2703E513F30EF1FA0E200C0DEEFE9E
:10A88000E5CC060E0EF00B1AE2E518D919001A0DE8
:10A89000E11B12FE000AB61137FBFE11C1DDFFF20B
:10A8A000FF01FDFFF1FC07D4DCC111FE030201131F
:10A8B00007F3FD1211EE07FC01FD020A14010EFC64
:10A8C000F617FDEE0F03F9FDEEEF12FB1AFA18F77B
:10A8D000FB02FDF3F20CF7F8F103FC04F3EBE7EEF7
:10A8E000F1F801F914FDEC0A041BFA07E6EBFBFD95
:10A8F00013FDEC090806FF07F4CD08FF0C060DF761
:10A90000FB3011F9F619012C08C4E6D3F90FEE0F4C
:10A910000E1911F30810140EE300EA00F2301F19AB
:10A92000F7FDDF02E4FA03EE16060A0FE4CA0D256E
:10A930000CF2ECFAFB10E7080AF2F014FCFEF70D3B
:10A94000ED0FF00007F8FB02FFFF00F11904FAF920
:10A950003BFCF30306040EF1F4080D0BFA1B17E1A0
:10A96000DE07FF0DFA0110F704E4E911ECF1EB004A
:10A97000F408F20606E50EF9FBE600222F0E0200AF
:10A98000E2D60FF5FD2BE112DBE4FD0F03F21E1200
:10A990001F1101E704260D0D09E406D80A130E0560
:10A9A0000C04EAF7FAF0F0EAE414060F16F104FDDD
:10A9B000FA09E3EDDC22F0E201DE140CF61D0F06CD
:10A9C0000BDC270CC6F9F8E3223908152CFC0A0524
:10A9D000CE0C0E00F9070A100EFAE719121CE00857
:10A9E0002413E4F21100E719E3EF40D004F9F71162
:10A9F00007F8E3FE0A1A24ED01FDEE18020001003B
:10AA0000F521FF1B2AFFFBE9F3FFEC0DF705F60F1D
:10AA1000ED2702F90F03F90819EB0822FFFEEDD22A
:10AA20001903121EEC060AF3C407F320FFE700FA2D
:10AA300000EF1C11F6F243110222F1FBFD06FEF5B8
:10AA4000E7ED07F11E02FF0E04F81FD1181506FCF2
:10AA500006061404FF07FD0EF9F912070BDCDAFCF9
:10AA6000F50119FDE30815090B0307FB00CD0117DC
:10AA7000F620FF0F0802F3080BE3E6F600060BEFE3
:10AA8000D403F917FF1D022FEF101DF6230712FE46
:10AA90000FFCFA050100070A010E31D606EF210F5F
:10AAA000F60EE3CC02FD10F4EA0EF300FD12040FE3
:10AAB000F6070D1CFCEBE8FBF0E4FFE6FCF3F40208
:10AAC00025EF28FCFBEEFD0C182CF61BF0F017020E
:10AAD000EE2207ED0F04B2011CF9FD0BE8F002E6CF
:10AAE000EF1325CC0F02DE2CED141F01FE02FD2317
:10AAF0000409E2F104EAEE0B13F5211308FE14F742
:10AB000009ED0507F73603FEFDE118F70E0FF10218
:10AB1000FD041DFE0113C8F91B0703FBEDE9FBE271
:10AB2000EEF507F102FB23DE1A0724FEE903FC160B
:10AB3000FCF2061700EC040BFEF7F70D0CFDFFF519
:10AB4000E106FE0D12E4F7EFE4040FFA24F904071E
:10AB50000E1EEFF705061C01ECE1200A07F821F9AB
:10AB6000F108E31BEBF912FFECED130C13EA0BE019
:10AB7000F314F4B8E7F50AEF0BF003F905F1F60B5F
:10AB8000E7040B150CF40B3AFAF90CF4DD1205F698
:10AB9000E5FEFC06FDF906FC081506C328061E1195
:10ABA000C0F20CE5FFFE1329E4E2EEED01EE04DE57
:10ABB00007CB181DF51612120E1A05FCD4FC06FC64
:10ABC000242EEC0FD20B0A0D4BEAF6FAEE15FDF629
:10ABD00004D3070709ECFBF807000E14E3EFF203B8
:10ABE000FA09FDDEE3FA18FAFAE20CEC30F7041485
:10ABF000F3291410FC34FD1C01D3F5FD0F020FFDE9
:10AC0000FC17EA1113160706F2170F0E2400040EA4
:10AC1000F3040606E4FB1603F9F40915F7302411D2
:10AC2000E809D7200307F11CD40DE3E3F5F7F60696
:10AC3000EF02EDEDF3FC04E10CEBF9FF140A0DEA71
:10AC4000F9FD140EFE0EFEFDEF0B090806FBFA05DA
:10AC5000FCFAFDFCF503F40A00FEFCF419F506FA13
:10AC6000080007FAFC04F1FBF5FB0F08D9F7F8DC44
:10AC7000E1F10E0E2C13270DF8E1F7010404D7E2E1
:10AC8000F7E31D291705F40CF72BF729ECF8F91950
:10AC90000605FEEC1207421EFFF5F518DFF6FBFB7A
:10ACA0000E2A00FCE6FB12DB9BFBE119011B0019DD
:10ACB000FEF5F50921F11B0CE1F00013FF01F8F797
:10ACC000E9FC20E72E10EEF7E3F816D9F6F6160F9A
:10ACD000D60E06ED0809BD0010E014FDE009FBF8F2
:10ACE0000F140D1B14EDEC0AFE01ECFEF405D12946
:10ACF000E1ECD1F61DF70ADAD6FD17191A0A2EEF84
:10AD0000D30C031733FCE3E6FE3E013E18040E2885
:10AD1000F60D00E1EA10241FF106F7DDE504E51069
:10AD20000E0DD91505EAF1EE0DF60C16F832EAFA19
:10AD300008FFDB0EF2FFEE015404020C2B0C43F172
:10AD4000D3043BE90918F40DF9F51704F8E30012F0
:10AD5000092D03E50411C70610DE09E304F9E9E94A
:10AD60000C01FF1F07020AEAF5FCD50E0AEEFF1ED2
:10AD7000E80FE5F702FA250506FF0A0E0E0FF91790
:10AD8000D71FE8192715FDE7F4EBFFF8FC35E714AA
:10AD900000FDFC0DFB0A06080DFC12F3D4EC0F1CA1
:10ADA0000EFDE90504F71D2EE509D6EB0103FBFBBB
:10ADB00005F8040124DA24FA0BFEF212F6FA070170
:10ADC000FDEB0C1306EEF90D03DB0FF5E607000FA4
:10ADD000F6FCFA01140EEEFE060BE828F8D71BEA83
:10ADE000F003FB0DFDFE070514040300926AFFFF4C
:10ADF0000400000000200000FBF3E8EEFE120AF061
:10AE0000E7FB02F7E3E3FE1B0804DEEFFBFC0801AF
:10AE100000070601D2010FEFFA22F71503F0F7ED54
:10AE2000F013F80CE9FF15F9E82519180FEBE70FF7
:10AE30000518EC05F5EBFCFF05FF06FDEE050CF330
:10AE40000605FA1002F5240B02FE0BFEF0FDE4FFEE
:10AE50000FFFF50504FDF612020D1614F7FFFAF8C0
:10AE60000F0106FEF302FBFE08000308F9F4E8FCFC
:10AE7000F006FFFC19F5FF0B0926E6EC0E0004D8DE
:10AE8000F10E0403F8122EED2C0404EC121919DC57
:10AE9000FC2FFC0728FFFEF5002BFFEBBC062AFB6E
:10AEA0000F00F01F02EB3C160DDEF7F5F8020B1F4A
:10AEB000E8DBFBF2FE0CF6EEED02EE130F043507B5
:10AEC000E6E4B000F7EEFBEFE80CC4031413F8CC93
:10AED000FA3C05F105DB04DFF51C1513DA12F7F770
:10AEE000F328E10FB0F804E6E21D08F4FDFD0E07BB
:10AEF000F6F2D3EFDCD8DF090006FAF206FBDE102B
:10AF0000FDFBEE13FF11F7040A021817F617FFFFF7
:10AF100011F002130FC619ED01DB06FAF10310F16F
:10AF2000150BEEF41603EEF7FF0300F20CEF0CFE28
:10AF30000BFBFF0FECF31BF9F40115DCF70800FC29
:10AF40000910F51BFF03F70305FFEEEFF701FA0108
:10AF5000FDDFF5FC04EF0CF80204F810FD0DDF0F27
:10AF60001109FEFBEAFDFAF5EFF60FFC0AFCF3050A
:10AF7000D40B04F5EF0C0204F91009FA0D02F1E00C
:10AF80000AF9100D07040FF0F312FAFF1C0D0EEF73
:10AF9000DF0A08FE0F0207EBFA1AF8FBDC03F9FBE5
:10AFA00014E70C13FEE3FF030DF10602FC040B147F
:10AFB00003F6D50201FAFCF61610010AFFF302FCB3
:10AFC000DCF0F0040A1224F9FD091F0807020BF84F
:10AFD000EC10F6020EFF0AECFB090500FDFD02F382
:10AFE0000EFEF80DFCE1FD04EE171E00FCF10F0D46
:10AFF000F7190300FCE804DE2205FF20F7F1DEFA72
:10B00000FB22FE0C091E2100081906111712FDE88B
:10B01000F7F8ECF8FE0CD736FA1A0EFFF300EE0A3A
:10B02000FF1CF51AF500FC02EC13FC011121170BB3
:10B030000000FAB1F5F2EAFC0E0000F80AFDFA058C
:10B04000FF01F9FEFAF9F1FAFD01010DFF0301011B
:10B0500007FDF404021101F5FE0BFFF2F5FED40525
:10B06000F0F9F6F7FF04FFFB000004FF070300FF01
:10B07000000CF5E3FDFA1000EFE2E9DFF2EDD32773
:10B08000E422E4E11D0BFA251945293617F81B01C6
:10B09000FAF2F90EE7021EEB04073EEDE9FEF715A2
:10B0A000E251203C1014E6E9F510FC1F0B18C816FD
:10B0B000D9DD16FBF900FDEE1F02EA06F7FA0E0BCA
:10B0C00012DF0B0F04F821FFF412E701F70AE2F395
:10B0D000F40FFF0002FD140F0CF21500060128F713
:10B0E00002FD510DFEFBE7F00BE8F1FBEE0F08FF50
:10B0F00013F9F5060DE2FB042AFFEB09F0EEF00868
:10B1000001111B02D90F15F8F523051F07EAE8F610
:10B110000BF3FEEE0304F72701F523110F0102FFE5
:10B12000FEEA2E1B2AFC0DFAEC06F2FA0A1506F9C5
:10B1300015E2DEF20500ED02FC050CEB04EEFDFF6E
:10B1400005FA080CFC12F9F404EE01EEFFFB12FD07
:10B15000FEFC08FE12ECF6F6FAFBFEF3FF0D04FE11
:10B1600014FA1E00F7F5100702FBFAF9FBFFFEFECA
:10B1700000EA07F813F8EF09DAFB01DAFFFCE9FC53
:10B180001FF3F71409FAEA03FDF3EBF8FD01E707F3
:10B19000F7F20007020A03EB0603EEFFF800F0F9EE
:10B1A0000D00FD08FC00F4FFFF0201F4F206FF02AF
:10B1B0000406DA0BE9FF07ED00FBEF00FA130201CA
:10B1C000FB18F5F3F8FDE70D00F80BF800FA070C93
:10B1D00002F80905F507FFFB06FFF6FE0002EE0781
:10B1E000F901FBFF0208F908020C050B01FEF9FD4D
:10B1F000FC0A0810F5040209F11000120ED6FC0436
:10B20000E8FFEAFDF9F4EFF4F4FC02F30C1B0EF492
:10B210001010E712FF08D6FEDC111604F00BE5F162
:10B22000102602F3F7E503E1ED1AF80AC5F1000C68
:10B23000F7000CD705D40AEB02F0060209FB17133E
:10B24000FCF608FD190E33FAF405280314F6E8F8A5
:10B25000F9E8FC0E05F40BFBED010429511B18F273
:10B2600000000E13FE0CE4EEE5E301EF090518F013
:10B2700002F8FFF3E8F0FD160009010AEFFF04EF02
:10B280000EF906F218F1E60300F52214F41CF9F2A7
:10B29000FAEA0A0CFFFE0CE3001CFF031717F3EA9F
:10B2A000080322F3F413F1F700E5F500E5FEEE02E2
:10B2B000ECF1FC13F81304FD10C0F22109FBEE526F
:10B2C000E7F7F4F8E1081EF30A3B22FEFBE0F50283
:10B2D0000124F7F7ECFAF60711E31D25090DE8D173
:10B2E0000218081609100C01121DD8DCF3EBFDE260
:10B2F000F1DAE8E6DC4C1727E600F6F500F5190A66
:10B30000040B080EF4FEED01F40C0A1D01F9FC0A11
:10B31000FAFB0A070A0D0609030B010F080FE60FD7
:10B3200002160E0507F91203FD0F0611DBEA0AF8F3
:10B330001705F830F5F4F5EE04FEF21205F9FEFDFE
:10B3400003F2070400021D030501FC09FC02F5F7E6
:10B35000FDFF0D03FB040F02020107010CF9DEF8EB
:10B36000F6FC091209090BFFF306F6FD1811FE00A1
:10B3700016091507FAFCFA01FE22F5F6FDF4FE02A5
:10B38000E1FB1CE10CD4FBF00E33FAFD05CBF624F7
:10B39000EEE8EFFF0C0F2DE70F030936EE1CF6FD6C
:10B3A000ADDC1AED0DFB07EA0BFDC0F1302CEBFB19
:10B3B0002EE707FF16E4C217F2FE073FF3111AFF4C
:10B3C000E2F316050CFFE408F817F5FA0101EFFFA8
:10B3D000E10C19F6010AFFF70904100C1DEE02EB4F
:10B3E000F1EA2F12F4FFFDF6FEEDEEF610ED00038C
:10B3F00014FC06F300E906091405F0D4E906E90790
:10B4000012F7080FFA06EA02F9FF12EDF9FFFF0E34
:10B4100000E6FEFE04F908FE05F9F5EEFC06FD0661
:10B42000FCF502EA05FFF5020CFDFB04EA08FDFF4E
:10B43000E904E9F711FC13070219FA2AF822D9ECFA
:10B4400028DBEFDB22F1080BFE3D00F410052C1C7D
:10B45000FD3D0604DBB1DACB03E0F720FAFB2B2E2F
:10B4600005121E1030EBF30C31EF18232102D10F1F
:10B47000EFF8EBE6F0482DF2E518E80BC7CD061320
:10B48000FEFD1100090F39F7FBFB05EAFD0347023A
:10B49000F90A071831E712F12C0E03131403FFF316
:10B4A00001F7EDEC1BDFF2F5EBF1DFF70BF9DBD089
:10B4B0001ADA0BEACFFA0B1A02FC04E4F80F0EF2C8
:10B4C000ECF1F9F60A21EE0FF7F2F2050006F5F4B9
:10B4D000F721EB03EF0E030001D7020D100E0C0F46
:10B4E000FE01FB0DFCFCF0FC0001070101FBF0F983
:10B4F0000512FAF5FF10F1120AE5EC17F8F4010550
:10B50000F8F807E414A2263444090CE02218E328D2
:10B51000FCF5F41BB7D317D6E0010003EAF0EB17F4
:10B52000DC24171716EDED05E102C8F70B015FF2F9
:10B5300007C5D8F0CDED523508F5F60BFCFA05F944
:10B54000FFEAF80604F8040C01FAFC09F6F604F127
:10B5500003F91307F1F20011010BF40B0D0BF00FBF
:10B5600000F0FCFAF502F6FE08FCFA09FA09F7F217
:10B57000F5FE0E05EE120D0DEFF8F0E5E412ED0A02
:10B580001704E005F7DF091204EA05FBF601EF0EE8
:10B590000EEC0BFEECF405FD0422F30613060C1072
:10B5A0001306F2FFFC0D03FD0A09020100FBEAF796
:10B5B000FDE8E70704FE1907FCFC0CF90AFBF6049A
:10B5C00010DB040DFFEA04080406F8000209F4F891
:10B5D000170FF0F70015FA12FEFF08EBF308F20E52
:10B5E000EB1100FF0017070101060CFCFEF1FDF551
:10B5F0000F0CF00DE9F3F605FFFE0DF00501100448
:10B6000002F4F802FCED05F7050AFEE3FA02FF0575
:10B61000FAFAEE0E01FB0708090CFC10FE02E8FC2A
:10B620000502F0F91400FF0CFEFF090209FBFC08FB
:10B63000F5110302EC0CF6F1FEFF060404FBFAF52B
:10B6400001FEFEFD070709FD090BF9FE0B0808F8CE
:10B65000F40A0D05FE0F0EFAFFFBF605F5EF03FCED
:10B66000F2EF0613F7FCF6FB02020403F7060908E3
:10B67000F9F4FEFC05FB07F9FA0202F809E0DD0225
:10B680000B1906160717DFE9000AFBEC171510FC6B
:10B69000F4EF0D0D11DD0307F7FC16FA1101F0F3BD
:10B6A0001CF412ECFFFEED0A05EEE0E826FE1CFAA3
:10B6B00006E5EFF7E602DDF81300EB16D810E455C7
:10B6C000E8FBEF03E10DDD3EE449EC0B1211090F3D
:10B6D00036E8FD04C7E7F007F9FD32090C1B2FEF30
:10B6E000FCF8F1240CE327F1ED0FD444274014F6C5
:10B6F00000D9E8F2E9110BEBFC020F11FEF304F79D
:10B70000F5FFFD0E0FF0EDFE05F8F40A0902F4FD59
:10B710000501EFFD02FEF315F5F3111202FCDDFC4D
:10B72000FD07E8F2FD00F50208FAFAF50AF30BFD51
:10B73000E6100BFF0116FBFBFEF9FBE9EB0FEA0736
:10B74000370A1128F9130414FF08F0ED060AF9F975
:10B750000DF5EDFDD4F9F337FCDCF2FCEF08E20C5B
:10B76000E9150D121B1812FFF80BF8F21416FEFF64
:10B770000604DEC5F7120015F5F71324DF12E9FB06
:10B78000E707EDF804FA120F0BF317F6FD05F7F6CD
:10B79000F7F80EF4F5F7D903080CFC080206FDF0E3
:10B7A0000B1A0F10170D0106010FFDFE00FDF50924
:10B7B000F2D302C80E070408E712E8F9FDF30907FF
:10B7C00005FD05FAF4E3020301050309EE1119F47E
:10B7D000F207F30C0C060D0C02E3140602F2F8F665
:10B7E000F5F2E8130DF9FFEB020DF2120D15EC0363
:10B7F0000C07FE0CEE0D010EFFFFF82B1100F70DEC
:10B800000B1EDB1AFF130F0812FB1509FC03FD0CBE
:10B8100009F2EA26F7E6FDE3F8FAFD0FD80B05F288
:10B820000727EDE0FDFF05FE05F1F90DF1F9EC0B41
:10B83000FAF613FCF53B1CE7E9D2F514DEFA041224
:10B84000CDCBEA0BDB096003FDC61506FCDE0573F4
:10B8500003EEC403DD0BFE34E8FD0619CA220E0B0D
:10B860000606E62B0EFAEA03F603EB07182FD4FFC1
:10B87000EAFF42021E083E1D17F2F202FE1D1206EA
:10B88000F2070C1AF8FF0520FD0F1A0D07EBEE1159
:10B89000031013F2E7E910F107F6ED0B01120F03A5
:10B8A000020E040FFA0D120EF7090007FB17F7023C
:10B8B0000B06101FF70DFAFD1201F80BF8FE0F0032
:10B8C0000219F3F3F5FE0E020FF2EA10FD04FE0674
:10B8D0000902FD0CFCEC0D0F04F1ECF4FBF9DAEEBF
:10B8E00015EDEEFF060BF20B000E0A080D00FF002F
:10B8F00004050900F5060E0106FB06F00A05FF0423
:10B90000FB05040AFA01FF01F50404F504FE050332
:10B91000FA08F802000F00FA030F0DF4FC08080CF7
:10B9200001060A0AF4F203F7F6FF02FAFB0002012D
:10B9300009FDE8F910010BFAE200FC1911FC0902FB
:10B94000F529E6040D141AFF1210FFF603E523197A
:10B9500010FAF11A00DED5FCF5050BFED4FA13053A
:10B96000F807AB0001EAFFFBF50E16F10DF4F30248
:10B9700007F0D4F4151108F70F09E402FDD4F0071D
:10B980002A0300FCDF0C3DF326F20B02171EF1E93F
:10B990000121050720ED0122ECFC0A171F0FEF081B
:10B9A00015050819EDE5DB02F710FBFD0D301A0255
:10B9B000FD06FB13F1D810F90633DE1201DCFD2B76
:10B9C00019D0FCE20C000A200F51E922230136EDC8
:10B9D000F008C5EE00FF07FF02E412F1F2FB04F9E4
:10B9E000A5F71BF703F2F9F31903C724F50A10179B
:10B9F000FE8DDAFBEB2518EB08F10512000BF70FB3
:10BA0000E60814080416ED08F9F1FBEA0304EB0E4E
:10BA1000FDF5110CF7F9E5F2023E031319090FF8D1
:10BA20001223F617F118E30302D1F706010D02F90C
:10BA3000F9F40706DF1FF722F8F8DEBBF2100AF26E
:10BA4000EF1BFDDF1B05072E1A2714FC3AF7E1DC7C
:10BA50002C4CECF7D8F80F07FCFBCE14E5F10BFDEE
:10BA6000FC251917DCFDDC0FF81DF0FD0716F5FAB3
:10BA7000D6F7BE282B0AF8F010F6F706F0E805080E
:10BA8000F90A0EE0031401174B03130ACDF9052040
:10BA900023EDC709FEE509F205EFFF27C415F913E9
:10BAA00026EFCD19F9E41BE3FADE241F0906B400E2
:10BAB000F6C3FDF9C124D6060118EB26F3ECE9F82C
:10BAC0000C13FFDA111E19F415EE04030821E3ED3F
:10BAD00017F8E80203FEE320E20AF7E5FCF7E701C6
:10BAE000F6170D121ADE0A0C2D0F06181FF50503A6
:10BAF000F605F9CC1918FD04FA0DF9FB07F7FF0656
:10BB0000041005FAF705F6F502FDF8FF010D03072D
:10BB100006F500FF0E0A0CFCFBF402F4FFFBEF033A
:10BB2000FB0F0306F802030204F6FB01FDF8060012
:10BB3000FBFC0C080DFA0B0017FEE7DD0606E8FB20
:10BB400004F6491DEFFC0B00F5FCC2F006E7FC15FE
:10BB5000FCF20104061A090F0210011711F8D5139F
:10BB6000E90BFC0218FA01FC05F8E1FF000E00F9F0
:10BB70000C1BFBE6F4EBF607F2F50FE1E1060AF425
:10BB8000F318FBF70EF8E20A0C142E0E08F9F1FD7B
:10BB9000F614F7FFE5EF010004F60007FFF2F3FCEF
:10BBA00010183C07FD150F0A08EB0400FF00FF0BFF
:10BBB000E5FF18F401190611C7C3F3EBFAF4F51009
:10BBC0001213F302DC150102001E0EFE14031F0DFA
:10BBD000EF1EDC01D7CDFB1802132413EF0BF8077F
:10BBE0000F140D2910E63A34FB10EB160E22041048
:10BBF00002D6B832DA143E03F617F5FA18FD25F628
:10BC0000F6F32104E40A1DE8F9F2E6F7F9F205FE7D
:10BC100004100BEE18F6F8110C292506E8F7F504C8
:10BC200003FE0E100408110FF9DEFEF90D0CF7FDEE
:10BC300016F9E6FED9E6E301F50C0AD5D516F4F2BD
:10BC4000F80002F131CE2113011A2D0EF600E90998
:10BC500015EFF809F7F41DD900E2E1140100F4042E
:10BC60000B0106EF03FED9ED0E140BFF00F5E30701
:10BC7000FEEB0805B4F504F907FE0F0101FF01FE14
:10BC8000FAE9FBF904FB04050706FB0EFE060003B8
:10BC90000B0BF407000302FAFFF8F6000300F3EEC3
:10BCA000FBEE02070D01FAFDFC010006FC00F2F9B3
:10BCB000F70E03FDF605FE0814FF122E1AF2180007
:10BCC000ED12F20021071BF4FB10040707DC08014A
:10BCD0000DF7E9140900ECF6F9090416E013E4F98C
:10BCE00015FDBD0413F1FDF7EE131CF806F505F57F
:10BCF000F40CD4FAE502FC00F013B60FDB0308EFF6
:10BD000016EC1106F4F71A0B21E014EB202F28D1C2
:10BD100043FB15131BF5F6DBE402021E021701E0DC
:10BD2000D6F51006F6E90207FD1002E9F0EFFF056F
:10BD3000B1EBD903F004E4EF03FCE7D9EE03E1F83B
:10BD400017D6230FFCF90C05F50106F601F3D917F8
:10BD5000E9FA1002FC0D0BF101FFE8E814170DF0F1
:10BD600007EC3CFDDB13F20A03FEEEF501030402CF
:10BD7000F0040611F0EC0411FCF0E91CEB0BDB2CD9
:10BD8000070CE5D3BE15150607F92DEFF115F207DF
:10BD900019EDE704F204FC2205FA15F6F9F1110891
:10BDA000F4180E03F40D02FF160E0E0EF50A03042E
:10BDB000FF04020924F91400E0E3F30FEF183B0637
:10BDC00004F3E606E1E02F1E3E18C8E0140B1FF155
:10BDD00006EF04F0F8D003FDEFF401F50B0401FFCA
:10BDE000F31CEF0BCB07F505E71B120D1012F01635
:10BDF0000004000DFFFD05051032F01311DE15EFF4
:10BE0000F4FE010B120807DD15152B06260C1FE6A4
:10BE1000C241F3F72E0B1606F2FE0E08E3011EF0E8
:10BE2000011A06301EF61030FAF10AE7FD13382128
:10BE3000EE06E6ECE4FAF0F7FEFFED08EE0BFBFE93
:10BE4000000A03FFFFF3EB08FD0EFD0001F5FE08FD
:10BE5000F9EE0EF6F5090CFEFC0D08F706F70212D6
:10BE6000ED0E0DFBF51103FBFAF706FA0E06FF01C6
:10BE7000130D1C1105F1FF15DFD5DFFFE4EFFDFC0D
:10BE8000EEE804DDD8F936F4CE50FB04FBF911DB03
:10BE9000FA3ED522F5ED0D0FF7D8FA0C0FF6F2C3E6
:10BEA000D8FDE7F8F3E012110B04BA0FFFDCF80D30
:10BEB000E2CBD6DDC40B1FCE07101015EEEE020646
:10BEC000030812041602F302F1190B07F6F2FFED54
:10BED00007E8F40717E811EE09E5F2101518F1115B
:10BEE0000B0600E819F7FEFF03E5E4EEF312FAE4AF
:10BEF0001BFA0CF6DD0A1006C2000C11FA0EEAF667
:10BF000018D700F2DA0C17F3F81CF222DCDD261643
:10BF10000936D3F4E2CFCF1305E40D0BD3F9FC19A6
:10BF2000DA060C1B150331050BF321EDF2F2F300D9
:10BF3000F1B9ECDC18FE02DC0DC4FF31D2F8EF0CD5
:10BF4000E200EDE1FF03D4FAFF18E9EBF9EAF8BCEF
:10BF5000FD16CCF019ED0202FD0002071709E4D826
:10BF6000EF0AF70319031D0F1705DDE0FADEEAE417
:10BF7000F0DAFAD0FC25EB0FFDF012FFF40AFD1108
:10BF80002405F4FFFD13FD15F4F225F4ED1E080958
:10BF900017E9ED02DD030C1900E7FE07200FF61B81
:10BFA0000016FAFB0A19F5FE15E8ED020F0CE9F18F
:10BFB0000B0A040CFC131812EBF70A12F201F9FF3A
:10BFC000F0060C0911020809F502FE1CF702ED0447
:10BFD0000AFC0B11F906FEF6FF06F8FE091518EE2D
:10BFE00007F60FFC1309EFF5F90603040D02F0FE46
:10BFF000100BEC02F8010306FD00FA0B0BFBFD042D
:10C00000F80707F50B0D0500FF02FD11F101FDFC1E
:10C0100005FF020E000003F707EBFE080801EBEF37
:10C0200005FF0C02FC02F6F7FF01F705F7FCFBFC2D
:10C03000FD020B06000007F9E906FCF70405FEFB0C
:10C04000020003FF03FB0601FBFC02FE0201F5FFF9
:10C05000F50D04FC0313FEF703FFFCF90103E800F0
:10C06000020E1117000202FFF40606FBFEFF000796
:10C07000040CFC1108FBF6F6FDD1D0D8E819F5F850
:10C08000FE0225FAF0F6FB564F2DD4DF03EFCF1951
:10C0900045F8FD04B0ECFFF6F302CFF7FED0DCEC80
:10C0A000F44C04EEFDF401D3FB2B094002E5D5036B
:10C0B0000A0C1D0600FCF4020022EA200CE400F445
:10C0C000F4EB150F02FE19D9EC01F00D0FFC2DF069
:10C0D000D50B0500311321F0001C0407F12023EFDC
:10C0E00005FB042708F6051D00FB0EF0F80B1D18D4
:10C0F000F1F1EBF5DBFFFBE809F5F3EEF5F3D70F14
:10C100002A0A0406F31039F1FE0DF4E905FBE406F2
:10C1100004E7F2030A03FD3204F61410F601E3EE1D
:10C1200026F52324FCF7E2FD160CEC042A27030273
:10C130000103EECF03E50102F5060CF30A0209FF45
:10C14000F5F8F1F1FB05EAFA09F6EEF60211FAFB51
:10C15000FA08ED02010B05DF01FBF006FFFF01FB12
:10C160000C070B13F503FAFEFA0501F8F8FA0003C1
:10C17000E00608F9ED01FEFB18F8F5100202140CB8
:10C1800006C510E3EAF71507F6F412FEF804DBFE25
:10C19000FF19EAFCEF02052B0C0B07001DFD240420
:10C1A000020152000C08F6FB08F7EE04031907F32E
:10C1B00027E9F714EEE3ED0FCF19F81015D5FCFFC2
:10C1C000F31205ED050FE20D3D110125130AFDE304
:10C1D000F90ED8F2F9DFEFE012F70032A4DF14E431
:10C1E000DE1DE41408E904E90AD7370F1915FBED41
:10C1F000D7FBEB09C51E2623150EFE070EFE020710
:10C20000E420F9FC010111F7FAF420EE050BFDFD25
:10C21000FE1904F90C06FEF1FCFC030D010AE7FD12
:10C220000F14F00AEFFBFF0702FC0DFFEEF60A0207
:10C23000F6F6080AF6ECFCF4FF030900FEFA01FD2D
:10C240000100FC0200F901010706000D000209FFD0
:10C25000040CFDFA0601FE01FA010701FAFE0702CD
:10C26000FD00F901F8FF08FDFFFA0A0107FBF8FCE1
:10C27000FE04FAFC04FD0306090EE2D7FBCCE60F30
:10C280001115010EFCE823FB2D1F0CD21C0FEE290B
:10C290000C04CE0B02D4050CF1FAFC2B0721F2089A
:10C2A000DF22142105DC00F60110FE063F1120F20A
:10C2B00016F5D32727F3E33C07F9FB7FC4F93211C6
:10C2C000D421FEC20FE9F7FF0305FEF4F615EDD603
:10C2D0000908010FF2E9DF1CFE02060A0F0B10EA43
:10C2E00004040D023A08020F100FEF0106F80201D4
:10C2F0000CDFF9F3EE3406031509FFF704FBFBFE30
:10C30000F1EC0A0608FBE2F9F810FAF50306FAF573
:10C3100010FBF703040816FAF9F006FAF709F4011E
:10C32000F2FE08E6120306000DF1F7F91F0C02FFFA
:10C330001617F9FBF00EF7F8000701FC0A01EBFAFB
:10C340000107F01706FAF3000102FBF00D031400D9
:10C3500001EBFF030303FFFBF5060016FFF7EF06F3
:10C36000171FFF0DE9F209070804F2FBF9FC0401AD
:10C37000EC0AE90D0EFEFAFBF80EDE21F7D73308C2
:10C38000E21AF3BC14F6F6DFF9F50403F825E7DA50
:10C390000F05EE1C080EF8FEEF04EDF3DE0520E1BC
:10C3A000F2FF0C021CD4F109181EF71F0FF904FA52
:10C3B000FAEFD3C4F21CFF04180CE0D8F2E4E61044
:10C3C000290BF4EEE11531F60DE715EB1218DFFB42
:10C3D0000EF3F4FF1A051533F5FDF6EE011CF7FC1C
:10C3E0000700080B01ECF603F816ED170A1D07030A
:10C3F000FAF90C0AFDE2100112FC0405F50A05FB2E
:10C40000FA0A06EDFE070BFFF40709F508F1100420
:10C41000F50606FCFAFB1106010BFDF1F302FAFC2E
:10C42000F9F0F6060BF5010702F7070515080101FB
:10C4300003FAF5F4121C0B0713FFFA0DF1F6F6F6EA
:10C44000FC07FBF9FD030AFDFF02080C04F60EFCD5
:10C45000F8F70EFC00F21301F90C05EA03F7E6FD0C
:10C4600001E3F6FBFDF2070403F804052E0A00FEC3
:10C47000040C04E913110A0202F9122BEFEBDEFDA2
:10C480000617C1DF180111061E1420161726EEE349
:10C490000EF0E9FEF1FAD936F003FBF1FF0517F8CB
:10C4A0000710010D04F8ED020011010616170E0524
:10C4B000FFE401C7F603FDEDFD1BD6D4EFE108FA5A
:10C4C000240FE9F30B1A151F01211FFE02E6223784
:10C4D000FE00F509F8F60EF200F6E528062800EB56
:10C4E000FDEE22121F1FBDE90614E7F0162210F31D
:10C4F000FE06CEBB2C18F707F9FA0CEE0403FD0379
:10C50000EDF3090201F4E101E10BF027FFF90B164D
:10C5100010FC0B01EFFE091106CFF9161E0F0BECF4
:10C52000F105F6060F1BE2FFF018FBFC13FCE6F02A
:10C530000A0E09EFF4EBF302FAE3050DDC15E90D41
:10C540000AF1DD00F00BF017050C09F9F5E70BE82F
:10C55000F1FDFE08DEFADBE91308052EF6120308EA
:10C5600006F3FA0E1B1504FCEF0C16EBF7F0F913AB
:10C57000F7EA0C0FFF3209070A0FE2E408EA080D98
:10C5800022FFF0F6E80723160E13CE16F7E62B0E61
:10C590001ADEF91E07E8E611FDEA0030CD060806AE
:10C5A0001021E70608F1EAFA3707CB0C0D41FC0829
:10C5B000E8FE08EF0F220016FCFDF1100A0AF50A4A
:10C5C000F7F30809040AFB05010509F4FFFAFE0266
:10C5D000F7F700FDFDF5F5FE07F40DFC0705DC0996
:10C5E000030BF7FAF900FF02FE07FBF5FC0809064A
:10C5F000F1010E0A1D0D00F2DFFFE1EEF3FAFF106C
:10C600000613DFFAF6001A000C0105050810FBF509
:10C61000FBF40BFDFFF5EA00FB1108F8070BF5F53D
:10C6200014072E05D211FCFC0113F10C0D2A010E8A
:10C630002412E909E7FF0DF8EEF7D0F10A00DF1A3E
:10C6400020F9EE16CB1B0D01F5FA2FF8FE38081273
:10C6500008E9042702E801B9FAFDE503F11314DD46
:10C66000E9141510F60FE6F50925F9110DFD030182
:10C67000ECEBDA1A20DA0FF1F5F80DFE00081A0CCF
:10C6800003190307F414DB0BFEF4F50B08EB091098
:10C69000F40EF9FFF4FDF5F7050BF607FF05E900C9
:10C6A0000FF8C7090DFE0007FEF404FFEB090B00AD
:10C6B000F0E6FAF8181710F7DD09E116F3CDEE09E8
:10C6C000D30FE5060A07F5ECFF0E0012071A0AE180
:10C6D0000009EB110803E406E80B1D00D4F1FEFE8F
:10C6E00000040AECF7D90BEE110E070D1AF50B0733
:10C6F00012F8FFE208DD0DFE001002E2F4EDF60292
:10C700000A1A290C0D1607F6F70B04E9F8F4FDF9DF
:10C71000FAEA03FE11001CF902E8020A1F081005DC
:10C72000061F1F170C00F6FBFFCAE0E8021008EF17
:10C7300004FA14F206111B0A040DEEF601D4E0EF20
:10C74000FC0EFA180C04EAEEF60605D720071523AE
:10C75000041CE90B0115DFF2F0FF1A17F8F402EBE5
:10C760001AFE0319E5F5C8DFFF0E06083C13001199
:10C77000090DCEB6D9F6EA0112090D2BFB0CFBF51B
:10C78000E914200E082F160000F3FA11111001F41D
:10C79000F0F8F5FF0404ED2503180B01FAFD190567
:10C7A000FB0C012C0400F90E0AE9F709051011151C
:10C7B000EDE002050017FA07F0170DFD1000F3DC9D
:10C7C000F9F10F0B0A0614F403170712221316F5DA
:10C7D000E0230EFC130809F3F7EBFFFEDAF7E4F3AE
:10C7E0000DE70A17FFE80106060B0F00F803111802
:10C7F00002FFDD0713EFEBF005DCD8F3F4F7164189
:10C80000FC0A04FE0B1D0011E7172111ECE0D7090B
:10C8100009EFF608E1F502E708FD02343B1A39F7A3
:10C82000F32DFDDF0021EFF2F1F8F7FB050C08DB3B
:10C83000FF0A0EF4BC001A1B1EFAF3F3F8E8EA1A1A
:10C840001614EFEDEA06F2021BEA10011A0DE818C1
:10C8500024FEF82FFBE1F4CDE4FB050AFA1039EDD4
:10C86000FC11100207D9F212EE02F722CA0E0218CA
:10C87000F10501E9BC1702D60E07EA09FEFF070C15
:10C88000FFEBEE0BED10050B1C1813F9F4220DE174
:10C8900000FAFDF3070001FB08FF1AF9FE07FC147C
:10C8A00005FCEDF611130906F10CFF04F507FFF680
:10C8B0000CF61002E5FDFA0CF6FA07FAF818F0F497
:10C8C00003FFF3ED05F3DA08F50EFA19F4F40D0C95
:10C8D00001F2F40CEDEF04E40913F90300F7ECF8AE
:10C8E00001DEFAE80202EDF015F4F805FF0CE601AE
:10C8F0000608E4FC190A0A00FDFC00030A120B03F7
:10C90000FC160B1101FDF7FCF9FCFE090CFCF0050F
:10C9100007F7FF04F906F6FA0009020801FEE7F935
:10C92000040C1EF7100805FFFB0EF9FA02090B13A1
:10C93000150505FD01F1E2F9F80708DF040908F122
:10C94000F8F227FEF901D105F404F1F606F4071216
:10C95000F8F3F6E9F20D090FFF04EBFCF6FAEFFE2F
:10C9600005F51410F80CF1FC07EAFBFED9FBFEFFFD
:10C9700004F6F007FB060B07F70300F308F904F3CE
:10C98000F2E1EE0608EA10FA0CF7E6EF07030EFDF7
:10C99000040FFC0610FE00F5FC080BF3EFF70D0189
:10C9A000F5FA0CF4F6F5FB050E0502FE0902FF038D
:10C9B0000F0B10FFDE0AEAF8F40704070AFC04F87C
:10C9C000F42CFCFD05FA22F80BF810E90AF00AF93C
:10C9D000F8ECFEFF0F16120205F2E30DE6FBE5048C
:10C9E0000D11DE0B1BFEFE10FCF90BECF4030D0326
:10C9F0000209FEECE50507F6F4CBF621EAE2EF2C9E
:10CA0000F3FC0A0117D21104E0190D25F0E5F51326
:10CA1000FCC8CC23150822E329F731332129170755
:10CA2000F1E8F5070CFEF3F8192FE8070D00D4EF35
:10CA300005F7F7F0D1190A090D3AFBF2FCE40AE90F
:10CA4000F9F607FF2ADE05D80E2630FE1704FEF1A0
:10CA5000C040EBF430FD17FAF9020004DA050AEAE7
:10CA6000090F0F2209F8FF25FBF716E60108282811
:10CA7000ED09EEFBD7EDEDEAF9F61810050B060906
:10CA80000705FEFB0A08E0FE06F0EEE9FC00FAF7F7
:10CA900007F7F8F6FAE4F00BFFFF01150304D4F6EC
:10CAA0001C0110FB040F090202F701F3F8F4F7036D
:10CAB00002091403E5F4EB0B09FDF208F8FDF9088F
:10CAC0000701EEF4FA100307050C13F60211F8053E
:10CAD000F6FFFDFBF815FA07FD09090908F3F70C45
:10CAE00005F7FFFBFFF9FF0305000B1306FE02FD30
:10CAF00007110BF3CFEC0A000E2D1016FB0D131FC0
:10CB0000F4F81711151202FCD22A0B37EFF1E703E4
:10CB10000A0EE52EDBF61F050D0AFD22DC1514D7E3
:10CB2000CD20DB2CDBFFF8E61FFFBE26220BD24315
:10CB3000F2000821E13646E71A07E50D01C7D106E4
:10CB4000DAFFEE28070317F500FF07DA0E0D2215AE
:10CB50001215CE22F52CE5FAE00C0D27F4E200D9EF
:10CB6000080101F1F1DEB0C10F17F815D82C0B1137
:10CB7000FC0B0FD6D7C906020FEAED2DDE1F1F17DB
:10CB8000FCE8DA0DF8FC1329360BCFD60219120394
:10CB900009E9EEF5F0DA0110F80EF7FA06F60CF4F2
:10CBA000FB1C0AF7F712020CEA110E0D0604F81925
:10CBB00000090E0AE408EDEF0D02F9090203F6FD83
:10CBC000F2FC03F805FCF4FCF500100B02FCF7FC8A
:10CBD000FEFBFDF70302FBF6FF0002E1FA0BDCFFB0
:10CBE00001EBFAF10506FB01020006FB130203024A
:10CBF000010CFBE806010001F300F5FE040600024B
:10CC0000040203020308F5FFFAF601FEFCFCFB0038
:10CC1000FCF70507FBF8F9FB0301F40C0B04D60045
:10CC200008FE0EFB00FDFF010201F5FFF107010206
:10CC3000F9031208FF0200FB0DEBEEBDE61AF5DB6F
:10CC400001F507DDE600093A18FCECEFF6ECC40547
:10CC5000301EE2D8CCDB0CF7D6F1E437E8FA2EF53B
:10CC6000F7402A11F9F2D608D310F6FC083F062542
:10CC7000F9ED0D171CFD00F7E10CD3020DF1160FB5
:10CC8000F6F9D91AF1F80AEDF100DEF42A3C16049F
:10CC90001138F30AF7D307F8D8ECE407F5FA07EEF2
:10CCA0000D1A1AFDD9D602F30A11070BF8EF010F7E
:10CCB000FE00F5F3BFE20D0827FEF61405F9110793
:10CCC0000FB30709FAF80509FE1DFF17000EE2F67B
:10CCD0000817EB0AFC00090809FD0E050109FC0F05
:10CCE00006E943F90609F4F30CFAF303E30E03FB38
:10CCF0002A14E81DE3DEE9092432EE3EEC04E3F3F6
:10CD0000DD0A04FD081C39080C1308E90306FECEF1
:10CD10002D24EEEAF5FDD616E8EC0E3505161BFCC3
:10CD2000090DFF0E03E10C0C0F090603D901F00BEE
:10CD3000F6FA07E8130DF0FBF2F5000C05100C04F1
:10CD40000F0501FE0109060D0E06FC10FCF7060991
:10CD5000050C0B02F7EAF50700000A0509F8D508EB
:10CD600003F9E6F006F309F90901FF0B0605F7FCE4
:10CD7000FFF9F2FE11110EFE07F8E2150CFF030396
:10CD8000D127FFF5F4FAFCF7EF0ED500FBF606F21B
:10CD9000FB06E310F00508E80C051F2100FD210843
:10CDA000011CE705E8FCFAEE0722090AF0ECFD0099
:10CDB000DD00E4F01FFBFD05E7FCF9FD07F7FB07CD
:10CDC0000B05E8070907E2F5F5EA05F2FC0FF6E7BF
:10CDD0000308FA05F9FBFAF7FC05F2FEFF0DDFF395
:10CDE000070117F70307EAFD0FEEFCFA1DF904FD32
:10CDF000F20301F7E715FE019E8AFFFF0400000021
:10CE0000000200005FFFFFFFFE08000038F9FFFF8F
:10CE100062FDFFFF7C0700008A060000ED060000AF
:10CE2000D2FEFFFFAC020000F810000059F6FFFF31
:10CE3000D3FCFFFF10000000C80B0000D906000063
:10CE4000C5070000C0FCFFFFE1FFFFFF8E010000EF
:10CE500001FCFFFF71120000460C0000F3FBFFFF16
:10CE60000B0200004D040000C2F3FFFFC5FBFFFFF3
:10CE7000AB050000F5FDFFFFDC0700004B030000E1
:10CE8000E7040000CE0700006C0B0000F6FEFFFF79
:10CE900042FAFFFF5E11000097FBFFFF490300000D
:10CEA00090F6FFFFB0F9FFFFDCF4FFFF9D070000E5
:10CEB0001F110000D7080000C7FEFFFFF1FBFFFFB6
:10CEC00057FBFFFF68000000FAF4FFFF33FFFFFF8E
:10CED0004F030000A70B0000FAFEFFFF29FCFFFF35
:10CEE00080FCFFFF7D0100002FFFFFFFA90B00006A
:10CEF0002F010000C0F8FFFF9C01000053F9FFFF65
:10CF0000F9F6FFFF65F8FFFF46020000B3040000DA
:10CF100017FFFFFF09F7FFFFC8FCFFFFCAFEFFFF77
:10CF200043FFFFFF6A090000360C0000A5F6FFFF73
:10CF30009BF5FFFFC8FEFFFFD20B0000ABFCFFFF1D
:10CF40005FF9FFFFEA060000800900000DFAFFFF0D
:10CF50003FFBFFFF900000002807000045FEFFFF99
:10CF600003010000560C0000A10A000048FAFFFF70
:10CF70004E03000012020000D4FFFFFF09FDFFFF77
:10CF8000090B00004605000016F9FFFF970200009C
:10CF9000C0FDFFFF95FAFFFFF5F8FFFFD0FEFFFF92
:10CFA000C50700004AF5FFFFCBF9FFFF490300006A
:10CFB0005C0300007C08000053060000C60200006D
:10CFC00089FFFFFF2FF7FFFF6FFCFFFFBC0F000083
:10CFD000C509000069F6FFFFF0F6FFFFCAFBFFFF7F
:10CFE000170D0000E10C0000ADF3FFFF7FF8FFFF1D
:10CFF0006B030000F1F5FFFF070A00005108000075
:10D00000F2030000AA8CFFFF04000000801C000057
:10D01000F804FFE40906FEFFFE0710F9000504000E
:10D02000FB0109E401FCFC00FE0AFFFF0F0400FB0A
:10D03000FF000902FD01070C01480305FC0518E883
:10D04000FEFD0101FFFF03DE030C03F826FDEB20CC
:10D05000FD02DA02FBE6F8FC0001F90206FB07021A
:10D06000FEFDD4FE0001E91103020017FFF90A04D6
:10D07000061304F1FA0702030110FE0000FB01FB96
:10D08000030006FE000819030302E0000604F90489
:10D0900001FD02FF00FB040003FE03FCF902020194
:10D0A000FEFE02F108FFF8FF02F1FFFF050004FE9B
:10D0B000FCFD02F3FF0302FE02E0F9060101F82085
:10D0C00000FB04F3F4FD020B00020402F9FDFDFB7A
:10D0D0000105FCFF0AE703FF000104FEFB01FEFD62
:10D0E00004071BFC0103FBF9FFF5FCF1FEFAF7084E
:10D0F000030D04FD04F7FEFFFE0EFF020301FF0215
:10D10000FEFF02FEFF2406FD04FC01050EFA03FDEE
:10D11000FB0200F7FB00FFFDFC020DF90A02FBFD1C
:10D12000F30405E0FFFF0608FFF602010FFFFFFD15
:10D13000FFFD013702080001F8F40600FD10F021A0
:10D1400001FEFAEEFB03FB16FD04FEF5F80A0606E7
:10D150000502FD0201F40002000209FFF401F005DE
:10D16000FB0216FB04FF0506FEFB09F5FFFBF4FEC0
:10D1700008FDF9F2FDE50301FEF0000004FF02FFE7
:10D1800003FFFB0203D409FC01FAFC111FFF020498
:10D19000F403FFE40A04FD0000041CF80005040188
:10D1A000FA0009E4FFFCFCFEFD0BFEFF1B0603FC7E
:10D1B000FFFE0903000005FE01460104FF0318E617
:10D1C000FCF90202FFFD05DF051003F92FFEEB233A
:10D1D000FA00DF02FEE5F5FE0001F60505FE070296
:10D1E00001FCD10102FDE6130207FE17FEF80B0455
:10D1F000051305F1FC050201020DFD0603FAFFFB14
:10D2000001010601FF091BFC0305DC010601F60212
:10D21000FF00FFFD00FC0100FFFA02FEF60006031E
:10D22000FEFF04E806FDFBFDFFED0001FFFD04FF2E
:10D23000FE0201F7FF0A010C00DEFD000101F723E9
:10D2400001FD05F6FDFC010C01000502F9FCFFFEE5
:10D250000101030109EC02FD02FD0100F70101FDDE
:10D2600005021B01FF03F6FBFEFDFDF100FFF504C7
:10D27000030903FC0000FDFFFF0201FF0203FE01A2
:10D28000000003FBFF0D07FE0500FF0311FD03FE79
:10D29000FA0201F7FB0000FCFC0A0AF40F03FD0090
:10D2A000F00405E005FE0A0900F802040D0101FF83
:10D2B000FE00003C0507FE01F8F30701FD11EF2613
:10D2C0000101FBED0104FA17FE0403F3F60C04065A
:10D2D00005FF010401EF0000030706FFF200EF0461
:10D2E000FEFA18FC05FE0505FE070AF5FFFCF30330
:10D2F00008FCF9F3FBE80302FEEE01FF070001FE64
:10D300000300040403CD0BFBFFFDFA1621FF030409
:10D31000F002FFE40B03FD0102FD28F7FE05030008
:10D32000F90009E5FE02FBFDFE0BFDFF250905FCEA
:10D3300000FE0A0504FF03FE02430004050217E491
:10D34000FCF4010201FA08E0071300FB3800EB26A9
:10D35000F6FEE20201E4F2FFFF00F2090400060219
:10D3600002FFCF0203FCE4150401FC16FDF70B00DD
:10D37000041405F1FD0302FF030AFC0B05F8FDFC94
:10D3800001010503FF0A1D00050AD8020600F3FF8C
:10D39000FD03FDFB00FCFF01FB010001F2010A049B
:10D3A000FDFE06DE03FCFDFCFDEA0102F90004FCC3
:10D3B000FF0403FB0111000CFFDC01FAFC00F62462
:10D3C00003FF05F903FC010D01FF0202FAFD010252
:10D3D00001FC0A0309F001FC0501FD01F40004FC55
:10D3E00005001A04FD03F1FD03FDFFF20104F3043F
:10D3F000020602FAFD07FDFEFFF601FD0405FF002F
:10D40000020105FAFFF708F9FB02FD01150103FE11
:10D41000F90102F6FA0300FDFA0706F2140500FE10
:10D42000EE0506E10C070D0A02F802050B020200E8
:10D43000FD0600420806FDF4F8F208070412EE2A81
:10D440000203FCEC0804FA18FE0405F3F30E0307CC
:10D4500004FC040501EC01FF020303FEF101EB02F1
:10D46000000419FD0600050404030BF3FFFCF3049C
:10D4700008FDF9F2FAEC0201FEEA0200080001FDE3
:10D480000501090602C70B0D09FFF81C230103045F
:10D49000F000FEE30B04FDFF02FC29FBFD0403008A
:10D4A000F7FF08E2000AFBFCFF07FD00240505FF6B
:10D4B000FFFD0906050402F70355FE06060316E5FF
:10D4C000FCF40004FEF90CE20714FDF93D00E92A22
:10D4D000F5FCD702F4E0F10201F7F30908010602B6
:10D4E0000604CEFD02FDE3160500FD15FDF811034F
:10D4F000041505EFFF0202FF0209FA0E05F9FFFC11
:10D5000001020605FE0B1C00070AD60006FDF1FF0E
:10D51000FE03FEFBFFFCFE01FCFC0302F10109011E
:10D52000FDFF06DB00FBFCFDFEED0102F90105FF3E
:10D53000010403FC0110FFFFFFDC02FBFFFFF523EA
:10D54000030005F806FD010B01FEFE01FCFE0104CF
:10D5500001FB0B020BF001FA0A03FD02F3FF05FDCC
:10D56000050A1B07FC04F1FD08FBFFF10305EF00B2
:10D57000020502FBFC0CFCFD00F504FD0704FF02A4
:10D58000030103FB00F207FA0502FBFE150002FD92
:10D59000F90003F5FA0301FDFA0C06F1160700FF86
:10D5A000ED0506E1100A0E0B05F902060B0603FF56
:10D5B000FD0800450A04FD0AF8F1080A0313EE2DE0
:10D5C0000305FCEC0905F918FD0404F1F10F03064D
:10D5D00004FC040604EA02FF040803FDF001E9016B
:10D5E000000B19FB0700060408020CF3FFFCF00611
:10D5F00008FCF9F3FAEE0302FDEB02000B0001FD5B
:10D6000006010C0802C60C0F0AFFF81F23010303D2
:10D61000F101FCE60B06FE0100071FFBFF070200FD
:10D62000F70108E50209FBFDFE03FE0123080400E3
:10D63000FEFB0A0804000604034B0107020616E776
:10D64000FFF7FD0202F908DF0412FCF63901ED23B1
:10D65000F7FCD403FBE2F2FF0001F3060500050628
:10D660000207CEF805FDE9160A01FF16FDF60803CC
:10D67000071405F0FD040301020AFC0B06FB00FA87
:10D6800001010804FE0B1D000C08D7FF0301F40183
:10D69000FF00FEFC02010000FC01FC06F101050197
:10D6A000FA0004E00604FAFBFBE10002F6010300C5
:10D6B00000FE02FB011700FCFEFEFFFDFE03F0234F
:10D6C000040101F805FD0310FFFD00FFFBFE02024F
:10D6D00000FBE804F3E803FC020403FEFFFC010185
:10D6E00002001CF6FA04F4FF06FB00F00002F70249
:10D6F000010A02FAFC00FEFFFFFAFEFF040701FE2A
:10D70000020204FE00FF06FBFFFFFD0013FF03FF04
:10D71000FC0200F8FB04FFFFFA02FEF61105FF0110
:10D72000EF0405E10805080901F403030903FF02FA
:10D730000103003E0405FFFEFAF407050110EE2781
:10D740000504F9EC0904F617FB0104F4F00A0405DA
:10D750000500FD0502EF03FC01060CFCF2FEEC07E0
:10D76000FB041AF903FF050404030BF4FEFBEE01AE
:10D7700008FFFAF4FAEA0402FFEE03FD090302FBD4
:10D780000400050504CD090B08F6FA172202040669
:10D79000FA01EBED08040800010F1CFB0408050664
:10D7A000FAFF0FE70708F2FF05F10BFA1909FA0073
:10D7B0000000090E07FC0BF501430309FD0516D512
:10D7C00009F7ED04FFF607DF0203FCF43600EE175D
:10D7D000FF03D4FCEEE6F3FF0103FAEF020A071D94
:10D7E00002FFD3ED0104EE15050BFB19FCF701FE5A
:10D7F0000C1C09F1FC0704FAFF0B050A06FB00FCF0
:10D80000EDFA0EFF040E20060801D4000309F3FD13
:10D8100001FA04FD0003FCFEF6FB020BF3FE01FD22
:10D82000F60200E00705FDF8FBDE0100F701060344
:10D83000FFFC02FFFE1801FBFA31FCFCFF09F11EA0
:10D84000020402FA03FE040E00FF05FAF6FD04FFCF
:10D85000FEFDC507E4E10500050806FF0BFF00FF1C
:10D8600003FD1AE3F408F600040101F0FD0101FFD5
:10D87000FD0A09FCFCFDFF02FFFE00FF0A0800FD97
:10D8800003050300010007FFFBFD00FB14FDFF047F
:10D89000FF09DE01FAFD05030401F8FD0604081581
:10D8A000F90309E30607FA07FFD811FE0005FB0597
:10D8B0000B07FF3BFE00010CF9F406FDFD0DF21312
:10D8C0001B00DDF507FBF014F2EEFCF2F507040196
:10D8D0000A0900FEF5FE04F2FFFB34F0F906F23807
:10D8E000F40616F802FF0A080209FFF9FDF7F30132
:10D8F0000D0701F3FCEFFFFFFDEF09FA0B0602EF46
:10D90000ECFD09F914C9000BF9CFF70C1D05FE0554
:10D9100005FECFFB0E092DFBE7FF1BF8020A0506EB
:10D92000FAFF14E50A04ED0005EE29F80D04F108EC
:10D93000FB160B020702FDF9FE520D08FA0714D57B
:10D9400003F6E20103F90DE703F80BF235FEE50AF1
:10D950000B01C9F0E3E9F0EF020D08D4030D0D2728
:10D960000806DAE60607E910FC0D071503FA1702A8
:10D9700011370AEFF2061DCFE6070B1007FA040471
:10D98000E6F40907FC0D1F120CEFD6F90A0AF8FAA3
:10D9900001FF04FE0205F7FFF7030211ED0000018D
:10D9A000F90301D7060CFAF7F3DA03FDF9F80705D6
:10D9B00006FB00FCF81D000DFB2EFFF8F708F01B1E
:10D9C0000203FFFA05FF010AFC00FCFAF6FD02045F
:10D9D000FFFAC907DFE6020302040CFD0AFA07FE9C
:10D9E00000FA19EBF40EF30209FF02EFFE0503FC47
:10D9F000FD0E0CFDFC07000601FAFDFC030F04F907
:10DA0000020303FF00EE02FE01F5FFEF15FE030B1C
:10DA1000FE03C701F405F409280FEA090BF7070D07
:10DA2000FC000FDB03FFE60606B013F0EB10EB0A79
:10DA300002F30145FC0A1109F6F40308040AF2DABC
:10DA400039FFBE07FFF1E915EED600EFFA0AFF0134
:10DA50000A100DFAB40004FCF4014FEAFE04F46E5F
:10DA6000F3011707FD040D0A050CE0F4F9F6E5F8DB
:10DA7000111001F8FFF0E70A05F912030C0400F693
:10DA8000C4FB0FF62ECEFFF906B1F6041309F50616
:10DA9000F10301E20B01FD0200FB22FAFE0204FE8B
:10DAA000FAFE08E1FAFDFBFCFF0FFCFE220705FC75
:10DAB00002FC0A020103050C024E0001020117E1FB
:10DAC000FCF6040301FC09E1071301FC37FCE9291A
:10DAD000F900DF03FAE7F1FF00FDF50609FF06FF95
:10DAE00001FCD10501FDE3120201FD16FDF8140051
:10DAF000031405F0FC0401FF030CFC0904FAFEFB0F
:10DB000003010202FC0A1AFB0005DA020700F5FF16
:10DB1000FD01FD0001FB0000FAFE02FCF40107011B
:10DB2000FF0007E207FDFBFCFEEA0101030002FC27
:10DB3000FDFE02F7010B010702B202FAFE02F72610
:10DB400001FD02F604F9000E01020103FCFC05F8D8
:10DB500000FE21021AF601FDFF08FB02EC07FF00A0
:10DB600002F319130100F1FCFE02FFF202FFEFFEC7
:10DB70000306FFFCFE05FFFF00F801FE0105FCFFA8
:10DB8000FFFF08F801FC1100FA03FC06130703016C
:10DB9000FAFF01F8FB0100FBFB0110F71005FBFD8C
:10DBA000EF0706E1070B070802F303041301010264
:10DBB0000000FF3E0904FF04F8EF06070611EC28F9
:10DBC00001FEFAEE0301FF17FE05FDF3FA0C040552
:10DBD00002FEFF0303EC000400050101F202E90567
:10DBE000000516FC06FF060602000AF400FAF2FF22
:10DBF0000900FAF3FBEC0201FFEA00030600020051
:10DC000001FE040706CB0C080DFFF6181E010003E9
:10DC1000EFFF00D90A040409F9F709FDF80002FE34
:10DC2000FAF105DCF7FE13F9FE24F0FD0B0305FD08
:10DC300001F90CFAFF0307020041FEFCFD0619F191
:10DC4000FB0A1400030806E10C1203F939FDF02C5D
:10DC50000C00E60A09ECF0FF00FBF70106FF03EDFC
:10DC6000FBFACF15FEF9DF12FCFF0717F7F818FED5
:10DC7000020A04F1FC0301FC110BF806FFFFFDF89A
:10DC80001F0A02FDE9031DFAF403DD030607FA0685
:10DC9000FE00FFFF03F6FD02F400FFFFF70303FCA5
:10DCA00000FE08E1050101FCFEED00FF0E01010090
:10DCB000F9F703F802FE05F7048A00FDFA03F733CB
:10DCC000FF0002F3FBFDFB0B0006FD04FFFD03F864
:10DCD00002033D0232F901FEFB0BFB01E512FCFCE5
:10DCE0000204172203FEF1FF06FA02F00400E7FB2C
:10DCF000FD0501FD0202040004F402010605FC001A
:10DD000000FD03FD01FB11FC0701FA0213050604E7
:10DD1000FE01F503FC0302EF0B0433F80A09060BBE
:10DD2000F41807E1050FED07F9D9110432FB0104DE
:10DD30000204FF3F090C02F3F9EA0601FF0EED10A1
:10DD400007DDE2F9F9EC0119F706FBF1010B03011C
:10DD5000F90102FCEAF8050805FBFD10F305EA2CC1
:10DD600011F816F4FDFA0B0D0B00F7F70AF7E505AD
:10DD70000B09F4EEFBEEFDFDFFE6000006FF0FFDD4
:10DD8000DDE8000428C70606FE07F4141D09F9FDA6
:10DD9000EAFF03C705020C1110F7E806F505F6FFC8
:10DDA000FCE2FDDDF20222F7FC22DEFDEAFE05F9CF
:10DDB00006FE0C05FF0114F7FE50F405F50816ECFD
:10DDC000FD231E01FA0EFEDE0C0EFBF33A02FB38B9
:10DDD0002102DD12FDEBF213FA03FAFF08F9FCE869
:10DDE000F703C91CFB02E019F4F9FF19F1FA0BFD66
:10DDF000FEEF05F6FCFDF4F1660DF701FA07FDF202
:10DE00002E14FDF3F20515F5F503DC04F80EF80603
:10DE10000103FF0103F2F9FFF7F30203F20309FC28
:10DE200002FF09DD050BFCFCFDED03011BFF0302F6
:10DE3000FEF6FFFAFF0301F30581FFFBFC00F62D60
:10DE4000FFFB00F403F7FA07FD08FA0605FC07FBE1
:10DE5000030344002BFAFFFEF6FCFE02E214FDFF72
:10DE600006041323FDFEEE060AFDFFF10803D5FDAF
:10DE7000FB00FDFD040A030406F20000090800008F
:10DE8000FBF803FB06ED0F0206FEF6FE150806067C
:10DE9000FFFDF30BFC0101E22CFC49F80E03010528
:10DEA000F82807DB0601C407FAAE1D064E01FA0486
:10DEB0000608FF48041416FEF9EF060C080CECD413
:10DEC00011BBC809F3D9021BED0902F70608F2FCE1
:10DED000EE0103FAB3F60F11FD0BF32306FFF25325
:10DEE0000FFD140100030F10FF08CFF414F6E00B30
:10DEF0001013F2F2FAEFF0F61DE40AFD0EFB0BFD33
:10DF0000A8D400085CD10209FC0EF30F1505EBFB49
:10DF1000F902FFE60908FEFFFE0210FAFE0504FE04
:10DF2000FB010AE50301FDFFFE07FFFF0F0300FBF6
:10DF3000FF020902FD0206FB01460308FE0618EB7C
:10DF4000FEFE0001FF0003DE030B02F727FDED1FBD
:10DF5000FE02DA02FCE7F8FB01FDF90206FB08030A
:10DF6000FD07D4FD0102E91106FD0015FFF80702C7
:10DF7000071304F1FA080203000FFE0000FB02FA87
:10DF8000030004FF0007190C0A01E1FF0704F8056C
:10DF900002FE02FE00FC03FE040202FDF802010183
:10DFA000FEFE01F10AFEF9FF01EFFFFF03FE04FE92
:10DFB000FCFE01F2FF06010A02EDFA04FF01F62061
:10DFC00000FC04F3F5FD030C01010602F9FDFDFC64
:10DFD0000104F3FF03E603FF000206FDFDFF00FD61
:10DFE00004FA1CF80004FBFAFBFBFCF1FEFBFA0848
:10DFF000030D04FD05F6FF00FE0F00020001000204
:10E00000FEFF05FDFF2504FC00FC02020EFB03FDE4
:10E01000FC02FFF7FB00FFFCFDFB09F80A00FC0017
:10E02000F40505E1FFFE0708FFF602020AFBFF0008
:10E0300000FF003500070009F8F306FFFF10F0218C
:10E040000100FBEEFD04FA15FE0301F5F6080605D6
:10E050000503FF0302F40000FFFC0BFFF401F106CF
:10E06000FAFE16FC03FF0405F80109F6FEFBF4FCBA
:10E0700008FDF9F3FCE60301FFF201FE020000FED9
:10E0800003FFFB0004D40A0004F9FE111EFF030580
:10E0900001FE00F00507FC00000504F50607060573
:10E0A000FAFF0BEB0501F902000CFFFFFBFF00FB81
:10E0B000FE0604FB03FFFEF9FF4A020D010517E50A
:10E0C000FDFFFA04FCFD01E0050003F822FEE51067
:10E0D000FFFBDCFFF2E2F9FEFE0025FD0DF8030672
:10E0E000FD00D803FE06EA0E0304F917FFF9050444
:10E0F000081FFFF501170002000704FF03FC03FCE3
:10E10000FB000B01FF060E0A05DEE9060206F80811
:10E1100001FBFE05000100FFF801FEFFF70401FB13
:10E12000000205DD0401FE01FCE1020400FE040022
:10E1300002010014020C02F900C305FE0001F232D4
:10E14000010107EE02FF001A04FFFF02E70104FECF
:10E1500002001C030CF501FD04FFFC01E9FA00F8C4
:10E1600004FD2307030704F9FDF704EA0209FB0392
:10E17000050403F3FDE10101FEFAFD040002FF02C4
:10E18000020001FFFFF9FEFCFE0100FD1F0001037C
:10E19000FEFE02FEF9FDFD00FEF10BFE01FFFB0598
:10E1A000FB0002F8F4F6FF0404FE010100FD010487
:10E1B000010105080103F9F8FA0103F6FB0CFB065F
:10E1C000FFFBFCF7F802F906FDFF01F9FF0000FC78
:10E1D0000002F6FBFE00FF010802390200FDFD050A
:10E1E000FBFD0705FAFFFB04FDFA05FCFCF7FAF658
:10E1F0000602FB0103F901FD02FD020003FB00041E
:10E200000003F5FE02F60DF8FDD3030207FAFFFA4C
:10E210000AFA0102FF08FE02FF0AFBF005050406E8
:10E22000FFFE08EA0802F3030E1F00FEF20101F8E8
:10E23000F9FF01F80A07F3FBFD3D05120105FFEFA9
:10E24000FCFFF604FBF8FEFC05F702FA0AFDEEF30C
:10E2500001FCF5F7E5E8FE0204015EF814F7040698
:10E26000FBFEFD0CF807F5020407F50701000B069D
:10E270000A1EFAF70A0C0105FD0207FB05FA09FF61
:10E28000F300110100F90505FEA8F80A0703F505DA
:10E29000FFF8FD0302FFFEFEFA060302FA03FD008B
:10E2A000040108F10305FE0000C90105FD0001FE9F
:10E2B0000104000209F602F900A609FC0502012684
:10E2C000FEFF04F802FFFF060300FE02F501FCFD5D
:10E2D00000FB300320FAFF03FC05F300EAFB02FA1F
:10E2E00002FC0518FD0501FBF6F300F4FE03F7FC44
:10E2F000050D05FCFFF30401FFFFFE08FDFF02040E
:10E30000FF020702FE0800F9FD09FBFA09FD0303FD
:10E3100001FCFC01F701FC00FEEEFFFE04FA010225
:10E3200001FE00FDF2FBFD03F9F40101FBF800FA28
:10E33000FDFB03FFF908FCFA000100F5F602FAFB09
:10E34000FEFFFDFDFBFDFC0303FCFCFEF9010700E5
:10E35000FDFF08FCFD0CFE01FFF04E05FCF9050376
:10E36000FEFA09060101FC00FCF405FD01FCFEFBC0
:10E37000FEFCFAFF030201FE02FDFF05FCFBFE01AD
:10E380000104EEF701F404F4F1B803FE07FCF9FE12
:10E390000BFA0206FF040100FC03FAF10301050475
:10E3A00001FF06E70602F10013180002F20300FD68
:10E3B000FEF600F90C0AF6F6FC450A110706FCF316
:10E3C000FDFEF60402F8FFFF06F500FC08FCEEF087
:10E3D00003FEE8FAE2E7FD020EFB66F617FC030611
:10E3E000F9060008F304F6030010F50701FF0E0715
:10E3F0000A23FAF608090207FB0008FC0DFA09FED9
:10E40000F2001005FE020201FBA0FA080603F40860
:10E41000FDF8FE0505FEFDFEFCFA0402F7FDFFFE19
:10E420000A0108F2FFFFFFFDFDC40205FF00FD0524
:10E4300002FDFF0209F60509FD9F0FF90F010129F1
:10E44000FDFD06F70AFFFF0806FF0206F902F6FDCA
:10E4500002FD320726FCFEFF05FFF401E8FE01F88D
:10E46000FCFA041DF703FEFEEE00FDF5FE01FBF3D2
:10E47000051506FAFAE90702FEFB000C05FE020587
:10E48000FF030306FD1801F8000AFAF907FA03066C
:10E4900004F9FC02F703FC00FDEC01FE04FDFF02A1
:10E4A000FFFDFFFFF1FEFA02F9F900FEFBF802F7AB
:10E4B000FDFE04FBF807FC050208F9F6F303FEF580
:10E4C000FEFFFCFFF3FEFD0201FDFBFDF8FF08FF70
:10E4D000FBFD03FAF50EFF02F7F65305FEF5050402
:10E4E00002F207020405FEFD00EC05FE01FE01FA42
:10E4F000FEFAF9020305FEFC04FEFE03F5FDFD0134
:10E500000102ECF601EC02F5EEB2010007FDFBFBA7
:10E51000F804FEE40805FDFFFDFF10F9020404FF06
:10E52000FC0109E5FEFAFDFFFE0BFFFF0F0101FEF6
:10E5300001010903FD01080B00470205FF0418E76C
:10E54000FEFD0201FFFF02DF040C04FA24FCEB20B5
:10E55000FD03DC02FAE8F8FDFFFCFA0206FB060206
:10E56000FEFDD5000001E9100003FF17FFF90E02C0
:10E57000061304F2FB0702020110FF00FFFBFFFB82
:10E58000030003FD000818040801E0020603FA0472
:10E5900000FF02FF00FA030003FF06FAF90202037C
:10E5A00000FE03F20AFEF8FF00F300FE07FD04FD83
:10E5B000FCFF02F1000303F903D4FA030001FA1F80
:10E5C00000FB04F3F3FC020B01020703F9FCFDFA64
:10E5D000020605FF10E903FFFE0002FEF903FEFC40
:10E5E00004FB1A000102FBF9FBF8FBF2FEFAF40649
:10E5F000040D04FD05F8FF00FE0DFF01FE01FE0203
:10E60000FDFE05FBFE24080000FF01060FFC03FDD4
:10E61000FA0100F7FBFFFFFCFDFC11F80900FC000C
:10E62000F30405E1FE00060700F602011200FFFFF9
:10E63000FFFC00360107FF07F8F605FF0010EF2189
:10E6400000FDFBEFFD02FC16FE0600F5FA0A0606C9
:10E650000501FD0201F3FF0200000700F402F105CD
:10E66000FC0015FB04FD0506FA0109F5FEFBF5FFAC
:10E6700008FDFAF3FDE60301FFF0000106FF01FFCC
:10E6800001FFFC0203D50AF9FDFCFB101DFD01058D
:10E69000F804FDDA080600FCF602D900FE0501FCCC
:10E6A000FB0706DDFFF803FF010FFF05D9FFFAFDA9
:10E6B000FF01090BFD030C04FF460603FD0313F3E2
:10E6C000021A0802FD0701E506FA01FA1BFDF6270A
:10E6D000EA03CF0702EE00FB03FD04FF020002FF86
:10E6E000FDF8DCFC0302E50FFEFF08110000120438
:10E6F000050502F1EEF60103FE0FFDFEFAFCFD0139
:10E700001618FCFC01031C0203FCE2FF0807FA06D2
:10E71000FAFFFCF702F905FFF505F200F40200FA32
:10E72000000105C706F8FB00FF090107FDFF04040F
:10E7300009FE0217011303FA01070DFCFB03F42382
:10E7400004FD09F205FEFC0C02FCFB00FDFCFD01D2
:10E75000FE02E102FCE5FE0204FE00010407FDFAF0
:10E76000FA0113F8FF03F606FAFB03F6FF04FB04B5
:10E77000070EFFEEFFED0000FE06FC02FD00F906AD
:10E78000040403FFFEF8160103FEFA041E0205FF4F
:10E79000030602FBF9FFF9FE03F04CFE00F4FA0257
:10E7A000F7FC06FEF700FF0204FD02F634F8FFFD59
:10E7B000FD060306FD0BFAFAF807FEF6060CFB0C45
:10E7C000FBE1FCF7FF01FF0BFC1402FB020401FD5F
:10E7D00021FF02FBFCFFFF02FCFD0201FAF5000233
:10E7E000FFF40D00F6FF04FEFCFC05F701FBFEF153
:10E7F000080301FD03F601FD01FB0400F9FA0FFE19
:10E80000F2E4FFF903FE05F90400FD0207F003FC42
:10E81000FBFE00E20804FFFBFAF79F0AFD04FAFA88
:10E82000030CFDF602000DFA0C0EFD0AA1FCF6F633
:10E83000FE02FF0500FC0AFF0538FF03FF02020B82
:10E8400008400B00FD09FFF109E9F7F919FF011A6A
:10E85000D1FEDA1319FA0AFC06FE0BF8FE0802FBD9
:10E86000FB04F9F00107FE06F90A0E0601040F0782
:10E8700001F302FAE1F7FE04F800FEFC03030201D3
:10E880002634F7F701050201FBF7FAFAFB0BFA0D44
:10E89000FEFFFFFE01FB0100FEFCEF04F3FDFAFFAB
:10E8A00002FF06DD06FDF9FE05100006F6FF010475
:10E8B00005030002FF14F6F3FD4108FC0303F816FC
:10E8C000010206FF08FEFB0802F9FE0105FCF6F74F
:10E8D000FAFAC9FFEBE00104F900FEFE1603FFFBA4
:10E8E000F70307E9FC040101F4FAFDF8FE04010452
:10E8F0000811FFF602F5FF00FE01FA01FC01020912
:10E900000409060000080B0206FE00FE06000502D0
:10E91000050BFDFCF9FEFAFD01EA52FEFFEBFEFCE1
:10E92000FFFA07FFEFF5FC01FA0101F74B03FEF8D0
:10E93000FFF40AFFEB09F90AFE09FDEEF902FFFAFE
:10E94000F8D7FE0104FDFF03FF1BFCFF0F040202CA
:10E9500029FA06FAFB09FB08FBF5FB0500FA080398
:10E96000FB0A0602FFFCFFFCFBF603FD00FEFAFEBD
:10E97000010405FB02FE02FE01FEFE01FCFA0CFD95
:10E98000EDDCF2F601FA01EFF3FEFEFD04F1FDF815
:10E99000FBFEFFE20606FFFAFAFF9F0CFF03F5F508
:10E9A000050CFEF405FF0CFA0D15FC0B97F9F5F4B8
:10E9B000FA02FF05FFFC0BF5043CFE06FD04010A0C
:10E9C00008430CFFF20A00EC0AE7F5F81C010015F9
:10E9D000D101D81318F50DFC07000CF70008FEFB59
:10E9E000FBFEF7EB050B0007FA05100601070A0608
:10E9F00000F304F9DF02FE05F603FEF8FA01020354
:10EA00002835F6F501FC040106F6FEFBFB08F909C2
:10EA100000FEFF0102F8010100F9E903F200F7FD31
:10EA200003FE05DF01FFF9FC0810FF09F3FD0208F2
:10EA30000C00FE020411F3F6034D08FE0601FA195C
:10EA4000030402FF0FFFFF0F02F9F60300FAF8FBC1
:10EA5000F5F4C202E7DFFF0AEE06FDFE1801FEFC38
:10EA6000F70007E8FB0304FDF601FDF900040208C6
:10EA70000B0CFAF600E2FCFDFFFFF904FF04FE06B2
:10EA8000070D0501FE1601F602FE0000020307074E
:10EA9000070CFDFEFAFFF9FC01F15700FEE8FCF758
:10EAA000FEFA08FEF2F2F9FFF7FF01F44F01FEF360
:10EAB000F9F20DFCE90AFD04FCFCFFECF80100F59D
:10EAC000F7D6FF01FFFE00FE001B00011204FFFC51
:10EAD0002B000CF8FE0BFA0402F7FA05FCFA060507
:10EAE000F9FF020602FCFCFEF8F002FD00FEFEF655
:10EAF000FE0908FA000904FE00FCFF01F5F70E000C
:10EB0000EBD9F2F700F107F6F6FE03FC08F1FBF58E
:10EB1000F103FFE40B04FD0002FE25F8FF0503FFEF
:10EB2000F90009E5FF03FBFDFD0BFEFF230705FBD5
:10EB300000FF0A05030004FC02440105040218E476
:10EB4000FCF5010202FA07E0071301FB36FFEA2693
:10EB5000F7FFE10200E5F3FEFEFFF30804FF050204
:10EB600002FCD00203FDE41404FFFC16FEF70BFECA
:10EB7000051404F0FD0402FF030BFD0A02F8FEFC7D
:10EB800001010502FF0A1C040609D9020702F4FF6D
:10EB9000FE01FEFC00FCFF01FCF40001F3000A048E
:10EBA000FDFF05E004FFFDFCFFEA0002FAFF04FFA1
:10EBB000000502FAFF0F00F7FFDDFFFD0201F62559
:10EBC00003FE06F804FC010D01000202FAFC01013B
:10EBD00001FE080209EF02FB04FAFE01F50103FC45
:10EBE000040C1A04FE04F2FC02FAFFF10103F40221
:10EBF000020702FBFE06FCFE00F902FE0505FE0010
:10EC0000020102FAFFFD08020501FD0213FF03FEE7
:10EC1000F90202F7FA0100FCFB0D07F21304FFFFF3
:10EC2000EF0506E00A000C0A01F802050B020200DB
:10EC3000FD0300400706FD06F8F208040011EE2966
:10EC40000203FCEC0604FA18FE0406F3F40D0306B6
:10EC500004FD040601EC01FF040804FEF100ED03CD
:10EC600000FC19FD06FE0504020A0BF4FFFCF20687
:10EC700007FCF9F3FAEB0302FEEC02FF090001FEC8
:10EC80000400090602C80B0005FEF91A220003045D
:10EC900036A9FFFF04000000E400000005050000A5
:10ECA000E601000091F3FFFF92060000010400005E
:10ECB0008F050000440500006402000044120000BB
:10ECC0000404000040010000901600008D0D0000BB
:10ECD00020FFFFFF0F0E0000E212000008000000FE
:10ECE000DB080000A71200008DFDFFFFC806000032
:10ECF000DCFCFFFF79000000100F00003EF6FFFF74
:10ED00000DFFFFFF1109000011F7FFFFCBFCFFFF14
:10ED1000C1060000130A000099FEFFFFC8F5FFFFBF
:10ED2000F209000096FEFFFFCFE8FFFFDF0C0000B6
:10ED3000D900000046D5FFFF200D0000AFF9FFFF0E
:10ED400009D6FFFFDB00000077FFFFFF16F6FFFF8D
:10ED50000BFEFFFFA2FCFFFF69EAFFFFCCFAFFFFFB
:10ED60000D0500007DDEFFFF77FAFFFF9CFDFFFF32
:10ED700060DAFFFF59050000E2010000AF0F00005C
:10ED800026AAFFFF040000000C00000001000000A4
:10ED900020000000390000003EAAFFFF0400000030
:10EDA00008000000200000004000000052AAFFFF01
:10EDB00004000000040000000100000062AAFFFF40
:10EDC000040000000C0000002000000040000000D3
:10EDD000400000007AAAFFFF0400000010000000BD
:10EDE00020000000010000004000000006000000BC
:10EDF000AC31FDFFB031FDFF0F0000004D4C49521A
:10EE000020436F6E7665727465642E000100000009
:10EE10001400000000000E001800140010000C0088
:10EE2000080004000E000000140000001C00000098
:10EE300034570000385700003C5700000400000021
:10EE40006D61696E00000000C9010000F856000005
:10EE50009856000040560000F8550000D4550000B8
:10EE600094550000DC540000A454000060540000DD
:10EE70003C5400000C540000D8530000B453000070
:10EE8000905300005C53000028530000045300001E
:10EE9000D05200009852000060520000285200003A
:10EEA000F0510000B85100008051000048510000AE
:10EEB00014510000E05000009C5000007850000009
:10EEC0005450000020500000FC4F0000D84F0000BC
:10EED000A44F0000704F00004C4F0000184F00007E
:10EEE000E04E0000A84E0000704E0000384E0000BA
:10EEF000004E0000C84D0000904D0000584D00002D
:10EF0000204D0000E84C0000B04C0000784C0000A0
:10EF1000444C0000104C0000CC4B0000A84B0000FB
:10EF2000844B0000504B00002C4B0000084B0000AD
:10EF3000D44A0000A04A00007C4A0000484A000071
:10EF4000104A0000D8490000A049000068490000AC
:10EF500030490000F8480000C04800008848000020
:10EF60005048000018480000E0470000A847000093
:10EF70007447000040470000FC460000D8460000EF
:10EF8000A4460000804600005C46000038460000B1
:10EF900004460000D0450000AC4500007845000064
:10EFA0004045000008450000D0440000984400009F
:10EFB0006444000030440000EC430000C8430000FB
:10EFC000A4430000704300004C43000028430000AD
:10EFD000F4420000C04200009C4200006842000071
:10EFE00030420000FC410000C841000084410000A4
:10EFF000604100003C41000018410000F440000066
:10F00000C04000008C400000584000003440000028
:10F0100000400000C83F0000943F0000603F000037
:10F020001C3F0000F83E0000D43E0000B03E00004F
:10F030008C3E0000583E0000243E0000F03D0000E1
:10F04000CC3D0000983D0000603D00002C3D0000DC
:10F05000F83C0000B43C0000903C00006C3C000018
:10F06000483C0000243C0000F03B0000BC3B00009A
:10F07000883B0000643B0000303B0000F83A000091
:10F08000C43A0000903A00004C3A0000283A0000D0
:10F09000043A0000E0390000BC3900008839000063
:10F0A0005439000020390000FC380000C838000046
:10F0B000903800005C38000028380000E437000079
:10F0C000C03700009C37000078370000543700003C
:10F0D00020370000EC360000B836000094360000FF
:10F0E0006036000028360000F4350000C03500000E
:10F0F0007C35000058350000343500001035000024
:10F10000EC340000B83400008434000050340000B7
:10F110002C340000F8330000C03300008C330000B2
:10F120005833000014330000F0320000CC320000ED
:10F13000A832000084320000503200001C3200006F
:10F14000E8310000C4310000903100005831000067
:10F1500024310000F0300000AC30000088300000A6
:10F1600064300000403000001C300000E82F000038
:10F17000B42F0000802F00005C2F0000282F00001B
:10F18000F02E0000BC2E0000882E0000442E00004F
:10F19000202E0000FC2D0000D82D0000B42D000012
:10F1A000802D00004C2D0000182D0000F42C0000D4
:10F1B000C02C0000882C0000542C0000202C0000E3
:10F1C000DC2B0000B82B0000942B0000702B0000FB
:10F1D0004C2B0000182B0000E42A0000B02A00008D
:10F1E0008C2A0000582A0000202A0000EC29000088
:10F1F000B829000074290000502900002C290000C3
:10F2000008290000E4280000B02800007C28000045
:10F210004828000024280000F0270000B82700003C
:10F2200084270000502700000C270000E82600007B
:10F23000C4260000A02600007C260000482600000E
:10F2400014260000E0250000BC25000088250000F1
:10F25000502500001C250000E8240000A424000024
:10F26000802400005C2400003824000014240000E6
:10F27000E0230000AC2300007823000054230000AA
:10F2800020230000E8220000B422000080220000B9
:10F290003C22000018220000F4210000D0210000D0
:10F2A000AC21000078210000442100001021000062
:10F2B000EC200000B8200000802000004C2000005E
:10F2C00018200000D41F0000B01F00008C1F000099
:10F2D000681F0000441F0000101F0000DC1E00001B
:10F2E000A81E0000841E0000501E0000181E000012
:10F2F000E41D0000B01D00006C1D0000481D000052
:10F30000241D0000001D0000DC1C0000A81C0000E3
:10F31000741C0000401C00001C1C0000E81B0000C6
:10F32000B01B00007C1B0000481B0000041B0000F9
:10F33000E01A0000BC1A0000981A0000741A0000BD
:10F34000401A00000C1A0000D8190000B41900007F
:10F35000801900004819000014190000E01800008E
:10F360009C180000781800005418000030180000A5
:10F370000C180000D8170000A41700007017000038
:10F380004C17000018170000E0160000AC16000033
:10F39000781600003416000010160000EC1500006E
:10F3A000C8150000A4150000701500003C150000F1
:10F3B00008150000E4140000B014000078140000E8
:10F3C0004414000010140000CC130000A813000027
:10F3D00084130000601300003C13000008130000B9
:10F3E000D4120000A01200007C120000481200009D
:10F3F00010120000DC110000A811000064110000D0
:10F40000401100001C110000F8100000D410000092
:10F41000A01000006C100000381000001410000054
:10F42000E00F0000A80F0000740F0000400F000064
:10F43000FC0E0000D80E0000B40E0000900E00007C
:10F440006C0E0000380E0000040E0000D00D00000D
:10F45000AC0D0000780D0000400D00000C0D000008
:10F46000D80C0000940C0000700C00004C0C000044
:10F47000280C0000040C0000D00B00009C0B0000C6
:10F48000680B0000440B0000100B0000D80A0000BD
:10F49000A40A0000700A00002C0A0000080A0000FC
:10F4A000E4090000C00900009C0900006809000090
:10F4B0003409000000090000DC080000A808000072
:10F4C000700800003C08000008080000C4070000A5
:10F4D000A00700007C070000580700003407000068
:10F4E00000070000CC06000098060000740600002B
:10F4F0004006000008060000D4050000A00500003A
:10F500005C0500003805000014050000F004000050
:10F51000CC040000980400006404000030040000E3
:10F520000C040000D8030000A00300006C030000DE
:10F5300038030000F4020000D0020000AC0200001A
:10F54000880200006402000030020000FC0100009C
:10F55000C8010000A401000070010000C00000000C
:10F560009C00000060000000280000000400000073
:10F5700036B0FFFF080000000C0000000100000092
:10F580005C020000020000005B02000005000000B9
:10F59000B6B0FFFF140000000000000810000000DB
:10F5A00014000000040000006439FDFF01000000A9
:10F5B0005B020000030000005A0200000700000088
:10F5C00006000000EAB0FFFF140000000000000881
:10F5D000140000001800000004000000CEB1FFFF7E
:10F5E00000000001010000005A02000003000000BA
:10F5F000590200000900000008000000C2B0FFFF2F
:10F60000080000000C00000001000000590200008A
:10F6100002000000580200000400000042B1FFFF99
:10F62000140000000000003B14000000180000005F
:10F630000A000000DAB2FFFF200000000100000015
:10F640005802000020000000480000005E0000009A
:10F650007900000094000000A7000000B70000003F
:10F66000C7000000D7000000E7000000F70000001E
:10F67000070100001701000027010000370100000A
:10F6800047010000570100006701000077010000FA
:10F690008701000097010000A7010000B7010000EA
:10F6A000C7010000D7010000E7010000F7010000DA
:10F6B00007020000170200002702000037020000C6
:10F6C0004702000057020000EEB1FFFF14000000E7
:10F6D00000000015100000001400000007000000EA
:10F6E0009C3AFDFF010000005702000002000000EC
:10F6F000510200005602000056B4FFFF0C0000004B
:10F700001000000008000000010000005602000088
:10F7100001000000550200003EB2FFFF140000008F
:10F720000000000B100000001400000009000000A1
:10F73000EC3AFDFF0100000055020000020000004D
:10F7400054020000530200006EB2FFFF14000000DC
:10F750000000001510000000140000000700000069
:10F760001C3BFDFF010000005402000002000000ED
:10F7700050020000450200009EB2FFFF140000008E
:10F780000000001510000000140000000700000039
:10F790004C3BFDFF0100000053020000020000008E
:10F7A0004F0200005202000006B5FFFF0C000000EF
:10F7B00010000000080000000100000052020000DC
:10F7C000010000004D02000026B5FFFF0C00000004
:10F7D00010000000060000000100000051020000BF
:10F7E000010000004E02000046B5FFFF0C000000C3
:10F7F00010000000060000000100000050020000A0
:10F80000010000004C02000066B5FFFF0C00000084
:10F810001000000006000000010000004F02000080
:10F82000010000004B0200004EB3FFFF1400000077
:10F830000000002314000000240000000500000068
:10F84000E6B4FFFF04000000040000004B020000CB
:10F850004C0200004D0200004E02000002000000B9
:10F86000030000004A0200008EB3FFFF14000000F6
:10F870000000000B10000000140000000900000050
:10F880003C3CFDFF010000004A02000002000000B5
:10F89000490200000D000000BEB3FFFF140000008D
:10F8A0000000000B10000000140000000900000020
:10F8B0006C3CFDFF01000000490200000200000056
:10F8C0009700000048020000EEB3FFFF14000000A4
:10F8D00000000008100000001400000004000000F8
:10F8E0009C3CFDFF010000004802000003000000F6
:10F8F000470200000A000000FFFFFFFF22B4FFFFE5
:10F9000014000000000000151000000014000000AA
:10F9100007000000D03CFDFF01000000470200008E
:10F920000200000041020000460200008AB6FFFF0C
:10F930000C000000100000000800000001000000A2
:10F9400046020000010000004502000072B4FFFF03
:10F95000140000000000000B100000001400000064
:10F9600009000000203DFDFF0100000045020000ED
:10F97000020000004402000043020000A2B4FFFFA6
:10F98000140000000000001510000000140000002A
:10F9900007000000503DFDFF010000004402000090
:10F9A000020000004002000035020000D2B4FFFF58
:10F9B00014000000000000151000000014000000FA
:10F9C00007000000803DFDFF010000004302000031
:10F9D000020000003F020000420200003AB7FFFFB1
:10F9E0000C000000100000000800000001000000F2
:10F9F00042020000010000003D0200005AB7FFFF74
:10FA00000C000000100000000600000001000000D3
:10FA100041020000010000003E0200007AB7FFFF33
:10FA20000C000000100000000600000001000000B3
:10FA300040020000010000003C0200009AB7FFFFF6
:10FA40000C00000010000000060000000100000093
:10FA50003F020000010000003B02000082B5FFFFF2
:10FA60001400000000000023140000002400000027
:10FA7000050000001AB7FFFF0400000004000000AA
:10FA80003B0200003C0200003D0200003E0200007C
:10FA900002000000030000003A020000C2B5FFFFB0
:10FAA000140000000000000B100000001400000013
:10FAB00009000000703EFDFF010000003A02000056
:10FAC00002000000390200000D000000F2B5FFFF47
:10FAD000140000000000000B1000000014000000E3
:10FAE00009000000A03EFDFF0100000039020000F7
:10FAF00002000000960000003802000022B6FFFF5E
:10FB000014000000000000081000000014000000B5
:10FB100004000000D03EFDFF01000000380200009C
:10FB200003000000370200000A000000FFFFFFFF93
:10FB300056B6FFFF14000000000000151000000082
:10FB40001400000007000000043FFDFF010000005A
:10FB500037020000020000003102000036020000FF
:10FB6000BEB8FFFF0C0000001000000008000000FD
:10FB70000100000036020000010000003502000014
:10FB8000A6B6FFFF140000000000000B10000000EC
:10FB90001400000009000000543FFDFF01000000B8
:10FBA00035020000020000003402000033020000B1
:10FBB000D6B6FFFF14000000000000151000000082
:10FBC0001400000007000000843FFDFF010000005A
:10FBD0003402000002000000300200002502000094
:10FBE00006B7FFFF14000000000000151000000021
:10FBF0001400000007000000B43FFDFF01000000FA
:10FC000033020000020000002F0200003202000058
:10FC10006EB9FFFF0C00000010000000080000009B
:10FC20000100000032020000010000002D0200006F
:10FC30008EB9FFFF0C00000010000000060000005D
:10FC40000100000031020000010000002E0200004F
:10FC5000AEB9FFFF0C00000010000000060000001D
:10FC60000100000030020000010000002C02000032
:10FC7000CEB9FFFF0C0000001000000006000000DD
:10FC8000010000002F020000010000002B02000014
:10FC9000B6B7FFFF140000000000002314000000AE
:10FCA00024000000050000004EB9FFFF0400000022
:10FCB000040000002B0200002C0200002D020000B6
:10FCC0002E02000002000000030000002A020000D3
:10FCD000F6B7FFFF140000000000000B100000004A
:10FCE0001400000009000000A440FDFF0100000016
:10FCF0002A02000002000000290200000D0000009E
:10FD000026B8FFFF140000000000000B10000000E8
:10FD10001400000009000000D440FDFF01000000B5
:10FD200029020000020000008400000028020000F8
:10FD300056B8FFFF1400000000000008100000008B
:10FD400014000000040000000441FDFF0100000059
:10FD50002802000003000000270200000A00000043
:10FD6000FFFFFFFF8AB8FFFF14000000000000152E
:10FD70001000000014000000070000003841FDFFE3
:10FD80000100000027020000020000002102000024
:10FD900026020000F2BAFFFF0C0000001000000075
:10FDA0000800000001000000260200000100000021
:10FDB00025020000DAB8FFFF140000000000000B6D
:10FDC0001000000014000000090000008841FDFF41
:10FDD00001000000250200000200000024020000D3
:10FDE000230200000AB9FFFF140000000000001504
:10FDF000100000001400000007000000B841FDFFE3
:10FE000001000000240200000200000020020000A7
:10FE1000150200003AB9FFFF1400000000000015B1
:10FE2000100000001400000007000000E841FDFF82
:10FE30000100000023020000020000001F02000079
:10FE400022020000A2BBFFFF0C0000001000000017
:10FE50000800000001000000220200000100000074
:10FE60001D020000C2BBFFFF0C00000010000000DC
:10FE70000600000001000000210200000100000057
:10FE80001E020000E2BBFFFF0C000000100000009B
:10FE90000600000001000000200200000100000038
:10FEA0001C02000002BCFFFF0C000000100000005C
:10FEB00006000000010000001F0200000100000019
:10FEC0001B020000EAB9FFFF14000000000000233D
:10FED00014000000240000000500000082BBFFFFAA
:10FEE00004000000040000001B0200001C020000CF
:10FEF0001D0200001E0200000200000003000000BE
:10FF00001A0200002ABAFFFF140000000000000BD4
:10FF1000100000001400000009000000D842FDFF9E
:10FF2000010000001A020000020000001902000097
:10FF30000D0000005ABAFFFF140000000000000B83
:10FF40001000000014000000090000000843FDFF3D
:10FF50000100000019020000020000008300000000
:10FF6000180200008ABAFFFF140000000000000819
:10FF70001000000014000000040000003843FDFFE2
:10FF8000010000001802000003000000170200003A
:10FF90000A000000FFFFFFFFBEBAFFFF14000000D1
:10FFA0000000001510000000140000000700000011
:10FFB0006C43FDFF0100000017020000020000007A
:10FFC000110200001602000026BDFFFF0C00000019
:10FFD00010000000080000000100000016020000F0
:10FFE00001000000150200000EBBFFFF140000001E
:10FFF0000000000B100000001400000009000000C9
:020000040802F0
:10000000BC43FDFF010000001502000002000000DB
:1000100014020000130200003EBBFFFF14000000AA
:100020000000001510000000140000000700000090
:10003000EC43FDFF0100000014020000020000007C
:1000400010020000050200006EBBFFFF140000005C
:100050000000001510000000140000000700000060
:100060001C44FDFF0100000013020000020000001C
:100070000F02000012020000D6BDFFFF0C000000BE
:100080001000000008000000010000001202000043
:10009000010000000D020000F6BDFFFF0C00000093
:1000A0001000000006000000010000001102000026
:1000B000010000000E02000016BEFFFF0C00000051
:1000C0001000000006000000010000001002000007
:1000D000010000000C02000036BEFFFF0C00000013
:1000E0001000000006000000010000000F020000E8
:1000F000010000000B0200001EBCFFFF1400000006
:10010000000000231400000024000000050000008F
:10011000B6BDFFFF04000000040000000B02000059
:100120000C0200000D0200000E02000002000000A0
:10013000030000000A0200005EBCFFFF1400000084
:100140000000000B10000000140000000900000077
:100150000C45FDFF010000000A0200000200000043
:10016000090200000D0000008EBCFFFF140000001B
:100170000000000B10000000140000000900000047
:100180003C45FDFF010000000902000002000000E4
:100190008200000008020000BEBCFFFF1400000047
:1001A000000000081000000014000000040000001F
:1001B0006C45FDFF01000000080200000300000084
:1001C000070200000A000000FFFFFFFFF2BCFFFF74
:1001D00014000000000000151000000014000000D2
:1001E00007000000A045FDFF01000000070200001D
:1001F0000200000001020000060200005ABFFFFFDB
:100200000C000000100000000800000001000000C9
:1002100006020000010000000502000042BDFFFFD1
:10022000140000000000000B10000000140000008B
:1002300009000000F045FDFF01000000050200007C
:1002400002000000040200000302000072BDFFFF74
:100250001400000000000015100000001400000051
:10026000070000002046FDFF01000000040200001E
:100270000200000000020000F5010000A2BDFFFF27
:100280001400000000000015100000001400000021
:10029000070000005046FDFF0100000003020000BF
:1002A00002000000FF010000020200000AC0FFFF80
:1002B0000C00000010000000080000000100000019
:1002C0000202000001000000FD0100002AC0FFFF43
:1002D0000C000000100000000600000001000000FB
:1002E0000102000001000000FE0100004AC0FFFF03
:1002F0000C000000100000000600000001000000DB
:100300000002000001000000FC0100006AC0FFFFC5
:100310000C000000100000000600000001000000BA
:10032000FF01000001000000FB01000052BEFFFFC2
:10033000140000000000002314000000240000004E
:1003400005000000EABFFFFF0400000004000000F9
:10035000FB010000FC010000FD010000FE010000A7
:100360000200000003000000FA01000092BEFFFF3F
:10037000140000000000000B10000000140000003A
:10038000090000004047FDFF01000000FA010000E5
:1003900002000000F90100000D000000C2BEFFFFD6
:1003A000140000000000000B10000000140000000A
:1003B000090000007047FDFF01000000F901000086
:1003C0000200000081000000F8010000F2BEFFFF03
:1003D00014000000000000081000000014000000DD
:1003E00004000000A047FDFF01000000F80100002C
:1003F00003000000F70100000A000000FFFFFFFFFC
:1004000026BFFFFF140000000000001510000000D0
:100410001400000007000000D447FDFF01000000A9
:10042000F701000002000000F1010000F6010000E9
:100430008EC1FFFF0C00000010000000080000004B
:1004400001000000F601000001000000F5010000BD
:1004500076BFFFFF140000000000000B100000003A
:1004600014000000090000002448FDFF0100000006
:10047000F501000002000000F4010000F30100009B
:10048000A6BFFFFF140000000000001510000000D0
:1004900014000000070000005448FDFF01000000A8
:1004A000F401000002000000F0010000E50100007E
:1004B000D6BFFFFF14000000000000151000000070
:1004C00014000000070000008448FDFF0100000048
:1004D000F301000002000000EF010000F201000043
:1004E0003EC2FFFF0C0000001000000008000000EA
:1004F00001000000F201000001000000ED01000019
:100500005EC2FFFF0C0000001000000006000000AB
:1005100001000000F101000001000000EE010000F8
:100520007EC2FFFF0C00000010000000060000006B
:1005300001000000F001000001000000EC010000DB
:100540009EC2FFFF0C00000010000000060000002B
:1005500001000000EF01000001000000EB010000BD
:1005600086C0FFFF140000000000002314000000FC
:1005700024000000050000001EC2FFFF0400000070
:1005800004000000EB010000EC010000ED010000A0
:10059000EE0100000200000003000000EA0100007C
:1005A000C6C0FFFF140000000000000B1000000098
:1005B00014000000090000007449FDFF0100000064
:1005C000EA01000002000000E90100000D00000047
:1005D000F6C0FFFF140000000000000B1000000038
:1005E0001400000009000000A449FDFF0100000004
:1005F000E90100000200000080000000E8010000A6
:1006000026C1FFFF140000000000000810000000D9
:100610001400000004000000D449FDFF01000000A8
:10062000E801000003000000E70100000A000000EC
:10063000FFFFFFFF5AC1FFFF14000000000000157C
:10064000100000001400000007000000084AFDFF31
:1006500001000000E701000002000000E1010000CD
:10066000E6010000C2C3FFFF0C0000001000000004
:100670000800000001000000E60100000100000089
:10068000E5010000AAC1FFFF140000000000000BFC
:10069000100000001400000009000000584AFDFF8F
:1006A00001000000E501000002000000E40100007C
:1006B000E3010000DAC1FFFF140000000000001594
:1006C000100000001400000007000000884AFDFF31
:1006D00001000000E401000002000000E001000051
:1006E000D50100000AC2FFFF140000000000001541
:1006F000100000001400000007000000B84AFDFFD1
:1007000001000000E301000002000000DF01000022
:10071000E201000072C4FFFF0C00000010000000A6
:100720000800000001000000E201000001000000DC
:10073000DD01000092C4FFFF0C000000100000006B
:100740000600000001000000E101000001000000BF
:10075000DE010000B2C4FFFF0C000000100000002A
:100760000600000001000000E001000001000000A0
:10077000DC010000D2C4FFFF0C00000010000000EC
:100780000600000001000000DF0100000100000081
:10079000DB010000BAC2FFFF1400000000000023CC
:1007A00014000000240000000500000052C4FFFFF8
:1007B0000400000004000000DB010000DC01000078
:1007C000DD010000DE010000020000000300000067
:1007D000DA010000FAC2FFFF140000000000000B65
:1007E000100000001400000009000000A84BFDFFED
:1007F00001000000DA01000002000000D901000041
:100800000D0000002AC3FFFF140000000000000BD1
:10081000100000001400000009000000D84BFDFF8C
:1008200001000000D9010000020000007F0000006C
:10083000D80100005AC3FFFF1400000000000008A8
:10084000100000001400000004000000084CFDFF30
:1008500001000000D801000003000000D7010000E3
:100860000A000000FFFFFFFF8EC3FFFF140000001F
:100870000000001510000000140000000700000038
:100880003C4CFDFF01000000D70100000200000009
:10089000D1010000D6010000F6C5FFFF0C000000EA
:1008A000100000000800000001000000D601000058
:1008B00001000000D5010000DEC3FFFF14000000AE
:1008C0000000000B100000001400000009000000F0
:1008D0008C4CFDFF01000000D5010000020000006B
:1008E000D4010000D30100000EC4FFFF140000007B
:1008F00000000015100000001400000007000000B8
:10090000BC4CFDFF01000000D4010000020000000B
:10091000D0010000C50100003EC4FFFF140000002C
:100920000000001510000000140000000700000087
:10093000EC4CFDFF01000000D301000002000000AC
:10094000CF010000D2010000A6C6FFFF0C0000008E
:10095000100000000800000001000000D2010000AB
:1009600001000000CD010000C6C6FFFF0C00000022
:10097000100000000600000001000000D10100008E
:1009800001000000CE010000E6C6FFFF0C000000E1
:10099000100000000600000001000000D00100006F
:1009A00001000000CC01000006C7FFFF0C000000A2
:1009B000100000000600000001000000CF01000050
:1009C00001000000CB010000EEC4FFFF1400000096
:1009D00000000023140000002400000005000000B7
:1009E00086C6FFFF0400000004000000CB010000E9
:1009F000CC010000CD010000CE010000020000008B
:100A000003000000CA0100002EC5FFFF1400000013
:100A10000000000B1000000014000000090000009E
:100A2000DC4DFDFF01000000CA01000002000000D3
:100A3000C90100000D0000005EC5FFFF14000000AA
:100A40000000000B1000000014000000090000006E
:100A50000C4EFDFF01000000C90100000200000073
:100A60007E000000C80100008EC5FFFF14000000DA
:100A70000000000810000000140000000400000046
:100A80003C4EFDFF01000000C80100000300000013
:100A9000C70100000A000000FFFFFFFFC2C5FFFF03
:100AA00014000000000000151000000014000000F9
:100AB00007000000704EFDFF01000000C7010000AC
:100AC00002000000C1010000C60100002AC8FFFFAB
:100AD0000C000000100000000800000001000000F1
:100AE000C601000001000000C501000012C6FFFFA2
:100AF000140000000000000B1000000014000000B3
:100B000009000000C04EFDFF01000000C50100000B
:100B100002000000C4010000C301000042C6FFFF44
:100B20001400000000000015100000001400000078
:100B300007000000F04EFDFF01000000C4010000AE
:100B400002000000C0010000B501000072C6FFFFF6
:100B50001400000000000015100000001400000048
:100B600007000000204FFDFF01000000C30100004E
:100B700002000000BF010000C2010000DAC8FFFF50
:100B80000C00000010000000080000000100000040
:100B9000C201000001000000BD010000FAC8FFFF13
:100BA0000C00000010000000060000000100000022
:100BB000C101000001000000BE0100001AC9FFFFD2
:100BC0000C00000010000000060000000100000002
:100BD000C001000001000000BC0100003AC9FFFF95
:100BE0000C000000100000000600000001000000E2
:100BF000BF01000001000000BB01000022C7FFFF91
:100C00001400000000000023140000002400000075
:100C100005000000BAC8FFFF040000000400000047
:100C2000BB010000BC010000BD010000BE010000CE
:100C30000200000003000000BA01000062C7FFFFCD
:100C4000140000000000000B100000001400000061
:100C5000090000001050FDFF01000000BA01000073
:100C600002000000B90100000D00000092C7FFFF64
:100C7000140000000000000B100000001400000031
:100C8000090000004050FDFF01000000B901000014
:100C9000020000007D000000B8010000C2C7FFFF95
:100CA0001400000000000008100000001400000004
:100CB000040000007050FDFF01000000B8010000BA
:100CC00003000000B70100000A000000FFFFFFFF63
:100CD000F6C7FFFF14000000000000151000000020
:100CE0001400000007000000A450FDFF01000000F8
:100CF000B701000002000000B1010000B6010000D1
:100D00005ECAFFFF0C000000100000000800000099
:100D100001000000B601000001000000B501000064
:100D200046C8FFFF140000000000000B1000000088
:100D30001400000009000000F450FDFF0100000055
:100D4000B501000002000000B4010000B301000082
:100D500076C8FFFF1400000000000015100000001E
:100D600014000000070000002451FDFF01000000F6
:100D7000B401000002000000B0010000A501000065
:100D8000A6C8FFFF140000000000001510000000BE
:100D900014000000070000005451FDFF0100000096
:100DA000B301000002000000AF010000B20100002A
:100DB0000ECBFFFF0C000000100000000800000038
:100DC00001000000B201000001000000AD010000C0
:100DD0002ECBFFFF0C0000001000000006000000FA
:100DE00001000000B101000001000000AE010000A0
:100DF0004ECBFFFF0C0000001000000006000000BA
:100E000001000000B001000001000000AC01000082
:100E10006ECBFFFF0C000000100000000600000079
:100E200001000000AF01000001000000AB01000064
:100E300056C9FFFF1400000000000023140000004A
:100E40002400000005000000EECAFFFF04000000BF
:100E500004000000AB010000AC010000AD01000087
:100E6000AE0100000200000003000000AA01000023
:100E700096C9FFFF140000000000000B10000000E6
:100E800014000000090000004452FDFF01000000B2
:100E9000AA01000002000000A90100000D000000EE
:100EA000C6C9FFFF140000000000000B1000000086
:100EB00014000000090000007452FDFF0100000052
:100EC000A9010000020000007C000000A801000051
:100ED000F6C9FFFF14000000000000081000000029
:100EE0001400000004000000A452FDFF01000000F7
:100EF000A801000003000000A70100000A00000094
:100F0000FFFFFFFF2ACAFFFF1400000000000015CA
:100F1000100000001400000007000000D852FDFF80
:100F200001000000A701000002000000A101000074
:100F3000A601000092CCFFFF0C0000001000000092
:100F40000800000001000000A601000001000000F0
:100F5000A50100007ACAFFFF140000000000000B8A
:100F60001000000014000000090000002853FDFFDD
:100F700001000000A501000002000000A401000023
:100F8000A3010000AACAFFFF140000000000001522
:100F90001000000014000000070000005853FDFF7F
:100FA00001000000A401000002000000A0010000F8
:100FB00095010000DACAFFFF1400000000000015D0
:100FC0001000000014000000070000008853FDFF1F
:100FD00001000000A3010000020000009F010000CA
:100FE000A201000042CDFFFF0C0000001000000035
:100FF0000800000001000000A20100000100000044
:101000009D01000062CDFFFF0C00000010000000F9
:101010000600000001000000A10100000100000026
:101020009E01000082CDFFFF0C00000010000000B8
:101030000600000001000000A00100000100000007
:101040009C010000A2CDFFFF0C000000100000007A
:1010500006000000010000009F01000001000000E8
:101060009B0100008ACBFFFF14000000000000235A
:1010700014000000240000000500000022CDFFFF46
:1010800004000000040000009B0100009C0100001F
:101090009D0100009E01000002000000030000000E
:1010A0009A010000CACBFFFF140000000000000BF3
:1010B0001000000014000000090000007854FDFF3B
:1010C000010000009A0100000200000099010000E8
:1010D0000D000000FACBFFFF140000000000000B21
:1010E000100000001400000009000000A854FDFFDB
:1010F0000100000099010000020000007B000000D8
:10110000980100002ACCFFFF140000000000000836
:10111000100000001400000004000000D854FDFF7F
:10112000010000009801000003000000970100008A
:101130000A000000FFFFFFFF5ECCFFFF140000006D
:10114000000000151000000014000000070000005F
:101150000C55FDFF01000000970100000200000097
:101160009101000096010000C6CEFFFF0C000000B8
:1011700010000000080000000100000096010000BF
:101180000100000095010000AECCFFFF140000003C
:101190000000000B10000000140000000900000017
:1011A0005C55FDFF010000009501000002000000F9
:1011B0009401000093010000DECCFFFF140000004A
:1011C00000000015100000001400000007000000DF
:1011D0008C55FDFF0100000094010000020000009A
:1011E00090010000850100000ECDFFFF14000000FB
:1011F00000000015100000001400000007000000AF
:10120000BC55FDFF0100000093010000020000003A
:101210008F0100009201000076CFFFFF0C0000005C
:101220001000000008000000010000009201000012
:10123000010000008D01000096CFFFFF0C000000B0
:1012400010000000060000000100000091010000F5
:10125000010000008E010000B6CFFFFF0C0000006F
:1012600010000000060000000100000090010000D6
:10127000010000008C010000D6CFFFFF0C00000031
:101280001000000006000000010000008F010000B7
:10129000010000008B010000BECDFFFF1400000024
:1012A00000000023140000002400000005000000DE
:1012B00056CFFFFF04000000040000008B01000077
:1012C0008C0100008D0100008E0100000200000072
:1012D000030000008A010000FECDFFFF14000000A3
:1012E0000000000B100000001400000009000000C6
:1012F000AC56FDFF010000008A0100000200000062
:10130000890100000D0000002ECEFFFF1400000038
:101310000000000B10000000140000000900000095
:10132000DC56FDFF01000000890100000200000002
:1013300069000000880100005ECEFFFF140000007D
:10134000000000081000000014000000040000006D
:101350000C57FDFF010000008801000003000000A1
:10136000870100000A000000FFFFFFFF92CEFFFF91
:101370001400000000000015100000001400000020
:10138000070000004057FDFF01000000870100003A
:10139000020000008101000086010000FAD0FFFF7A
:1013A0000C00000010000000080000000100000018
:1013B000860100000100000085010000E2CEFFFF71
:1013C000140000000000000B1000000014000000DA
:1013D000090000009057FDFF01000000850100009A
:1013E00002000000840100008301000012CFFFFF13
:1013F00014000000000000151000000014000000A0
:1014000007000000C057FDFF01000000840100003C
:1014100002000000800100007501000042CFFFFFC4
:10142000140000000000001510000000140000006F
:1014300007000000F057FDFF0100000083010000DD
:10144000020000007F01000082010000AAD1FFFF1E
:101450000C00000010000000080000000100000067
:1014600082010000010000007D010000CAD1FFFFE1
:101470000C00000010000000060000000100000049
:1014800081010000010000007E010000EAD1FFFFA1
:101490000C00000010000000060000000100000029
:1014A00080010000010000007C0100000AD2FFFF63
:1014B0000C00000010000000060000000100000009
:1014C0007F010000010000007B010000F2CFFFFF60
:1014D000140000000000002314000000240000009D
:1014E000050000008AD1FFFF040000000400000096
:1014F0007B0100007C0100007D0100007E010000F6
:1015000002000000030000007A01000032D0FFFF5B
:10151000140000000000000B100000001400000088
:1015200009000000E058FDFF010000007A01000002
:1015300002000000790100000D00000062D0FFFFF2
:10154000140000000000000B100000001400000058
:10155000090000001059FDFF0100000079010000A2
:1015600002000000680000007801000092D0FFFF38
:10157000140000000000000810000000140000002B
:10158000040000004059FDFF010000007801000048
:1015900003000000770100000A000000FFFFFFFFCA
:1015A000C6D0FFFF1400000000000015100000006E
:1015B00014000000070000007459FDFF0100000046
:1015C00077010000020000007101000076010000B8
:1015D0002ED3FFFF0C0000001000000008000000E8
:1015E000010000007601000001000000750100000C
:1015F00016D1FFFF140000000000000B10000000D7
:101600001400000009000000C459FDFF01000000A3
:101610007501000002000000740100007301000069
:1016200046D1FFFF1400000000000015100000006C
:101630001400000007000000F459FDFF0100000045
:10164000740100000200000070010000650100004C
:1016500076D1FFFF1400000000000015100000000C
:101660001400000007000000245AFDFF01000000E4
:1016700073010000020000006F0100007201000011
:10168000DED3FFFF0C000000100000000800000087
:101690000100000072010000010000006D01000067
:1016A000FED3FFFF0C000000100000000600000049
:1016B0000100000071010000010000006E01000047
:1016C0001ED4FFFF0C000000100000000600000008
:1016D0000100000070010000010000006C0100002A
:1016E0003ED4FFFF0C0000001000000006000000C8
:1016F000010000006F010000010000006B0100000C
:1017000026D2FFFF14000000000000231400000098
:101710002400000005000000BED3FFFF040000000D
:10172000040000006B0100006C0100006D0100006E
:101730006E01000002000000030000006A010000CA
:1017400066D2FFFF140000000000000B1000000034
:101750001400000009000000145BFDFF0100000000
:101760006A01000002000000690100000D00000095
:1017700096D2FFFF140000000000000B10000000D4
:101780001400000009000000445BFDFF01000000A0
:10179000690100000200000067000000680100000D
:1017A000C6D2FFFF14000000000000081000000077
:1017B0001400000004000000745BFDFF0100000045
:1017C0006801000003000000670100000A0000003B
:1017D000FFFFFFFFFAD2FFFF14000000000000151A
:1017E000100000001400000007000000A85BFDFFCF
:1017F000010000006701000002000000610100001C
:101800006601000062D5FFFF0C0000001000000020
:101810000800000001000000660100000100000057
:10182000650100004AD3FFFF140000000000000B18
:10183000100000001400000009000000F85BFDFF2C
:1018400001000000650100000200000064010000CA
:10185000630100007AD3FFFF1400000000000015B0
:10186000100000001400000007000000285CFDFFCD
:10187000010000006401000002000000600100009F
:1018800055010000AAD3FFFF14000000000000155E
:10189000100000001400000007000000585CFDFF6D
:1018A0000100000063010000020000005F01000071
:1018B0006201000012D6FFFF0C00000010000000C3
:1018C00008000000010000006201000001000000AB
:1018D0005D01000032D6FFFF0C0000001000000088
:1018E000060000000100000061010000010000008E
:1018F0005E01000052D6FFFF0C0000001000000047
:10190000060000000100000060010000010000006E
:101910005C01000072D6FFFF0C0000001000000008
:1019200006000000010000005F010000010000004F
:101930005B0100005AD4FFFF1400000000000023E8
:10194000140000002400000005000000F2D5FFFF95
:1019500004000000040000005B0100005C010000C6
:101960005D0100005E0100000200000003000000B5
:101970005A0100009AD4FFFF140000000000000B81
:10198000100000001400000009000000485DFDFF89
:10199000010000005A01000002000000590100008F
:1019A0000D000000CAD4FFFF140000000000000B6F
:1019B000100000001400000009000000785DFDFF29
:1019C0000100000059010000020000006600000054
:1019D00058010000FAD4FFFF1400000000000008C6
:1019E000100000001400000004000000A85DFDFFCE
:1019F0000100000058010000030000005701000032
:101A00000A000000FFFFFFFF2ED5FFFF14000000BB
:101A10000000001510000000140000000700000086
:101A2000DC5DFDFF01000000570100000200000026
:101A3000510100005601000096D7FFFF0C00000086
:101A40001000000008000000010000005601000026
:101A500001000000550100007ED5FFFF14000000CA
:101A60000000000B1000000014000000090000003E
:101A70002C5EFDFF01000000550100000200000087
:101A80005401000053010000AED5FFFF1400000018
:101A90000000001510000000140000000700000006
:101AA0005C5EFDFF01000000540100000200000028
:101AB0005001000045010000DED5FFFF14000000CA
:101AC00000000015100000001400000007000000D6
:101AD0008C5EFDFF010000005301000002000000C9
:101AE0004F0100005201000046D8FFFF0C0000002B
:101AF000100000000800000001000000520100007A
:101B0000010000004D01000066D8FFFF0C0000003E
:101B1000100000000600000001000000510100005C
:101B2000010000004E01000086D8FFFF0C000000FD
:101B3000100000000600000001000000500100003D
:101B4000010000004C010000A6D8FFFF0C000000BF
:101B50001000000006000000010000004F0100001E
:101B6000010000004B0100008ED6FFFF14000000B2
:101B70000000002314000000240000000500000005
:101B800026D8FFFF04000000040000004B01000005
:101B90004C0100004D0100004E0100000200000059
:101BA000030000004A010000CED6FFFF1400000031
:101BB0000000000B100000001400000009000000ED
:101BC0007C5FFDFF010000004A01000002000000F0
:101BD000490100000D000000FED6FFFF14000000C8
:101BE0000000000B100000001400000009000000BD
:101BF000AC5FFDFF01000000490100000200000091
:101C000065000000480100002ED7FFFF140000000F
:101C10000000000810000000140000000400000094
:101C2000DC5FFDFF01000000480100000300000030
:101C3000470100000A000000FFFFFFFF62D7FFFF1F
:101C40001400000000000015100000001400000047
:101C5000070000001060FDFF0100000047010000C8
:101C6000020000004101000046010000CAD9FFFF48
:101C70000C0000001000000008000000010000003F
:101C8000460100000100000045010000B2D7FFFF3F
:101C9000140000000000000B100000001400000001
:101CA000090000006060FDFF010000004501000028
:101CB000020000004401000043010000E2D7FFFFE2
:101CC00014000000000000151000000014000000C7
:101CD000070000009060FDFF0100000044010000CB
:101CE00002000000400100003501000012D8FFFF93
:101CF0001400000000000015100000001400000097
:101D000007000000C060FDFF01000000430100006B
:101D1000020000003F010000420100007ADAFFFFEC
:101D20000C0000001000000008000000010000008E
:101D300042010000010000003D0100009ADAFFFFAF
:101D40000C00000010000000060000000100000070
:101D500041010000010000003E010000BADAFFFF6F
:101D60000C00000010000000060000000100000050
:101D700040010000010000003C010000DADAFFFF32
:101D80000C00000010000000060000000100000030
:101D90003F010000010000003B010000C2D8FFFF2E
:101DA00014000000000000231400000024000000C4
:101DB000050000005ADAFFFF0400000004000000E4
:101DC0003B0100003C0100003D0100003E0100001D
:101DD00002000000030000003A01000002D9FFFFEA
:101DE000140000000000000B1000000014000000B0
:101DF00009000000B061FDFF010000003A01000091
:101E000002000000390100000D00000032D9FFFF80
:101E1000140000000000000B10000000140000007F
:101E200009000000E061FDFF010000003901000031
:101E300002000000640000003801000062D9FFFFCA
:101E40001400000000000008100000001400000052
:101E5000040000001062FDFF0100000038010000D6
:101E600003000000370100000A000000FFFFFFFF31
:101E700096D9FFFF140000000000001510000000BC
:101E800014000000070000004462FDFF0100000094
:101E9000370100000200000031010000360100009F
:101EA000FEDBFFFF0C000000100000000800000037
:101EB00001000000360100000100000035010000B3
:101EC000E6D9FFFF140000000000000B1000000026
:101ED00014000000090000009462FDFF01000000F2
:101EE0003501000002000000340100003301000051
:101EF00016DAFFFF140000000000001510000000BB
:101F00001400000007000000C462FDFF0100000093
:101F10003401000002000000300100002501000033
:101F200046DAFFFF1400000000000015100000005A
:101F30001400000007000000F462FDFF0100000033
:101F400033010000020000002F01000032010000F8
:101F5000AEDCFFFF0C0000001000000008000000D5
:101F60000100000032010000010000002D0100000E
:101F7000CEDCFFFF0C000000100000000600000097
:101F80000100000031010000010000002E010000EE
:101F9000EEDCFFFF0C000000100000000600000057
:101FA0000100000030010000010000002C010000D1
:101FB0000EDDFFFF0C000000100000000600000016
:101FC000010000002F010000010000002B010000B3
:101FD000F6DAFFFF140000000000002314000000E8
:101FE00024000000050000008EDCFFFF040000005C
:101FF000040000002B0100002C0100002D01000056
:102000002E01000002000000030000002A01000071
:1020100036DBFFFF140000000000000B1000000082
:102020001400000009000000E463FDFF010000004F
:102030002A01000002000000290100000D0000003C
:1020400066DBFFFF140000000000000B1000000022
:1020500014000000090000001464FDFF01000000EE
:1020600029010000020000006300000028010000B8
:1020700096DBFFFF140000000000000810000000C5
:1020800014000000040000004464FDFF0100000093
:102090002801000003000000270100000A000000E2
:1020A000FFFFFFFFCADBFFFF140000000000001568
:1020B0001000000014000000070000007864FDFF1D
:1020C00001000000270100000200000021010000C3
:1020D0002601000032DEFFFF0C00000010000000AF
:1020E00008000000010000002601000001000000BF
:1020F000250100001ADCFFFF140000000000000BA7
:10210000100000001400000009000000C864FDFF7A
:102110000100000025010000020000002401000071
:10212000230100004ADCFFFF14000000000000153E
:10213000100000001400000007000000F864FDFF1C
:102140000100000024010000020000002001000046
:10215000150100007ADCFFFF1400000000000015EC
:102160001000000014000000070000002865FDFFBB
:102170000100000023010000020000001F01000018
:1021800022010000E2DEFFFF0C0000001000000052
:102190000800000001000000220100000100000012
:1021A0001D01000002DFFFFF0C0000001000000016
:1021B00006000000010000002101000001000000F5
:1021C0001E01000022DFFFFF0C00000010000000D5
:1021D00006000000010000002001000001000000D6
:1021E0001C01000042DFFFFF0C0000001000000097
:1021F00006000000010000001F01000001000000B7
:102200001B0100002ADDFFFF140000000000002376
:10221000140000002400000005000000C2DEFFFFE3
:1022200004000000040000001B0100001C0100006D
:102230001D0100001E01000002000000030000005C
:102240001A0100006ADDFFFF140000000000000B0F
:102250001000000014000000090000001866FDFFD7
:10226000010000001A010000020000001901000036
:102270000D0000009ADDFFFF140000000000000BBD
:102280001000000014000000090000004866FDFF77
:1022900001000000190100000200000062000000BF
:1022A00018010000CADDFFFF140000000000000854
:1022B0001000000014000000040000007866FDFF1C
:1022C00001000000180100000300000017010000D9
:1022D0000A000000FFFFFFFFFEDDFFFF140000000B
:1022E00000000015100000001400000007000000AE
:1022F000AC66FDFF010000001701000002000000B5
:10230000110100001601000066E0FFFF0C00000054
:10231000100000000800000001000000160100008D
:1023200001000000150100004EDEFFFF1400000058
:102330000000000B10000000140000000900000065
:10234000FC66FDFF01000000150100000200000016
:1023500014010000130100007EDEFFFF14000000E6
:10236000000000151000000014000000070000002D
:102370002C67FDFF010000001401000002000000B6
:102380001001000005010000AEDEFFFF1400000098
:1023900000000015100000001400000007000000FD
:1023A0005C67FDFF01000000130100000200000057
:1023B0000F0100001201000016E1FFFF0C000000F9
:1023C00010000000080000000100000012010000E1
:1023D000010000000D01000036E1FFFF0C000000CD
:1023E00010000000060000000100000011010000C4
:1023F000010000000E01000056E1FFFF0C0000008C
:1024000010000000060000000100000010010000A4
:10241000010000000C01000076E1FFFF0C0000004D
:102420001000000006000000010000000F01000085
:10243000010000000B0100005EDFFFFF1400000040
:10244000000000231400000024000000050000002C
:10245000F6E0FFFF04000000040000000B01000094
:102460000C0100000D0100000E0100000200000040
:10247000030000000A0100009EDFFFFF14000000BF
:102480000000000B10000000140000000900000014
:102490004C68FDFF010000000A010000020000007E
:1024A000090100000D000000CEDFFFFF1400000056
:1024B0000000000B100000001400000009000000E4
:1024C0007C68FDFF0100000009010000020000001F
:1024D0006100000008010000FEDFFFFF14000000A3
:1024E00000000008100000001400000004000000BC
:1024F000AC68FDFF010000000801000003000000BF
:10250000070100000A000000FFFFFFFF32E0FFFFAD
:10251000140000000000001510000000140000006E
:1025200007000000E068FDFF010000000701000057
:102530000200000001010000060100009AE2FFFF16
:102540000C00000010000000080000000100000066
:1025500006010000010000000501000082E0FFFF0D
:10256000140000000000000B100000001400000028
:10257000090000003069FDFF0100000005010000B6
:10258000020000000401000003010000B2E0FFFFB0
:1025900014000000000000151000000014000000EE
:1025A000070000006069FDFF010000000401000059
:1025B0000200000000010000F5000000E2E0FFFF63
:1025C00014000000000000151000000014000000BE
:1025D000070000009069FDFF0100000003010000FA
:1025E00002000000FF000000020100004AE3FFFFBC
:1025F0000C000000100000000800000001000000B6
:102600000201000001000000FD0000006AE3FFFF7E
:102610000C00000010000000060000000100000097
:102620000101000001000000FE0000008AE3FFFF3E
:102630000C00000010000000060000000100000077
:102640000001000001000000FC000000AAE3FFFF01
:102650000C00000010000000060000000100000057
:10266000FF00000001000000FB00000092E1FFFFFE
:1026700014000000000000231400000024000000EB
:10268000050000002AE3FFFF040000000400000032
:10269000FB000000FC000000FD000000FE00000048
:1026A0000200000003000000FA000000D2E1FFFF7A
:1026B000140000000000000B1000000014000000D7
:1026C00009000000806AFDFF01000000FA00000020
:1026D00002000000F90000000D00000002E2FFFF10
:1026E000140000000000000B1000000014000000A7
:1026F00009000000B06AFDFF01000000F9000000C1
:102700000200000060000000F800000032E2FFFF5D
:102710001400000000000008100000001400000079
:1027200004000000E06AFDFF01000000F800000066
:1027300003000000F70000000A000000FFFFFFFF99
:1027400066E2FFFF1400000000000015100000000A
:102750001400000007000000146BFDFF01000000E2
:10276000F700000002000000F1000000F600000089
:10277000CEE4FFFF0C000000100000000800000085
:1027800001000000F600000001000000F50000005C
:10279000B6E2FFFF140000000000000B1000000074
:1027A0001400000009000000646BFDFF0100000040
:1027B000F500000002000000F4000000F30000003B
:1027C000E6E2FFFF1400000000000015100000000A
:1027D0001400000007000000946BFDFF01000000E2
:1027E000F400000002000000F0000000E50000001E
:1027F00016E3FFFF140000000000001510000000A9
:102800001400000007000000C46BFDFF0100000081
:10281000F300000002000000EF000000F2000000E2
:102820007EE5FFFF0C000000100000000800000023
:1028300001000000F200000001000000ED000000B7
:102840009EE5FFFF0C0000001000000006000000E5
:1028500001000000F100000001000000EE00000097
:10286000BEE5FFFF0C0000001000000006000000A5
:1028700001000000F000000001000000EC0000007A
:10288000DEE5FFFF0C000000100000000600000065
:1028900001000000EF00000001000000EB0000005C
:1028A000C6E3FFFF14000000000000231400000036
:1028B00024000000050000005EE5FFFF04000000AA
:1028C00004000000EB000000EC000000ED00000040
:1028D000EE0000000200000003000000EA0000001B
:1028E00006E4FFFF140000000000000B10000000D1
:1028F0001400000009000000B46CFDFF010000009E
:10290000EA00000002000000E90000000D000000E5
:1029100036E4FFFF140000000000000B1000000070
:102920001400000009000000E46CFDFF010000003D
:10293000E9000000020000004E000000E800000076
:1029400066E4FFFF14000000000000081000000013
:102950001400000004000000146DFDFF01000000E1
:10296000E800000003000000E70000000A0000008B
:10297000FFFFFFFF9AE4FFFF1400000000000015B6
:10298000100000001400000007000000486DFDFF6B
:1029900001000000E700000002000000E10000006C
:1029A000E600000002E7FFFF0C000000100000003E
:1029B0000800000001000000E60000000100000027
:1029C000E5000000EAE4FFFF140000000000000B37
:1029D000100000001400000009000000986DFDFFC9
:1029E00001000000E500000002000000E40000001B
:1029F000E30000001AE5FFFF1400000000000015CE
:102A0000100000001400000007000000C86DFDFF6A
:102A100001000000E400000002000000E0000000EF
:102A2000D50000004AE5FFFF14000000000000157B
:102A3000100000001400000007000000F86DFDFF0A
:102A400001000000E300000002000000DF000000C1
:102A5000E2000000B2E7FFFF0C00000010000000E1
:102A60000800000001000000E2000000010000007A
:102A7000DD000000D2E7FFFF0C00000010000000A6
:102A80000600000001000000E1000000010000005D
:102A9000DE000000F2E7FFFF0C0000001000000065
:102AA0000600000001000000E0000000010000003E
:102AB000DC00000012E8FFFF0C0000001000000026
:102AC0000600000001000000DF000000010000001F
:102AD000DB000000FAE5FFFF140000000000002307
:102AE00014000000240000000500000092E7FFFF32
:102AF0000400000004000000DB000000DC00000017
:102B0000DD000000DE000000020000000300000005
:102B1000DA0000003AE6FFFF140000000000000B9E
:102B2000100000001400000009000000E86EFDFF26
:102B300001000000DA00000002000000D9000000DF
:102B40000D0000006AE6FFFF140000000000000B0B
:102B5000100000001400000009000000186FFDFFC5
:102B600001000000D9000000020000004D0000003C
:102B7000D80000009AE6FFFF1400000000000008E3
:102B8000100000001400000004000000486FFDFF6A
:102B900001000000D800000003000000D700000082
:102BA0000A000000FFFFFFFFCEE6FFFF1400000059
:102BB00000000015100000001400000007000000D5
:102BC0007C6FFDFF01000000D70000000200000044
:102BD000D1000000D600000036E9FFFF0C00000025
:102BE000100000000800000001000000D6000000F6
:102BF00001000000D50000001EE7FFFF14000000E8
:102C00000000000B1000000014000000090000008C
:102C1000CC6FFDFF01000000D500000002000000A5
:102C2000D4000000D30000004EE7FFFF14000000B6
:102C30000000001510000000140000000700000054
:102C4000FC6FFDFF01000000D40000000200000046
:102C5000D0000000C50000007EE7FFFF1400000068
:102C60000000001510000000140000000700000024
:102C70002C70FDFF01000000D300000002000000E6
:102C8000CF000000D2000000E6E9FFFF0C000000CA
:102C9000100000000800000001000000D200000049
:102CA00001000000CD00000006EAFFFF0C0000005C
:102CB000100000000600000001000000D10000002C
:102CC00001000000CE00000026EAFFFF0C0000001B
:102CD000100000000600000001000000D00000000D
:102CE00001000000CC00000046EAFFFF0C000000DD
:102CF000100000000600000001000000CF000000EE
:102D000001000000CB0000002EE8FFFF14000000CF
:102D10000000002314000000240000000500000053
:102D2000C6E9FFFF0400000004000000CB00000023
:102D3000CC000000CD000000CE000000020000002A
:102D400003000000CA0000006EE8FFFF140000004E
:102D50000000000B1000000014000000090000003B
:102D60001C71FDFF01000000CA000000020000000D
:102D7000C90000000D0000009EE8FFFF14000000E5
:102D80000000000B1000000014000000090000000B
:102D90004C71FDFF01000000C900000002000000AE
:102DA0004C000000C8000000CEE8FFFF1400000047
:102DB00000000008100000001400000004000000E3
:102DC0007C71FDFF01000000C8000000030000004E
:102DD000C70000000A000000FFFFFFFF02E9FFFF3D
:102DE0001400000000000015100000001400000096
:102DF00007000000B071FDFF01000000C7000000E7
:102E000002000000C1000000C60000006AEBFFFFE6
:102E10000C0000001000000008000000010000008D
:102E2000C600000001000000C500000052E9FFFFDD
:102E3000140000000000000B10000000140000004F
:102E4000090000000072FDFF01000000C500000045
:102E500002000000C4000000C300000082E9FFFF80
:102E60001400000000000015100000001400000015
:102E7000070000003072FDFF01000000C4000000E8
:102E800002000000C0000000B5000000B2E9FFFF32
:102E900014000000000000151000000014000000E5
:102EA000070000006072FDFF01000000C300000089
:102EB00002000000BF000000C20000001AECFFFF8B
:102EC0000C000000100000000800000001000000DD
:102ED000C200000001000000BD0000003AECFFFF4E
:102EE0000C000000100000000600000001000000BF
:102EF000C100000001000000BE0000005AECFFFF0E
:102F00000C0000001000000006000000010000009E
:102F1000C000000001000000BC0000007AECFFFFD0
:102F20000C0000001000000006000000010000007E
:102F3000BF00000001000000BB00000062EAFFFFCC
:102F40001400000000000023140000002400000012
:102F500005000000FAEBFFFF040000000400000081
:102F6000BB000000BC000000BD000000BE0000006F
:102F70000200000003000000BA000000A2EAFFFF08
:102F8000140000000000000B1000000014000000FE
:102F9000090000005073FDFF01000000BA000000AE
:102FA00002000000B90000000D000000D2EAFFFF9F
:102FB000140000000000000B1000000014000000CE
:102FC000090000008073FDFF01000000B90000004F
:102FD000020000004B000000B800000002EBFFFF01
:102FE00014000000000000081000000014000000A1
:102FF00004000000B073FDFF01000000B8000000F5
:1030000003000000B70000000A000000FFFFFFFF00
:1030100036EBFFFF14000000000000151000000058
:103020001400000007000000E473FDFF0100000031
:10303000B700000002000000B1000000B600000070
:103040009EEDFFFF0C0000001000000008000000D3
:1030500001000000B600000001000000B500000003
:1030600086EBFFFF140000000000000B10000000C2
:1030700014000000090000003474FDFF010000008E
:10308000B500000002000000B4000000B300000022
:10309000B6EBFFFF14000000000000151000000058
:1030A00014000000070000006474FDFF0100000030
:1030B000B400000002000000B0000000A500000005
:1030C000E6EBFFFF140000000000001510000000F8
:1030D00014000000070000009474FDFF01000000D0
:1030E000B300000002000000AF000000B2000000CA
:1030F0004EEEFFFF0C000000100000000800000072
:1031000001000000B200000001000000AD0000005E
:103110006EEEFFFF0C000000100000000600000033
:1031200001000000B100000001000000AE0000003E
:103130008EEEFFFF0C0000001000000006000000F3
:1031400001000000B000000001000000AC00000021
:10315000AEEEFFFF0C0000001000000006000000B3
:1031600001000000AF00000001000000AB00000003
:1031700096ECFFFF14000000000000231400000084
:1031800024000000050000002EEEFFFF04000000F8
:1031900004000000AB000000AC000000AD00000027
:1031A000AE0000000200000003000000AA000000C2
:1031B000D6ECFFFF140000000000000B1000000020
:1031C00014000000090000008475FDFF01000000EC
:1031D000AA00000002000000A90000000D0000008D
:1031E00006EDFFFF140000000000000B10000000BF
:1031F0001400000009000000B475FDFF010000008C
:10320000A9000000020000004A000000A800000021
:1032100036EDFFFF14000000000000081000000061
:103220001400000004000000E475FDFF0100000030
:10323000A800000003000000A70000000A00000032
:10324000FFFFFFFF6AEDFFFF140000000000001504
:103250001000000014000000070000001876FDFFB9
:1032600001000000A700000002000000A200000012
:10327000A6000000D2EFFFFF0C00000010000000CD
:103280000800000001000000A6000000010000008E
:10329000A5000000BAEDFFFF140000000000000BC5
:1032A0001000000014000000090000006876FDFF17
:1032B00001000000A500000002000000A1000000C5
:1032C000A4000000EAEDFFFF14000000000000155C
:1032D0001000000014000000070000009876FDFFB9
:1032E00001000000A4000000020000009F00000098
:1032F000A300000052F0FFFF0C00000010000000CF
:103300000800000001000000A30000000100000010
:103310009D00000072F0FFFF0C0000001000000094
:103320000600000001000000A200000001000000F3
:103330009E0000005AEEFFFF140000000000001580
:103340001000000014000000070000000877FDFFD7
:1033500001000000A100000002000000A000000029
:1033600092000000C2F0FFFF0C00000010000000FF
:103370000600000001000000A000000001000000A5
:103380009C000000E2F0FFFF0C00000010000000B5
:1033900006000000010000009F0000000100000086
:1033A0009B000000CAEEFFFF140000000000002395
:1033B00014000000240000000500000062F0FFFF80
:1033C00004000000040000009B0000009C000000BE
:1033D0009D0000009E0000000200000003000000AD
:1033E0009A0000000AEFFFFF140000000000000B2D
:1033F000100000001400000009000000B877FDFF75
:10340000010000009A000000020000009900000086
:103410000D0000003AEFFFFF140000000000000B59
:10342000100000001400000009000000E877FDFF14
:103430000100000099000000020000009800000058
:10344000950000006AEFFFFF140000000000000874
:103450001000000014000000040000001878FDFFB8
:103460000100000098000000030000001F000000A1
:103470000E000000FFFFFFFF9EEFFFFF14000000A3
:10348000000000081000000014000000040000000C
:103490004C78FDFF010000009700000003000000D1
:1034A0003A0000000E000000FFFFFFFFD2EFFFFF19
:1034B00014000000000000081000000014000000CC
:1034C000040000008078FDFF01000000960000006D
:1034D00003000000390000000E000000FFFFFFFFA6
:1034E00006F0FFFF140000000000000810000000BC
:1034F0001400000004000000B478FDFF010000008B
:103500009500000003000000940000000A00000085
:10351000FFFFFFFF3AF0FFFF14000000000000155E
:10352000100000001400000007000000E878FDFF14
:103530000100000094000000020000008E00000066
:1035400093000000A2F2FFFF0C000000100000003A
:1035500008000000010000009300000001000000CE
:10356000920000008AF0FFFF140000000000000B32
:103570001000000014000000090000003879FDFF71
:103580000100000092000000020000008D00000019
:1035900091000000BAF0FFFF1400000000000015C9
:1035A0001000000014000000070000006879FDFF13
:1035B0000100000091000000020000008F000000E8
:1035C0009000000022F3FFFF0C000000100000003C
:1035D0000800000001000000900000000100000051
:1035E0008A00000042F3FFFF0C0000001000000002
:1035F00006000000010000008F0000000100000034
:103600008800000062F3FFFF0C00000010000000C3
:1036100006000000010000008E0000000100000014
:103620008B0000004AF1FFFF1400000000000015AD
:10363000100000001400000007000000F879FDFFF2
:10364000010000008D000000020000008C0000005E
:1036500077000000B2F3FFFF0C0000001000000034
:1036600006000000010000008C00000001000000C6
:10367000890000009AF1FFFF140000000000002301
:1036800014000000240000000500000032F3FFFFDA
:103690000400000004000000880000008900000011
:1036A0008A0000008B000000020000000300000000
:1036B00087000000DAF1FFFF140000000000000B9B
:1036C000100000001400000009000000887AFDFFCF
:1036D00001000000870000000200000086000000DA
:1036E0000D0000000AF2FFFF140000000000000BB4
:1036F000100000001400000009000000B87AFDFF6F
:1037000001000000860000000200000085000000AB
:103710007A0000003AF2FFFF1400000000000008E9
:10372000100000001400000004000000E87AFDFF13
:103730000100000085000000030000001E000000E2
:103740000E000000FFFFFFFF6EF2FFFF14000000FD
:103750000000000810000000140000000400000039
:103760001C7BFDFF0100000084000000030000003E
:10377000380000000E000000FFFFFFFFA2F2FFFF75
:1037800014000000000000081000000014000000F9
:1037900004000000507BFDFF0100000083000000DA
:1037A00003000000370000000E000000FFFFFFFFD5
:1037B000D6F2FFFF14000000000000081000000017
:1037C0001400000004000000847BFDFF01000000E5
:1037D0008200000003000000360000000E00000020
:1037E000FFFFFFFF0AF3FFFF1400000000000008C6
:1037F000100000001400000004000000B87BFDFF72
:1038000001000000810000000300000035000000FE
:103810000E000000FFFFFFFF3EF3FFFF140000005B
:103820000000000810000000140000000400000068
:10383000EC7BFDFF010000008000000003000000A1
:10384000340000000E000000FFFFFFFF72F3FFFFD7
:103850001400000000000008100000001400000028
:1038600004000000207CFDFF010000007F0000003C
:1038700003000000330000000E000000FFFFFFFF08
:10388000A6F3FFFF14000000000000081000000075
:103890001400000004000000547CFDFF0100000043
:1038A0007E00000003000000320000000E00000057
:1038B000FFFFFFFFDAF3FFFF140000000000000825
:1038C000100000001400000004000000887CFDFFD0
:1038D000010000007D000000030000003100000036
:1038E0000E000000FFFFFFFF0EF4FFFF14000000BA
:1038F0000000000810000000140000000400000098
:10390000BC7CFDFF010000007C0000000300000003
:10391000300000000E000000FFFFFFFF42F4FFFF39
:103920001400000000000008100000001400000057
:1039300004000000F07CFDFF010000007B0000009F
:10394000030000002F0000000E000000FFFFFFFF3B
:1039500076F4FFFF140000000000000810000000D3
:103960001400000004000000247DFDFF01000000A1
:103970007A00000003000000790000000A00000047
:10398000FFFFFFFFAAF4FFFF140000000000001576
:10399000100000001400000007000000587DFDFF2B
:1039A0000100000079000000020000007400000027
:1039B0007800000012F7FFFF0C000000100000006C
:1039C0000800000001000000780000000100000075
:1039D00077000000FAF4FFFF140000000000000B65
:1039E000100000001400000009000000A87DFDFF89
:1039F00001000000770000000200000073000000DA
:103A0000760000002AF5FFFF1400000000000015FA
:103A1000100000001400000007000000D87DFDFF2A
:103A200001000000760000000200000071000000AC
:103A30007500000092F7FFFF0C000000100000006E
:103A400008000000010000007500000001000000F7
:103A50006F000000B2F7FFFF0C0000001000000034
:103A600006000000010000007400000001000000DA
:103A7000700000009AF5FFFF140000000000001520
:103A8000100000001400000007000000487EFDFF49
:103A9000010000007300000002000000720000003E
:103AA0005C00000002F8FFFF0C00000010000000A6
:103AB000060000000100000072000000010000008C
:103AC0006E00000022F8FFFF0C0000001000000054
:103AD000060000000100000071000000010000006D
:103AE0006D0000000AF6FFFF140000000000002334
:103AF000140000002400000005000000A2F7FFFFF2
:103B000004000000040000006D0000006E000000D2
:103B10006F000000700000000200000003000000C1
:103B20006C0000004AF6FFFF140000000000000BCC
:103B3000100000001400000009000000F87EFDFFE6
:103B4000010000006C000000020000006B0000009B
:103B50000D0000007AF6FFFF140000000000000BCB
:103B6000100000001400000009000000287FFDFF85
:103B7000010000006B000000020000006A0000006D
:103B80005F000000AAF6FFFF14000000000000081C
:103B9000100000001400000004000000587FFDFF2A
:103BA000010000006A000000030000001D0000008A
:103BB0000E000000FFFFFFFFDEF6FFFF1400000015
:103BC00000000008100000001400000004000000C5
:103BD0008C7FFDFF01000000690000000300000071
:103BE0002E0000000E000000FFFFFFFF12F7FFFF96
:103BF0001400000000000008100000001400000085
:103C000004000000C07FFDFF01000000680000000C
:103C1000030000002D0000000E000000FFFFFFFF6A
:103C200046F7FFFF1400000000000008100000002D
:103C30001400000004000000F47FFDFF01000000FC
:103C400067000000030000002C0000000E000000D0
:103C5000FFFFFFFF7AF7FFFF1400000000000008DD
:103C60001000000014000000040000002880FDFF88
:103C70000100000066000000030000002B000000AF
:103C80000E000000FFFFFFFFAEF7FFFF1400000073
:103C900000000008100000001400000004000000F4
:103CA0005C80FDFF010000006500000003000000D3
:103CB0002A0000000E000000FFFFFFFFE2F7FFFFF9
:103CC00014000000000000081000000014000000B4
:103CD000040000009080FDFF01000000640000006F
:103CE00003000000290000000E000000FFFFFFFF9E
:103CF00016F8FFFF1400000000000008100000008C
:103D00001400000004000000C480FDFF010000005A
:103D10006300000003000000280000000E00000007
:103D2000FFFFFFFF4AF8FFFF14000000000000083B
:103D3000100000001400000004000000F880FDFFE7
:103D400001000000620000000300000027000000E6
:103D50000E000000FFFFFFFF7EF8FFFF14000000D1
:103D60000000000810000000140000000400000023
:103D70002C81FDFF01000000610000000300000035
:103D8000260000000E000000FFFFFFFFB2F8FFFF5B
:103D900014000000000000081000000014000000E3
:103DA000040000006081FDFF0100000060000000D1
:103DB00003000000250000000E000000FFFFFFFFD1
:103DC000E6F8FFFF140000000000000810000000EB
:103DD00014000000040000009481FDFF01000000B9
:103DE0005F000000030000005E0000000A00000009
:103DF000FFFFFFFF1AF9FFFF14000000000000158D
:103E0000100000001400000007000000C881FDFF42
:103E1000010000005E0000000200000059000000E8
:103E20005D00000082FBFFFF0C000000100000009E
:103E300008000000010000005D000000010000001B
:103E40005C0000006AF9FFFF140000000000000B96
:103E50001000000014000000090000001882FDFF9F
:103E6000010000005C00000002000000580000009B
:103E70005B0000009AF9FFFF14000000000000152D
:103E80001000000014000000070000004882FDFF41
:103E9000010000005B00000002000000560000006E
:103EA0005A00000002FCFFFF0C00000010000000A0
:103EB00008000000010000005A000000010000009E
:103EC0005400000022FCFFFF0C0000001000000066
:103ED0000600000001000000590000000100000081
:103EE000550000000AFAFFFF140000000000001552
:103EF000100000001400000007000000B882FDFF61
:103F000001000000580000000200000057000000FF
:103F10004600000072FCFFFF0C00000010000000D3
:103F20000600000001000000570000000100000032
:103F30005300000092FCFFFF0C0000001000000086
:103F40000600000001000000560000000100000013
:103F5000520000007AFAFFFF140000000000002366
:103F600014000000240000000500000012FCFFFF08
:103F70000400000004000000520000005300000094
:103F80005400000055000000020000000300000083
:103F900051000000BAFAFFFF140000000000000BFF
:103FA0001000000014000000090000006883FDFFFD
:103FB000010000005100000002000000500000005D
:103FC0000D000000EAFAFFFF140000000000000BE3
:103FD0001000000014000000090000009883FDFF9D
:103FE0000100000050000000020000004F0000002F
:103FF000490000001AFBFFFF140000000000000849
:10400000100000001400000004000000C883FDFF41
:10401000010000004F000000030000001C00000031
:104020000E000000FFFFFFFF4EFBFFFF140000002B
:104030000000000810000000140000000400000050
:10404000FC83FDFF010000004E00000003000000A3
:10405000240000000E000000FFFFFFFF82FBFFFFB7
:104060001400000000000008100000001400000010
:10407000040000003084FDFF010000004D0000003E
:1040800003000000230000000E000000FFFFFFFF00
:10409000B6FBFFFF14000000000000081000000045
:1040A00014000000040000006484FDFF0100000013
:1040B0004C00000003000000220000000E00000081
:1040C000FFFFFFFFEAFBFFFF1400000000000008F5
:1040D0001000000014000000040000009884FDFFA0
:1040E000010000004B000000030000002100000060
:1040F0000E000000FFFFFFFF1EFCFFFF140000008A
:10410000000000081000000014000000040000007F
:10411000CC84FDFF010000004A0000000300000005
:10412000200000000E000000FFFFFFFF52FCFFFF19
:10413000140000000000000810000000140000003F
:10414000040000000085FDFF0100000049000000A0
:1041500003000000480000000A000000FFFFFFFF0E
:1041600086FCFFFF14000000000000151000000096
:1041700014000000070000003485FDFF010000006E
:10418000480000000200000043000000470000005B
:10419000EEFEFFFF0C000000100000000800000011
:1041A0000100000047000000010000004600000080
:1041B000D6FCFFFF140000000000000B1000000000
:1041C00014000000090000008485FDFF01000000CC
:1041D0004600000002000000420000004500000010
:1041E00006FDFFFF14000000000000151000000095
:1041F0001400000007000000B485FDFF010000006E
:1042000045000000020000004000000044000000E3
:104210006EFFFFFF0C00000010000000080000000F
:104220000100000044000000010000003E0000000A
:104230008EFFFFFF0C0000001000000006000000D1
:104240000100000043000000010000003F000000EA
:1042500076FDFFFF140000000000001510000000B4
:1042600014000000070000002486FDFF010000008C
:104270004200000002000000410000000B000000AE
:10428000DEFFFFFF0C000000100000000600000031
:104290000100000041000000010000003D0000009E
:1042A00000000A0010000C00080004000A000000D2
:1042B0000C000000100000000600000001000000DB
:1042C00040000000010000003C000000F2FDFFFF84
:1042D000140000000000002314000000240000006F
:1042E000050000008AFFFFFF04000000040000003A
:1042F0003C0000003D0000003E0000003F000000C8
:1043000002000000030000003B00000032FEFFFF3F
:10431000140000000000000810000000140000005D
:1043200004000000E086FDFF010000003B000000EB
:10433000030000001B0000000E0000000C00000045
:1043400066FEFFFF1C000000000000401C00000093
:104350009C000000030000000000060008000400AC
:104360000600000020000000200000001B000000EC
:104370001C0000001D0000001E0000001F000000C7
:1043800020000000210000002200000023000000A7
:104390002400000025000000260000002700000087
:1043A00028000000290000002A0000002B00000067
:1043B0002C0000002D0000002E0000002F00000047
:1043C0003000000031000000320000003300000027
:1043D0003400000035000000360000003700000007
:1043E00038000000390000003A0000000100000021
:1043F0001A0000001AFFFFFF1C0000000000001B55
:104400001C00000020000000020000000000060068
:104410000800070006000000000000010100000085
:104420001A00000002000000190000000300000054
:10443000F6FEFFFF080000000C0000000100000075
:104440001900000002000000180000000200000037
:1044500076FFFFFF140000000000000120000000B4
:10446000240000000100000068FFFFFF00000001C1
:104470000100000001000000000000010100000038
:1044800018000000030000001700000010000000EA
:104490000F000000BAFFFFFF140000000000000141
:1044A000200000002400000001000000ACFFFFFF1E
:1044B00000000001010000000100000000000001F8
:1044C00001000000170000000300000016000000BB
:1044D000120000001100000000000E00180014007F
:1044E00010000C000B0004000E0000002000000073
:1044F000000000012C00000030000000010000005E
:104500000C00140013000C00080007000C00000051
:104510000000000101000000010000000000000197
:10452000010000001600000003000000150000005C
:10453000140000001300000000000A000C0000003E
:10454000080004000A000000080000000C00000041
:104550000100000015000000020000000000000043
:1045600001000000010000005C02000001000000EA
:10457000000000005D02000040770200AC760200FF
:1045800020760200B47502003C750200C874020077
:104590002C7402009873020004730200707202000F
:1045A000E471020068710200D470020040700200E1
:1045B000B46F0200E8690200EC640200E05F0200F0
:1045C000A45B020058570200DC530200385302007B
:1045D00054500200704D02008C4A0200E84702006D
:1045E000F4460200C84002009C3A02007034020007
:1045F000442E020018280200EC210200C01B020019
:1046000094150200680F02003C090200100302002A
:10461000E4FC0100B8F601008CF0010060EA010042
:1046200034E4010008DE0100DCD70100B0D1010054
:1046300084CB010058C501002CBF010000B9010066
:10464000D4B20100A8AC01007CA6010050A001007A
:10465000249A0100F8930100CC8D0100A08701008D
:1046600074810100B0800100847F0100587E010048
:104670002C7D0100007C0100747B0100E87A0100C0
:10468000647A0100D879010054790100C8780100EA
:104690003C780100B0770100247701009876010092
:1046A0000C76010080750100F4740100687401004B
:1046B000DC73010050730100C47201003872010004
:1046C00004710100D06F01009C6E0100686D010053
:1046D000DC6C0100506C0100C46B0100386B010000
:1046E000AC6A0100206A01009469010008690100B8
:1046F0007C680100F067010064670100D866010072
:104700004C660100C065010034650100A864010029
:104710001C640100906301000463010078620100E1
:10472000EC61010060610100D4600100A05F010044
:104730006C5E0100385D0100045C0100785B0100E3
:10474000EC5A0100605A0100D45901004859010097
:10475000BC58010030580100A4570100185701004F
:104760008C5601000056010074550100E854010008
:104770005C540100D053010044530100B8520100C1
:104780002C520100A0510100145101008850010079
:10479000FC4F0100704F01003C4E0100084D01002C
:1047A000D44B0100A04A0100144A010088490100CD
:1047B000FC48010070480100E4470100584701002F
:1047C000CC46010040460100B445010028450100E7
:1047D0009C4401001044010084430100F8420100A0
:1047E0006C4201003841010004400100D03E01004C
:1047F0009C3D0100103D0100843C0100F83B01009C
:104800006C3B0100E03A0100543A0100C839010054
:104810003C390100B038010024380100983701000C
:104820000C370100D8350100A434010070330100B9
:104830003C320100B0310100243101009830010008
:104840000C300100802F0100F42E0100682E0100C1
:10485000DC2D0100502D0100C42C0100382C01007A
:10486000AC2B0100782A0100442901001028010026
:10487000DC26010050260100C42501003825010076
:10488000AC2401002024010094230100082301002E
:104890007C220100F021010064210100D8200100E8
:1048A0004C200100181F0100E41D0100B01C010094
:1048B0007C1B0100F01A0100641A0100D8190100E4
:1048C0004C190100C018010034180100A81701009C
:1048D0001C17010090160100041601007815010054
:1048E000EC140100B8130100841201005011010002
:1048F0001C100100900F0100040F0100780E010050
:10490000EC0D0100600D0100D40C0100480C010009
:10491000BC0B0100300B0100A40A0100180A0100C1
:104920008C0901005808010024070100F00501006E
:10493000BC04010030040100A403010018030100BD
:104940008C0201000002010074010100E800010076
:104950005C000100D0FF000044FF0000B8FE000032
:104960002CFE0000F8FC0000C4FB000090FA0000E0
:104970005CF90000D0F8000044F80000B8F700002F
:104980002CF70000A0F6000014F6000088F50000E7
:10499000FCF4000070F40000E4F3000058F30000A1
:1049A000CCF2000098F100005CF0000020EF000065
:1049B000E4ED000058ED0000CCEC000040EC0000FD
:1049C000B4EB000028EB00009CEA000010EA0000B5
:1049D00084E90000F8E800006CE80000E0E700006F
:1049E00054E7000020E60000E4E40000A8E3000033
:1049F0006CE20000E0E1000054E10000C8E00000CB
:104A00003CE00000B0DF000024DF000098DE000082
:104A10000CDE000080DD0000F4DC000068DC00003B
:104A2000DCDB0000A8DA00006CD9000030D8000000
:104A3000F4D6000068D60000DCD5000050D5000098
:104A4000C4D4000038D40000ACD3000020D3000050
:104A500094D2000008D200007CD10000F0D0000009
:104A600064D0000030CF0000FCCD0000C8CC0000B6
:104A700094CB000008CB00007CCA0000F0C9000005
:104A800064C90000D8C800004CC80000C0C70000BE
:104A900034C70000A8C600001CC6000090C5000076
:104AA00004C50000D0C300009CC2000068C1000023
:104AB00034C00000A8BF00001CBF000090BE000072
:104AC00004BE000078BD0000ECBC000060BC00002B
:104AD000D4BB000048BB0000BCBA000030BA0000E4
:104AE000A4B9000070B800003CB7000008B6000090
:104AF000D4B4000048B40000BCB3000030B30000E0
:104B0000A4B2000018B200008CB1000000B1000097
:104B100074B00000E8AF00005CAF0000D0AE000051
:104B200044AE000010AD0000DCAB0000A8AA0000FD
:104B300074A90000E8A800005CA80000D0A700004D
:104B400044A70000B8A600002CA60000A0A5000005
:104B500014A5000088A40000FCA3000070A30000BE
:104B6000E4A20000B0A100007CA00000489F00006B
:104B7000149E0000889D0000FC9C0000709C0000BA
:104B8000E49B0000589B0000CC9A0000409A000073
:104B9000B4990000289900009C980000109800002B
:104BA00084970000509600001C950000E8930000D8
:104BB000B4920000289200009C9100001091000027
:104BC00084900000F88F00006C8F0000E08E0000E1
:104BD000548E0000C88D00003C8D0000B08C000099
:104BE000248C0000F08A0000BC8900008888000046
:104BF00054870000C88600003C860000B085000095
:104C000024850000988400000C840000808300004C
:104C1000F482000068820000DC8100005081000006
:104C2000C4800000907F0000547E0000187D0000CA
:104C3000DC7B0000507B0000C47A0000387A000062
:104C4000AC7900002079000094780000087800001A
:104C50007C770000F076000064760000D8750000D4
:104C60004C75000018740000DC720000A071000098
:104C700064700000D86F00004C6F0000C06E000030
:104C8000346E0000A86D00001C6D0000906C0000E8
:104C9000046C0000786B0000EC6A0000606A0000A1
:104CA000D4690000A0680000646700002866000066
:104CB000EC64000060640000D463000048630000FE
:104CC000BC62000030620000A461000018610000B6
:104CD0008C60000000600000745F0000E85E00006F
:104CE0005C5E0000285D0000F45B0000C05A00001C
:104CF0008C5900000059000074580000E85700006B
:104D00005C570000D056000044560000B855000023
:104D10002C550000A05400001454000088530000DB
:104D2000FC520000C851000094500000604F000089
:104D30002C4E0000A04D0000144D0000884C0000D7
:104D4000FC4B0000704B0000E44A0000584A000091
:104D5000CC49000040490000B44800002848000049
:104D60009C470000684600003445000000440000F5
:104D7000CC42000040420000B44100002841000045
:104D80009C40000010400000843F0000F83E0000FE
:104D90006C3E0000E03D0000543D0000C83C0000B7
:104DA0003C3C0000083B0000D4390000A038000063
:104DB0006C370000E036000054360000C8350000B3
:104DC0003C350000B034000024340000983300006B
:104DD0000C33000080320000F43100006831000024
:104DE000DC300000A82F0000742E0000402D0000D1
:104DF0000C2C0000802B0000F42A0000682A000020
:104E0000DC29000050290000C428000038280000D8
:104E1000AC27000020270000942600000826000090
:104E20007C2500004824000014230000E02100003D
:104E3000AC20000020200000941F0000081F00008C
:104E40007C1E0000F01D0000641D0000D81C000046
:104E50004C1C0000C01B0000341B0000A81A0000FE
:104E60001C1A0000E8180000B417000080160000AB
:104E70004C150000C014000034140000A8130000FA
:104E80001C130000901200000412000078110000B2
:104E9000EC10000060100000D40F0000480F00006C
:104EA000BC0E0000880D00004C0C0000100B000030
:104EB000D409000048090000BC08000030080000C8
:104EC000A4070000180700008C0600000006000080
:104ED00074050000E804000064040000D003000032
:104EE0000C0200007800000004000000DA92FDFFD0
:104EF0000000000114000000340000005D0200000A
:104F000000000009480000001C92FDFF080000009E
:104F10001400000001000000050000000000000077
:104F200000000000010000001ABEF43B1900000060
:104F3000537461746566756C506172746974696FDD
:104F40006E656443616C6C3A300000000300000041
:104F50000100000020000000390000004A93FDFF1E
:104F60000000000114000000300000005C0200009E
:104F7000000000096C0100008C92FDFF0800000099
:104F8000100000000100000005000000000000000B
:104F9000010000001ABEF43B430100006D5F6D6329
:104FA000755F6E65745F707265646963746F722F8C
:104FB00073696D706C655F6B705F667573696F6E3A
:104FC0005F686561642F64656E73655F312F54653A
:104FD0006E736F72646F742F4D61744D756C3B6DA1
:104FE0005F6D63755F6E65745F707265646963742D
:104FF0006F722F73696D706C655F6B705F66757330
:10500000696F6E5F686561642F64656E73655F319B
:105010002F426961734164643B6D5F6D63755F6EC0
:1050200065745F707265646963746F722F73696D04
:10503000706C655F6B705F667573696F6E5F6865D6
:1050400061642F64656E73655F312F54656E736F95
:1050500072646F742F73686170653B6D5F6D63750B
:105060005F6E65745F707265646963746F722F73CD
:10507000696D706C655F6B705F667573696F6E5F8D
:10508000686561642F64656E73655F312F54656E6A
:10509000736F72646F743B6D5F6D63755F6E657483
:1050A0005F707265646963746F722F73696D706C81
:1050B000655F6B705F667573696F6E5F686561646D
:1050C0002F64656E73655F312F426961734164645B
:1050D0002F526561645661726961626C654F700040
:1050E000020000002000000039000000DA94FDFFFB
:1050F0000000000114000000300000005B0200000E
:10510000000000099C0100001C94FDFF0800000045
:10511000100000000100000080FFFFFFFFFFFFFF05
:105120000100000095C36A3B700100006D5F6D6374
:10513000755F6E65745F707265646963746F722FFA
:1051400073696D706C655F6B705F667573696F6EA8
:105150005F686561642F64656E73652F54656E7357
:105160006F72646F742F4D61744D756C3B6D5F6D24
:1051700063755F6E65745F707265646963746F7286
:105180002F73696D706C655F6B705F667573696FA7
:105190006E5F686561642F72655F6C755F322F5258
:1051A000656C753B6D5F6D63755F6E65745F707286
:1051B00065646963746F722F73696D706C655F6B82
:1051C000705F667573696F6E5F686561642F646593
:1051D0006E73652F426961734164643B6D5F6D63FB
:1051E000755F6E65745F707265646963746F722F4A
:1051F00073696D706C655F6B705F667573696F6EF8
:105200005F686561642F64656E73652F54656E73A6
:105210006F72646F742F73686170653B6D5F6D634F
:10522000755F6E65745F707265646963746F722F09
:1052300073696D706C655F6B705F667573696F6EB7
:105240005F686561642F64656E73652F54656E7366
:105250006F72646F743B6D5F6D63755F6E65745FD5
:10526000707265646963746F722F73696D706C65B9
:105270005F6B705F667573696F6E5F686561642FE1
:1052800064656E73652F426961734164642F526572
:1052900061645661726961626C654F700000000064
:1052A0000200000020000000800000009A96FDFF30
:1052B0000000000114000000300000005A0200004D
:1052C000000000096C000000DC95FDFF08000000F4
:1052D00010000000010000000000000000000000BD
:1052E00001000000B546FE3B410000006D5F6D63AC
:1052F000755F6E65745F707265646963746F722F39
:1053000073696D706C655F6B705F667573696F6EE6
:105310005F686561642F64656E73652F54656E7395
:105320006F72646F742F526573686170650000005E
:105330000200000020000000400000002A97FDFF4E
:1053400000000001140000003400000059020000B9
:1053500000000009580000006C96FDFF08000000E6
:105360001400000001000000000000000000000028
:105370000000000001000000B546FE3B2A000000CE
:105380006D5F6D63755F6E65745F70726564696390
:10539000746F722F676C6F62616C5F6C73746D2FCA
:1053A0006C73746D2F737461636B000003000000F5
:1053B000200000000100000040000000AA97FDFF4F
:1053C000000000011400000034000000580200003A
:1053D0000000000964000000EC96FDFF08000000DA
:1053E00014000000010000000000000000000000A8
:1053F0000000000001000000B546FE3B3500000043
:105400006D5F6D63755F6E65745F7072656469630F
:10541000746F722F676C6F62616C5F6C73746D2F49
:105420006C73746D2F6C73746D5F63656C6C2F6D32
:10543000756C5F39350000000200000001000000BB
:10544000400000003298FDFF000000011400000041
:105450003400000057020000000000096400000052
:105460007497FDFF08000000140000000100000018
:10547000000000000000000000000000010000002B
:105480000000003C360000006D5F6D63755F6E6567
:10549000745F707265646963746F722F676C6F629A
:1054A000616C5F6C73746D2F6C73746D2F6C73749F
:1054B0006D5F63656C6C2F54616E685F36330000FE
:1054C000020000000100000040000000BA98FDFF4B
:1054D000000000011400000034000000560200002B
:1054E0000000000964000000FC97FDFF08000000B8
:1054F0001400000001000000E9FFFFFFFFFFFFFFB5
:105500000000000001000000F623043E350000000A
:105510006D5F6D63755F6E65745F707265646963FE
:10552000746F722F676C6F62616C5F6C73746D2F38
:105530006C73746D2F6C73746D5F63656C6C2F612D
:1055400064645F36330000000200000001000000C8
:10555000400000004299FDFF00000001140000001F
:105560003400000055020000000000096400000043
:105570008498FDFF080000001400000001000000F6
:10558000E9FFFFFFFFFFFFFF000000000100000038
:10559000F623043E350000006D5F6D63755F6E6538
:1055A000745F707265646963746F722F676C6F6289
:1055B000616C5F6C73746D2F6C73746D2F6C73748E
:1055C0006D5F63656C6C2F6D756C5F393300000027
:1055D000020000000100000040000000CA99FDFF29
:1055E000000000011400000034000000540200001C
:1055F00000000009640000000C99FDFF0800000095
:105600001400000001000000000000000000000085
:1056100000000000010000001A72FA3B3500000093
:105620006D5F6D63755F6E65745F707265646963ED
:10563000746F722F676C6F62616C5F6C73746D2F27
:105640006C73746D2F6C73746D5F63656C6C2F6D10
:10565000756C5F393400000002000000010000009A
:1056600040000000529AFDFF0000000114000000FD
:105670003400000053020000000000096400000034
:105680009499FDFF080000001400000001000000D4
:105690000000000000000000000000000100000009
:1056A0000000003C360000006D5F6D63755F6E6545
:1056B000745F707265646963746F722F676C6F6278
:1056C000616C5F6C73746D2F6C73746D2F6C73747D
:1056D0006D5F63656C6C2F54616E685F36320000DD
:1056E000020000000100000040000000DA9AFDFF07
:1056F0000000000114000000300000005202000011
:1057000000000009640000001C9AFDFF0800000072
:10571000100000000100000080FFFFFFFFFFFFFFFF
:10572000010000000000803B390000006D5F6D63E8
:10573000755F6E65745F707265646963746F722FF4
:10574000676C6F62616C5F6C73746D2F6C73746DDA
:105750002F6C73746D5F63656C6C2F5369676D6F2D
:1057600069645F393500000002000000010000009C
:1057700040000000629BFDFF0000000114000000DB
:105780003000000051020000000000096400000029
:10579000A49AFDFF080000001000000001000000B6
:1057A00080FFFFFFFFFFFFFF010000000000803BC4
:1057B000390000006D5F6D63755F6E65745F7072B8
:1057C00065646963746F722F676C6F62616C5F6C84
:1057D00073746D2F6C73746D2F6C73746D5F636570
:1057E0006C6C2F5369676D6F69645F39340000001A
:1057F000020000000100000040000000EA9BFDFFE5
:105800000000000114000000300000005002000001
:1058100000000009640000002C9BFDFF0800000050
:10582000100000000100000080FFFFFFFFFFFFFFEE
:10583000010000000000803B390000006D5F6D63D7
:10584000755F6E65745F707265646963746F722FE3
:10585000676C6F62616C5F6C73746D2F6C73746DC9
:105860002F6C73746D5F63656C6C2F5369676D6F1C
:1058700069645F393300000002000000010000008D
:1058800040000000729CFDFF0000000114000000B9
:10589000340000004F020000000000091401000065
:1058A000B49BFDFF08000000140000000100000090
:1058B00004000000000000000000000001000000E3
:1058C000DB9C703DE40000006D5F6D63755F6E658D
:1058D000745F707265646963746F722F676C6F6256
:1058E000616C5F6C73746D2F6C73746D2F6C73745B
:1058F0006D5F63656C6C2F73706C69745F333131ED
:105900003B6D5F6D63755F6E65745F707265646932
:1059100063746F722F676C6F62616C5F6C73746D10
:105920002F6C73746D2F6C73746D5F63656C6C2F6B
:1059300073706C69745F3331323B6D5F6D63755F9B
:105940006E65745F707265646963746F722F676CE3
:105950006F62616C5F6C73746D2F6C73746D2F6C00
:1059600073746D5F63656C6C2F73706C69745F33F7
:1059700031333B6D5F6D63755F6E65745F7072652B
:10598000646963746F722F676C6F62616C5F6C73B4
:10599000746D2F6C73746D2F6C73746D5F63656CB5
:1059A0006C2F73706C69745F333134330000000006
:1059B000020000000100000040000000AA9DFDFF61
:1059C0000000000114000000340000004E0200003E
:1059D0000000000914010000EC9CFDFF080000001D
:1059E000140000000100000004000000000000009E
:1059F0000000000001000000DB9C703DE40000009E
:105A00006D5F6D63755F6E65745F70726564696309
:105A1000746F722F676C6F62616C5F6C73746D2F43
:105A20006C73746D2F6C73746D5F63656C6C2F7326
:105A3000706C69745F3331313B6D5F6D63755F6EA0
:105A400065745F707265646963746F722F676C6FE1
:105A500062616C5F6C73746D2F6C73746D2F6C73FB
:105A6000746D5F63656C6C2F73706C69745F333138
:105A7000323B6D5F6D63755F6E65745F70726564F8
:105A80006963746F722F676C6F62616C5F6C7374A3
:105A90006D2F6C73746D2F6C73746D5F63656C6CBC
:105AA0002F73706C69745F3331333B6D5F6D637559
:105AB0005F6E65745F707265646963746F722F677F
:105AC0006C6F62616C5F6C73746D2F6C73746D2F8F
:105AD0006C73746D5F63656C6C2F73706C69745F4D
:105AE00033313432000000000200000001000000E9
:105AF00040000000E29EFDFF0000000114000000D5
:105B0000340000004D0200000000000914010000F4
:105B1000249EFDFF080000001400000001000000AA
:105B20000400000000000000000000000100000070
:105B3000DB9C703DE40000006D5F6D63755F6E651A
:105B4000745F707265646963746F722F676C6F62E3
:105B5000616C5F6C73746D2F6C73746D2F6C7374E8
:105B60006D5F63656C6C2F73706C69745F3331317A
:105B70003B6D5F6D63755F6E65745F7072656469C0
:105B800063746F722F676C6F62616C5F6C73746D9E
:105B90002F6C73746D2F6C73746D5F63656C6C2FF9
:105BA00073706C69745F3331323B6D5F6D63755F29
:105BB0006E65745F707265646963746F722F676C71
:105BC0006F62616C5F6C73746D2F6C73746D2F6C8E
:105BD00073746D5F63656C6C2F73706C69745F3385
:105BE00031333B6D5F6D63755F6E65745F707265B9
:105BF000646963746F722F676C6F62616C5F6C7342
:105C0000746D2F6C73746D2F6C73746D5F63656C42
:105C10006C2F73706C69745F333134310000000095
:105C20000200000001000000400000001AA0FDFF7B
:105C30000000000114000000300000004C020000D1
:105C4000000000090C0100005C9FFDFF080000003F
:105C5000100000000100000004000000000000002F
:105C600001000000DB9C703DE30000006D5F6D6390
:105C7000755F6E65745F707265646963746F722FAF
:105C8000676C6F62616C5F6C73746D2F6C73746D95
:105C90002F6C73746D5F63656C6C2F73706C6974BB
:105CA0005F3331313B6D5F6D63755F6E65745F703F
:105CB0007265646963746F722F676C6F62616C5F89
:105CC0006C73746D2F6C73746D2F6C73746D5F6374
:105CD000656C6C2F73706C69745F3331323B6D5F30
:105CE0006D63755F6E65745F707265646963746F10
:105CF000722F676C6F62616C5F6C73746D2F6C7365
:105D0000746D2F6C73746D5F63656C6C2F73706C46
:105D100069745F3331333B6D5F6D63755F6E6574BE
:105D20005F707265646963746F722F676C6F626114
:105D30006C5F6C73746D2F6C73746D2F6C73746DFA
:105D40005F63656C6C2F73706C69745F3331340002
:105D50000200000001000000400000004AA1FDFF19
:105D60000000000114000000300000004B020000A1
:105D700000000009640000008CA0FDFF0800000086
:105D800010000000010000000400000000000000FE
:105D900001000000DB9C703D390000006D5F6D6309
:105DA000755F6E65745F707265646963746F722F7E
:105DB000676C6F62616C5F6C73746D2F6C73746D64
:105DC0002F6C73746D5F63656C6C2F4269617341F6
:105DD00064645F3331000000020000000100000035
:105DE00000010000D2A1FDFF00000001140000002E
:105DF000340000004A0200000000000964000000B6
:105E000014A1FDFF080000001400000001000000C4
:105E1000040000000000000000000000010000007D
:105E2000DB9C703D350000006D5F6D63755F6E65D6
:105E3000745F707265646963746F722F676C6F62F0
:105E4000616C5F6C73746D2F6C73746D2F6C7374F5
:105E50006D5F63656C6C2F6164645F3632000000B7
:105E60000200000001000000000100005AA2FDFF36
:105E70000000000114000000300000004902000092
:105E800000000009640000009CA1FDFF0800000064
:105E900010000000010000001300000000000000DE
:105EA00001000000070E2B3D390000006D5F6D639F
:105EB000755F6E65745F707265646963746F722F6D
:105EC000676C6F62616C5F6C73746D2F6C73746D53
:105ED0002F6C73746D5F63656C6C2F4D61744D75C1
:105EE0006C5F36333100000002000000010000004A
:105EF00000010000E2A2FDFF00000001140000000C
:105F000034000000480200000000000964000000A6
:105F100024A2FDFF080000001400000001000000A2
:105F20000000000000000000000000000100000070
:105F3000B546FE3B350000006D5F6D63755F6E65B5
:105F4000745F707265646963746F722F676C6F62DF
:105F5000616C5F6C73746D2F6C73746D2F6C7374E4
:105F60006D5F63656C6C2F6D756C5F39320000007E
:105F70000200000001000000400000006AA3FDFFD5
:105F8000000000011400000034000000470200007F
:105F90000000000964000000ACA2FDFF0800000042
:105FA00014000000010000000000000000000000DC
:105FB00000000000010000000000003C360000006E
:105FC0006D5F6D63755F6E65745F70726564696344
:105FD000746F722F676C6F62616C5F6C73746D2F7E
:105FE0006C73746D2F6C73746D5F63656C6C2F5480
:105FF000616E685F363100000200000001000000A1
:1060000040000000F2A3FDFF0000000114000000AA
:106010003400000046020000000000096400000097
:1060200034A3FDFF08000000140000000100000080
:10603000E9FFFFFFFFFFFFFF00000000010000007D
:1060400064B6023E350000006D5F6D63755F6E657E
:10605000745F707265646963746F722F676C6F62CE
:10606000616C5F6C73746D2F6C73746D2F6C7374D3
:106070006D5F63656C6C2F6164645F363100000096
:106080000200000001000000400000007AA4FDFFB3
:106090000000000114000000340000004502000070
:1060A0000000000964000000BCA3FDFF0800000020
:1060B0001400000001000000E9FFFFFFFFFFFFFFE9
:1060C000000000000100000064B6023E3500000040
:1060D0006D5F6D63755F6E65745F70726564696333
:1060E000746F722F676C6F62616C5F6C73746D2F6D
:1060F0006C73746D2F6C73746D5F63656C6C2F6D56
:10610000756C5F39300000000200000001000000E3
:106110004000000002A5FDFF000000011400000087
:106120003400000044020000000000096400000088
:1061300044A4FDFF0800000014000000010000005E
:10614000000000000000000000000000010000004E
:10615000F4A7F83B350000006D5F6D63755F6E65F9
:10616000745F707265646963746F722F676C6F62BD
:10617000616C5F6C73746D2F6C73746D2F6C7374C2
:106180006D5F63656C6C2F6D756C5F39310000005D
:106190000200000001000000400000008AA5FDFF91
:1061A0000000000114000000340000004302000061
:1061B0000000000964000000CCA4FDFF08000000FE
:1061C00014000000010000000000000000000000BA
:1061D00000000000010000000000003C360000004C
:1061E0006D5F6D63755F6E65745F70726564696322
:1061F000746F722F676C6F62616C5F6C73746D2F5C
:106200006C73746D2F6C73746D5F63656C6C2F545D
:10621000616E685F3630000002000000010000007F
:106220004000000012A6FDFF000000011400000065
:10623000300000004202000000000009640000007D
:1062400054A5FDFF08000000100000000100000040
:1062500080FFFFFFFFFFFFFF010000000000803B09
:10626000390000006D5F6D63755F6E65745F7072FD
:1062700065646963746F722F676C6F62616C5F6CC9
:1062800073746D2F6C73746D2F6C73746D5F6365B5
:106290006C6C2F5369676D6F69645F393200000061
:1062A0000200000001000000400000009AA6FDFF6F
:1062B0000000000114000000300000004102000056
:1062C0000000000964000000DCA5FDFF08000000DC
:1062D000100000000100000080FFFFFFFFFFFFFF34
:1062E000010000000000803B390000006D5F6D631D
:1062F000755F6E65745F707265646963746F722F29
:10630000676C6F62616C5F6C73746D2F6C73746D0E
:106310002F6C73746D5F63656C6C2F5369676D6F61
:1063200069645F39310000000200000001000000D4
:106330004000000022A7FDFF000000011400000043
:10634000300000004002000000000009640000006E
:1063500064A6FDFF0800000010000000010000001E
:1063600080FFFFFFFFFFFFFF010000000000803BF8
:10637000390000006D5F6D63755F6E65745F7072EC
:1063800065646963746F722F676C6F62616C5F6CB8
:1063900073746D2F6C73746D2F6C73746D5F6365A4
:1063A0006C6C2F5369676D6F69645F393000000052
:1063B000020000000100000040000000AAA7FDFF4D
:1063C0000000000114000000300000003F02000047
:1063D000000000090C010000ECA6FDFF0800000011
:1063E0001000000001000000050000000000000097
:1063F00001000000B93D713DE30000006D5F6D6379
:10640000755F6E65745F707265646963746F722F17
:10641000676C6F62616C5F6C73746D2F6C73746DFD
:106420002F6C73746D5F63656C6C2F73706C697423
:106430005F33303B6D5F6D63755F6E65745F707267
:1064400065646963746F722F676C6F62616C5F6CF7
:1064500073746D2F6C73746D2F6C73746D5F6365E3
:106460006C6C2F73706C69745F3330313B6D5F6D92
:1064700063755F6E65745F707265646963746F7273
:106480002F676C6F62616C5F6C73746D2F6C7374CB
:106490006D2F6C73746D5F63656C6C2F73706C69BA
:1064A000745F3330323B6D5F6D63755F6E65745F33
:1064B000707265646963746F722F676C6F62616C70
:1064C0005F6C73746D2F6C73746D2F6C73746D5F70
:1064D00063656C6C2F73706C69745F333033330099
:1064E000020000000100000040000000DAA8FDFFEB
:1064F0000000000114000000300000003E02000017
:10650000000000090C0100001CA8FDFF08000000AD
:106510001000000001000000050000000000000065
:1065200001000000B93D713DE30000006D5F6D6347
:10653000755F6E65745F707265646963746F722FE6
:10654000676C6F62616C5F6C73746D2F6C73746DCC
:106550002F6C73746D5F63656C6C2F73706C6974F2
:106560005F33303B6D5F6D63755F6E65745F707236
:1065700065646963746F722F676C6F62616C5F6CC6
:1065800073746D2F6C73746D2F6C73746D5F6365B2
:106590006C6C2F73706C69745F3330313B6D5F6D61
:1065A00063755F6E65745F707265646963746F7242
:1065B0002F676C6F62616C5F6C73746D2F6C73749A
:1065C0006D2F6C73746D5F63656C6C2F73706C6989
:1065D000745F3330323B6D5F6D63755F6E65745F02
:1065E000707265646963746F722F676C6F62616C3F
:1065F0005F6C73746D2F6C73746D2F6C73746D5F3F
:1066000063656C6C2F73706C69745F333033320068
:106610000200000001000000400000000AAAFDFF87
:106620000000000114000000300000003D020000E6
:10663000000000090C0100004CA9FDFF080000004B
:106640001000000001000000050000000000000034
:1066500001000000B93D713DE30000006D5F6D6316
:10666000755F6E65745F707265646963746F722FB5
:10667000676C6F62616C5F6C73746D2F6C73746D9B
:106680002F6C73746D5F63656C6C2F73706C6974C1
:106690005F33303B6D5F6D63755F6E65745F707205
:1066A00065646963746F722F676C6F62616C5F6C95
:1066B00073746D2F6C73746D2F6C73746D5F636581
:1066C0006C6C2F73706C69745F3330313B6D5F6D30
:1066D00063755F6E65745F707265646963746F7211
:1066E0002F676C6F62616C5F6C73746D2F6C737469
:1066F0006D2F6C73746D5F63656C6C2F73706C6958
:10670000745F3330323B6D5F6D63755F6E65745FD0
:10671000707265646963746F722F676C6F62616C0D
:106720005F6C73746D2F6C73746D2F6C73746D5F0D
:1067300063656C6C2F73706C69745F333033310038
:106740000200000001000000400000003AABFDFF25
:106750000000000114000000300000003C020000B6
:10676000000000090C0100007CAAFDFF08000000E9
:106770001000000001000000050000000000000003
:1067800001000000B93D713DE20000006D5F6D63E6
:10679000755F6E65745F707265646963746F722F84
:1067A000676C6F62616C5F6C73746D2F6C73746D6A
:1067B0002F6C73746D5F63656C6C2F73706C697490
:1067C0005F33303B6D5F6D63755F6E65745F7072D4
:1067D00065646963746F722F676C6F62616C5F6C64
:1067E00073746D2F6C73746D2F6C73746D5F636550
:1067F0006C6C2F73706C69745F3330313B6D5F6DFF
:1068000063755F6E65745F707265646963746F72DF
:106810002F676C6F62616C5F6C73746D2F6C737437
:106820006D2F6C73746D5F63656C6C2F73706C6926
:10683000745F3330323B6D5F6D63755F6E65745F9F
:10684000707265646963746F722F676C6F62616CDC
:106850005F6C73746D2F6C73746D2F6C73746D5FDC
:1068600063656C6C2F73706C69745F333033000038
:106870000200000001000000400000006AACFDFFC3
:106880000000000114000000300000003B02000086
:106890000000000964000000ACABFDFF0800000030
:1068A00010000000010000000500000000000000D2
:1068B00001000000B93D713D390000006D5F6D635E
:1068C000755F6E65745F707265646963746F722F53
:1068D000676C6F62616C5F6C73746D2F6C73746D39
:1068E0002F6C73746D5F63656C6C2F4269617341CB
:1068F00064645F333000000002000000010000000B
:1069000000010000F2ACFDFF0000000114000000D7
:10691000340000003A02000000000009640000009A
:1069200034ACFDFF0800000014000000010000006E
:106930000500000000000000000000000100000051
:10694000B93D713D350000006D5F6D63755F6E652B
:10695000745F707265646963746F722F676C6F62C5
:10696000616C5F6C73746D2F6C73746D2F6C7374CA
:106970006D5F63656C6C2F6164645F36300000008E
:106980000200000001000000000100007AADFDFFE0
:106990000000000114000000300000003902000077
:1069A0000000000964000000BCACFDFF080000000E
:1069B00010000000010000001200000000000000B4
:1069C00001000000AA79293D380000006D5F6D6369
:1069D000755F6E65745F707265646963746F722F42
:1069E000676C6F62616C5F6C73746D2F6C73746D28
:1069F0002F6C73746D5F63656C6C2F4D61744D7596
:106A00006C5F363100000000020000000100000051
:106A10000001000002AEFDFF0000000114000000B4
:106A2000340000003802000000000009640000008B
:106A300044ADFDFF0800000014000000010000004C
:106A40000000000000000000000000000100000045
:106A5000B546FE3B350000006D5F6D63755F6E658A
:106A6000745F707265646963746F722F676C6F62B4
:106A7000616C5F6C73746D2F6C73746D2F6C7374B9
:106A80006D5F63656C6C2F6D756C5F38390000004D
:106A90000200000001000000400000008AAEFDFF7F
:106AA0000000000114000000340000003702000064
:106AB0000000000964000000CCADFDFF08000000EC
:106AC00014000000010000000000000000000000B1
:106AD00000000000010000000000003C3600000043
:106AE0006D5F6D63755F6E65745F70726564696319
:106AF000746F722F676C6F62616C5F6C73746D2F53
:106B00006C73746D2F6C73746D5F63656C6C2F5454
:106B1000616E685F3539000002000000010000006E
:106B20004000000012AFFDFF000000011400000053
:106B3000340000003602000000000009640000007C
:106B400054AEFDFF0800000014000000010000002A
:106B5000E8FFFFFFFFFFFFFF000000000100000053
:106B6000AB0D023E350000006D5F6D63755F6E65B5
:106B7000745F707265646963746F722F676C6F62A3
:106B8000616C5F6C73746D2F6C73746D2F6C7374A8
:106B90006D5F63656C6C2F6164645F353900000064
:106BA0000200000001000000400000009AAFFDFF5D
:106BB0000000000114000000340000003502000055
:106BC0000000000964000000DCAEFDFF08000000CA
:106BD0001400000001000000E8FFFFFFFFFFFFFFBF
:106BE0000000000001000000AB0D023E3500000077
:106BF0006D5F6D63755F6E65745F70726564696308
:106C0000746F722F676C6F62616C5F6C73746D2F41
:106C10006C73746D2F6C73746D5F63656C6C2F6D2A
:106C2000756C5F38370000000200000001000000B2
:106C30004000000022B0FDFF000000011400000031
:106C4000340000003402000000000009640000006D
:106C500064AFFDFF08000000140000000100000008
:106C6000FFFFFFFFFFFFFFFF00000000010000002B
:106C700042DCFA3B350000006D5F6D63755F6E6549
:106C8000745F707265646963746F722F676C6F6292
:106C9000616C5F6C73746D2F6C73746D2F6C737497
:106CA0006D5F63656C6C2F6D756C5F38380000002C
:106CB000020000000100000040000000AAB0FDFF3B
:106CC0000000000114000000340000003302000046
:106CD0000000000964000000ECAFFDFF08000000A8
:106CE000140000000100000000000000000000008F
:106CF00000000000010000000000003C3600000021
:106D00006D5F6D63755F6E65745F707265646963F6
:106D1000746F722F676C6F62616C5F6C73746D2F30
:106D20006C73746D2F6C73746D5F63656C6C2F5432
:106D3000616E685F3538000002000000010000004D
:106D40004000000032B1FDFF00000001140000000F
:106D50003000000032020000000000096400000062
:106D600074B0FDFF080000001000000001000000EA
:106D700080FFFFFFFFFFFFFF010000000000803BDE
:106D8000390000006D5F6D63755F6E65745F7072D2
:106D900065646963746F722F676C6F62616C5F6C9E
:106DA00073746D2F6C73746D2F6C73746D5F63658A
:106DB0006C6C2F5369676D6F69645F383900000030
:106DC000020000000100000040000000BAB1FDFF19
:106DD000000000011400000030000000310200003B
:106DE0000000000964000000FCB0FDFF0800000086
:106DF000100000000100000080FFFFFFFFFFFFFF09
:106E0000010000000000803B390000006D5F6D63F1
:106E1000755F6E65745F707265646963746F722FFD
:106E2000676C6F62616C5F6C73746D2F6C73746DE3
:106E30002F6C73746D5F63656C6C2F5369676D6F36
:106E400069645F38380000000200000001000000A3
:106E50004000000042B2FDFF0000000114000000ED
:106E60003000000030020000000000096400000053
:106E700084B1FDFF080000001000000001000000C8
:106E800080FFFFFFFFFFFFFF010000000000803BCD
:106E9000390000006D5F6D63755F6E65745F7072C1
:106EA00065646963746F722F676C6F62616C5F6C8D
:106EB00073746D2F6C73746D2F6C73746D5F636579
:106EC0006C6C2F5369676D6F69645F383700000021
:106ED000020000000100000040000000CAB2FDFFF7
:106EE0000000000114000000300000002F0200002C
:106EF000000000090C0100000CB2FDFF08000000BA
:106F00001000000001000000FEFFFFFFFFFFFFFF79
:106F100001000000B034713DE30000006D5F6D635F
:106F2000755F6E65745F707265646963746F722FEC
:106F3000676C6F62616C5F6C73746D2F6C73746DD2
:106F40002F6C73746D5F63656C6C2F73706C6974F8
:106F50005F32393B6D5F6D63755F6E65745F707234
:106F600065646963746F722F676C6F62616C5F6CCC
:106F700073746D2F6C73746D2F6C73746D5F6365B8
:106F80006C6C2F73706C69745F3239313B6D5F6D5F
:106F900063755F6E65745F707265646963746F7248
:106FA0002F676C6F62616C5F6C73746D2F6C7374A0
:106FB0006D2F6C73746D5F63656C6C2F73706C698F
:106FC000745F3239323B6D5F6D63755F6E65745F00
:106FD000707265646963746F722F676C6F62616C45
:106FE0005F6C73746D2F6C73746D2F6C73746D5F45
:106FF00063656C6C2F73706C69745F323933330066
:10700000020000000100000040000000FAB3FDFF94
:107010000000000114000000300000002E020000FB
:10702000000000090C0100003CB3FDFF0800000057
:107030001000000001000000FEFFFFFFFFFFFFFF48
:1070400001000000B034713DE30000006D5F6D632E
:10705000755F6E65745F707265646963746F722FBB
:10706000676C6F62616C5F6C73746D2F6C73746DA1
:107070002F6C73746D5F63656C6C2F73706C6974C7
:107080005F32393B6D5F6D63755F6E65745F707203
:1070900065646963746F722F676C6F62616C5F6C9B
:1070A00073746D2F6C73746D2F6C73746D5F636587
:1070B0006C6C2F73706C69745F3239313B6D5F6D2E
:1070C00063755F6E65745F707265646963746F7217
:1070D0002F676C6F62616C5F6C73746D2F6C73746F
:1070E0006D2F6C73746D5F63656C6C2F73706C695E
:1070F000745F3239323B6D5F6D63755F6E65745FCF
:10710000707265646963746F722F676C6F62616C13
:107110005F6C73746D2F6C73746D2F6C73746D5F13
:1071200063656C6C2F73706C69745F323933320035
:107130000200000001000000400000002AB5FDFF31
:107140000000000114000000300000002D020000CB
:10715000000000090C0100006CB4FDFF08000000F5
:107160001000000001000000FEFFFFFFFFFFFFFF17
:1071700001000000B034713DE30000006D5F6D63FD
:10718000755F6E65745F707265646963746F722F8A
:10719000676C6F62616C5F6C73746D2F6C73746D70
:1071A0002F6C73746D5F63656C6C2F73706C697496
:1071B0005F32393B6D5F6D63755F6E65745F7072D2
:1071C00065646963746F722F676C6F62616C5F6C6A
:1071D00073746D2F6C73746D2F6C73746D5F636556
:1071E0006C6C2F73706C69745F3239313B6D5F6DFD
:1071F00063755F6E65745F707265646963746F72E6
:107200002F676C6F62616C5F6C73746D2F6C73743D
:107210006D2F6C73746D5F63656C6C2F73706C692C
:10722000745F3239323B6D5F6D63755F6E65745F9D
:10723000707265646963746F722F676C6F62616CE2
:107240005F6C73746D2F6C73746D2F6C73746D5FE2
:1072500063656C6C2F73706C69745F323933310005
:107260000200000001000000400000005AB6FDFFCF
:107270000000000114000000300000002C0200009B
:10728000000000090C0100009CB5FDFF0800000093
:107290001000000001000000FEFFFFFFFFFFFFFFE6
:1072A00001000000B034713DE20000006D5F6D63CD
:1072B000755F6E65745F707265646963746F722F59
:1072C000676C6F62616C5F6C73746D2F6C73746D3F
:1072D0002F6C73746D5F63656C6C2F73706C697465
:1072E0005F32393B6D5F6D63755F6E65745F7072A1
:1072F00065646963746F722F676C6F62616C5F6C39
:1073000073746D2F6C73746D2F6C73746D5F636524
:107310006C6C2F73706C69745F3239313B6D5F6DCB
:1073200063755F6E65745F707265646963746F72B4
:107330002F676C6F62616C5F6C73746D2F6C73740C
:107340006D2F6C73746D5F63656C6C2F73706C69FB
:10735000745F3239323B6D5F6D63755F6E65745F6C
:10736000707265646963746F722F676C6F62616CB1
:107370005F6C73746D2F6C73746D2F6C73746D5FB1
:1073800063656C6C2F73706C69745F323933000005
:107390000200000001000000400000008AB7FDFF6D
:1073A0000000000114000000300000002B0200006B
:1073B0000000000964000000CCB6FDFF08000000DA
:1073C0001000000001000000FEFFFFFFFFFFFFFFB5
:1073D00001000000B034713D390000006D5F6D6345
:1073E000755F6E65745F707265646963746F722F28
:1073F000676C6F62616C5F6C73746D2F6C73746D0E
:107400002F6C73746D5F63656C6C2F42696173419F
:1074100064645F32390000000200000001000000D7
:107420000001000012B8FDFF000000011400000080
:10743000340000002A02000000000009640000007F
:1074400054B7FDFF08000000140000000100000018
:10745000FEFFFFFFFFFFFFFF000000000100000034
:10746000B034713D350000006D5F6D63755F6E6512
:10747000745F707265646963746F722F676C6F629A
:10748000616C5F6C73746D2F6C73746D2F6C73749F
:107490006D5F63656C6C2F6164645F35380000005C
:1074A0000200000001000000000100009AB8FDFF8A
:1074B000000000011400000030000000290200005C
:1074C0000000000964000000DCB7FDFF08000000B8
:1074D000100000000100000011000000000000008A
:1074E0000100000094DD263D380000006D5F6D63F3
:1074F000755F6E65745F707265646963746F722F17
:10750000676C6F62616C5F6C73746D2F6C73746DFC
:107510002F6C73746D5F63656C6C2F4D61744D756A
:107520006C5F35390000000002000000010000001F
:107530000001000022B9FDFF00000001140000005E
:107540003400000028020000000000096400000070
:1075500064B8FDFF080000001400000001000000F6
:10756000000000000000000000000000010000001A
:10757000B546FE3B350000006D5F6D63755F6E655F
:10758000745F707265646963746F722F676C6F6289
:10759000616C5F6C73746D2F6C73746D2F6C73748E
:1075A0006D5F63656C6C2F6D756C5F383600000025
:1075B000020000000100000040000000AAB9FDFF29
:1075C0000000000114000000340000002702000049
:1075D0000000000964000000ECB8FDFF0800000096
:1075E0001400000001000000000000000000000086
:1075F00000000000010000000000003C3600000018
:107600006D5F6D63755F6E65745F707265646963ED
:10761000746F722F676C6F62616C5F6C73746D2F27
:107620006C73746D2F6C73746D5F63656C6C2F5429
:10763000616E685F35370000020000000100000045
:107640004000000032BAFDFF0000000114000000FD
:107650003400000026020000000000096400000061
:1076600074B9FDFF080000001400000001000000D4
:10767000E8FFFFFFFFFFFFFF000000000100000028
:10768000A2CB003E350000006D5F6D63755F6E65D7
:10769000745F707265646963746F722F676C6F6278
:1076A000616C5F6C73746D2F6C73746D2F6C73747D
:1076B0006D5F63656C6C2F6164645F35370000003B
:1076C000020000000100000040000000BABAFDFF07
:1076D000000000011400000034000000250200003A
:1076E0000000000964000000FCB9FDFF0800000074
:1076F0001400000001000000E8FFFFFFFFFFFFFF94
:107700000000000001000000A2CB003E3500000098
:107710006D5F6D63755F6E65745F707265646963DC
:10772000746F722F676C6F62616C5F6C73746D2F16
:107730006C73746D2F6C73746D5F63656C6C2F6DFF
:10774000756C5F383400000002000000010000008A
:107750004000000042BBFDFF0000000114000000DB
:107760003400000024020000000000096400000052
:1077700084BAFDFF080000001400000001000000B2
:10778000FEFFFFFFFFFFFFFF000000000100000001
:107790003411FA3B350000006D5F6D63755F6E65F7
:1077A000745F707265646963746F722F676C6F6267
:1077B000616C5F6C73746D2F6C73746D2F6C73746C
:1077C0006D5F63656C6C2F6D756C5F383500000004
:1077D000020000000100000040000000CABBFDFFE5
:1077E000000000011400000034000000230200002B
:1077F00000000009640000000CBBFDFF0800000051
:107800001400000001000000000000000000000063
:1078100000000000010000000000003C36000000F5
:107820006D5F6D63755F6E65745F707265646963CB
:10783000746F722F676C6F62616C5F6C73746D2F05
:107840006C73746D2F6C73746D5F63656C6C2F5407
:10785000616E685F35360000020000000100000024
:107860004000000052BCFDFF0000000114000000B9
:107870003000000022020000000000096400000047
:1078800094BBFDFF08000000100000000100000094
:1078900080FFFFFFFFFFFFFF010000000000803BB3
:1078A000390000006D5F6D63755F6E65745F7072A7
:1078B00065646963746F722F676C6F62616C5F6C73
:1078C00073746D2F6C73746D2F6C73746D5F63655F
:1078D0006C6C2F5369676D6F69645F383600000008
:1078E000020000000100000040000000DABCFDFFC3
:1078F0000000000114000000300000002102000020
:1079000000000009640000001CBCFDFF080000002E
:10791000100000000100000080FFFFFFFFFFFFFFDD
:10792000010000000000803B390000006D5F6D63C6
:10793000755F6E65745F707265646963746F722FD2
:10794000676C6F62616C5F6C73746D2F6C73746DB8
:107950002F6C73746D5F63656C6C2F5369676D6F0B
:1079600069645F383500000002000000010000007B
:107970004000000062BDFDFF000000011400000097
:107980003000000020020000000000096400000038
:10799000A4BCFDFF08000000100000000100000072
:1079A00080FFFFFFFFFFFFFF010000000000803BA2
:1079B000390000006D5F6D63755F6E65745F707296
:1079C00065646963746F722F676C6F62616C5F6C62
:1079D00073746D2F6C73746D2F6C73746D5F63654E
:1079E0006C6C2F5369676D6F69645F3834000000F9
:1079F000020000000100000040000000EABDFDFFA1
:107A00000000000114000000300000001F02000010
:107A1000000000090C0100002CBDFDFF0800000063
:107A20001000000001000000030000000000000042
:107A30000100000021DC793DE30000006D5F6D6313
:107A4000755F6E65745F707265646963746F722FC1
:107A5000676C6F62616C5F6C73746D2F6C73746DA7
:107A60002F6C73746D5F63656C6C2F73706C6974CD
:107A70005F32383B6D5F6D63755F6E65745F70720A
:107A800065646963746F722F676C6F62616C5F6CA1
:107A900073746D2F6C73746D2F6C73746D5F63658D
:107AA0006C6C2F73706C69745F3238313B6D5F6D35
:107AB00063755F6E65745F707265646963746F721D
:107AC0002F676C6F62616C5F6C73746D2F6C737475
:107AD0006D2F6C73746D5F63656C6C2F73706C6964
:107AE000745F3238323B6D5F6D63755F6E65745FD6
:107AF000707265646963746F722F676C6F62616C1A
:107B00005F6C73746D2F6C73746D2F6C73746D5F19
:107B100063656C6C2F73706C69745F32383333003B
:107B20000200000001000000400000001ABFFDFF3D
:107B30000000000114000000300000001E020000E0
:107B4000000000090C0100005CBEFDFF0800000001
:107B50001000000001000000030000000000000011
:107B60000100000021DC793DE30000006D5F6D63E2
:107B7000755F6E65745F707265646963746F722F90
:107B8000676C6F62616C5F6C73746D2F6C73746D76
:107B90002F6C73746D5F63656C6C2F73706C69749C
:107BA0005F32383B6D5F6D63755F6E65745F7072D9
:107BB00065646963746F722F676C6F62616C5F6C70
:107BC00073746D2F6C73746D2F6C73746D5F63655C
:107BD0006C6C2F73706C69745F3238313B6D5F6D04
:107BE00063755F6E65745F707265646963746F72EC
:107BF0002F676C6F62616C5F6C73746D2F6C737444
:107C00006D2F6C73746D5F63656C6C2F73706C6932
:107C1000745F3238323B6D5F6D63755F6E65745FA4
:107C2000707265646963746F722F676C6F62616CE8
:107C30005F6C73746D2F6C73746D2F6C73746D5FE8
:107C400063656C6C2F73706C69745F32383332000B
:107C50000200000001000000400000004AC0FDFFDB
:107C60000000000114000000300000001D020000B0
:107C7000000000090C0100008CBFFDFF080000009F
:107C800010000000010000000300000000000000E0
:107C90000100000021DC793DE30000006D5F6D63B1
:107CA000755F6E65745F707265646963746F722F5F
:107CB000676C6F62616C5F6C73746D2F6C73746D45
:107CC0002F6C73746D5F63656C6C2F73706C69746B
:107CD0005F32383B6D5F6D63755F6E65745F7072A8
:107CE00065646963746F722F676C6F62616C5F6C3F
:107CF00073746D2F6C73746D2F6C73746D5F63652B
:107D00006C6C2F73706C69745F3238313B6D5F6DD2
:107D100063755F6E65745F707265646963746F72BA
:107D20002F676C6F62616C5F6C73746D2F6C737412
:107D30006D2F6C73746D5F63656C6C2F73706C6901
:107D4000745F3238323B6D5F6D63755F6E65745F73
:107D5000707265646963746F722F676C6F62616CB7
:107D60005F6C73746D2F6C73746D2F6C73746D5FB7
:107D700063656C6C2F73706C69745F3238333100DB
:107D80000200000001000000400000007AC1FDFF79
:107D90000000000114000000300000001C02000080
:107DA000000000090C010000BCC0FDFF080000003D
:107DB00010000000010000000300000000000000AF
:107DC0000100000021DC793DE20000006D5F6D6381
:107DD000755F6E65745F707265646963746F722F2E
:107DE000676C6F62616C5F6C73746D2F6C73746D14
:107DF0002F6C73746D5F63656C6C2F73706C69743A
:107E00005F32383B6D5F6D63755F6E65745F707276
:107E100065646963746F722F676C6F62616C5F6C0D
:107E200073746D2F6C73746D2F6C73746D5F6365F9
:107E30006C6C2F73706C69745F3238313B6D5F6DA1
:107E400063755F6E65745F707265646963746F7289
:107E50002F676C6F62616C5F6C73746D2F6C7374E1
:107E60006D2F6C73746D5F63656C6C2F73706C69D0
:107E7000745F3238323B6D5F6D63755F6E65745F42
:107E8000707265646963746F722F676C6F62616C86
:107E90005F6C73746D2F6C73746D2F6C73746D5F86
:107EA00063656C6C2F73706C69745F3238330000DB
:107EB000020000000100000040000000AAC2FDFF17
:107EC0000000000114000000300000001B02000050
:107ED0000000000964000000ECC1FDFF0800000084
:107EE000100000000100000003000000000000007E
:107EF0000100000021DC793D390000006D5F6D63F9
:107F0000755F6E65745F707265646963746F722FFC
:107F1000676C6F62616C5F6C73746D2F6C73746DE2
:107F20002F6C73746D5F63656C6C2F426961734174
:107F300064645F32380000000200000001000000AD
:107F40000001000032C3FDFF00000001140000002A
:107F5000340000001A020000000000096400000064
:107F600074C2FDFF080000001400000001000000C2
:107F700003000000000000000000000001000000FD
:107F800021DC793D350000006D5F6D63755F6E65C6
:107F9000745F707265646963746F722F676C6F626F
:107FA000616C5F6C73746D2F6C73746D2F6C737474
:107FB0006D5F63656C6C2F6164645F353600000033
:107FC000020000000100000000010000BAC3FDFF34
:107FD0000000000114000000300000001902000041
:107FE0000000000964000000FCC2FDFF0800000062
:107FF00010000000010000000E0000000000000062
:10800000010000007A07253D380000006D5F6D63B8
:10801000755F6E65745F707265646963746F722FEB
:10802000676C6F62616C5F6C73746D2F6C73746DD1
:108030002F6C73746D5F63656C6C2F4D61744D753F
:108040006C5F3537000000000200000001000000F6
:108050000001000042C4FDFF000000011400000008
:108060003400000018020000000000096400000055
:1080700084C3FDFF080000001400000001000000A0
:1080800000000000000000000000000001000000EF
:10809000B546FE3B350000006D5F6D63755F6E6534
:1080A000745F707265646963746F722F676C6F625E
:1080B000616C5F6C73746D2F6C73746D2F6C737463
:1080C0006D5F63656C6C2F6D756C5F3833000000FD
:1080D000020000000100000040000000CAC4FDFFD3
:1080E000000000011400000034000000170200002E
:1080F00000000009640000000CC4FDFF080000003F
:10810000140000000100000000000000000000005A
:1081100000000000010000000000003C36000000EC
:108120006D5F6D63755F6E65745F707265646963C2
:10813000746F722F676C6F62616C5F6C73746D2FFC
:108140006C73746D2F6C73746D5F63656C6C2F54FE
:10815000616E685F3535000002000000010000001C
:108160004000000052C5FDFF0000000114000000A7
:108170003400000016020000000000096400000046
:1081800094C4FDFF0800000014000000010000007E
:10819000E9FFFFFFFFFFFFFF0000000001000000FC
:1081A0008772FC3D350000006D5F6D63755F6E6525
:1081B000745F707265646963746F722F676C6F624D
:1081C000616C5F6C73746D2F6C73746D2F6C737452
:1081D0006D5F63656C6C2F6164645F353500000012
:1081E000020000000100000040000000DAC5FDFFB1
:1081F000000000011400000034000000150200001F
:1082000000000009640000001CC5FDFF080000001C
:108210001400000001000000E9FFFFFFFFFFFFFF67
:1082200000000000010000008772FC3D35000000E6
:108230006D5F6D63755F6E65745F707265646963B1
:10824000746F722F676C6F62616C5F6C73746D2FEB
:108250006C73746D2F6C73746D5F63656C6C2F6DD4
:10826000756C5F3831000000020000000100000062
:108270004000000062C6FDFF000000011400000085
:108280003400000014020000000000096400000037
:10829000A4C5FDFF0800000014000000010000005C
:1082A000FFFFFFFFFFFFFFFF0000000001000000D5
:1082B0000C24FA3B350000006D5F6D63755F6E65E1
:1082C000745F707265646963746F722F676C6F623C
:1082D000616C5F6C73746D2F6C73746D2F6C737441
:1082E0006D5F63656C6C2F6D756C5F3832000000DC
:1082F000020000000100000040000000EAC6FDFF8F
:10830000000000011400000034000000130200000F
:1083100000000009640000002CC6FDFF08000000FA
:108320001400000001000000000000000000000038
:1083300000000000010000000000003C36000000CA
:108340006D5F6D63755F6E65745F707265646963A0
:10835000746F722F676C6F62616C5F6C73746D2FDA
:108360006C73746D2F6C73746D5F63656C6C2F54DC
:10837000616E685F353400000200000001000000FB
:108380004000000072C7FDFF000000011400000063
:10839000300000001202000000000009640000002C
:1083A000B4C6FDFF0800000010000000010000003E
:1083B00080FFFFFFFFFFFFFF010000000000803B88
:1083C000390000006D5F6D63755F6E65745F70727C
:1083D00065646963746F722F676C6F62616C5F6C48
:1083E00073746D2F6C73746D2F6C73746D5F636534
:1083F0006C6C2F5369676D6F69645F3833000000E0
:10840000020000000100000040000000FAC7FDFF6C
:108410000000000114000000300000001102000004
:1084200000000009640000003CC7FDFF08000000D8
:10843000100000000100000080FFFFFFFFFFFFFFB2
:10844000010000000000803B390000006D5F6D639B
:10845000755F6E65745F707265646963746F722FA7
:10846000676C6F62616C5F6C73746D2F6C73746D8D
:108470002F6C73746D5F63656C6C2F5369676D6FE0
:1084800069645F3832000000020000000100000053
:108490004000000082C8FDFF000000011400000041
:1084A000300000001002000000000009640000001D
:1084B000C4C7FDFF0800000010000000010000001C
:1084C00080FFFFFFFFFFFFFF010000000000803B77
:1084D000390000006D5F6D63755F6E65745F70726B
:1084E00065646963746F722F676C6F62616C5F6C37
:1084F00073746D2F6C73746D2F6C73746D5F636523
:108500006C6C2F5369676D6F69645F3831000000D0
:108510000200000001000000400000000AC9FDFF49
:108520000000000114000000300000000F020000F5
:10853000000000090C0100004CC8FDFF080000000D
:108540001000000001000000060000000000000014
:1085500001000000299D703DE30000006D5F6D6328
:10856000755F6E65745F707265646963746F722F96
:10857000676C6F62616C5F6C73746D2F6C73746D7C
:108580002F6C73746D5F63656C6C2F73706C6974A2
:108590005F32373B6D5F6D63755F6E65745F7072E0
:1085A00065646963746F722F676C6F62616C5F6C76
:1085B00073746D2F6C73746D2F6C73746D5F636562
:1085C0006C6C2F73706C69745F3237313B6D5F6D0B
:1085D00063755F6E65745F707265646963746F72F2
:1085E0002F676C6F62616C5F6C73746D2F6C73744A
:1085F0006D2F6C73746D5F63656C6C2F73706C6939
:10860000745F3237323B6D5F6D63755F6E65745FAB
:10861000707265646963746F722F676C6F62616CEE
:108620005F6C73746D2F6C73746D2F6C73746D5FEE
:1086300063656C6C2F73706C69745F323733330011
:108640000200000001000000400000003ACAFDFFE7
:108650000000000114000000300000000E020000C5
:10866000000000090C0100007CC9FDFF08000000AB
:1086700010000000010000000600000000000000E3
:1086800001000000299D703DE30000006D5F6D63F7
:10869000755F6E65745F707265646963746F722F65
:1086A000676C6F62616C5F6C73746D2F6C73746D4B
:1086B0002F6C73746D5F63656C6C2F73706C697471
:1086C0005F32373B6D5F6D63755F6E65745F7072AF
:1086D00065646963746F722F676C6F62616C5F6C45
:1086E00073746D2F6C73746D2F6C73746D5F636531
:1086F0006C6C2F73706C69745F3237313B6D5F6DDA
:1087000063755F6E65745F707265646963746F72C0
:108710002F676C6F62616C5F6C73746D2F6C737418
:108720006D2F6C73746D5F63656C6C2F73706C6907
:10873000745F3237323B6D5F6D63755F6E65745F7A
:10874000707265646963746F722F676C6F62616CBD
:108750005F6C73746D2F6C73746D2F6C73746D5FBD
:1087600063656C6C2F73706C69745F3237333200E1
:108770000200000001000000400000006ACBFDFF85
:108780000000000114000000300000000D02000095
:10879000000000090C010000ACCAFDFF0800000049
:1087A00010000000010000000600000000000000B2
:1087B00001000000299D703DE30000006D5F6D63C6
:1087C000755F6E65745F707265646963746F722F34
:1087D000676C6F62616C5F6C73746D2F6C73746D1A
:1087E0002F6C73746D5F63656C6C2F73706C697440
:1087F0005F32373B6D5F6D63755F6E65745F70727E
:1088000065646963746F722F676C6F62616C5F6C13
:1088100073746D2F6C73746D2F6C73746D5F6365FF
:108820006C6C2F73706C69745F3237313B6D5F6DA8
:1088300063755F6E65745F707265646963746F728F
:108840002F676C6F62616C5F6C73746D2F6C7374E7
:108850006D2F6C73746D5F63656C6C2F73706C69D6
:10886000745F3237323B6D5F6D63755F6E65745F49
:10887000707265646963746F722F676C6F62616C8C
:108880005F6C73746D2F6C73746D2F6C73746D5F8C
:1088900063656C6C2F73706C69745F3237333100B1
:1088A0000200000001000000400000009ACCFDFF23
:1088B0000000000114000000300000000C02000065
:1088C000000000090C010000DCCBFDFF08000000E7
:1088D0001000000001000000060000000000000081
:1088E00001000000299D703DE20000006D5F6D6396
:1088F000755F6E65745F707265646963746F722F03
:10890000676C6F62616C5F6C73746D2F6C73746DE8
:108910002F6C73746D5F63656C6C2F73706C69740E
:108920005F32373B6D5F6D63755F6E65745F70724C
:1089300065646963746F722F676C6F62616C5F6CE2
:1089400073746D2F6C73746D2F6C73746D5F6365CE
:108950006C6C2F73706C69745F3237313B6D5F6D77
:1089600063755F6E65745F707265646963746F725E
:108970002F676C6F62616C5F6C73746D2F6C7374B6
:108980006D2F6C73746D5F63656C6C2F73706C69A5
:10899000745F3237323B6D5F6D63755F6E65745F18
:1089A000707265646963746F722F676C6F62616C5B
:1089B0005F6C73746D2F6C73746D2F6C73746D5F5B
:1089C00063656C6C2F73706C69745F3237330000B1
:1089D000020000000100000040000000CACDFDFFC1
:1089E0000000000114000000300000000B02000035
:1089F00000000009640000000CCDFDFF080000002D
:108A0000100000000100000006000000000000004F
:108A100001000000299D703D390000006D5F6D630D
:108A2000755F6E65745F707265646963746F722FD1
:108A3000676C6F62616C5F6C73746D2F6C73746DB7
:108A40002F6C73746D5F63656C6C2F426961734149
:108A500064645F3237000000020000000100000083
:108A60000001000052CEFDFF0000000114000000D4
:108A7000340000000A020000000000096400000049
:108A800094CDFDFF0800000014000000010000006C
:108A900006000000000000000000000001000000CF
:108AA000299D703D350000006D5F6D63755F6E65DB
:108AB000745F707265646963746F722F676C6F6244
:108AC000616C5F6C73746D2F6C73746D2F6C737449
:108AD0006D5F63656C6C2F6164645F35340000000A
:108AE000020000000100000000010000DACEFDFFDE
:108AF0000000000114000000300000000902000026
:108B000000000009640000001CCEFDFF080000000A
:108B100010000000010000000E0000000000000036
:108B2000010000008265253D380000006D5F6D6327
:108B3000755F6E65745F707265646963746F722FC0
:108B4000676C6F62616C5F6C73746D2F6C73746DA6
:108B50002F6C73746D5F63656C6C2F4D61744D7514
:108B60006C5F3535000000000200000001000000CD
:108B70000001000062CFFDFF0000000114000000B2
:108B8000340000000802000000000009640000003A
:108B9000A4CEFDFF0800000014000000010000004A
:108BA00000000000000000000000000001000000C4
:108BB000B546FE3B350000006D5F6D63755F6E6509
:108BC000745F707265646963746F722F676C6F6233
:108BD000616C5F6C73746D2F6C73746D2F6C737438
:108BE0006D5F63656C6C2F6D756C5F3830000000D5
:108BF000020000000100000040000000EACFFDFF7D
:108C00000000000114000000340000000702000012
:108C100000000009640000002CCFFDFF08000000E8
:108C2000140000000100000000000000000000002F
:108C300000000000010000000000003C36000000C1
:108C40006D5F6D63755F6E65745F70726564696397
:108C5000746F722F676C6F62616C5F6C73746D2FD1
:108C60006C73746D2F6C73746D5F63656C6C2F54D3
:108C7000616E685F353300000200000001000000F3
:108C80004000000072D0FDFF000000011400000051
:108C9000340000000602000000000009640000002B
:108CA000B4CFFDFF08000000140000000100000028
:108CB000EAFFFFFFFFFFFFFF0000000001000000D0
:108CC000EDBAF53D350000006D5F6D63755F6E6553
:108CD000745F707265646963746F722F676C6F6222
:108CE000616C5F6C73746D2F6C73746D2F6C737427
:108CF0006D5F63656C6C2F6164645F3533000000E9
:108D0000020000000100000040000000FAD0FDFF5A
:108D10000000000114000000340000000502000003
:108D200000000009640000003CD0FDFF08000000C6
:108D30001400000001000000EAFFFFFFFFFFFFFF3B
:108D40000000000001000000EDBAF53D3500000014
:108D50006D5F6D63755F6E65745F70726564696386
:108D6000746F722F676C6F62616C5F6C73746D2FC0
:108D70006C73746D2F6C73746D5F63656C6C2F6DA9
:108D8000756C5F3738000000020000000100000031
:108D90004000000082D1FDFF00000001140000002F
:108DA000340000000402000000000009640000001C
:108DB000C4D0FDFF08000000140000000100000006
:108DC000FFFFFFFFFFFFFFFF0000000001000000AA
:108DD000BC93FA3B350000006D5F6D63755F6E6597
:108DE000745F707265646963746F722F676C6F6211
:108DF000616C5F6C73746D2F6C73746D2F6C737416
:108E00006D5F63656C6C2F6D756C5F3739000000AA
:108E10000200000001000000400000000AD2FDFF37
:108E200000000001140000003400000003020000F4
:108E300000000009640000004CD1FDFF08000000A4
:108E4000140000000100000000000000000000000D
:108E500000000000010000000000003C360000009F
:108E60006D5F6D63755F6E65745F70726564696375
:108E7000746F722F676C6F62616C5F6C73746D2FAF
:108E80006C73746D2F6C73746D5F63656C6C2F54B1
:108E9000616E685F353200000200000001000000D2
:108EA0004000000092D2FDFF00000001140000000D
:108EB0003000000002020000000000096400000011
:108EC000D4D1FDFF080000001000000001000000E8
:108ED00080FFFFFFFFFFFFFF010000000000803B5D
:108EE000390000006D5F6D63755F6E65745F707251
:108EF00065646963746F722F676C6F62616C5F6C1D
:108F000073746D2F6C73746D2F6C73746D5F636508
:108F10006C6C2F5369676D6F69645F3830000000B7
:108F20000200000001000000400000001AD3FDFF15
:108F300000000001140000003000000001020000E9
:108F400000000009640000005CD2FDFF0800000082
:108F5000100000000100000080FFFFFFFFFFFFFF87
:108F6000010000000000803B390000006D5F6D6370
:108F7000755F6E65745F707265646963746F722F7C
:108F8000676C6F62616C5F6C73746D2F6C73746D62
:108F90002F6C73746D5F63656C6C2F5369676D6FB5
:108FA00069645F3739000000020000000100000022
:108FB00040000000A2D3FDFF0000000114000000EB
:108FC0003000000000020000000000096400000002
:108FD000E4D2FDFF080000001000000001000000C6
:108FE00080FFFFFFFFFFFFFF010000000000803B4C
:108FF000390000006D5F6D63755F6E65745F707240
:1090000065646963746F722F676C6F62616C5F6C0B
:1090100073746D2F6C73746D2F6C73746D5F6365F7
:109020006C6C2F5369676D6F69645F37380000009F
:109030000200000001000000400000002AD4FDFFF3
:10904000000000011400000030000000FF010000DB
:10905000000000090C0100006CD3FDFF08000000B7
:1090600010000000010000000100000000000000EE
:10907000010000007D63733DE30000006D5F6D63E0
:10908000755F6E65745F707265646963746F722F6B
:10909000676C6F62616C5F6C73746D2F6C73746D51
:1090A0002F6C73746D5F63656C6C2F73706C697477
:1090B0005F32363B6D5F6D63755F6E65745F7072B6
:1090C00065646963746F722F676C6F62616C5F6C4B
:1090D00073746D2F6C73746D2F6C73746D5F636537
:1090E0006C6C2F73706C69745F3236313B6D5F6DE1
:1090F00063755F6E65745F707265646963746F72C7
:109100002F676C6F62616C5F6C73746D2F6C73741E
:109110006D2F6C73746D5F63656C6C2F73706C690D
:10912000745F3236323B6D5F6D63755F6E65745F81
:10913000707265646963746F722F676C6F62616CC3
:109140005F6C73746D2F6C73746D2F6C73746D5FC3
:1091500063656C6C2F73706C69745F3236333300E7
:109160000200000001000000400000005AD5FDFF91
:10917000000000011400000030000000FE010000AB
:10918000000000090C0100009CD4FDFF0800000055
:1091900010000000010000000100000000000000BD
:1091A000010000007D63733DE30000006D5F6D63AF
:1091B000755F6E65745F707265646963746F722F3A
:1091C000676C6F62616C5F6C73746D2F6C73746D20
:1091D0002F6C73746D5F63656C6C2F73706C697446
:1091E0005F32363B6D5F6D63755F6E65745F707285
:1091F00065646963746F722F676C6F62616C5F6C1A
:1092000073746D2F6C73746D2F6C73746D5F636505
:109210006C6C2F73706C69745F3236313B6D5F6DAF
:1092200063755F6E65745F707265646963746F7295
:109230002F676C6F62616C5F6C73746D2F6C7374ED
:109240006D2F6C73746D5F63656C6C2F73706C69DC
:10925000745F3236323B6D5F6D63755F6E65745F50
:10926000707265646963746F722F676C6F62616C92
:109270005F6C73746D2F6C73746D2F6C73746D5F92
:1092800063656C6C2F73706C69745F3236333200B7
:109290000200000001000000400000008AD6FDFF2F
:1092A000000000011400000030000000FD0100007B
:1092B000000000090C010000CCD5FDFF08000000F3
:1092C000100000000100000001000000000000008C
:1092D000010000007D63733DE30000006D5F6D637E
:1092E000755F6E65745F707265646963746F722F09
:1092F000676C6F62616C5F6C73746D2F6C73746DEF
:109300002F6C73746D5F63656C6C2F73706C697414
:109310005F32363B6D5F6D63755F6E65745F707253
:1093200065646963746F722F676C6F62616C5F6CE8
:1093300073746D2F6C73746D2F6C73746D5F6365D4
:109340006C6C2F73706C69745F3236313B6D5F6D7E
:1093500063755F6E65745F707265646963746F7264
:109360002F676C6F62616C5F6C73746D2F6C7374BC
:109370006D2F6C73746D5F63656C6C2F73706C69AB
:10938000745F3236323B6D5F6D63755F6E65745F1F
:10939000707265646963746F722F676C6F62616C61
:1093A0005F6C73746D2F6C73746D2F6C73746D5F61
:1093B00063656C6C2F73706C69745F323633310087
:1093C000020000000100000040000000BAD7FDFFCD
:1093D000000000011400000030000000FC0100004B
:1093E000000000090C010000FCD6FDFF0800000091
:1093F000100000000100000001000000000000005B
:10940000010000007D63733DE20000006D5F6D634D
:10941000755F6E65745F707265646963746F722FD7
:10942000676C6F62616C5F6C73746D2F6C73746DBD
:109430002F6C73746D5F63656C6C2F73706C6974E3
:109440005F32363B6D5F6D63755F6E65745F707222
:1094500065646963746F722F676C6F62616C5F6CB7
:1094600073746D2F6C73746D2F6C73746D5F6365A3
:109470006C6C2F73706C69745F3236313B6D5F6D4D
:1094800063755F6E65745F707265646963746F7233
:109490002F676C6F62616C5F6C73746D2F6C73748B
:1094A0006D2F6C73746D5F63656C6C2F73706C697A
:1094B000745F3236323B6D5F6D63755F6E65745FEE
:1094C000707265646963746F722F676C6F62616C30
:1094D0005F6C73746D2F6C73746D2F6C73746D5F30
:1094E00063656C6C2F73706C69745F323633000087
:1094F000020000000100000040000000EAD8FDFF6B
:10950000000000011400000030000000FB0100001A
:1095100000000009640000002CD8FDFF08000000D6
:109520001000000001000000010000000000000029
:10953000010000007D63733D390000006D5F6D63C5
:10954000755F6E65745F707265646963746F722FA6
:10955000676C6F62616C5F6C73746D2F6C73746D8C
:109560002F6C73746D5F63656C6C2F42696173411E
:1095700064645F3236000000020000000100000059
:109580000001000072D9FDFF00000001140000007E
:1095900034000000FA01000000000009640000002F
:1095A000B4D8FDFF08000000140000000100000016
:1095B00001000000000000000000000001000000A9
:1095C0007D63733D350000006D5F6D63755F6E6593
:1095D000745F707265646963746F722F676C6F6219
:1095E000616C5F6C73746D2F6C73746D2F6C73741E
:1095F0006D5F63656C6C2F6164645F3532000000E1
:10960000020000000100000000010000FAD9FDFF87
:10961000000000011400000030000000F90100000B
:1096200000000009640000003CD9FDFF08000000B4
:109630001000000001000000110000000000000008
:109640000100000006C8273D380000006D5F6D6313
:10965000755F6E65745F707265646963746F722F95
:10966000676C6F62616C5F6C73746D2F6C73746D7B
:109670002F6C73746D5F63656C6C2F4D61744D75E9
:109680006C5F3533000000000200000001000000A4
:109690000001000082DAFDFF00000001140000005C
:1096A00034000000F8010000000000096400000020
:1096B000C4D9FDFF080000001400000001000000F4
:1096C0000000000000000000000000000100000099
:1096D000B546FE3B350000006D5F6D63755F6E65DE
:1096E000745F707265646963746F722F676C6F6208
:1096F000616C5F6C73746D2F6C73746D2F6C73740D
:109700006D5F63656C6C2F6D756C5F3737000000A3
:109710000200000001000000400000000ADBFDFF25
:10972000000000011400000034000000F7010000F8
:1097300000000009640000004CDAFDFF0800000092
:109740001400000001000000000000000000000004
:1097500000000000010000000000003C3600000096
:109760006D5F6D63755F6E65745F7072656469636C
:10977000746F722F676C6F62616C5F6C73746D2FA6
:109780006C73746D2F6C73746D5F63656C6C2F54A8
:10979000616E685F353100000200000001000000CA
:1097A0004000000092DBFDFF0000000114000000FB
:1097B00034000000F6010000000000096400000011
:1097C000D4DAFDFF080000001400000001000000D2
:1097D000E8FFFFFFFFFFFFFF0000000001000000A7
:1097E000DC93ED3D350000006D5F6D63755F6E6568
:1097F000745F707265646963746F722F676C6F62F7
:10980000616C5F6C73746D2F6C73746D2F6C7374FB
:109810006D5F63656C6C2F6164645F3531000000BF
:109820000200000001000000400000001ADCFDFF03
:10983000000000011400000034000000F5010000E9
:1098400000000009640000005CDBFDFF0800000070
:109850001400000001000000E8FFFFFFFFFFFFFF12
:109860000000000001000000DC93ED3D3500000029
:109870006D5F6D63755F6E65745F7072656469635B
:10988000746F722F676C6F62616C5F6C73746D2F95
:109890006C73746D2F6C73746D5F63656C6C2F6D7E
:1098A000756C5F3735000000020000000100000009
:1098B00040000000A2DCFDFF0000000114000000D9
:1098C00034000000F4010000000000096400000002
:1098D000E4DBFDFF080000001400000001000000B0
:1098E000FFFFFFFFFFFFFFFF00000000010000007F
:1098F000199AFA3B350000006D5F6D63755F6E6508
:10990000745F707265646963746F722F676C6F62E5
:10991000616C5F6C73746D2F6C73746D2F6C7374EA
:109920006D5F63656C6C2F6D756C5F373600000082
:109930000200000001000000400000002ADDFDFFE1
:10994000000000011400000034000000F3010000DA
:1099500000000009640000006CDCFDFF080000004E
:1099600014000000010000000000000000000000E2
:1099700000000000010000000000003C3600000074
:109980006D5F6D63755F6E65745F7072656469634A
:10999000746F722F676C6F62616C5F6C73746D2F84
:1099A0006C73746D2F6C73746D5F63656C6C2F5486
:1099B000616E685F353000000200000001000000A9
:1099C00040000000B2DDFDFF0000000114000000B7
:1099D00030000000F20100000000000964000000F7
:1099E000F4DCFDFF08000000100000000100000092
:1099F00080FFFFFFFFFFFFFF010000000000803B32
:109A0000390000006D5F6D63755F6E65745F707225
:109A100065646963746F722F676C6F62616C5F6CF1
:109A200073746D2F6C73746D2F6C73746D5F6365DD
:109A30006C6C2F5369676D6F69645F373700000086
:109A40000200000001000000400000003ADEFDFFBF
:109A5000000000011400000030000000F1010000CF
:109A600000000009640000007CDDFDFF080000002C
:109A7000100000000100000080FFFFFFFFFFFFFF5C
:109A8000010000000000803B390000006D5F6D6345
:109A9000755F6E65745F707265646963746F722F51
:109AA000676C6F62616C5F6C73746D2F6C73746D37
:109AB0002F6C73746D5F63656C6C2F5369676D6F8A
:109AC00069645F37360000000200000001000000FA
:109AD00040000000C2DEFDFF000000011400000095
:109AE00030000000F00100000000000964000000E8
:109AF00004DEFDFF0800000010000000010000006F
:109B000080FFFFFFFFFFFFFF010000000000803B20
:109B1000390000006D5F6D63755F6E65745F707214
:109B200065646963746F722F676C6F62616C5F6CE0
:109B300073746D2F6C73746D2F6C73746D5F6365CC
:109B40006C6C2F5369676D6F69645F373500000077
:109B50000200000001000000400000004ADFFDFF9D
:109B6000000000011400000030000000EF010000C0
:109B7000000000090C0100008CDEFDFF0800000061
:109B800010000000010000000100000000000000C3
:109B90000100000033996F3DE30000006D5F6D63CD
:109BA000755F6E65745F707265646963746F722F40
:109BB000676C6F62616C5F6C73746D2F6C73746D26
:109BC0002F6C73746D5F63656C6C2F73706C69744C
:109BD0005F32353B6D5F6D63755F6E65745F70728C
:109BE00065646963746F722F676C6F62616C5F6C20
:109BF00073746D2F6C73746D2F6C73746D5F63650C
:109C00006C6C2F73706C69745F3235313B6D5F6DB6
:109C100063755F6E65745F707265646963746F729B
:109C20002F676C6F62616C5F6C73746D2F6C7374F3
:109C30006D2F6C73746D5F63656C6C2F73706C69E2
:109C4000745F3235323B6D5F6D63755F6E65745F57
:109C5000707265646963746F722F676C6F62616C98
:109C60005F6C73746D2F6C73746D2F6C73746D5F98
:109C700063656C6C2F73706C69745F3235333300BD
:109C80000200000001000000400000007AE0FDFF3B
:109C9000000000011400000030000000EE01000090
:109CA000000000090C010000BCDFFDFF08000000FF
:109CB0001000000001000000010000000000000092
:109CC0000100000033996F3DE30000006D5F6D639C
:109CD000755F6E65745F707265646963746F722F0F
:109CE000676C6F62616C5F6C73746D2F6C73746DF5
:109CF0002F6C73746D5F63656C6C2F73706C69741B
:109D00005F32353B6D5F6D63755F6E65745F70725A
:109D100065646963746F722F676C6F62616C5F6CEE
:109D200073746D2F6C73746D2F6C73746D5F6365DA
:109D30006C6C2F73706C69745F3235313B6D5F6D85
:109D400063755F6E65745F707265646963746F726A
:109D50002F676C6F62616C5F6C73746D2F6C7374C2
:109D60006D2F6C73746D5F63656C6C2F73706C69B1
:109D7000745F3235323B6D5F6D63755F6E65745F26
:109D8000707265646963746F722F676C6F62616C67
:109D90005F6C73746D2F6C73746D2F6C73746D5F67
:109DA00063656C6C2F73706C69745F32353332008D
:109DB000020000000100000040000000AAE1FDFFD9
:109DC000000000011400000030000000ED01000060
:109DD000000000090C010000ECE0FDFF080000009D
:109DE0001000000001000000010000000000000061
:109DF0000100000033996F3DE30000006D5F6D636B
:109E0000755F6E65745F707265646963746F722FDD
:109E1000676C6F62616C5F6C73746D2F6C73746DC3
:109E20002F6C73746D5F63656C6C2F73706C6974E9
:109E30005F32353B6D5F6D63755F6E65745F707229
:109E400065646963746F722F676C6F62616C5F6CBD
:109E500073746D2F6C73746D2F6C73746D5F6365A9
:109E60006C6C2F73706C69745F3235313B6D5F6D54
:109E700063755F6E65745F707265646963746F7239
:109E80002F676C6F62616C5F6C73746D2F6C737491
:109E90006D2F6C73746D5F63656C6C2F73706C6980
:109EA000745F3235323B6D5F6D63755F6E65745FF5
:109EB000707265646963746F722F676C6F62616C36
:109EC0005F6C73746D2F6C73746D2F6C73746D5F36
:109ED00063656C6C2F73706C69745F32353331005D
:109EE000020000000100000040000000DAE2FDFF77
:109EF000000000011400000030000000EC01000030
:109F0000000000090C0100001CE2FDFF0800000039
:109F1000100000000100000001000000000000002F
:109F20000100000033996F3DE20000006D5F6D633A
:109F3000755F6E65745F707265646963746F722FAC
:109F4000676C6F62616C5F6C73746D2F6C73746D92
:109F50002F6C73746D5F63656C6C2F73706C6974B8
:109F60005F32353B6D5F6D63755F6E65745F7072F8
:109F700065646963746F722F676C6F62616C5F6C8C
:109F800073746D2F6C73746D2F6C73746D5F636578
:109F90006C6C2F73706C69745F3235313B6D5F6D23
:109FA00063755F6E65745F707265646963746F7208
:109FB0002F676C6F62616C5F6C73746D2F6C737460
:109FC0006D2F6C73746D5F63656C6C2F73706C694F
:109FD000745F3235323B6D5F6D63755F6E65745FC4
:109FE000707265646963746F722F676C6F62616C05
:109FF0005F6C73746D2F6C73746D2F6C73746D5F05
:10A0000063656C6C2F73706C69745F32353300005C
:10A010000200000001000000400000000AE4FDFF13
:10A02000000000011400000030000000EB010000FF
:10A0300000000009640000004CE3FDFF0800000080
:10A0400010000000010000000100000000000000FE
:10A050000100000033996F3D390000006D5F6D63B2
:10A06000755F6E65745F707265646963746F722F7B
:10A07000676C6F62616C5F6C73746D2F6C73746D61
:10A080002F6C73746D5F63656C6C2F4269617341F3
:10A0900064645F323500000002000000010000002F
:10A0A0000001000092E4FDFF000000011400000028
:10A0B00034000000EA010000000000096400000014
:10A0C000D4E3FDFF080000001400000001000000C0
:10A0D000010000000000000000000000010000007E
:10A0E00033996F3D350000006D5F6D63755F6E6580
:10A0F000745F707265646963746F722F676C6F62EE
:10A10000616C5F6C73746D2F6C73746D2F6C7374F2
:10A110006D5F63656C6C2F6164645F3530000000B7
:10A120000200000001000000000100001AE5FDFF30
:10A13000000000011400000030000000E9010000F0
:10A1400000000009640000005CE4FDFF080000005E
:10A1500010000000010000001400000000000000DA
:10A160000100000078AE273D380000006D5F6D6390
:10A17000755F6E65745F707265646963746F722F6A
:10A18000676C6F62616C5F6C73746D2F6C73746D50
:10A190002F6C73746D5F63656C6C2F4D61744D75BE
:10A1A0006C5F35310000000002000000010000007B
:10A1B00000010000A2E5FDFF000000011400000006
:10A1C00034000000E8010000000000096400000005
:10A1D000E4E4FDFF0800000014000000010000009E
:10A1E000000000000000000000000000010000006E
:10A1F000B546FE3B350000006D5F6D63755F6E65B3
:10A20000745F707265646963746F722F676C6F62DC
:10A21000616C5F6C73746D2F6C73746D2F6C7374E1
:10A220006D5F63656C6C2F6D756C5F37340000007B
:10A230000200000001000000400000002AE6FDFFCF
:10A24000000000011400000034000000E7010000DD
:10A2500000000009640000006CE5FDFF080000003C
:10A2600014000000010000000000000000000000D9
:10A2700000000000010000000000003C360000006B
:10A280006D5F6D63755F6E65745F70726564696341
:10A29000746F722F676C6F62616C5F6C73746D2F7B
:10A2A0006C73746D2F6C73746D5F63656C6C2F547D
:10A2B000616E685F34390000020000000100000098
:10A2C00040000000B2E6FDFF0000000114000000A5
:10A2D00034000000E60100000000000964000000F6
:10A2E000F4E5FDFF0800000014000000010000007C
:10A2F000E9FFFFFFFFFFFFFF00000000010000007B
:10A30000D6F1E63D350000006D5F6D63755F6E65EB
:10A31000745F707265646963746F722F676C6F62CB
:10A32000616C5F6C73746D2F6C73746D2F6C7374D0
:10A330006D5F63656C6C2F6164645F34390000008D
:10A340000200000001000000400000003AE7FDFFAD
:10A35000000000011400000034000000E5010000CE
:10A3600000000009640000007CE6FDFF080000001A
:10A370001400000001000000E9FFFFFFFFFFFFFFE6
:10A380000000000001000000A1F2E63D35000000E1
:10A390006D5F6D63755F6E65745F70726564696330
:10A3A000746F722F676C6F62616C5F6C73746D2F6A
:10A3B0006C73746D2F6C73746D5F63656C6C2F6D53
:10A3C000756C5F37320000000200000001000000E1
:10A3D00040000000C2E7FDFF000000011400000083
:10A3E00034000000E40100000000000964000000E7
:10A3F00004E7FDFF08000000140000000100000059
:10A40000FFFFFFFFFFFFFFFF000000000100000053
:10A4100028ABF93B350000006D5F6D63755F6E65BD
:10A42000745F707265646963746F722F676C6F62BA
:10A43000616C5F6C73746D2F6C73746D2F6C7374BF
:10A440006D5F63656C6C2F6D756C5F37330000005A
:10A450000200000001000000400000004AE8FDFF8B
:10A46000000000011400000034000000E3010000BF
:10A4700000000009640000008CE7FDFF08000000F8
:10A4800014000000010000000000000000000000B7
:10A4900000000000010000000000003C3600000049
:10A4A0006D5F6D63755F6E65745F7072656469631F
:10A4B000746F722F676C6F62616C5F6C73746D2F59
:10A4C0006C73746D2F6C73746D5F63656C6C2F545B
:10A4D000616E685F34380000020000000100000077
:10A4E00040000000D2E8FDFF000000011400000061
:10A4F00030000000E20100000000000964000000DC
:10A5000014E8FDFF0800000010000000010000003A
:10A5100080FFFFFFFFFFFFFF010000000000803B06
:10A52000390000006D5F6D63755F6E65745F7072FA
:10A5300065646963746F722F676C6F62616C5F6CC6
:10A5400073746D2F6C73746D2F6C73746D5F6365B2
:10A550006C6C2F5369676D6F69645F37340000005E
:10A560000200000001000000400000005AE9FDFF69
:10A57000000000011400000030000000E1010000B4
:10A5800000000009640000009CE8FDFF08000000D6
:10A59000100000000100000080FFFFFFFFFFFFFF31
:10A5A000010000000000803B390000006D5F6D631A
:10A5B000755F6E65745F707265646963746F722F26
:10A5C000676C6F62616C5F6C73746D2F6C73746D0C
:10A5D0002F6C73746D5F63656C6C2F5369676D6F5F
:10A5E00069645F37330000000200000001000000D2
:10A5F00040000000E2E9FDFF00000001140000003F
:10A6000030000000E00100000000000964000000CC
:10A6100024E9FDFF08000000100000000100000018
:10A6200080FFFFFFFFFFFFFF010000000000803BF5
:10A63000390000006D5F6D63755F6E65745F7072E9
:10A6400065646963746F722F676C6F62616C5F6CB5
:10A6500073746D2F6C73746D2F6C73746D5F6365A1
:10A660006C6C2F5369676D6F69645F37320000004F
:10A670000200000001000000400000006AEAFDFF47
:10A68000000000011400000030000000DF010000A5
:10A69000000000090C010000ACE9FDFF080000000B
:10A6A0001000000001000000010000000000000098
:10A6B000010000003DD1703DE30000006D5F6D635F
:10A6C000755F6E65745F707265646963746F722F15
:10A6D000676C6F62616C5F6C73746D2F6C73746DFB
:10A6E0002F6C73746D5F63656C6C2F73706C697421
:10A6F0005F32343B6D5F6D63755F6E65745F707262
:10A7000065646963746F722F676C6F62616C5F6CF4
:10A7100073746D2F6C73746D2F6C73746D5F6365E0
:10A720006C6C2F73706C69745F3234313B6D5F6D8C
:10A7300063755F6E65745F707265646963746F7270
:10A740002F676C6F62616C5F6C73746D2F6C7374C8
:10A750006D2F6C73746D5F63656C6C2F73706C69B7
:10A76000745F3234323B6D5F6D63755F6E65745F2D
:10A77000707265646963746F722F676C6F62616C6D
:10A780005F6C73746D2F6C73746D2F6C73746D5F6D
:10A7900063656C6C2F73706C69745F323433330093
:10A7A0000200000001000000400000009AEBFDFFE5
:10A7B000000000011400000030000000DE01000075
:10A7C000000000090C010000DCEAFDFF08000000A9
:10A7D0001000000001000000010000000000000067
:10A7E000010000003DD1703DE30000006D5F6D632E
:10A7F000755F6E65745F707265646963746F722FE4
:10A80000676C6F62616C5F6C73746D2F6C73746DC9
:10A810002F6C73746D5F63656C6C2F73706C6974EF
:10A820005F32343B6D5F6D63755F6E65745F707230
:10A8300065646963746F722F676C6F62616C5F6CC3
:10A8400073746D2F6C73746D2F6C73746D5F6365AF
:10A850006C6C2F73706C69745F3234313B6D5F6D5B
:10A8600063755F6E65745F707265646963746F723F
:10A870002F676C6F62616C5F6C73746D2F6C737497
:10A880006D2F6C73746D5F63656C6C2F73706C6986
:10A89000745F3234323B6D5F6D63755F6E65745FFC
:10A8A000707265646963746F722F676C6F62616C3C
:10A8B0005F6C73746D2F6C73746D2F6C73746D5F3C
:10A8C00063656C6C2F73706C69745F323433320063
:10A8D000020000000100000040000000CAECFDFF83
:10A8E000000000011400000030000000DD01000045
:10A8F000000000090C0100000CECFDFF0800000046
:10A900001000000001000000010000000000000035
:10A91000010000003DD1703DE30000006D5F6D63FC
:10A92000755F6E65745F707265646963746F722FB2
:10A93000676C6F62616C5F6C73746D2F6C73746D98
:10A940002F6C73746D5F63656C6C2F73706C6974BE
:10A950005F32343B6D5F6D63755F6E65745F7072FF
:10A9600065646963746F722F676C6F62616C5F6C92
:10A9700073746D2F6C73746D2F6C73746D5F63657E
:10A980006C6C2F73706C69745F3234313B6D5F6D2A
:10A9900063755F6E65745F707265646963746F720E
:10A9A0002F676C6F62616C5F6C73746D2F6C737466
:10A9B0006D2F6C73746D5F63656C6C2F73706C6955
:10A9C000745F3234323B6D5F6D63755F6E65745FCB
:10A9D000707265646963746F722F676C6F62616C0B
:10A9E0005F6C73746D2F6C73746D2F6C73746D5F0B
:10A9F00063656C6C2F73706C69745F323433310033
:10AA0000020000000100000040000000FAEDFDFF20
:10AA1000000000011400000030000000DC01000014
:10AA2000000000090C0100003CEDFDFF08000000E3
:10AA30001000000001000000010000000000000004
:10AA4000010000003DD1703DE20000006D5F6D63CC
:10AA5000755F6E65745F707265646963746F722F81
:10AA6000676C6F62616C5F6C73746D2F6C73746D67
:10AA70002F6C73746D5F63656C6C2F73706C69748D
:10AA80005F32343B6D5F6D63755F6E65745F7072CE
:10AA900065646963746F722F676C6F62616C5F6C61
:10AAA00073746D2F6C73746D2F6C73746D5F63654D
:10AAB0006C6C2F73706C69745F3234313B6D5F6DF9
:10AAC00063755F6E65745F707265646963746F72DD
:10AAD0002F676C6F62616C5F6C73746D2F6C737435
:10AAE0006D2F6C73746D5F63656C6C2F73706C6924
:10AAF000745F3234323B6D5F6D63755F6E65745F9A
:10AB0000707265646963746F722F676C6F62616CD9
:10AB10005F6C73746D2F6C73746D2F6C73746D5FD9
:10AB200063656C6C2F73706C69745F323433000032
:10AB30000200000001000000400000002AEFFDFFBD
:10AB4000000000011400000030000000DB010000E4
:10AB500000000009640000006CEEFDFF080000002A
:10AB600010000000010000000100000000000000D3
:10AB7000010000003DD1703D390000006D5F6D6344
:10AB8000755F6E65745F707265646963746F722F50
:10AB9000676C6F62616C5F6C73746D2F6C73746D36
:10ABA0002F6C73746D5F63656C6C2F4269617341C8
:10ABB00064645F3234000000020000000100000005
:10ABC00000010000B2EFFDFF0000000114000000D2
:10ABD00034000000DA0100000000000964000000F9
:10ABE000F4EEFDFF0800000014000000010000006A
:10ABF0000100000000000000000000000100000053
:10AC00003DD1703D350000006D5F6D63755F6E6511
:10AC1000745F707265646963746F722F676C6F62C2
:10AC2000616C5F6C73746D2F6C73746D2F6C7374C7
:10AC30006D5F63656C6C2F6164645F343800000085
:10AC40000200000001000000000100003AF0FDFFDA
:10AC5000000000011400000030000000D9010000D5
:10AC600000000009640000007CEFFDFF0800000008
:10AC700010000000010000001700000000000000AC
:10AC8000010000003262263D380000006D5F6D63F8
:10AC9000755F6E65745F707265646963746F722F3F
:10ACA000676C6F62616C5F6C73746D2F6C73746D25
:10ACB0002F6C73746D5F63656C6C2F4D61744D7593
:10ACC0006C5F343900000000020000000100000049
:10ACD00000010000C2F0FDFF0000000114000000B0
:10ACE00034000000D80100000000000964000000EA
:10ACF00004F0FDFF08000000140000000100000047
:10AD00000000000000000000000000000100000042
:10AD1000B546FE3B350000006D5F6D63755F6E6587
:10AD2000745F707265646963746F722F676C6F62B1
:10AD3000616C5F6C73746D2F6C73746D2F6C7374B6
:10AD40006D5F63656C6C2F6D756C5F373100000053
:10AD50000200000001000000400000004AF1FDFF79
:10AD6000000000011400000034000000D7010000C2
:10AD700000000009640000008CF0FDFF08000000E6
:10AD800014000000010000000000000000000000AE
:10AD900000000000010000000000003C3600000040
:10ADA0006D5F6D63755F6E65745F70726564696316
:10ADB000746F722F676C6F62616C5F6C73746D2F50
:10ADC0006C73746D2F6C73746D5F63656C6C2F5452
:10ADD000616E685F3437000002000000010000006F
:10ADE00040000000D2F1FDFF00000001140000004F
:10ADF00034000000D60100000000000964000000DB
:10AE000014F1FDFF08000000140000000100000024
:10AE1000EDFFFFFFFFFFFFFF00000000010000004B
:10AE2000B715E33D350000006D5F6D63755F6E65BE
:10AE3000745F707265646963746F722F676C6F62A0
:10AE4000616C5F6C73746D2F6C73746D2F6C7374A5
:10AE50006D5F63656C6C2F6164645F343700000064
:10AE60000200000001000000400000005AF2FDFF57
:10AE7000000000011400000034000000D5010000B3
:10AE800000000009640000009CF1FDFF08000000C4
:10AE90001400000001000000EDFFFFFFFFFFFFFFB7
:10AEA0000000000001000000B715E33D3500000080
:10AEB0006D5F6D63755F6E65745F70726564696305
:10AEC000746F722F676C6F62616C5F6C73746D2F3F
:10AED0006C73746D2F6C73746D5F63656C6C2F6D28
:10AEE000756C5F36390000000200000001000000B0
:10AEF00040000000E2F2FDFF00000001140000002D
:10AF000034000000D40100000000000964000000CB
:10AF100024F2FDFF08000000140000000100000002
:10AF2000FFFFFFFFFFFFFFFF000000000100000028
:10AF30006D95F83B350000006D5F6D63755F6E6564
:10AF4000745F707265646963746F722F676C6F628F
:10AF5000616C5F6C73746D2F6C73746D2F6C737494
:10AF60006D5F63656C6C2F6D756C5F373000000032
:10AF70000200000001000000400000006AF3FDFF35
:10AF8000000000011400000034000000D3010000A4
:10AF90000000000964000000ACF2FDFF08000000A2
:10AFA000140000000100000000000000000000008C
:10AFB00000000000010000000000003C360000001E
:10AFC0006D5F6D63755F6E65745F707265646963F4
:10AFD000746F722F676C6F62616C5F6C73746D2F2E
:10AFE0006C73746D2F6C73746D5F63656C6C2F5430
:10AFF000616E685F3436000002000000010000004E
:10B0000040000000F2F3FDFF00000001140000000A
:10B0100030000000D20100000000000964000000C0
:10B0200034F3FDFF080000001000000001000000E4
:10B0300080FFFFFFFFFFFFFF010000000000803BDB
:10B04000390000006D5F6D63755F6E65745F7072CF
:10B0500065646963746F722F676C6F62616C5F6C9B
:10B0600073746D2F6C73746D2F6C73746D5F636587
:10B070006C6C2F5369676D6F69645F373100000036
:10B080000200000001000000400000007AF4FDFF13
:10B09000000000011400000030000000D101000099
:10B0A0000000000964000000BCF3FDFF0800000080
:10B0B000100000000100000080FFFFFFFFFFFFFF06
:10B0C000010000000000803B390000006D5F6D63EF
:10B0D000755F6E65745F707265646963746F722FFB
:10B0E000676C6F62616C5F6C73746D2F6C73746DE1
:10B0F0002F6C73746D5F63656C6C2F5369676D6F34
:10B1000069645F37300000000200000001000000A9
:10B110004000000002F5FDFF0000000114000000E7
:10B1200030000000D00100000000000964000000B1
:10B1300044F4FDFF080000001000000001000000C2
:10B1400080FFFFFFFFFFFFFF010000000000803BCA
:10B15000390000006D5F6D63755F6E65745F7072BE
:10B1600065646963746F722F676C6F62616C5F6C8A
:10B1700073746D2F6C73746D2F6C73746D5F636576
:10B180006C6C2F5369676D6F69645F36390000001E
:10B190000200000001000000400000008AF5FDFFF1
:10B1A000000000011400000034000000CF01000086
:10B1B0000000000914010000CCF4FDFF08000000AD
:10B1C0001400000001000000030000000000000067
:10B1D000000000000100000060AC703DE4000000D1
:10B1E0006D5F6D63755F6E65745F707265646963D2
:10B1F000746F722F676C6F62616C5F6C73746D2F0C
:10B200006C73746D2F6C73746D5F63656C6C2F73EE
:10B21000706C69745F3233313B6D5F6D63755F6E67
:10B2200065745F707265646963746F722F676C6FA9
:10B2300062616C5F6C73746D2F6C73746D2F6C73C3
:10B24000746D5F63656C6C2F73706C69745F3233FF
:10B25000323B6D5F6D63755F6E65745F70726564C0
:10B260006963746F722F676C6F62616C5F6C73746B
:10B270006D2F6C73746D2F6C73746D5F63656C6C84
:10B280002F73706C69745F3233333B6D5F6D637520
:10B290005F6E65745F707265646963746F722F6747
:10B2A0006C6F62616C5F6C73746D2F6C73746D2F57
:10B2B0006C73746D5F63656C6C2F73706C69745F15
:10B2C00032333433000000000200000001000000AF
:10B2D00040000000C2F6FDFF000000011400000065
:10B2E00034000000CE01000000000009140100003D
:10B2F00004F6FDFF0800000014000000010000003B
:10B300000300000000000000000000000100000039
:10B3100060AC703DE40000006D5F6D63755F6E654D
:10B32000745F707265646963746F722F676C6F62AB
:10B33000616C5F6C73746D2F6C73746D2F6C7374B0
:10B340006D5F63656C6C2F73706C69745F32333141
:10B350003B6D5F6D63755F6E65745F707265646988
:10B3600063746F722F676C6F62616C5F6C73746D66
:10B370002F6C73746D2F6C73746D5F63656C6C2FC1
:10B3800073706C69745F3233323B6D5F6D63755FF0
:10B390006E65745F707265646963746F722F676C39
:10B3A0006F62616C5F6C73746D2F6C73746D2F6C56
:10B3B00073746D5F63656C6C2F73706C69745F324E
:10B3C00033333B6D5F6D63755F6E65745F7072657F
:10B3D000646963746F722F676C6F62616C5F6C730A
:10B3E000746D2F6C73746D2F6C73746D5F63656C0B
:10B3F0006C2F73706C69745F32333432000000005C
:10B40000020000000100000040000000FAF7FDFF0C
:10B41000000000011400000034000000CD01000015
:10B4200000000009140100003CF7FDFF08000000C7
:10B4300014000000010000000300000000000000F4
:10B44000000000000100000060AC703DE40000005E
:10B450006D5F6D63755F6E65745F7072656469635F
:10B46000746F722F676C6F62616C5F6C73746D2F99
:10B470006C73746D2F6C73746D5F63656C6C2F737C
:10B48000706C69745F3233313B6D5F6D63755F6EF5
:10B4900065745F707265646963746F722F676C6F37
:10B4A00062616C5F6C73746D2F6C73746D2F6C7351
:10B4B000746D5F63656C6C2F73706C69745F32338D
:10B4C000323B6D5F6D63755F6E65745F707265644E
:10B4D0006963746F722F676C6F62616C5F6C7374F9
:10B4E0006D2F6C73746D2F6C73746D5F63656C6C12
:10B4F0002F73706C69745F3233333B6D5F6D6375AE
:10B500005F6E65745F707265646963746F722F67D4
:10B510006C6F62616C5F6C73746D2F6C73746D2FE4
:10B520006C73746D5F63656C6C2F73706C69745FA2
:10B53000323334310000000002000000010000003E
:10B540004000000032F9FDFF00000001140000007F
:10B5500030000000CC010000000000090C010000D8
:10B5600074F8FDFF0800000010000000010000005A
:10B5700003000000000000000100000060AC703D0E
:10B58000E30000006D5F6D63755F6E65745F7072E0
:10B5900065646963746F722F676C6F62616C5F6C56
:10B5A00073746D2F6C73746D2F6C73746D5F636542
:10B5B0006C6C2F73706C69745F3233313B6D5F6DEF
:10B5C00063755F6E65745F707265646963746F72D2
:10B5D0002F676C6F62616C5F6C73746D2F6C73742A
:10B5E0006D2F6C73746D5F63656C6C2F73706C6919
:10B5F000745F3233323B6D5F6D63755F6E65745F90
:10B60000707265646963746F722F676C6F62616CCE
:10B610005F6C73746D2F6C73746D2F6C73746D5FCE
:10B6200063656C6C2F73706C69745F3233333B6D80
:10B630005F6D63755F6E65745F7072656469637476
:10B640006F722F676C6F62616C5F6C73746D2F6CBF
:10B6500073746D2F6C73746D5F63656C6C2F737096
:10B660006C69745F32333400020000000100000096
:10B670004000000062FAFDFF00000001140000001D
:10B6800030000000CB010000000000096400000051
:10B69000A4F9FDFF080000001000000001000000F8
:10B6A00003000000000000000100000060AC703DDD
:10B6B000390000006D5F6D63755F6E65745F707259
:10B6C00065646963746F722F676C6F62616C5F6C25
:10B6D00073746D2F6C73746D2F6C73746D5F636511
:10B6E0006C6C2F426961734164645F323300000007
:10B6F000020000000100000000010000EAFAFDFF66
:10B70000000000011400000034000000CA01000025
:10B7100000000009640000002CFAFDFF0800000092
:10B720001400000001000000030000000000000001
:10B73000000000000100000060AC703D350000001A
:10B740006D5F6D63755F6E65745F7072656469636C
:10B75000746F722F676C6F62616C5F6C73746D2FA6
:10B760006C73746D2F6C73746D5F63656C6C2F619B
:10B7700064645F3436000000020000000100000035
:10B780000001000072FBFDFF00000001140000003A
:10B7900030000000C9010000000000096400000042
:10B7A000B4FAFDFF080000001000000001000000D6
:10B7B0001A0000000000000001000000F4A7243D72
:10B7C000380000006D5F6D63755F6E65745F707249
:10B7D00065646963746F722F676C6F62616C5F6C14
:10B7E00073746D2F6C73746D2F6C73746D5F636500
:10B7F0006C6C2F4D61744D756C5F34370000000028
:10B80000020000000100000000010000FAFBFDFF43
:10B81000000000011400000034000000C801000016
:10B8200000000009640000003CFBFDFF0800000070
:10B8300014000000010000000000000000000000F3
:10B840000000000001000000B546FE3B350000008E
:10B850006D5F6D63755F6E65745F7072656469635B
:10B86000746F722F676C6F62616C5F6C73746D2F95
:10B870006C73746D2F6C73746D5F63656C6C2F6D7E
:10B88000756C5F3638000000020000000100000007
:10B890004000000082FCFDFF0000000114000000D9
:10B8A00034000000C701000000000009640000002F
:10B8B000C4FBFDFF080000001400000001000000B0
:10B8C0000000000000000000000000000100000077
:10B8D0000000003C360000006D5F6D63755F6E65B3
:10B8E000745F707265646963746F722F676C6F62E6
:10B8F000616C5F6C73746D2F6C73746D2F6C7374EB
:10B900006D5F63656C6C2F54616E685F3435000049
:10B910000200000001000000400000000AFDFDFFE1
:10B92000000000011400000034000000C601000007
:10B9300000000009640000004CFCFDFF080000004E
:10B940001400000001000000ECFFFFFFFFFFFFFFFD
:10B95000000000000100000016DEDC3D35000000A4
:10B960006D5F6D63755F6E65745F7072656469634A
:10B97000746F722F676C6F62616C5F6C73746D2F84
:10B980006C73746D2F6C73746D5F63656C6C2F6179
:10B9900064645F3435000000020000000100000014
:10B9A0004000000092FDFDFF0000000114000000B7
:10B9B00034000000C5010000000000096400000020
:10B9C000D4FCFDFF0800000014000000010000008E
:10B9D000ECFFFFFFFFFFFFFF000000000100000081
:10B9E00016DEDC3D350000006D5F6D63755F6E65D2
:10B9F000745F707265646963746F722F676C6F62D5
:10BA0000616C5F6C73746D2F6C73746D2F6C7374D9
:10BA10006D5F63656C6C2F6D756C5F363600000072
:10BA20000200000001000000400000001AFEFDFFBF
:10BA3000000000011400000034000000C4010000F8
:10BA400000000009640000005CFDFDFF080000002C
:10BA500014000000010000000000000000000000D1
:10BA600000000000010000008D52F93B350000008D
:10BA70006D5F6D63755F6E65745F70726564696339
:10BA8000746F722F676C6F62616C5F6C73746D2F73
:10BA90006C73746D2F6C73746D5F63656C6C2F6D5C
:10BAA000756C5F36370000000200000001000000E6
:10BAB00040000000A2FEFDFF000000011400000095
:10BAC00034000000C3010000000000096400000011
:10BAD000E4FDFDFF0800000014000000010000006C
:10BAE0000000000000000000000000000100000055
:10BAF0000000003C360000006D5F6D63755F6E6591
:10BB0000745F707265646963746F722F676C6F62C3
:10BB1000616C5F6C73746D2F6C73746D2F6C7374C8
:10BB20006D5F63656C6C2F54616E685F3434000028
:10BB30000200000001000000400000002AFFFDFF9D
:10BB4000000000011400000030000000C2010000ED
:10BB500000000009640000006CFEFDFF080000000A
:10BB6000100000000100000080FFFFFFFFFFFFFF4B
:10BB7000010000000000803B390000006D5F6D6334
:10BB8000755F6E65745F707265646963746F722F40
:10BB9000676C6F62616C5F6C73746D2F6C73746D26
:10BBA0002F6C73746D5F63656C6C2F5369676D6F79
:10BBB00069645F36380000000200000001000000E8
:10BBC00040000000B2FFFDFF000000011400000073
:10BBD00030000000C1010000000000096400000006
:10BBE000F4FEFDFF0800000010000000010000004E
:10BBF00080FFFFFFFFFFFFFF010000000000803B10
:10BC0000390000006D5F6D63755F6E65745F707203
:10BC100065646963746F722F676C6F62616C5F6CCF
:10BC200073746D2F6C73746D2F6C73746D5F6365BB
:10BC30006C6C2F5369676D6F69645F363700000065
:10BC40000200000001000000400000003A00FEFF7A
:10BC5000000000011400000030000000C0010000DE
:10BC600000000009640000007CFFFDFF08000000E8
:10BC7000100000000100000080FFFFFFFFFFFFFF3A
:10BC8000010000000000803B390000006D5F6D6323
:10BC9000755F6E65745F707265646963746F722F2F
:10BCA000676C6F62616C5F6C73746D2F6C73746D15
:10BCB0002F6C73746D5F63656C6C2F5369676D6F68
:10BCC00069645F36360000000200000001000000D9
:10BCD00040000000C200FEFF000000011400000050
:10BCE00034000000BF010000000000091401000042
:10BCF0000400FEFF08000000140000000100000026
:10BD0000070000000000000000000000010000002B
:10BD1000A54A693DE40000006D5F6D63755F6E6567
:10BD2000745F707265646963746F722F676C6F62A1
:10BD3000616C5F6C73746D2F6C73746D2F6C7374A6
:10BD40006D5F63656C6C2F73706C69745F32323138
:10BD50003B6D5F6D63755F6E65745F70726564697E
:10BD600063746F722F676C6F62616C5F6C73746D5C
:10BD70002F6C73746D2F6C73746D5F63656C6C2FB7
:10BD800073706C69745F3232323B6D5F6D63755FE7
:10BD90006E65745F707265646963746F722F676C2F
:10BDA0006F62616C5F6C73746D2F6C73746D2F6C4C
:10BDB00073746D5F63656C6C2F73706C69745F3244
:10BDC00032333B6D5F6D63755F6E65745F70726576
:10BDD000646963746F722F676C6F62616C5F6C7300
:10BDE000746D2F6C73746D2F6C73746D5F63656C01
:10BDF0006C2F73706C69745F323234330000000052
:10BE0000020000000100000040000000FA01FEFFF7
:10BE1000000000011400000034000000BE0100001A
:10BE200000000009140100003C01FEFF08000000B2
:10BE300014000000010000000700000000000000E6
:10BE40000000000001000000A54A693DE400000078
:10BE50006D5F6D63755F6E65745F70726564696355
:10BE6000746F722F676C6F62616C5F6C73746D2F8F
:10BE70006C73746D2F6C73746D5F63656C6C2F7372
:10BE8000706C69745F3232313B6D5F6D63755F6EEC
:10BE900065745F707265646963746F722F676C6F2D
:10BEA00062616C5F6C73746D2F6C73746D2F6C7347
:10BEB000746D5F63656C6C2F73706C69745F323284
:10BEC000323B6D5F6D63755F6E65745F7072656444
:10BED0006963746F722F676C6F62616C5F6C7374EF
:10BEE0006D2F6C73746D2F6C73746D5F63656C6C08
:10BEF0002F73706C69745F3232333B6D5F6D6375A5
:10BF00005F6E65745F707265646963746F722F67CA
:10BF10006C6F62616C5F6C73746D2F6C73746D2FDA
:10BF20006C73746D5F63656C6C2F73706C69745F98
:10BF30003232343200000000020000000100000034
:10BF4000400000003203FEFF00000001140000006A
:10BF500034000000BD0100000000000914010000D1
:10BF60007402FEFF08000000140000000100000041
:10BF700007000000000000000000000001000000B9
:10BF8000A54A693DE40000006D5F6D63755F6E65F5
:10BF9000745F707265646963746F722F676C6F622F
:10BFA000616C5F6C73746D2F6C73746D2F6C737434
:10BFB0006D5F63656C6C2F73706C69745F323231C6
:10BFC0003B6D5F6D63755F6E65745F70726564690C
:10BFD00063746F722F676C6F62616C5F6C73746DEA
:10BFE0002F6C73746D2F6C73746D5F63656C6C2F45
:10BFF00073706C69745F3232323B6D5F6D63755F75
:10C000006E65745F707265646963746F722F676CBC
:10C010006F62616C5F6C73746D2F6C73746D2F6CD9
:10C0200073746D5F63656C6C2F73706C69745F32D1
:10C0300032333B6D5F6D63755F6E65745F70726503
:10C04000646963746F722F676C6F62616C5F6C738D
:10C05000746D2F6C73746D2F6C73746D5F63656C8E
:10C060006C2F73706C69745F3232343100000000E1
:10C070000200000001000000400000006A04FEFF12
:10C08000000000011400000030000000BC010000AE
:10C09000000000090C010000AC03FEFF08000000D6
:10C0A0001000000001000000070000000000000078
:10C0B00001000000A54A693DE30000006D5F6D636B
:10C0C000755F6E65745F707265646963746F722FFB
:10C0D000676C6F62616C5F6C73746D2F6C73746DE1
:10C0E0002F6C73746D5F63656C6C2F73706C697407
:10C0F0005F3232313B6D5F6D63755F6E65745F708B
:10C100007265646963746F722F676C6F62616C5FD4
:10C110006C73746D2F6C73746D2F6C73746D5F63BF
:10C12000656C6C2F73706C69745F3232323B6D5F7B
:10C130006D63755F6E65745F707265646963746F5B
:10C14000722F676C6F62616C5F6C73746D2F6C73B0
:10C15000746D2F6C73746D5F63656C6C2F73706C92
:10C1600069745F3232333B6D5F6D63755F6E65740A
:10C170005F707265646963746F722F676C6F626160
:10C180006C5F6C73746D2F6C73746D2F6C73746D46
:10C190005F63656C6C2F73706C69745F323234004E
:10C1A0000200000001000000400000009A05FEFFB0
:10C1B000000000011400000030000000BB0100007E
:10C1C0000000000964000000DC04FEFF080000001D
:10C1D0001000000001000000070000000000000047
:10C1E00001000000A54A693D390000006D5F6D63E4
:10C1F000755F6E65745F707265646963746F722FCA
:10C20000676C6F62616C5F6C73746D2F6C73746DAF
:10C210002F6C73746D5F63656C6C2F426961734141
:10C2200064645F3232000000020000000100000080
:10C23000000100002206FEFF0000000114000000C3
:10C2400034000000BA010000000000096400000092
:10C250006405FEFF0800000014000000010000005B
:10C2600007000000000000000000000001000000C6
:10C27000A54A693D350000006D5F6D63755F6E65B1
:10C28000745F707265646963746F722F676C6F623C
:10C29000616C5F6C73746D2F6C73746D2F6C737441
:10C2A0006D5F63656C6C2F6164645F343400000003
:10C2B000020000000100000000010000AA06FEFFCD
:10C2C000000000011400000030000000B90100006F
:10C2D0000000000964000000EC05FEFF08000000FB
:10C2E00010000000010000001A0000000000000023
:10C2F00001000000B8E9253D380000006D5F6D6366
:10C30000755F6E65745F707265646963746F722FB8
:10C31000676C6F62616C5F6C73746D2F6C73746D9E
:10C320002F6C73746D5F63656C6C2F4D61744D750C
:10C330006C5F3435000000000200000001000000C6
:10C34000000100003207FEFF0000000114000000A1
:10C3500034000000B8010000000000096400000083
:10C360007406FEFF08000000140000000100000039
:10C3700000000000000000000000000001000000BC
:10C38000B546FE3B350000006D5F6D63755F6E6501
:10C39000745F707265646963746F722F676C6F622B
:10C3A000616C5F6C73746D2F6C73746D2F6C737430
:10C3B0006D5F63656C6C2F6D756C5F3635000000CA
:10C3C000020000000100000040000000BA07FEFF6C
:10C3D000000000011400000034000000B70100005C
:10C3E0000000000964000000FC06FEFF08000000D9
:10C3F0001400000001000000000000000000000028
:10C4000000000000010000000000003C36000000B9
:10C410006D5F6D63755F6E65745F7072656469638F
:10C42000746F722F676C6F62616C5F6C73746D2FC9
:10C430006C73746D2F6C73746D5F63656C6C2F54CB
:10C44000616E685F343300000200000001000000EC
:10C45000400000004208FEFF000000011400000040
:10C4600034000000B6010000000000096400000074
:10C470008407FEFF08000000140000000100000017
:10C48000EBFFFFFFFFFFFFFF0000000001000000C7
:10C490003753D53D350000006D5F6D63755F6E6588
:10C4A000745F707265646963746F722F676C6F621A
:10C4B000616C5F6C73746D2F6C73746D2F6C73741F
:10C4C0006D5F63656C6C2F6164645F3433000000E2
:10C4D000020000000100000040000000CA08FEFF4A
:10C4E000000000011400000034000000B50100004D
:10C4F00000000009640000000C08FEFF08000000B6
:10C500001400000001000000EBFFFFFFFFFFFFFF32
:10C5100000000000010000003753D53D3500000049
:10C520006D5F6D63755F6E65745F7072656469637E
:10C53000746F722F676C6F62616C5F6C73746D2FB8
:10C540006C73746D2F6C73746D5F63656C6C2F6DA1
:10C55000756C5F363300000002000000010000002F
:10C56000400000005209FEFF00000001140000001E
:10C5700034000000B4010000000000096400000065
:10C580009408FEFF080000001400000001000000F5
:10C59000FFFFFFFFFFFFFFFF0000000001000000A2
:10C5A0001B39F93B350000006D5F6D63755F6E658B
:10C5B000745F707265646963746F722F676C6F6209
:10C5C000616C5F6C73746D2F6C73746D2F6C73740E
:10C5D0006D5F63656C6C2F6D756C5F3634000000A9
:10C5E000020000000100000040000000DA09FEFF28
:10C5F000000000011400000034000000B30100003E
:10C6000000000009640000001C09FEFF0800000093
:10C610001400000001000000000000000000000005
:10C6200000000000010000000000003C3600000097
:10C630006D5F6D63755F6E65745F7072656469636D
:10C64000746F722F676C6F62616C5F6C73746D2FA7
:10C650006C73746D2F6C73746D5F63656C6C2F54A9
:10C66000616E685F343200000200000001000000CB
:10C6700040000000620AFEFF0000000114000000FC
:10C6800030000000B201000000000009640000005A
:10C69000A409FEFF080000001000000001000000D7
:10C6A00080FFFFFFFFFFFFFF010000000000803B55
:10C6B000390000006D5F6D63755F6E65745F707249
:10C6C00065646963746F722F676C6F62616C5F6C15
:10C6D00073746D2F6C73746D2F6C73746D5F636501
:10C6E0006C6C2F5369676D6F69645F3635000000AD
:10C6F000020000000100000040000000EA0AFEFF06
:10C70000000000011400000030000000B101000032
:10C7100000000009640000002C0AFEFF0800000071
:10C72000100000000100000080FFFFFFFFFFFFFF7F
:10C73000010000000000803B390000006D5F6D6368
:10C74000755F6E65745F707265646963746F722F74
:10C75000676C6F62616C5F6C73746D2F6C73746D5A
:10C760002F6C73746D5F63656C6C2F5369676D6FAD
:10C7700069645F3634000000020000000100000020
:10C7800040000000720BFEFF0000000114000000DA
:10C7900030000000B001000000000009640000004B
:10C7A000B40AFEFF080000001000000001000000B5
:10C7B00080FFFFFFFFFFFFFF010000000000803B44
:10C7C000390000006D5F6D63755F6E65745F707238
:10C7D00065646963746F722F676C6F62616C5F6C04
:10C7E00073746D2F6C73746D2F6C73746D5F6365F0
:10C7F0006C6C2F5369676D6F69645F36330000009E
:10C80000020000000100000040000000FA0BFEFFE3
:10C81000000000011400000034000000AF0100001F
:10C8200000000009140100003C0BFEFF080000009E
:10C8300014000000010000000800000000000000DB
:10C840000000000001000000DA41713DE40000003A
:10C850006D5F6D63755F6E65745F7072656469634B
:10C86000746F722F676C6F62616C5F6C73746D2F85
:10C870006C73746D2F6C73746D5F63656C6C2F7368
:10C88000706C69745F3231313B6D5F6D63755F6EE3
:10C8900065745F707265646963746F722F676C6F23
:10C8A00062616C5F6C73746D2F6C73746D2F6C733D
:10C8B000746D5F63656C6C2F73706C69745F32317B
:10C8C000323B6D5F6D63755F6E65745F707265643A
:10C8D0006963746F722F676C6F62616C5F6C7374E5
:10C8E0006D2F6C73746D2F6C73746D5F63656C6CFE
:10C8F0002F73706C69745F3231333B6D5F6D63759C
:10C900005F6E65745F707265646963746F722F67C0
:10C910006C6F62616C5F6C73746D2F6C73746D2FD0
:10C920006C73746D5F63656C6C2F73706C69745F8E
:10C93000323134330000000002000000010000002A
:10C9400040000000320DFEFF000000011400000056
:10C9500034000000AE0100000000000914010000D6
:10C96000740CFEFF0800000014000000010000002D
:10C9700008000000000000000000000001000000AE
:10C98000DA41713DE40000006D5F6D63755F6E65B7
:10C99000745F707265646963746F722F676C6F6225
:10C9A000616C5F6C73746D2F6C73746D2F6C73742A
:10C9B0006D5F63656C6C2F73706C69745F323131BD
:10C9C0003B6D5F6D63755F6E65745F707265646902
:10C9D00063746F722F676C6F62616C5F6C73746DE0
:10C9E0002F6C73746D2F6C73746D5F63656C6C2F3B
:10C9F00073706C69745F3231323B6D5F6D63755F6C
:10CA00006E65745F707265646963746F722F676CB2
:10CA10006F62616C5F6C73746D2F6C73746D2F6CCF
:10CA200073746D5F63656C6C2F73706C69745F32C7
:10CA300031333B6D5F6D63755F6E65745F707265FA
:10CA4000646963746F722F676C6F62616C5F6C7383
:10CA5000746D2F6C73746D2F6C73746D5F63656C84
:10CA60006C2F73706C69745F3231343200000000D7
:10CA70000200000001000000400000006A0EFEFFFE
:10CA8000000000011400000034000000AD010000AF
:10CA90000000000914010000AC0DFEFF08000000BA
:10CAA0001400000001000000080000000000000069
:10CAB0000000000001000000DA41713DE4000000C8
:10CAC0006D5F6D63755F6E65745F707265646963D9
:10CAD000746F722F676C6F62616C5F6C73746D2F13
:10CAE0006C73746D2F6C73746D5F63656C6C2F73F6
:10CAF000706C69745F3231313B6D5F6D63755F6E71
:10CB000065745F707265646963746F722F676C6FB0
:10CB100062616C5F6C73746D2F6C73746D2F6C73CA
:10CB2000746D5F63656C6C2F73706C69745F323108
:10CB3000323B6D5F6D63755F6E65745F70726564C7
:10CB40006963746F722F676C6F62616C5F6C737472
:10CB50006D2F6C73746D2F6C73746D5F63656C6C8B
:10CB60002F73706C69745F3231333B6D5F6D637529
:10CB70005F6E65745F707265646963746F722F674E
:10CB80006C6F62616C5F6C73746D2F6C73746D2F5E
:10CB90006C73746D5F63656C6C2F73706C69745F1C
:10CBA00032313431000000000200000001000000BA
:10CBB00040000000A20FFEFF000000011400000072
:10CBC00030000000AC010000000000090C01000072
:10CBD000E40EFEFF0800000010000000010000004D
:10CBE000080000000000000001000000DA41713D73
:10CBF000E30000006D5F6D63755F6E65745F70725A
:10CC000065646963746F722F676C6F62616C5F6CCF
:10CC100073746D2F6C73746D2F6C73746D5F6365BB
:10CC20006C6C2F73706C69745F3231313B6D5F6D6A
:10CC300063755F6E65745F707265646963746F724B
:10CC40002F676C6F62616C5F6C73746D2F6C7374A3
:10CC50006D2F6C73746D5F63656C6C2F73706C6992
:10CC6000745F3231323B6D5F6D63755F6E65745F0B
:10CC7000707265646963746F722F676C6F62616C48
:10CC80005F6C73746D2F6C73746D2F6C73746D5F48
:10CC900063656C6C2F73706C69745F3231333B6DFC
:10CCA0005F6D63755F6E65745F70726564696374F0
:10CCB0006F722F676C6F62616C5F6C73746D2F6C39
:10CCC00073746D2F6C73746D5F63656C6C2F737010
:10CCD0006C69745F32313400020000000100000012
:10CCE00040000000D210FEFF000000011400000010
:10CCF00030000000AB0100000000000964000000EB
:10CD00001410FEFF080000001000000001000000E9
:10CD1000080000000000000001000000DA41713D41
:10CD2000390000006D5F6D63755F6E65745F7072D2
:10CD300065646963746F722F676C6F62616C5F6C9E
:10CD400073746D2F6C73746D2F6C73746D5F63658A
:10CD50006C6C2F426961734164645F323100000082
:10CD60000200000001000000000100005A11FEFF57
:10CD7000000000011400000034000000AA010000BF
:10CD800000000009640000009C10FEFF0800000085
:10CD90001400000001000000080000000000000076
:10CDA0000000000001000000DA41713D3500000084
:10CDB0006D5F6D63755F6E65745F707265646963E6
:10CDC000746F722F676C6F62616C5F6C73746D2F20
:10CDD0006C73746D2F6C73746D5F63656C6C2F6115
:10CDE00064645F34320000000200000001000000B3
:10CDF00000010000E211FEFF00000001140000002D
:10CE000030000000A90100000000000964000000DB
:10CE10002411FEFF080000001000000001000000C7
:10CE20001700000000000000010000004987283DB5
:10CE3000380000006D5F6D63755F6E65745F7072C2
:10CE400065646963746F722F676C6F62616C5F6C8D
:10CE500073746D2F6C73746D2F6C73746D5F636579
:10CE60006C6C2F4D61744D756C5F343300000000A5
:10CE70000200000001000000000100006A12FEFF35
:10CE8000000000011400000034000000A8010000B0
:10CE90000000000964000000AC11FEFF0800000063
:10CEA000140000000100000000000000000000006D
:10CEB0000000000001000000B546FE3B3500000008
:10CEC0006D5F6D63755F6E65745F707265646963D5
:10CED000746F722F676C6F62616C5F6C73746D2F0F
:10CEE0006C73746D2F6C73746D5F63656C6C2F6DF8
:10CEF000756C5F3632000000020000000100000087
:10CF000040000000F212FEFF0000000114000000CB
:10CF100034000000A70100000000000964000000C8
:10CF20003412FEFF080000001400000001000000A1
:10CF300000000000000000000000000001000000F0
:10CF40000000003C360000006D5F6D63755F6E652C
:10CF5000745F707265646963746F722F676C6F625F
:10CF6000616C5F6C73746D2F6C73746D2F6C737464
:10CF70006D5F63656C6C2F54616E685F34310000C7
:10CF80000200000001000000400000007A13FEFFD4
:10CF9000000000011400000034000000A6010000A1
:10CFA0000000000964000000BC12FEFF0800000041
:10CFB0001400000001000000EBFFFFFFFFFFFFFF78
:10CFC000000000000100000024A6CC3D3500000058
:10CFD0006D5F6D63755F6E65745F707265646963C4
:10CFE000746F722F676C6F62616C5F6C73746D2FFE
:10CFF0006C73746D2F6C73746D5F63656C6C2F61F3
:10D0000064645F3431000000020000000100000091
:10D01000400000000214FEFF0000000114000000A8
:10D0200034000000A50100000000000964000000B9
:10D030004413FEFF0800000014000000010000007F
:10D04000EBFFFFFFFFFFFFFF0000000001000000FB
:10D0500024A6CC3D350000006D5F6D63755F6E6585
:10D06000745F707265646963746F722F676C6F624E
:10D07000616C5F6C73746D2F6C73746D2F6C737453
:10D080006D5F63656C6C2F6D756C5F3630000000F2
:10D090000200000001000000400000008A14FEFFB2
:10D0A000000000011400000034000000A401000092
:10D0B0000000000964000000CC13FEFF080000001F
:10D0C000140000000100000000000000000000004B
:10D0D0000000000001000000B988F93B35000000A5
:10D0E0006D5F6D63755F6E65745F707265646963B3
:10D0F000746F722F676C6F62616C5F6C73746D2FED
:10D100006C73746D2F6C73746D5F63656C6C2F6DD5
:10D11000756C5F3631000000020000000100000065
:10D12000400000001215FEFF000000011400000086
:10D1300034000000A30100000000000964000000AA
:10D140005414FEFF0800000014000000010000005D
:10D1500000000000000000000000000001000000CE
:10D160000000003C360000006D5F6D63755F6E650A
:10D17000745F707265646963746F722F676C6F623D
:10D18000616C5F6C73746D2F6C73746D2F6C737442
:10D190006D5F63656C6C2F54616E685F34300000A6
:10D1A0000200000001000000400000009A15FEFF90
:10D1B000000000011400000030000000A201000087
:10D1C0000000000964000000DC14FEFF08000000FD
:10D1D000100000000100000080FFFFFFFFFFFFFFC5
:10D1E000010000000000803B390000006D5F6D63AE
:10D1F000755F6E65745F707265646963746F722FBA
:10D20000676C6F62616C5F6C73746D2F6C73746D9F
:10D210002F6C73746D5F63656C6C2F5369676D6FF2
:10D2200069645F3632000000020000000100000067
:10D23000400000002216FEFF000000011400000064
:10D2400030000000A101000000000009640000009F
:10D250006415FEFF0800000010000000010000003F
:10D2600080FFFFFFFFFFFFFF010000000000803B89
:10D27000390000006D5F6D63755F6E65745F70727D
:10D2800065646963746F722F676C6F62616C5F6C49
:10D2900073746D2F6C73746D2F6C73746D5F636535
:10D2A0006C6C2F5369676D6F69645F3631000000E5
:10D2B000020000000100000040000000AA16FEFF6E
:10D2C000000000011400000030000000A001000078
:10D2D0000000000964000000EC15FEFF08000000DB
:10D2E000100000000100000080FFFFFFFFFFFFFFB4
:10D2F000010000000000803B390000006D5F6D639D
:10D30000755F6E65745F707265646963746F722FA8
:10D31000676C6F62616C5F6C73746D2F6C73746D8E
:10D320002F6C73746D5F63656C6C2F5369676D6FE1
:10D3300069645F3630000000020000000100000058
:10D34000400000003217FEFF000000011400000042
:10D35000300000009F010000000000090C010000E7
:10D360007416FEFF0800000010000000010000001D
:10D370000900000000000000010000004E5E6C3D4E
:10D38000E30000006D5F6D63755F6E65745F7072C2
:10D3900065646963746F722F676C6F62616C5F6C38
:10D3A00073746D2F6C73746D2F6C73746D5F636524
:10D3B0006C6C2F73706C69745F32303B6D5F6D63A2
:10D3C000755F6E65745F707265646963746F722FE8
:10D3D000676C6F62616C5F6C73746D2F6C73746DCE
:10D3E0002F6C73746D5F63656C6C2F73706C6974F4
:10D3F0005F3230313B6D5F6D63755F6E65745F707A
:10D400007265646963746F722F676C6F62616C5FC1
:10D410006C73746D2F6C73746D2F6C73746D5F63AC
:10D42000656C6C2F73706C69745F3230323B6D5F6A
:10D430006D63755F6E65745F707265646963746F48
:10D44000722F676C6F62616C5F6C73746D2F6C739D
:10D45000746D2F6C73746D5F63656C6C2F73706C7F
:10D4600069745F32303333000200000001000000B5
:10D47000400000006218FEFF0000000114000000E0
:10D48000300000009E010000000000090C010000B7
:10D49000A417FEFF080000001000000001000000BB
:10D4A0000900000000000000010000004E5E6C3D1D
:10D4B000E30000006D5F6D63755F6E65745F707291
:10D4C00065646963746F722F676C6F62616C5F6C07
:10D4D00073746D2F6C73746D2F6C73746D5F6365F3
:10D4E0006C6C2F73706C69745F32303B6D5F6D6371
:10D4F000755F6E65745F707265646963746F722FB7
:10D50000676C6F62616C5F6C73746D2F6C73746D9C
:10D510002F6C73746D5F63656C6C2F73706C6974C2
:10D520005F3230313B6D5F6D63755F6E65745F7048
:10D530007265646963746F722F676C6F62616C5F90
:10D540006C73746D2F6C73746D2F6C73746D5F637B
:10D55000656C6C2F73706C69745F3230323B6D5F39
:10D560006D63755F6E65745F707265646963746F17
:10D57000722F676C6F62616C5F6C73746D2F6C736C
:10D58000746D2F6C73746D5F63656C6C2F73706C4E
:10D5900069745F3230333200020000000100000085
:10D5A000400000009219FEFF00000001140000007E
:10D5B000300000009D010000000000090C01000087
:10D5C000D418FEFF08000000100000000100000059
:10D5D0000900000000000000010000004E5E6C3DEC
:10D5E000E30000006D5F6D63755F6E65745F707260
:10D5F00065646963746F722F676C6F62616C5F6CD6
:10D6000073746D2F6C73746D2F6C73746D5F6365C1
:10D610006C6C2F73706C69745F32303B6D5F6D633F
:10D62000755F6E65745F707265646963746F722F85
:10D63000676C6F62616C5F6C73746D2F6C73746D6B
:10D640002F6C73746D5F63656C6C2F73706C697491
:10D650005F3230313B6D5F6D63755F6E65745F7017
:10D660007265646963746F722F676C6F62616C5F5F
:10D670006C73746D2F6C73746D2F6C73746D5F634A
:10D68000656C6C2F73706C69745F3230323B6D5F08
:10D690006D63755F6E65745F707265646963746FE6
:10D6A000722F676C6F62616C5F6C73746D2F6C733B
:10D6B000746D2F6C73746D5F63656C6C2F73706C1D
:10D6C00069745F3230333100020000000100000055
:10D6D00040000000C21AFEFF00000001140000001C
:10D6E000300000009C010000000000090C01000057
:10D6F000041AFEFF080000001000000001000000F6
:10D700000900000000000000010000004E5E6C3DBA
:10D71000E20000006D5F6D63755F6E65745F70722F
:10D7200065646963746F722F676C6F62616C5F6CA4
:10D7300073746D2F6C73746D2F6C73746D5F636590
:10D740006C6C2F73706C69745F32303B6D5F6D630E
:10D75000755F6E65745F707265646963746F722F54
:10D76000676C6F62616C5F6C73746D2F6C73746D3A
:10D770002F6C73746D5F63656C6C2F73706C697460
:10D780005F3230313B6D5F6D63755F6E65745F70E6
:10D790007265646963746F722F676C6F62616C5F2E
:10D7A0006C73746D2F6C73746D2F6C73746D5F6319
:10D7B000656C6C2F73706C69745F3230323B6D5FD7
:10D7C0006D63755F6E65745F707265646963746FB5
:10D7D000722F676C6F62616C5F6C73746D2F6C730A
:10D7E000746D2F6C73746D5F63656C6C2F73706CEC
:10D7F00069745F3230330000020000000100000055
:10D8000040000000F21BFEFF0000000114000000B9
:10D81000300000009B0100000000000964000000CF
:10D82000341BFEFF08000000100000000100000093
:10D830000900000000000000010000004E5E6C3D89
:10D84000390000006D5F6D63755F6E65745F7072A7
:10D8500065646963746F722F676C6F62616C5F6C73
:10D8600073746D2F6C73746D2F6C73746D5F63655F
:10D870006C6C2F426961734164645F323000000058
:10D880000200000001000000000100007A1CFEFF01
:10D890000000000114000000340000009A010000A4
:10D8A0000000000964000000BC1BFEFF080000002F
:10D8B000140000000100000009000000000000004A
:10D8C00000000000010000004E5E6C3D35000000CD
:10D8D0006D5F6D63755F6E65745F707265646963BB
:10D8E000746F722F676C6F62616C5F6C73746D2FF5
:10D8F0006C73746D2F6C73746D5F63656C6C2F61EA
:10D9000064645F3430000000020000000100000089
:10D9100000010000021DFEFF0000000114000000D5
:10D9200030000000990100000000000964000000C0
:10D93000441CFEFF08000000100000000100000071
:10D94000190000000000000001000000CB1C243D75
:10D95000380000006D5F6D63755F6E65745F707297
:10D9600065646963746F722F676C6F62616C5F6C62
:10D9700073746D2F6C73746D2F6C73746D5F63654E
:10D980006C6C2F4D61744D756C5F3431000000007C
:10D990000200000001000000000100008A1DFEFFDF
:10D9A0000000000114000000340000009801000095
:10D9B0000000000964000000CC1CFEFF080000000D
:10D9C0001400000001000000000000000000000042
:10D9D0000000000001000000B546FE3B35000000DD
:10D9E0006D5F6D63755F6E65745F707265646963AA
:10D9F000746F722F676C6F62616C5F6C73746D2FE4
:10DA00006C73746D2F6C73746D5F63656C6C2F6DCC
:10DA1000756C5F3539000000020000000100000055
:10DA200040000000121EFEFF000000011400000074
:10DA300034000000970100000000000964000000AD
:10DA4000541DFEFF0800000014000000010000004B
:10DA500000000000000000000000000001000000C5
:10DA60000000003C360000006D5F6D63755F6E6501
:10DA7000745F707265646963746F722F676C6F6234
:10DA8000616C5F6C73746D2F6C73746D2F6C737439
:10DA90006D5F63656C6C2F54616E685F3339000095
:10DAA0000200000001000000400000009A1EFEFF7E
:10DAB0000000000114000000340000009601000086
:10DAC0000000000964000000DC1DFEFF08000000EB
:10DAD0001400000001000000E9FFFFFFFFFFFFFF4F
:10DAE0000000000001000000741FC53D350000006B
:10DAF0006D5F6D63755F6E65745F70726564696399
:10DB0000746F722F676C6F62616C5F6C73746D2FD2
:10DB10006C73746D2F6C73746D5F63656C6C2F61C7
:10DB200064645F333900000002000000010000005F
:10DB300040000000221FFEFF000000011400000052
:10DB4000340000009501000000000009640000009E
:10DB5000641EFEFF08000000140000000100000029
:10DB6000E9FFFFFFFFFFFFFF0000000001000000D2
:10DB7000741FC53D350000006D5F6D63755F6E6598
:10DB8000745F707265646963746F722F676C6F6223
:10DB9000616C5F6C73746D2F6C73746D2F6C737428
:10DBA0006D5F63656C6C2F6D756C5F3537000000C1
:10DBB000020000000100000040000000AA1FFEFF5C
:10DBC0000000000114000000340000009401000077
:10DBD0000000000964000000EC1EFEFF08000000C9
:10DBE0001400000001000000FFFFFFFFFFFFFFFF28
:10DBF000000000000100000010FAFA3B35000000B0
:10DC00006D5F6D63755F6E65745F70726564696387
:10DC1000746F722F676C6F62616C5F6C73746D2FC1
:10DC20006C73746D2F6C73746D5F63656C6C2F6DAA
:10DC3000756C5F3538000000020000000100000034
:10DC4000400000003220FEFF000000011400000030
:10DC5000340000009301000000000009640000008F
:10DC6000741FFEFF08000000140000000100000007
:10DC700000000000000000000000000001000000A3
:10DC80000000003C360000006D5F6D63755F6E65DF
:10DC9000745F707265646963746F722F676C6F6212
:10DCA000616C5F6C73746D2F6C73746D2F6C737417
:10DCB0006D5F63656C6C2F54616E685F3338000074
:10DCC000020000000100000040000000BA20FEFF3A
:10DCD000000000011400000030000000920100006C
:10DCE0000000000964000000FC1FFEFF08000000A7
:10DCF000100000000100000080FFFFFFFFFFFFFF9A
:10DD0000010000000000803B390000006D5F6D6382
:10DD1000755F6E65745F707265646963746F722F8E
:10DD2000676C6F62616C5F6C73746D2F6C73746D74
:10DD30002F6C73746D5F63656C6C2F5369676D6FC7
:10DD400069645F3539000000020000000100000036
:10DD5000400000004221FEFF00000001140000000E
:10DD60003000000091010000000000096400000084
:10DD70008420FEFF080000001000000001000000E9
:10DD800080FFFFFFFFFFFFFF010000000000803B5E
:10DD9000390000006D5F6D63755F6E65745F707252
:10DDA00065646963746F722F676C6F62616C5F6C1E
:10DDB00073746D2F6C73746D2F6C73746D5F63650A
:10DDC0006C6C2F5369676D6F69645F3538000000B4
:10DDD000020000000100000040000000CA21FEFF18
:10DDE000000000011400000030000000900100005D
:10DDF00000000009640000000C21FEFF0800000084
:10DE0000100000000100000080FFFFFFFFFFFFFF88
:10DE1000010000000000803B390000006D5F6D6371
:10DE2000755F6E65745F707265646963746F722F7D
:10DE3000676C6F62616C5F6C73746D2F6C73746D63
:10DE40002F6C73746D5F63656C6C2F5369676D6FB6
:10DE500069645F3537000000020000000100000027
:10DE6000400000005222FEFF0000000114000000EC
:10DE7000300000008F010000000000090C010000CC
:10DE80009421FEFF080000001000000001000000C7
:10DE9000060000000000000001000000DED0683D28
:10DEA000E30000006D5F6D63755F6E65745F707297
:10DEB00065646963746F722F676C6F62616C5F6C0D
:10DEC00073746D2F6C73746D2F6C73746D5F6365F9
:10DED0006C6C2F73706C69745F31393B6D5F6D636F
:10DEE000755F6E65745F707265646963746F722FBD
:10DEF000676C6F62616C5F6C73746D2F6C73746DA3
:10DF00002F6C73746D5F63656C6C2F73706C6974C8
:10DF10005F3139313B6D5F6D63755F6E65745F7046
:10DF20007265646963746F722F676C6F62616C5F96
:10DF30006C73746D2F6C73746D2F6C73746D5F6381
:10DF4000656C6C2F73706C69745F3139323B6D5F37
:10DF50006D63755F6E65745F707265646963746F1D
:10DF6000722F676C6F62616C5F6C73746D2F6C7372
:10DF7000746D2F6C73746D5F63656C6C2F73706C54
:10DF800069745F3139333300020000000100000082
:10DF9000400000008223FEFF00000001140000008A
:10DFA000300000008E010000000000090C0100009C
:10DFB000C422FEFF08000000100000000100000065
:10DFC000060000000000000001000000DED0683DF7
:10DFD000E30000006D5F6D63755F6E65745F707266
:10DFE00065646963746F722F676C6F62616C5F6CDC
:10DFF00073746D2F6C73746D2F6C73746D5F6365C8
:10E000006C6C2F73706C69745F31393B6D5F6D633D
:10E01000755F6E65745F707265646963746F722F8B
:10E02000676C6F62616C5F6C73746D2F6C73746D71
:10E030002F6C73746D5F63656C6C2F73706C697497
:10E040005F3139313B6D5F6D63755F6E65745F7015
:10E050007265646963746F722F676C6F62616C5F65
:10E060006C73746D2F6C73746D2F6C73746D5F6350
:10E07000656C6C2F73706C69745F3139323B6D5F06
:10E080006D63755F6E65745F707265646963746FEC
:10E09000722F676C6F62616C5F6C73746D2F6C7341
:10E0A000746D2F6C73746D5F63656C6C2F73706C23
:10E0B00069745F3139333200020000000100000052
:10E0C00040000000B224FEFF000000011400000028
:10E0D000300000008D010000000000090C0100006C
:10E0E000F423FEFF08000000100000000100000003
:10E0F000060000000000000001000000DED0683DC6
:10E10000E30000006D5F6D63755F6E65745F707234
:10E1100065646963746F722F676C6F62616C5F6CAA
:10E1200073746D2F6C73746D2F6C73746D5F636596
:10E130006C6C2F73706C69745F31393B6D5F6D630C
:10E14000755F6E65745F707265646963746F722F5A
:10E15000676C6F62616C5F6C73746D2F6C73746D40
:10E160002F6C73746D5F63656C6C2F73706C697466
:10E170005F3139313B6D5F6D63755F6E65745F70E4
:10E180007265646963746F722F676C6F62616C5F34
:10E190006C73746D2F6C73746D2F6C73746D5F631F
:10E1A000656C6C2F73706C69745F3139323B6D5FD5
:10E1B0006D63755F6E65745F707265646963746FBB
:10E1C000722F676C6F62616C5F6C73746D2F6C7310
:10E1D000746D2F6C73746D5F63656C6C2F73706CF2
:10E1E00069745F3139333100020000000100000022
:10E1F00040000000E225FEFF0000000114000000C6
:10E20000300000008C010000000000090C0100003B
:10E210002425FEFF0800000010000000010000009F
:10E22000060000000000000001000000DED0683D94
:10E23000E20000006D5F6D63755F6E65745F707204
:10E2400065646963746F722F676C6F62616C5F6C79
:10E2500073746D2F6C73746D2F6C73746D5F636565
:10E260006C6C2F73706C69745F31393B6D5F6D63DB
:10E27000755F6E65745F707265646963746F722F29
:10E28000676C6F62616C5F6C73746D2F6C73746D0F
:10E290002F6C73746D5F63656C6C2F73706C697435
:10E2A0005F3139313B6D5F6D63755F6E65745F70B3
:10E2B0007265646963746F722F676C6F62616C5F03
:10E2C0006C73746D2F6C73746D2F6C73746D5F63EE
:10E2D000656C6C2F73706C69745F3139323B6D5FA4
:10E2E0006D63755F6E65745F707265646963746F8A
:10E2F000722F676C6F62616C5F6C73746D2F6C73DF
:10E30000746D2F6C73746D5F63656C6C2F73706CC0
:10E3100069745F3139330000020000000100000021
:10E32000400000001227FEFF000000011400000062
:10E33000300000008B0100000000000964000000B4
:10E340005426FEFF0800000010000000010000003D
:10E35000060000000000000001000000DED0683D63
:10E36000390000006D5F6D63755F6E65745F70727C
:10E3700065646963746F722F676C6F62616C5F6C48
:10E3800073746D2F6C73746D2F6C73746D5F636534
:10E390006C6C2F426961734164645F313900000025
:10E3A0000200000001000000000100009A27FEFFAB
:10E3B0000000000114000000340000008A01000089
:10E3C0000000000964000000DC26FEFF08000000D9
:10E3D0001400000001000000060000000000000022
:10E3E0000000000001000000DED0683D35000000A4
:10E3F0006D5F6D63755F6E65745F70726564696390
:10E40000746F722F676C6F62616C5F6C73746D2FC9
:10E410006C73746D2F6C73746D5F63656C6C2F61BE
:10E4200064645F3338000000020000000100000057
:10E43000000100002228FEFF00000001140000007F
:10E4400030000000890100000000000964000000A5
:10E450006427FEFF0800000010000000010000001B
:10E460001900000000000000010000003D1E233DD7
:10E47000380000006D5F6D63755F6E65745F70726C
:10E4800065646963746F722F676C6F62616C5F6C37
:10E4900073746D2F6C73746D2F6C73746D5F636523
:10E4A0006C6C2F4D61744D756C5F3339000000004A
:10E4B000020000000100000000010000AA28FEFF89
:10E4C000000000011400000034000000880100007A
:10E4D0000000000964000000EC27FEFF08000000B7
:10E4E0001400000001000000000000000000000017
:10E4F0000000000001000000B546FE3B35000000B2
:10E500006D5F6D63755F6E65745F7072656469637E
:10E51000746F722F676C6F62616C5F6C73746D2FB8
:10E520006C73746D2F6C73746D5F63656C6C2F6DA1
:10E53000756C5F353600000002000000010000002D
:10E54000400000003229FEFF00000001140000001E
:10E550003400000087010000000000096400000092
:10E560007428FEFF080000001400000001000000F5
:10E57000000000000000000000000000010000009A
:10E580000000003C360000006D5F6D63755F6E65D6
:10E59000745F707265646963746F722F676C6F6209
:10E5A000616C5F6C73746D2F6C73746D2F6C73740E
:10E5B0006D5F63656C6C2F54616E685F333700006C
:10E5C000020000000100000040000000BA29FEFF28
:10E5D000000000011400000034000000860100006B
:10E5E0000000000964000000FC28FEFF0800000095
:10E5F0001400000001000000EBFFFFFFFFFFFFFF22
:10E600000000000001000000A738BC3D35000000FC
:10E610006D5F6D63755F6E65745F7072656469636D
:10E62000746F722F676C6F62616C5F6C73746D2FA7
:10E630006C73746D2F6C73746D5F63656C6C2F619C
:10E6400064645F3337000000020000000100000036
:10E6500040000000422AFEFF0000000114000000FC
:10E660003400000085010000000000096400000083
:10E670008429FEFF080000001400000001000000D3
:10E68000EBFFFFFFFFFFFFFF0000000001000000A5
:10E69000A738BC3D350000006D5F6D63755F6E652A
:10E6A000745F707265646963746F722F676C6F62F8
:10E6B000616C5F6C73746D2F6C73746D2F6C7374FD
:10E6C0006D5F63656C6C2F6D756C5F353400000099
:10E6D000020000000100000040000000CA2AFEFF06
:10E6E000000000011400000034000000840100005C
:10E6F00000000009640000000C2AFEFF0800000072
:10E700001400000001000000FFFFFFFFFFFFFFFFFC
:10E710000000000001000000AE6BFB3B3500000074
:10E720006D5F6D63755F6E65745F7072656469635C
:10E73000746F722F676C6F62616C5F6C73746D2F96
:10E740006C73746D2F6C73746D5F63656C6C2F6D7F
:10E75000756C5F353500000002000000010000000C
:10E7600040000000522BFEFF0000000114000000DA
:10E770003400000083010000000000096400000074
:10E78000942AFEFF080000001400000001000000B1
:10E790000000000000000000000000000100000078
:10E7A0000000003C360000006D5F6D63755F6E65B4
:10E7B000745F707265646963746F722F676C6F62E7
:10E7C000616C5F6C73746D2F6C73746D2F6C7374EC
:10E7D0006D5F63656C6C2F54616E685F333600004B
:10E7E000020000000100000040000000DA2BFEFFE4
:10E7F0000000000114000000300000008201000051
:10E8000000000009640000001C2BFEFF080000004F
:10E81000100000000100000080FFFFFFFFFFFFFF6E
:10E82000010000000000803B390000006D5F6D6357
:10E83000755F6E65745F707265646963746F722F63
:10E84000676C6F62616C5F6C73746D2F6C73746D49
:10E850002F6C73746D5F63656C6C2F5369676D6F9C
:10E8600069645F353600000002000000010000000E
:10E8700040000000622CFEFF0000000114000000B8
:10E880003000000081010000000000096400000069
:10E89000A42BFEFF08000000100000000100000093
:10E8A00080FFFFFFFFFFFFFF010000000000803B33
:10E8B000390000006D5F6D63755F6E65745F707227
:10E8C00065646963746F722F676C6F62616C5F6CF3
:10E8D00073746D2F6C73746D2F6C73746D5F6365DF
:10E8E0006C6C2F5369676D6F69645F35350000008C
:10E8F000020000000100000040000000EA2CFEFFC2
:10E900000000000114000000300000008001000041
:10E9100000000009640000002C2CFEFF080000002D
:10E92000100000000100000080FFFFFFFFFFFFFF5D
:10E93000010000000000803B390000006D5F6D6346
:10E94000755F6E65745F707265646963746F722F52
:10E95000676C6F62616C5F6C73746D2F6C73746D38
:10E960002F6C73746D5F63656C6C2F5369676D6F8B
:10E9700069645F35340000000200000001000000FF
:10E9800040000000722DFEFF000000011400000096
:10E99000300000007F010000000000090C010000B1
:10E9A000B42CFEFF08000000100000000100000071
:10E9B0000700000000000000010000002AEE663D94
:10E9C000E30000006D5F6D63755F6E65745F70726C
:10E9D00065646963746F722F676C6F62616C5F6CE2
:10E9E00073746D2F6C73746D2F6C73746D5F6365CE
:10E9F0006C6C2F73706C69745F31383B6D5F6D6345
:10EA0000755F6E65745F707265646963746F722F91
:10EA1000676C6F62616C5F6C73746D2F6C73746D77
:10EA20002F6C73746D5F63656C6C2F73706C69749D
:10EA30005F3138313B6D5F6D63755F6E65745F701C
:10EA40007265646963746F722F676C6F62616C5F6B
:10EA50006C73746D2F6C73746D2F6C73746D5F6356
:10EA6000656C6C2F73706C69745F3138323B6D5F0D
:10EA70006D63755F6E65745F707265646963746FF2
:10EA8000722F676C6F62616C5F6C73746D2F6C7347
:10EA9000746D2F6C73746D5F63656C6C2F73706C29
:10EAA00069745F3138333300020000000100000058
:10EAB00040000000A22EFEFF000000011400000034
:10EAC000300000007E010000000000090C01000081
:10EAD000E42DFEFF0800000010000000010000000F
:10EAE0000700000000000000010000002AEE663D63
:10EAF000E30000006D5F6D63755F6E65745F70723B
:10EB000065646963746F722F676C6F62616C5F6CB0
:10EB100073746D2F6C73746D2F6C73746D5F63659C
:10EB20006C6C2F73706C69745F31383B6D5F6D6313
:10EB3000755F6E65745F707265646963746F722F60
:10EB4000676C6F62616C5F6C73746D2F6C73746D46
:10EB50002F6C73746D5F63656C6C2F73706C69746C
:10EB60005F3138313B6D5F6D63755F6E65745F70EB
:10EB70007265646963746F722F676C6F62616C5F3A
:10EB80006C73746D2F6C73746D2F6C73746D5F6325
:10EB9000656C6C2F73706C69745F3138323B6D5FDC
:10EBA0006D63755F6E65745F707265646963746FC1
:10EBB000722F676C6F62616C5F6C73746D2F6C7316
:10EBC000746D2F6C73746D5F63656C6C2F73706CF8
:10EBD00069745F3138333200020000000100000028
:10EBE00040000000D22FFEFF0000000114000000D2
:10EBF000300000007D010000000000090C01000051
:10EC0000142FFEFF080000001000000001000000AB
:10EC10000700000000000000010000002AEE663D31
:10EC2000E30000006D5F6D63755F6E65745F707209
:10EC300065646963746F722F676C6F62616C5F6C7F
:10EC400073746D2F6C73746D2F6C73746D5F63656B
:10EC50006C6C2F73706C69745F31383B6D5F6D63E2
:10EC6000755F6E65745F707265646963746F722F2F
:10EC7000676C6F62616C5F6C73746D2F6C73746D15
:10EC80002F6C73746D5F63656C6C2F73706C69743B
:10EC90005F3138313B6D5F6D63755F6E65745F70BA
:10ECA0007265646963746F722F676C6F62616C5F09
:10ECB0006C73746D2F6C73746D2F6C73746D5F63F4
:10ECC000656C6C2F73706C69745F3138323B6D5FAB
:10ECD0006D63755F6E65745F707265646963746F90
:10ECE000722F676C6F62616C5F6C73746D2F6C73E5
:10ECF000746D2F6C73746D5F63656C6C2F73706CC7
:10ED000069745F31383331000200000001000000F7
:10ED1000400000000231FEFF00000001140000006E
:10ED2000300000007C010000000000090C01000020
:10ED30004430FEFF08000000100000000100000049
:10ED40000700000000000000010000002AEE663D00
:10ED5000E20000006D5F6D63755F6E65745F7072D9
:10ED600065646963746F722F676C6F62616C5F6C4E
:10ED700073746D2F6C73746D2F6C73746D5F63653A
:10ED80006C6C2F73706C69745F31383B6D5F6D63B1
:10ED9000755F6E65745F707265646963746F722FFE
:10EDA000676C6F62616C5F6C73746D2F6C73746DE4
:10EDB0002F6C73746D5F63656C6C2F73706C69740A
:10EDC0005F3138313B6D5F6D63755F6E65745F7089
:10EDD0007265646963746F722F676C6F62616C5FD8
:10EDE0006C73746D2F6C73746D2F6C73746D5F63C3
:10EDF000656C6C2F73706C69745F3138323B6D5F7A
:10EE00006D63755F6E65745F707265646963746F5E
:10EE1000722F676C6F62616C5F6C73746D2F6C73B3
:10EE2000746D2F6C73746D5F63656C6C2F73706C95
:10EE300069745F31383300000200000001000000F7
:10EE4000400000003232FEFF00000001140000000C
:10EE5000300000007B010000000000096400000099
:10EE60007431FEFF080000001000000001000000E7
:10EE70000700000000000000010000002AEE663DCF
:10EE8000390000006D5F6D63755F6E65745F707251
:10EE900065646963746F722F676C6F62616C5F6C1D
:10EEA00073746D2F6C73746D2F6C73746D5F636509
:10EEB0006C6C2F426961734164645F3138000000FB
:10EEC000020000000100000000010000BA32FEFF55
:10EED0000000000114000000340000007A0100006E
:10EEE0000000000964000000FC31FEFF0800000083
:10EEF00014000000010000000700000000000000F6
:10EF000000000000010000002AEE663D3500000010
:10EF10006D5F6D63755F6E65745F70726564696364
:10EF2000746F722F676C6F62616C5F6C73746D2F9E
:10EF30006C73746D2F6C73746D5F63656C6C2F6193
:10EF400064645F333600000002000000010000002E
:10EF5000000100004233FEFF000000011400000029
:10EF6000300000007901000000000009640000008A
:10EF70008432FEFF080000001000000001000000C5
:10EF800018000000000000000100000041B3213D16
:10EF9000380000006D5F6D63755F6E65745F707241
:10EFA00065646963746F722F676C6F62616C5F6C0C
:10EFB00073746D2F6C73746D2F6C73746D5F6365F8
:10EFC0006C6C2F4D61744D756C5F33370000000021
:10EFD000020000000100000000010000CA33FEFF33
:10EFE000000000011400000034000000780100005F
:10EFF00000000009640000000C33FEFF0800000060
:10F0000014000000010000000000000000000000EB
:10F010000000000001000000B546FE3B3500000086
:10F020006D5F6D63755F6E65745F70726564696353
:10F03000746F722F676C6F62616C5F6C73746D2F8D
:10F040006C73746D2F6C73746D5F63656C6C2F6D76
:10F05000756C5F3533000000020000000100000005
:10F06000400000005234FEFF0000000114000000C8
:10F070003400000077010000000000096400000077
:10F080009433FEFF0800000014000000010000009F
:10F09000000000000000000000000000010000006F
:10F0A0000000003C360000006D5F6D63755F6E65AB
:10F0B000745F707265646963746F722F676C6F62DE
:10F0C000616C5F6C73746D2F6C73746D2F6C7374E3
:10F0D0006D5F63656C6C2F54616E685F3335000043
:10F0E000020000000100000040000000DA34FEFFD2
:10F0F0000000000114000000340000007601000050
:10F1000000000009640000001C34FEFF080000003D
:10F110001400000001000000E9FFFFFFFFFFFFFFF8
:10F1200000000000010000008526B33D350000000E
:10F130006D5F6D63755F6E65745F70726564696342
:10F14000746F722F676C6F62616C5F6C73746D2F7C
:10F150006C73746D2F6C73746D5F63656C6C2F6171
:10F1600064645F333500000002000000010000000D
:10F17000400000006235FEFF0000000114000000A6
:10F180003400000075010000000000096400000068
:10F19000A434FEFF0800000014000000010000007D
:10F1A000E9FFFFFFFFFFFFFF00000000010000007C
:10F1B0008526B33D350000006D5F6D63755F6E653C
:10F1C000745F707265646963746F722F676C6F62CD
:10F1D000616C5F6C73746D2F6C73746D2F6C7374D2
:10F1E0006D5F63656C6C2F6D756C5F353100000071
:10F1F000020000000100000040000000EA35FEFFB0
:10F200000000000114000000340000007401000040
:10F2100000000009640000002C35FEFF080000001B
:10F220001400000001000000FFFFFFFFFFFFFFFFD1
:10F2300000000000010000007BA4FB3B3500000043
:10F240006D5F6D63755F6E65745F70726564696331
:10F25000746F722F676C6F62616C5F6C73746D2F6B
:10F260006C73746D2F6C73746D5F63656C6C2F6D54
:10F27000756C5F35320000000200000001000000E4
:10F28000400000007236FEFF000000011400000084
:10F290003400000073010000000000096400000059
:10F2A000B435FEFF0800000014000000010000005B
:10F2B000000000000000000000000000010000004D
:10F2C0000000003C360000006D5F6D63755F6E6589
:10F2D000745F707265646963746F722F676C6F62BC
:10F2E000616C5F6C73746D2F6C73746D2F6C7374C1
:10F2F0006D5F63656C6C2F54616E685F3334000022
:10F30000020000000100000040000000FA36FEFF8D
:10F310000000000114000000300000007201000035
:10F3200000000009640000003C36FEFF08000000F9
:10F33000100000000100000080FFFFFFFFFFFFFF43
:10F34000010000000000803B390000006D5F6D632C
:10F35000755F6E65745F707265646963746F722F38
:10F36000676C6F62616C5F6C73746D2F6C73746D1E
:10F370002F6C73746D5F63656C6C2F5369676D6F71
:10F3800069645F35330000000200000001000000E6
:10F39000400000008237FEFF000000011400000062
:10F3A000300000007101000000000009640000004E
:10F3B000C436FEFF0800000010000000010000003D
:10F3C00080FFFFFFFFFFFFFF010000000000803B08
:10F3D000390000006D5F6D63755F6E65745F7072FC
:10F3E00065646963746F722F676C6F62616C5F6CC8
:10F3F00073746D2F6C73746D2F6C73746D5F6365B4
:10F400006C6C2F5369676D6F69645F353200000063
:10F410000200000001000000400000000A38FEFF6A
:10F420000000000114000000300000007001000026
:10F4300000000009640000004C37FEFF08000000D7
:10F44000100000000100000080FFFFFFFFFFFFFF32
:10F45000010000000000803B390000006D5F6D631B
:10F46000755F6E65745F707265646963746F722F27
:10F47000676C6F62616C5F6C73746D2F6C73746D0D
:10F480002F6C73746D5F63656C6C2F5369676D6F60
:10F4900069645F35310000000200000001000000D7
:10F4A000400000009238FEFF000000011400000040
:10F4B000300000006F010000000000090C01000096
:10F4C000D437FEFF0800000010000000010000001B
:10F4D00006000000000000000100000098A0683D48
:10F4E000E30000006D5F6D63755F6E65745F707241
:10F4F00065646963746F722F676C6F62616C5F6CB7
:10F5000073746D2F6C73746D2F6C73746D5F6365A2
:10F510006C6C2F73706C69745F31373B6D5F6D631A
:10F52000755F6E65745F707265646963746F722F66
:10F53000676C6F62616C5F6C73746D2F6C73746D4C
:10F540002F6C73746D5F63656C6C2F73706C697472
:10F550005F3137313B6D5F6D63755F6E65745F70F2
:10F560007265646963746F722F676C6F62616C5F40
:10F570006C73746D2F6C73746D2F6C73746D5F632B
:10F58000656C6C2F73706C69745F3137323B6D5FE3
:10F590006D63755F6E65745F707265646963746FC7
:10F5A000722F676C6F62616C5F6C73746D2F6C731C
:10F5B000746D2F6C73746D5F63656C6C2F73706CFE
:10F5C00069745F313733330002000000010000002E
:10F5D00040000000C239FEFF0000000114000000DE
:10F5E000300000006E010000000000090C01000066
:10F5F0000439FEFF080000001000000001000000B8
:10F6000006000000000000000100000098A0683D16
:10F61000E30000006D5F6D63755F6E65745F70720F
:10F6200065646963746F722F676C6F62616C5F6C85
:10F6300073746D2F6C73746D2F6C73746D5F636571
:10F640006C6C2F73706C69745F31373B6D5F6D63E9
:10F65000755F6E65745F707265646963746F722F35
:10F66000676C6F62616C5F6C73746D2F6C73746D1B
:10F670002F6C73746D5F63656C6C2F73706C697441
:10F680005F3137313B6D5F6D63755F6E65745F70C1
:10F690007265646963746F722F676C6F62616C5F0F
:10F6A0006C73746D2F6C73746D2F6C73746D5F63FA
:10F6B000656C6C2F73706C69745F3137323B6D5FB2
:10F6C0006D63755F6E65745F707265646963746F96
:10F6D000722F676C6F62616C5F6C73746D2F6C73EB
:10F6E000746D2F6C73746D5F63656C6C2F73706CCD
:10F6F00069745F31373332000200000001000000FE
:10F7000040000000F23AFEFF00000001140000007B
:10F71000300000006D010000000000090C01000035
:10F72000343AFEFF08000000100000000100000055
:10F7300006000000000000000100000098A0683DE5
:10F74000E30000006D5F6D63755F6E65745F7072DE
:10F7500065646963746F722F676C6F62616C5F6C54
:10F7600073746D2F6C73746D2F6C73746D5F636540
:10F770006C6C2F73706C69745F31373B6D5F6D63B8
:10F78000755F6E65745F707265646963746F722F04
:10F79000676C6F62616C5F6C73746D2F6C73746DEA
:10F7A0002F6C73746D5F63656C6C2F73706C697410
:10F7B0005F3137313B6D5F6D63755F6E65745F7090
:10F7C0007265646963746F722F676C6F62616C5FDE
:10F7D0006C73746D2F6C73746D2F6C73746D5F63C9
:10F7E000656C6C2F73706C69745F3137323B6D5F81
:10F7F0006D63755F6E65745F707265646963746F65
:10F80000722F676C6F62616C5F6C73746D2F6C73B9
:10F81000746D2F6C73746D5F63656C6C2F73706C9B
:10F8200069745F31373331000200000001000000CD
:10F8300040000000223CFEFF000000011400000018
:10F84000300000006C010000000000090C01000005
:10F85000643BFEFF080000001000000001000000F3
:10F8600006000000000000000100000098A0683DB4
:10F87000E20000006D5F6D63755F6E65745F7072AE
:10F8800065646963746F722F676C6F62616C5F6C23
:10F8900073746D2F6C73746D2F6C73746D5F63650F
:10F8A0006C6C2F73706C69745F31373B6D5F6D6387
:10F8B000755F6E65745F707265646963746F722FD3
:10F8C000676C6F62616C5F6C73746D2F6C73746DB9
:10F8D0002F6C73746D5F63656C6C2F73706C6974DF
:10F8E0005F3137313B6D5F6D63755F6E65745F705F
:10F8F0007265646963746F722F676C6F62616C5FAD
:10F900006C73746D2F6C73746D2F6C73746D5F6397
:10F91000656C6C2F73706C69745F3137323B6D5F4F
:10F920006D63755F6E65745F707265646963746F33
:10F93000722F676C6F62616C5F6C73746D2F6C7388
:10F94000746D2F6C73746D5F63656C6C2F73706C6A
:10F9500069745F31373300000200000001000000CD
:10F9600040000000523DFEFF0000000114000000B6
:10F97000300000006B01000000000009640000007E
:10F98000943CFEFF08000000100000000100000091
:10F9900006000000000000000100000098A0683D83
:10F9A000390000006D5F6D63755F6E65745F707226
:10F9B00065646963746F722F676C6F62616C5F6CF2
:10F9C00073746D2F6C73746D2F6C73746D5F6365DE
:10F9D0006C6C2F426961734164645F3137000000D1
:10F9E000020000000100000000010000DA3DFEFFFF
:10F9F0000000000114000000340000006A01000053
:10FA000000000009640000001C3DFEFF080000002B
:10FA100014000000010000000600000000000000CB
:10FA2000000000000100000098A0683D35000000C3
:10FA30006D5F6D63755F6E65745F70726564696339
:10FA4000746F722F676C6F62616C5F6C73746D2F73
:10FA50006C73746D2F6C73746D5F63656C6C2F6168
:10FA600064645F3334000000020000000100000005
:10FA700000010000623EFEFF0000000114000000D3
:10FA8000300000006901000000000009640000006F
:10FA9000A43DFEFF0800000010000000010000006F
:10FAA000160000000000000001000000F255213D9A
:10FAB000380000006D5F6D63755F6E65745F707216
:10FAC00065646963746F722F676C6F62616C5F6CE1
:10FAD00073746D2F6C73746D2F6C73746D5F6365CD
:10FAE0006C6C2F4D61744D756C5F333500000000F8
:10FAF000020000000100000000010000EA3EFEFFDD
:10FB00000000000114000000340000006801000043
:10FB100000000009640000002C3EFEFF0800000009
:10FB200014000000010000000000000000000000C0
:10FB30000000000001000000B546FE3B350000005B
:10FB40006D5F6D63755F6E65745F70726564696328
:10FB5000746F722F676C6F62616C5F6C73746D2F62
:10FB60006C73746D2F6C73746D5F63656C6C2F6D4B
:10FB7000756C5F35300000000200000001000000DD
:10FB800040000000723FFEFF000000011400000072
:10FB9000340000006701000000000009640000005C
:10FBA000B43EFEFF08000000140000000100000049
:10FBB0000000000000000000000000000100000044
:10FBC0000000003C360000006D5F6D63755F6E6580
:10FBD000745F707265646963746F722F676C6F62B3
:10FBE000616C5F6C73746D2F6C73746D2F6C7374B8
:10FBF0006D5F63656C6C2F54616E685F333300001A
:10FC0000020000000100000040000000FA3FFEFF7B
:10FC10000000000114000000340000006601000034
:10FC200000000009640000003C3FFEFF08000000E7
:10FC30001400000001000000EAFFFFFFFFFFFFFFCC
:10FC400000000000010000002B29A83D3500000045
:10FC50006D5F6D63755F6E65745F70726564696317
:10FC6000746F722F676C6F62616C5F6C73746D2F51
:10FC70006C73746D2F6C73746D5F63656C6C2F6146
:10FC800064645F33330000000200000001000000E4
:10FC9000400000008240FEFF000000011400000050
:10FCA000340000006501000000000009640000004D
:10FCB000C43FFEFF08000000140000000100000027
:10FCC000EAFFFFFFFFFFFFFF000000000100000050
:10FCD0002B29A83D350000006D5F6D63755F6E6573
:10FCE000745F707265646963746F722F676C6F62A2
:10FCF000616C5F6C73746D2F6C73746D2F6C7374A7
:10FD00006D5F63656C6C2F6D756C5F34380000003F
:10FD10000200000001000000400000000A41FEFF58
:10FD20000000000114000000340000006401000025
:10FD300000000009640000004C40FEFF08000000C5
:10FD4000140000000100000000000000000000009E
:10FD500000000000010000008AC5FA3B35000000E9
:10FD60006D5F6D63755F6E65745F70726564696306
:10FD7000746F722F676C6F62616C5F6C73746D2F40
:10FD80006C73746D2F6C73746D5F63656C6C2F6D29
:10FD9000756C5F34390000000200000001000000B3
:10FDA000400000009241FEFF00000001140000002E
:10FDB000340000006301000000000009640000003E
:10FDC000D440FEFF08000000140000000100000005
:10FDD0000000000000000000000000000100000022
:10FDE0000000003C360000006D5F6D63755F6E655E
:10FDF000745F707265646963746F722F676C6F6291
:10FE0000616C5F6C73746D2F6C73746D2F6C737495
:10FE10006D5F63656C6C2F54616E685F33320000F8
:10FE20000200000001000000400000001A42FEFF36
:10FE3000000000011400000030000000620100001A
:10FE400000000009640000005C41FEFF08000000A3
:10FE5000100000000100000080FFFFFFFFFFFFFF18
:10FE6000010000000000803B390000006D5F6D6301
:10FE7000755F6E65745F707265646963746F722F0D
:10FE8000676C6F62616C5F6C73746D2F6C73746DF3
:10FE90002F6C73746D5F63656C6C2F5369676D6F46
:10FEA00069645F35300000000200000001000000BE
:10FEB00040000000A242FEFF00000001140000000C
:10FEC0003000000061010000000000096400000033
:10FED000E441FEFF080000001000000001000000E7
:10FEE00080FFFFFFFFFFFFFF010000000000803BDD
:10FEF000390000006D5F6D63755F6E65745F7072D1
:10FF000065646963746F722F676C6F62616C5F6C9C
:10FF100073746D2F6C73746D2F6C73746D5F636588
:10FF20006C6C2F5369676D6F69645F343900000032
:10FF30000200000001000000400000002A43FEFF14
:10FF4000000000011400000030000000600100000B
:10FF500000000009640000006C42FEFF0800000081
:10FF6000100000000100000080FFFFFFFFFFFFFF07
:10FF7000010000000000803B390000006D5F6D63F0
:10FF8000755F6E65745F707265646963746F722FFC
:10FF9000676C6F62616C5F6C73746D2F6C73746DE2
:10FFA0002F6C73746D5F63656C6C2F5369676D6F35
:10FFB00069645F34380000000200000001000000A6
:10FFC00040000000B243FEFF0000000114000000EA
:10FFD000300000005F010000000000090C0100007B
:10FFE000F442FEFF080000001000000001000000C5
:10FFF0000100000000000000010000002CC95C3D71
:020000040803EF
:10000000E30000006D5F6D63755F6E65745F707215
:1000100065646963746F722F676C6F62616C5F6C8B
:1000200073746D2F6C73746D2F6C73746D5F636577
:100030006C6C2F73706C69745F31363B6D5F6D63F0
:10004000755F6E65745F707265646963746F722F3B
:10005000676C6F62616C5F6C73746D2F6C73746D21
:100060002F6C73746D5F63656C6C2F73706C697447
:100070005F3136313B6D5F6D63755F6E65745F70C8
:100080007265646963746F722F676C6F62616C5F15
:100090006C73746D2F6C73746D2F6C73746D5F6300
:1000A000656C6C2F73706C69745F3136323B6D5FB9
:1000B0006D63755F6E65745F707265646963746F9C
:1000C000722F676C6F62616C5F6C73746D2F6C73F1
:1000D000746D2F6C73746D5F63656C6C2F73706CD3
:1000E00069745F3136333300020000000100000004
:1000F00040000000E244FEFF000000011400000088
:10010000300000005E010000000000090C0100004A
:100110002444FEFF08000000100000000100000061
:100120000100000000000000010000002CC95C3D3F
:10013000E30000006D5F6D63755F6E65745F7072E4
:1001400065646963746F722F676C6F62616C5F6C5A
:1001500073746D2F6C73746D2F6C73746D5F636546
:100160006C6C2F73706C69745F31363B6D5F6D63BF
:10017000755F6E65745F707265646963746F722F0A
:10018000676C6F62616C5F6C73746D2F6C73746DF0
:100190002F6C73746D5F63656C6C2F73706C697416
:1001A0005F3136313B6D5F6D63755F6E65745F7097
:1001B0007265646963746F722F676C6F62616C5FE4
:1001C0006C73746D2F6C73746D2F6C73746D5F63CF
:1001D000656C6C2F73706C69745F3136323B6D5F88
:1001E0006D63755F6E65745F707265646963746F6B
:1001F000722F676C6F62616C5F6C73746D2F6C73C0
:10020000746D2F6C73746D5F63656C6C2F73706CA1
:1002100069745F31363332000200000001000000D3
:10022000400000001246FEFF000000011400000024
:10023000300000005D010000000000090C0100001A
:100240005445FEFF080000001000000001000000FF
:100250000100000000000000010000002CC95C3D0E
:10026000E30000006D5F6D63755F6E65745F7072B3
:1002700065646963746F722F676C6F62616C5F6C29
:1002800073746D2F6C73746D2F6C73746D5F636515
:100290006C6C2F73706C69745F31363B6D5F6D638E
:1002A000755F6E65745F707265646963746F722FD9
:1002B000676C6F62616C5F6C73746D2F6C73746DBF
:1002C0002F6C73746D5F63656C6C2F73706C6974E5
:1002D0005F3136313B6D5F6D63755F6E65745F7066
:1002E0007265646963746F722F676C6F62616C5FB3
:1002F0006C73746D2F6C73746D2F6C73746D5F639E
:10030000656C6C2F73706C69745F3136323B6D5F56
:100310006D63755F6E65745F707265646963746F39
:10032000722F676C6F62616C5F6C73746D2F6C738E
:10033000746D2F6C73746D5F63656C6C2F73706C70
:1003400069745F31363331000200000001000000A3
:10035000400000004247FEFF0000000114000000C2
:10036000300000005C010000000000090C010000EA
:100370008446FEFF0800000010000000010000009D
:100380000100000000000000010000002CC95C3DDD
:10039000E20000006D5F6D63755F6E65745F707283
:1003A00065646963746F722F676C6F62616C5F6CF8
:1003B00073746D2F6C73746D2F6C73746D5F6365E4
:1003C0006C6C2F73706C69745F31363B6D5F6D635D
:1003D000755F6E65745F707265646963746F722FA8
:1003E000676C6F62616C5F6C73746D2F6C73746D8E
:1003F0002F6C73746D5F63656C6C2F73706C6974B4
:100400005F3136313B6D5F6D63755F6E65745F7034
:100410007265646963746F722F676C6F62616C5F81
:100420006C73746D2F6C73746D2F6C73746D5F636C
:10043000656C6C2F73706C69745F3136323B6D5F25
:100440006D63755F6E65745F707265646963746F08
:10045000722F676C6F62616C5F6C73746D2F6C735D
:10046000746D2F6C73746D5F63656C6C2F73706C3F
:1004700069745F31363300000200000001000000A3
:10048000400000007248FEFF000000011400000060
:10049000300000005B010000000000096400000063
:1004A000B447FEFF0800000010000000010000003B
:1004B0000100000000000000010000002CC95C3DAC
:1004C000390000006D5F6D63755F6E65745F7072FB
:1004D00065646963746F722F676C6F62616C5F6CC7
:1004E00073746D2F6C73746D2F6C73746D5F6365B3
:1004F0006C6C2F426961734164645F3136000000A7
:10050000020000000100000000010000FA48FEFFA8
:100510000000000114000000340000005A01000037
:1005200000000009640000003C48FEFF08000000D5
:1005300014000000010000000100000000000000A5
:1005400000000000010000002CC95C3D35000000E7
:100550006D5F6D63755F6E65745F7072656469630E
:10056000746F722F676C6F62616C5F6C73746D2F48
:100570006C73746D2F6C73746D5F63656C6C2F613D
:1005800064645F33320000000200000001000000DC
:10059000000100008249FEFF00000001140000007D
:1005A0003000000059010000000000096400000054
:1005B000C448FEFF08000000100000000100000019
:1005C000150000000000000001000000E5881E3D4D
:1005D000380000006D5F6D63755F6E65745F7072EB
:1005E00065646963746F722F676C6F62616C5F6CB6
:1005F00073746D2F6C73746D2F6C73746D5F6365A2
:100600006C6C2F4D61744D756C5F333300000000CE
:100610000200000001000000000100000A4AFEFF85
:100620000000000114000000340000005801000028
:1006300000000009640000004C49FEFF08000000B3
:100640001400000001000000000000000000000095
:100650000000000001000000B546FE3B3500000030
:100660006D5F6D63755F6E65745F707265646963FD
:10067000746F722F676C6F62616C5F6C73746D2F37
:100680006C73746D2F6C73746D5F63656C6C2F6D20
:10069000756C5F34370000000200000001000000AC
:1006A00040000000924AFEFF00000001140000001C
:1006B0003400000057010000000000096400000041
:1006C000D449FEFF080000001400000001000000F3
:1006D0000000000000000000000000000100000019
:1006E0000000003C360000006D5F6D63755F6E6555
:1006F000745F707265646963746F722F676C6F6288
:10070000616C5F6C73746D2F6C73746D2F6C73748C
:100710006D5F63656C6C2F54616E685F33310000F0
:100720000200000001000000400000001A4BFEFF24
:100730000000000114000000340000005601000019
:1007400000000009640000005C4AFEFF0800000091
:100750001400000001000000EDFFFFFFFFFFFFFF9E
:100760000000000001000000317EA03D35000000C7
:100770006D5F6D63755F6E65745F707265646963EC
:10078000746F722F676C6F62616C5F6C73746D2F26
:100790006C73746D2F6C73746D5F63656C6C2F611B
:1007A00064645F33310000000200000001000000BB
:1007B00040000000A24BFEFF0000000114000000FA
:1007C0003400000055010000000000096400000032
:1007D000E44AFEFF080000001400000001000000D1
:1007E000EDFFFFFFFFFFFFFF000000000100000022
:1007F000317EA03D350000006D5F6D63755F6E65F5
:10080000745F707265646963746F722F676C6F6276
:10081000616C5F6C73746D2F6C73746D2F6C73747B
:100820006D5F63656C6C2F6D756C5F343500000017
:100830000200000001000000400000002A4CFEFF02
:10084000000000011400000034000000540100000A
:1008500000000009640000006C4BFEFF080000006F
:100860001400000001000000FFFFFFFFFFFFFFFF7B
:1008700000000000010000005AE8FB3B35000000CA
:100880006D5F6D63755F6E65745F707265646963DB
:10089000746F722F676C6F62616C5F6C73746D2F15
:1008A0006C73746D2F6C73746D5F63656C6C2F6DFE
:1008B000756C5F343600000002000000010000008B
:1008C00040000000B24CFEFF0000000114000000D8
:1008D0003400000053010000000000096400000023
:1008E000F44BFEFF080000001400000001000000AF
:1008F00000000000000000000000000001000000F7
:100900000000003C360000006D5F6D63755F6E6532
:10091000745F707265646963746F722F676C6F6265
:10092000616C5F6C73746D2F6C73746D2F6C73746A
:100930006D5F63656C6C2F54616E685F33300000CF
:100940000200000001000000400000003A4DFEFFE0
:1009500000000001140000003000000052010000FF
:1009600000000009640000007C4CFEFF080000004D
:10097000100000000100000080FFFFFFFFFFFFFFED
:10098000010000000000803B390000006D5F6D63D6
:10099000755F6E65745F707265646963746F722FE2
:1009A000676C6F62616C5F6C73746D2F6C73746DC8
:1009B0002F6C73746D5F63656C6C2F5369676D6F1B
:1009C00069645F343700000002000000010000008D
:1009D00040000000C24DFEFF0000000114000000B6
:1009E0003000000051010000000000096400000018
:1009F000044DFEFF08000000100000000100000090
:100A000080FFFFFFFFFFFFFF010000000000803BB1
:100A1000390000006D5F6D63755F6E65745F7072A5
:100A200065646963746F722F676C6F62616C5F6C71
:100A300073746D2F6C73746D2F6C73746D5F63655D
:100A40006C6C2F5369676D6F69645F34360000000A
:100A50000200000001000000400000004A4EFEFFBE
:100A600000000001140000003000000050010000F0
:100A700000000009640000008C4DFEFF080000002B
:100A8000100000000100000080FFFFFFFFFFFFFFDC
:100A9000010000000000803B390000006D5F6D63C5
:100AA000755F6E65745F707265646963746F722FD1
:100AB000676C6F62616C5F6C73746D2F6C73746DB7
:100AC0002F6C73746D5F63656C6C2F5369676D6F0A
:100AD00069645F343500000002000000010000007E
:100AE00040000000D24EFEFF000000011400000094
:100AF000300000004F010000000000090C01000060
:100B0000144EFEFF0800000010000000010000006D
:100B10000400000000000000010000005719663DBD
:100B2000E30000006D5F6D63755F6E65745F7072EA
:100B300065646963746F722F676C6F62616C5F6C60
:100B400073746D2F6C73746D2F6C73746D5F63654C
:100B50006C6C2F73706C69745F31353B6D5F6D63C6
:100B6000755F6E65745F707265646963746F722F10
:100B7000676C6F62616C5F6C73746D2F6C73746DF6
:100B80002F6C73746D5F63656C6C2F73706C69741C
:100B90005F3135313B6D5F6D63755F6E65745F709E
:100BA0007265646963746F722F676C6F62616C5FEA
:100BB0006C73746D2F6C73746D2F6C73746D5F63D5
:100BC000656C6C2F73706C69745F3135323B6D5F8F
:100BD0006D63755F6E65745F707265646963746F71
:100BE000722F676C6F62616C5F6C73746D2F6C73C6
:100BF000746D2F6C73746D5F63656C6C2F73706CA8
:100C000069745F31353333000200000001000000D9
:100C1000400000000250FEFF000000011400000030
:100C2000300000004E010000000000090C0100002F
:100C3000444FFEFF0800000010000000010000000B
:100C40000400000000000000010000005719663D8C
:100C5000E30000006D5F6D63755F6E65745F7072B9
:100C600065646963746F722F676C6F62616C5F6C2F
:100C700073746D2F6C73746D2F6C73746D5F63651B
:100C80006C6C2F73706C69745F31353B6D5F6D6395
:100C9000755F6E65745F707265646963746F722FDF
:100CA000676C6F62616C5F6C73746D2F6C73746DC5
:100CB0002F6C73746D5F63656C6C2F73706C6974EB
:100CC0005F3135313B6D5F6D63755F6E65745F706D
:100CD0007265646963746F722F676C6F62616C5FB9
:100CE0006C73746D2F6C73746D2F6C73746D5F63A4
:100CF000656C6C2F73706C69745F3135323B6D5F5E
:100D00006D63755F6E65745F707265646963746F3F
:100D1000722F676C6F62616C5F6C73746D2F6C7394
:100D2000746D2F6C73746D5F63656C6C2F73706C76
:100D300069745F31353332000200000001000000A9
:100D4000400000003251FEFF0000000114000000CE
:100D5000300000004D010000000000090C010000FF
:100D60007450FEFF080000001000000001000000A9
:100D70000400000000000000010000005719663D5B
:100D8000E30000006D5F6D63755F6E65745F707288
:100D900065646963746F722F676C6F62616C5F6CFE
:100DA00073746D2F6C73746D2F6C73746D5F6365EA
:100DB0006C6C2F73706C69745F31353B6D5F6D6364
:100DC000755F6E65745F707265646963746F722FAE
:100DD000676C6F62616C5F6C73746D2F6C73746D94
:100DE0002F6C73746D5F63656C6C2F73706C6974BA
:100DF0005F3135313B6D5F6D63755F6E65745F703C
:100E00007265646963746F722F676C6F62616C5F87
:100E10006C73746D2F6C73746D2F6C73746D5F6372
:100E2000656C6C2F73706C69745F3135323B6D5F2C
:100E30006D63755F6E65745F707265646963746F0E
:100E4000722F676C6F62616C5F6C73746D2F6C7363
:100E5000746D2F6C73746D5F63656C6C2F73706C45
:100E600069745F3135333100020000000100000079
:100E7000400000006252FEFF00000001140000006C
:100E8000300000004C010000000000090C010000CF
:100E9000A451FEFF08000000100000000100000047
:100EA0000400000000000000010000005719663D2A
:100EB000E20000006D5F6D63755F6E65745F707258
:100EC00065646963746F722F676C6F62616C5F6CCD
:100ED00073746D2F6C73746D2F6C73746D5F6365B9
:100EE0006C6C2F73706C69745F31353B6D5F6D6333
:100EF000755F6E65745F707265646963746F722F7D
:100F0000676C6F62616C5F6C73746D2F6C73746D62
:100F10002F6C73746D5F63656C6C2F73706C697488
:100F20005F3135313B6D5F6D63755F6E65745F700A
:100F30007265646963746F722F676C6F62616C5F56
:100F40006C73746D2F6C73746D2F6C73746D5F6341
:100F5000656C6C2F73706C69745F3135323B6D5FFB
:100F60006D63755F6E65745F707265646963746FDD
:100F7000722F676C6F62616C5F6C73746D2F6C7332
:100F8000746D2F6C73746D5F63656C6C2F73706C14
:100F900069745F3135330000020000000100000079
:100FA000400000009253FEFF00000001140000000A
:100FB000300000004B010000000000096400000048
:100FC000D452FEFF080000001000000001000000E5
:100FD0000400000000000000010000005719663DF9
:100FE000390000006D5F6D63755F6E65745F7072D0
:100FF00065646963746F722F676C6F62616C5F6C9C
:1010000073746D2F6C73746D2F6C73746D5F636587
:101010006C6C2F426961734164645F31350000007C
:101020000200000001000000000100001A54FEFF51
:101030000000000114000000340000004A0100001C
:1010400000000009640000005C53FEFF080000007F
:101050001400000001000000040000000000000077
:1010600000000000010000005719663D3500000037
:101070006D5F6D63755F6E65745F707265646963E3
:10108000746F722F676C6F62616C5F6C73746D2F1D
:101090006C73746D2F6C73746D5F63656C6C2F6112
:1010A00064645F33300000000200000001000000B3
:1010B00000010000A254FEFF000000011400000027
:1010C0003000000049010000000000096400000039
:1010D000E453FEFF080000001000000001000000C3
:1010E000150000000000000001000000BB30193DA9
:1010F000380000006D5F6D63755F6E65745F7072C0
:1011000065646963746F722F676C6F62616C5F6C8A
:1011100073746D2F6C73746D2F6C73746D5F636576
:101120006C6C2F4D61744D756C5F333100000000A5
:101130000200000001000000000100002A55FEFF2F
:10114000000000011400000034000000480100000D
:1011500000000009640000006C54FEFF080000005D
:10116000140000000100000000000000000000006A
:101170000000000001000000B546FE3B3500000005
:101180006D5F6D63755F6E65745F707265646963D2
:10119000746F722F676C6F62616C5F6C73746D2F0C
:1011A0006C73746D2F6C73746D5F63656C6C2F6DF5
:1011B000756C5F3434000000020000000100000084
:1011C00040000000B255FEFF0000000114000000C6
:1011D0003400000047010000000000096400000026
:1011E000F454FEFF0800000014000000010000009D
:1011F00000000000000000000000000001000000EE
:101200000000003C360000006D5F6D63755F6E6529
:10121000745F707265646963746F722F676C6F625C
:10122000616C5F6C73746D2F6C73746D2F6C737461
:101230006D5F63656C6C2F54616E685F32390000BE
:101240000200000001000000400000003A56FEFFCE
:1012500000000001140000003400000046010000FE
:1012600000000009640000007C55FEFF080000003B
:101270001400000001000000EEFFFFFFFFFFFFFF72
:1012800000000000010000008511963D35000000BF
:101290006D5F6D63755F6E65745F707265646963C1
:1012A000746F722F676C6F62616C5F6C73746D2FFB
:1012B0006C73746D2F6C73746D5F63656C6C2F61F0
:1012C00064645F3239000000020000000100000089
:1012D00040000000C256FEFF0000000114000000A4
:1012E0003400000045010000000000096400000017
:1012F0000456FEFF0800000014000000010000007A
:10130000EEFFFFFFFFFFFFFF0000000001000000F5
:101310008511963D350000006D5F6D63755F6E65EC
:10132000745F707265646963746F722F676C6F624B
:10133000616C5F6C73746D2F6C73746D2F6C737450
:101340006D5F63656C6C2F6D756C5F3432000000EF
:101350000200000001000000400000004A57FEFFAC
:1013600000000001140000003400000044010000EF
:1013700000000009640000008C56FEFF0800000019
:101380001400000001000000000000000000000048
:1013900000000000010000007FA3FB3B35000000BF
:1013A0006D5F6D63755F6E65745F707265646963B0
:1013B000746F722F676C6F62616C5F6C73746D2FEA
:1013C0006C73746D2F6C73746D5F63656C6C2F6DD3
:1013D000756C5F3433000000020000000100000063
:1013E00040000000D257FEFF000000011400000082
:1013F0003400000043010000000000096400000008
:101400001457FEFF08000000140000000100000057
:1014100000000000000000000000000001000000CB
:101420000000003C360000006D5F6D63755F6E6507
:10143000745F707265646963746F722F676C6F623A
:10144000616C5F6C73746D2F6C73746D2F6C73743F
:101450006D5F63656C6C2F54616E685F323800009D
:101460000200000001000000400000005A58FEFF8A
:1014700000000001140000003000000042010000E4
:1014800000000009640000009C57FEFF08000000F7
:10149000100000000100000080FFFFFFFFFFFFFFC2
:1014A000010000000000803B390000006D5F6D63AB
:1014B000755F6E65745F707265646963746F722FB7
:1014C000676C6F62616C5F6C73746D2F6C73746D9D
:1014D0002F6C73746D5F63656C6C2F5369676D6FF0
:1014E00069645F3434000000020000000100000065
:1014F00040000000E258FEFF000000011400000060
:1015000030000000410100000000000964000000FC
:101510002458FEFF08000000100000000100000039
:1015200080FFFFFFFFFFFFFF010000000000803B86
:10153000390000006D5F6D63755F6E65745F70727A
:1015400065646963746F722F676C6F62616C5F6C46
:1015500073746D2F6C73746D2F6C73746D5F636532
:101560006C6C2F5369676D6F69645F3433000000E2
:101570000200000001000000400000006A59FEFF68
:1015800000000001140000003000000040010000D5
:101590000000000964000000AC58FEFF08000000D5
:1015A000100000000100000080FFFFFFFFFFFFFFB1
:1015B000010000000000803B390000006D5F6D639A
:1015C000755F6E65745F707265646963746F722FA6
:1015D000676C6F62616C5F6C73746D2F6C73746D8C
:1015E0002F6C73746D5F63656C6C2F5369676D6FDF
:1015F00069645F3432000000020000000100000056
:1016000040000000F259FEFF00000001140000003D
:10161000300000003F010000000000090C01000044
:101620003459FEFF08000000100000000100000017
:10163000FCFFFFFFFFFFFFFF010000006ADE653DCA
:10164000E30000006D5F6D63755F6E65745F7072BF
:1016500065646963746F722F676C6F62616C5F6C35
:1016600073746D2F6C73746D2F6C73746D5F636521
:101670006C6C2F73706C69745F31343B6D5F6D639C
:10168000755F6E65745F707265646963746F722FE5
:10169000676C6F62616C5F6C73746D2F6C73746DCB
:1016A0002F6C73746D5F63656C6C2F73706C6974F1
:1016B0005F3134313B6D5F6D63755F6E65745F7074
:1016C0007265646963746F722F676C6F62616C5FBF
:1016D0006C73746D2F6C73746D2F6C73746D5F63AA
:1016E000656C6C2F73706C69745F3134323B6D5F65
:1016F0006D63755F6E65745F707265646963746F46
:10170000722F676C6F62616C5F6C73746D2F6C739A
:10171000746D2F6C73746D5F63656C6C2F73706C7C
:1017200069745F31343333000200000001000000AF
:1017300040000000225BFEFF0000000114000000DA
:10174000300000003E010000000000090C01000014
:10175000645AFEFF080000001000000001000000B5
:10176000FCFFFFFFFFFFFFFF010000006ADE653D99
:10177000E30000006D5F6D63755F6E65745F70728E
:1017800065646963746F722F676C6F62616C5F6C04
:1017900073746D2F6C73746D2F6C73746D5F6365F0
:1017A0006C6C2F73706C69745F31343B6D5F6D636B
:1017B000755F6E65745F707265646963746F722FB4
:1017C000676C6F62616C5F6C73746D2F6C73746D9A
:1017D0002F6C73746D5F63656C6C2F73706C6974C0
:1017E0005F3134313B6D5F6D63755F6E65745F7043
:1017F0007265646963746F722F676C6F62616C5F8E
:101800006C73746D2F6C73746D2F6C73746D5F6378
:10181000656C6C2F73706C69745F3134323B6D5F33
:101820006D63755F6E65745F707265646963746F14
:10183000722F676C6F62616C5F6C73746D2F6C7369
:10184000746D2F6C73746D5F63656C6C2F73706C4B
:1018500069745F313433320002000000010000007F
:1018600040000000525CFEFF000000011400000078
:10187000300000003D010000000000090C010000E4
:10188000945BFEFF08000000100000000100000053
:10189000FCFFFFFFFFFFFFFF010000006ADE653D68
:1018A000E30000006D5F6D63755F6E65745F70725D
:1018B00065646963746F722F676C6F62616C5F6CD3
:1018C00073746D2F6C73746D2F6C73746D5F6365BF
:1018D0006C6C2F73706C69745F31343B6D5F6D633A
:1018E000755F6E65745F707265646963746F722F83
:1018F000676C6F62616C5F6C73746D2F6C73746D69
:101900002F6C73746D5F63656C6C2F73706C69748E
:101910005F3134313B6D5F6D63755F6E65745F7011
:101920007265646963746F722F676C6F62616C5F5C
:101930006C73746D2F6C73746D2F6C73746D5F6347
:10194000656C6C2F73706C69745F3134323B6D5F02
:101950006D63755F6E65745F707265646963746FE3
:10196000722F676C6F62616C5F6C73746D2F6C7338
:10197000746D2F6C73746D5F63656C6C2F73706C1A
:1019800069745F313433310002000000010000004F
:1019900040000000825DFEFF000000011400000016
:1019A000300000003C010000000000090C010000B4
:1019B000C45CFEFF080000001000000001000000F1
:1019C000FCFFFFFFFFFFFFFF010000006ADE653D37
:1019D000E20000006D5F6D63755F6E65745F70722D
:1019E00065646963746F722F676C6F62616C5F6CA2
:1019F00073746D2F6C73746D2F6C73746D5F63658E
:101A00006C6C2F73706C69745F31343B6D5F6D6308
:101A1000755F6E65745F707265646963746F722F51
:101A2000676C6F62616C5F6C73746D2F6C73746D37
:101A30002F6C73746D5F63656C6C2F73706C69745D
:101A40005F3134313B6D5F6D63755F6E65745F70E0
:101A50007265646963746F722F676C6F62616C5F2B
:101A60006C73746D2F6C73746D2F6C73746D5F6316
:101A7000656C6C2F73706C69745F3134323B6D5FD1
:101A80006D63755F6E65745F707265646963746FB2
:101A9000722F676C6F62616C5F6C73746D2F6C7307
:101AA000746D2F6C73746D5F63656C6C2F73706CE9
:101AB00069745F313433000002000000010000004F
:101AC00040000000B25EFEFF0000000114000000B4
:101AD000300000003B01000000000009640000002D
:101AE000F45DFEFF0800000010000000010000008F
:101AF000FCFFFFFFFFFFFFFF010000006ADE653D06
:101B0000390000006D5F6D63755F6E65745F7072A4
:101B100065646963746F722F676C6F62616C5F6C70
:101B200073746D2F6C73746D2F6C73746D5F63655C
:101B30006C6C2F426961734164645F313400000052
:101B40000200000001000000000100003A5FFEFFFB
:101B50000000000114000000340000003A01000001
:101B600000000009640000007C5EFEFF0800000029
:101B70001400000001000000FCFFFFFFFFFFFFFF5B
:101B800000000000010000006ADE653D3500000035
:101B90006D5F6D63755F6E65745F707265646963B8
:101BA000746F722F676C6F62616C5F6C73746D2FF2
:101BB0006C73746D2F6C73746D5F63656C6C2F61E7
:101BC00064645F3238000000020000000100000081
:101BD00000010000C25FFEFF0000000114000000D1
:101BE000300000003901000000000009640000001E
:101BF000045FFEFF0800000010000000010000006C
:101C0000130000000000000001000000DD7A103D1C
:101C1000380000006D5F6D63755F6E65745F707294
:101C200065646963746F722F676C6F62616C5F6C5F
:101C300073746D2F6C73746D2F6C73746D5F63654B
:101C40006C6C2F4D61744D756C5F32390000000073
:101C50000200000001000000000100004A60FEFFD9
:101C600000000001140000003400000038010000F2
:101C700000000009640000008C5FFEFF0800000007
:101C8000140000000100000000000000000000003F
:101C90000000000001000000B546FE3B35000000DA
:101CA0006D5F6D63755F6E65745F707265646963A7
:101CB000746F722F676C6F62616C5F6C73746D2FE1
:101CC0006C73746D2F6C73746D5F63656C6C2F6DCA
:101CD000756C5F343100000002000000010000005C
:101CE00040000000D260FEFF000000011400000070
:101CF000340000003701000000000009640000000B
:101D00001460FEFF08000000140000000100000045
:101D100000000000000000000000000001000000C2
:101D20000000003C360000006D5F6D63755F6E65FE
:101D3000745F707265646963746F722F676C6F6231
:101D4000616C5F6C73746D2F6C73746D2F6C737436
:101D50006D5F63656C6C2F54616E685F3237000095
:101D60000200000001000000400000005A61FEFF78
:101D700000000001140000003400000036010000E3
:101D800000000009640000009C60FEFF08000000E5
:101D90001400000001000000EEFFFFFFFFFFFFFF47
:101DA00000000000010000009CBC8E3D35000000DA
:101DB0006D5F6D63755F6E65745F70726564696396
:101DC000746F722F676C6F62616C5F6C73746D2FD0
:101DD0006C73746D2F6C73746D5F63656C6C2F61C5
:101DE00064645F3237000000020000000100000060
:101DF00040000000E261FEFF00000001140000004E
:101E000034000000350100000000000964000000FB
:101E10002461FEFF08000000140000000100000023
:101E2000EEFFFFFFFFFFFFFF0000000001000000CA
:101E30009CBC8E3D350000006D5F6D63755F6E6507
:101E4000745F707265646963746F722F676C6F6220
:101E5000616C5F6C73746D2F6C73746D2F6C737425
:101E60006D5F63656C6C2F6D756C5F3339000000BE
:101E70000200000001000000400000006A62FEFF56
:101E800000000001140000003400000034010000D4
:101E90000000000964000000AC61FEFF08000000C3
:101EA0001400000001000000FFFFFFFFFFFFFFFF25
:101EB00000000000010000008A28FC3B3500000003
:101EC0006D5F6D63755F6E65745F70726564696385
:101ED000746F722F676C6F62616C5F6C73746D2FBF
:101EE0006C73746D2F6C73746D5F63656C6C2F6DA8
:101EF000756C5F343000000002000000010000003B
:101F000040000000F262FEFF00000001140000002B
:101F100034000000330100000000000964000000EC
:101F20003462FEFF08000000140000000100000001
:101F300000000000000000000000000001000000A0
:101F40000000003C360000006D5F6D63755F6E65DC
:101F5000745F707265646963746F722F676C6F620F
:101F6000616C5F6C73746D2F6C73746D2F6C737414
:101F70006D5F63656C6C2F54616E685F3236000074
:101F80000200000001000000400000007A63FEFF34
:101F900000000001140000003000000032010000C9
:101FA0000000000964000000BC62FEFF08000000A1
:101FB000100000000100000080FFFFFFFFFFFFFF97
:101FC000010000000000803B390000006D5F6D6380
:101FD000755F6E65745F707265646963746F722F8C
:101FE000676C6F62616C5F6C73746D2F6C73746D72
:101FF0002F6C73746D5F63656C6C2F5369676D6FC5
:1020000069645F343100000002000000010000003C
:10201000400000000264FEFF000000011400000008
:1020200030000000310100000000000964000000E1
:102030004463FEFF080000001000000001000000E3
:1020400080FFFFFFFFFFFFFF010000000000803B5B
:10205000390000006D5F6D63755F6E65745F70724F
:1020600065646963746F722F676C6F62616C5F6C1B
:1020700073746D2F6C73746D2F6C73746D5F636507
:102080006C6C2F5369676D6F69645F3430000000BA
:102090000200000001000000400000008A64FEFF12
:1020A00000000001140000003000000030010000BA
:1020B0000000000964000000CC63FEFF080000007F
:1020C000100000000100000080FFFFFFFFFFFFFF86
:1020D000010000000000803B390000006D5F6D636F
:1020E000755F6E65745F707265646963746F722F7B
:1020F000676C6F62616C5F6C73746D2F6C73746D61
:102100002F6C73746D5F63656C6C2F5369676D6FB3
:1021100069645F3339000000020000000100000024
:10212000400000001265FEFF0000000114000000E6
:10213000340000002F01000000000009140100001D
:102140005464FEFF080000001400000001000000BD
:10215000020000000000000000000000010000007C
:1021600031B7573DE40000006D5F6D63755F6E65CC
:10217000745F707265646963746F722F676C6F62ED
:10218000616C5F6C73746D2F6C73746D2F6C7374F2
:102190006D5F63656C6C2F73706C69745F31333184
:1021A0003B6D5F6D63755F6E65745F7072656469CA
:1021B00063746F722F676C6F62616C5F6C73746DA8
:1021C0002F6C73746D2F6C73746D5F63656C6C2F03
:1021D00073706C69745F3133323B6D5F6D63755F33
:1021E0006E65745F707265646963746F722F676C7B
:1021F0006F62616C5F6C73746D2F6C73746D2F6C98
:1022000073746D5F63656C6C2F73706C69745F3190
:1022100033333B6D5F6D63755F6E65745F707265C0
:10222000646963746F722F676C6F62616C5F6C734B
:10223000746D2F6C73746D2F6C73746D5F63656C4C
:102240006C2F73706C69745F31333433000000009D
:102250000200000001000000400000004A66FEFF8E
:102260000000000114000000340000002E010000F6
:1022700000000009140100008C65FEFF080000004A
:102280001400000001000000020000000000000037
:10229000000000000100000031B7573DE4000000DD
:1022A0006D5F6D63755F6E65745F707265646963A1
:1022B000746F722F676C6F62616C5F6C73746D2FDB
:1022C0006C73746D2F6C73746D5F63656C6C2F73BE
:1022D000706C69745F3133313B6D5F6D63755F6E38
:1022E00065745F707265646963746F722F676C6F79
:1022F00062616C5F6C73746D2F6C73746D2F6C7393
:10230000746D5F63656C6C2F73706C69745F3133CF
:10231000323B6D5F6D63755F6E65745F707265648F
:102320006963746F722F676C6F62616C5F6C73743A
:102330006D2F6C73746D2F6C73746D5F63656C6C53
:102340002F73706C69745F3133333B6D5F6D6375F0
:102350005F6E65745F707265646963746F722F6716
:102360006C6F62616C5F6C73746D2F6C73746D2F26
:102370006C73746D5F63656C6C2F73706C69745FE4
:102380003133343200000000020000000100000080
:10239000400000008267FEFF000000011400000002
:1023A000340000002D0100000000000914010000AD
:1023B000C466FEFF080000001400000001000000D9
:1023C000020000000000000000000000010000000A
:1023D00031B7573DE40000006D5F6D63755F6E655A
:1023E000745F707265646963746F722F676C6F627B
:1023F000616C5F6C73746D2F6C73746D2F6C737480
:102400006D5F63656C6C2F73706C69745F31333111
:102410003B6D5F6D63755F6E65745F707265646957
:1024200063746F722F676C6F62616C5F6C73746D35
:102430002F6C73746D2F6C73746D5F63656C6C2F90
:1024400073706C69745F3133323B6D5F6D63755FC0
:102450006E65745F707265646963746F722F676C08
:102460006F62616C5F6C73746D2F6C73746D2F6C25
:1024700073746D5F63656C6C2F73706C69745F311E
:1024800033333B6D5F6D63755F6E65745F7072654E
:10249000646963746F722F676C6F62616C5F6C73D9
:1024A000746D2F6C73746D2F6C73746D5F63656CDA
:1024B0006C2F73706C69745F31333431000000002D
:1024C000020000000100000040000000BA68FEFFAA
:1024D0000000000114000000300000002C0100008A
:1024E000000000090C010000FC67FEFF080000006E
:1024F00010000000010000000200000000000000C9
:102500000100000031B7573DE30000006D5F6D63CF
:10251000755F6E65745F707265646963746F722F46
:10252000676C6F62616C5F6C73746D2F6C73746D2C
:102530002F6C73746D5F63656C6C2F73706C697452
:102540005F3133313B6D5F6D63755F6E65745F70D6
:102550007265646963746F722F676C6F62616C5F20
:102560006C73746D2F6C73746D2F6C73746D5F630B
:10257000656C6C2F73706C69745F3133323B6D5FC7
:102580006D63755F6E65745F707265646963746FA7
:10259000722F676C6F62616C5F6C73746D2F6C73FC
:1025A000746D2F6C73746D5F63656C6C2F73706CDE
:1025B00069745F3133333B6D5F6D63755F6E657456
:1025C0005F707265646963746F722F676C6F6261AC
:1025D0006C5F6C73746D2F6C73746D2F6C73746D92
:1025E0005F63656C6C2F73706C69745F313334009A
:1025F000020000000100000040000000EA69FEFF48
:102600000000000114000000300000002B01000059
:1026100000000009640000002C69FEFF08000000B3
:102620001000000001000000020000000000000097
:102630000100000031B7573D390000006D5F6D6348
:10264000755F6E65745F707265646963746F722F15
:10265000676C6F62616C5F6C73746D2F6C73746DFB
:102660002F6C73746D5F63656C6C2F42696173418D
:1026700064645F31330000000200000001000000CC
:1026800000010000726AFEFF00000001140000005B
:10269000340000002A01000000000009640000006E
:1026A000B469FEFF080000001400000001000000F3
:1026B0000300000000000000000000000100000016
:1026C00040E0593D350000006D5F6D63755F6E65DC
:1026D000745F707265646963746F722F676C6F6288
:1026E000616C5F6C73746D2F6C73746D2F6C73748D
:1026F0006D5F63656C6C2F6164645F32360000004F
:10270000020000000100000000010000FA6AFEFF64
:10271000000000011400000030000000290100004A
:1027200000000009640000003C6AFEFF0800000091
:1027300010000000010000000C000000000000007C
:102740000100000088440B3D380000006D5F6D63A0
:10275000755F6E65745F707265646963746F722F04
:10276000676C6F62616C5F6C73746D2F6C73746DEA
:102770002F6C73746D5F63656C6C2F4D61744D7558
:102780006C5F323700000000020000000100000012
:1027900000010000826BFEFF000000011400000039
:1027A000340000002801000000000009640000005F
:1027B000C46AFEFF080000001400000001000000D1
:1027C0000000000000000000000000000100000008
:1027D000B546FE3B350000006D5F6D63755F6E654D
:1027E000745F707265646963746F722F676C6F6277
:1027F000616C5F6C73746D2F6C73746D2F6C73747C
:102800006D5F63656C6C2F6D756C5F333800000015
:102810000200000001000000400000000A6CFEFF02
:102820000000000114000000340000002701000037
:1028300000000009640000004C6BFEFF080000006F
:102840001400000001000000000000000000000073
:1028500000000000010000000000003C3600000005
:102860006D5F6D63755F6E65745F707265646963DB
:10287000746F722F676C6F62616C5F6C73746D2F15
:102880006C73746D2F6C73746D5F63656C6C2F5417
:10289000616E685F32350000020000000100000038
:1028A00040000000926CFEFF0000000114000000D8
:1028B0003400000026010000000000096400000050
:1028C000D46BFEFF080000001400000001000000AF
:1028D000EEFFFFFFFFFFFFFF000000000100000010
:1028E0008FFC833D350000006D5F6D63755F6E6525
:1028F000745F707265646963746F722F676C6F6266
:10290000616C5F6C73746D2F6C73746D2F6C73746A
:102910006D5F63656C6C2F6164645F32350000002D
:102920000200000001000000400000001A6DFEFFE0
:102930000000000114000000340000002501000028
:1029400000000009640000005C6CFEFF080000004D
:102950001400000001000000EEFFFFFFFFFFFFFF7B
:1029600000000000010000008FFC833D35000000E6
:102970006D5F6D63755F6E65745F707265646963CA
:10298000746F722F676C6F62616C5F6C73746D2F04
:102990006C73746D2F6C73746D5F63656C6C2F6DED
:1029A000756C5F333600000002000000010000007B
:1029B00040000000A26DFEFF0000000114000000B6
:1029C0003400000024010000000000096400000041
:1029D000E46CFEFF0800000014000000010000008D
:1029E00000000000000000000000000001000000E6
:1029F0008C89FA3B350000006D5F6D63755F6E6515
:102A0000745F707265646963746F722F676C6F6254
:102A1000616C5F6C73746D2F6C73746D2F6C737459
:102A20006D5F63656C6C2F6D756C5F3337000000F4
:102A30000200000001000000400000002A6EFEFFBE
:102A40000000000114000000340000002301000019
:102A500000000009640000006C6DFEFF080000002B
:102A60001400000001000000000000000000000051
:102A700000000000010000000000003C36000000E3
:102A80006D5F6D63755F6E65745F707265646963B9
:102A9000746F722F676C6F62616C5F6C73746D2FF3
:102AA0006C73746D2F6C73746D5F63656C6C2F54F5
:102AB000616E685F32340000020000000100000017
:102AC00040000000B26EFEFF000000011400000094
:102AD0003000000022010000000000096400000036
:102AE000F46DFEFF0800000010000000010000006F
:102AF00080FFFFFFFFFFFFFF010000000000803BA1
:102B0000390000006D5F6D63755F6E65745F707294
:102B100065646963746F722F676C6F62616C5F6C60
:102B200073746D2F6C73746D2F6C73746D5F63654C
:102B30006C6C2F5369676D6F69645F3338000000F8
:102B40000200000001000000400000003A6FFEFF9C
:102B5000000000011400000030000000210100000E
:102B600000000009640000007C6EFEFF0800000009
:102B7000100000000100000080FFFFFFFFFFFFFFCB
:102B8000010000000000803B390000006D5F6D63B4
:102B9000755F6E65745F707265646963746F722FC0
:102BA000676C6F62616C5F6C73746D2F6C73746DA6
:102BB0002F6C73746D5F63656C6C2F5369676D6FF9
:102BC00069645F333700000002000000010000006C
:102BD00040000000C26FFEFF000000011400000072
:102BE0003000000020010000000000096400000027
:102BF000046FFEFF0800000010000000010000004C
:102C000080FFFFFFFFFFFFFF010000000000803B8F
:102C1000390000006D5F6D63755F6E65745F707283
:102C200065646963746F722F676C6F62616C5F6C4F
:102C300073746D2F6C73746D2F6C73746D5F63653B
:102C40006C6C2F5369676D6F69645F3336000000E9
:102C50000200000001000000400000004A70FEFF7A
:102C60000000000114000000340000001F010000FB
:102C700000000009140100008C6FFEFF0800000036
:102C8000140000000100000001000000000000002E
:102C9000000000000100000006AE5A3DE400000004
:102CA0006D5F6D63755F6E65745F70726564696397
:102CB000746F722F676C6F62616C5F6C73746D2FD1
:102CC0006C73746D2F6C73746D5F63656C6C2F73B4
:102CD000706C69745F3132313B6D5F6D63755F6E2F
:102CE00065745F707265646963746F722F676C6F6F
:102CF00062616C5F6C73746D2F6C73746D2F6C7389
:102D0000746D5F63656C6C2F73706C69745F3132C6
:102D1000323B6D5F6D63755F6E65745F7072656485
:102D20006963746F722F676C6F62616C5F6C737430
:102D30006D2F6C73746D2F6C73746D5F63656C6C49
:102D40002F73706C69745F3132333B6D5F6D6375E7
:102D50005F6E65745F707265646963746F722F670C
:102D60006C6F62616C5F6C73746D2F6C73746D2F1C
:102D70006C73746D5F63656C6C2F73706C69745FDA
:102D80003132343300000000020000000100000076
:102D9000400000008271FEFF0000000114000000EE
:102DA000340000001E0100000000000914010000B2
:102DB000C470FEFF080000001400000001000000C5
:102DC0000100000000000000000000000100000001
:102DD00006AE5A3DE40000006D5F6D63755F6E6581
:102DE000745F707265646963746F722F676C6F6271
:102DF000616C5F6C73746D2F6C73746D2F6C737476
:102E00006D5F63656C6C2F73706C69745F31323108
:102E10003B6D5F6D63755F6E65745F70726564694D
:102E200063746F722F676C6F62616C5F6C73746D2B
:102E30002F6C73746D2F6C73746D5F63656C6C2F86
:102E400073706C69745F3132323B6D5F6D63755FB7
:102E50006E65745F707265646963746F722F676CFE
:102E60006F62616C5F6C73746D2F6C73746D2F6C1B
:102E700073746D5F63656C6C2F73706C69745F3114
:102E800032333B6D5F6D63755F6E65745F70726545
:102E9000646963746F722F676C6F62616C5F6C73CF
:102EA000746D2F6C73746D2F6C73746D5F63656CD0
:102EB0006C2F73706C69745F313234320000000023
:102EC000020000000100000040000000BA72FEFF96
:102ED0000000000114000000340000001D0100008B
:102EE0000000000914010000FC71FEFF0800000052
:102EF00014000000010000000100000000000000BC
:102F0000000000000100000006AE5A3DE400000091
:102F10006D5F6D63755F6E65745F70726564696324
:102F2000746F722F676C6F62616C5F6C73746D2F5E
:102F30006C73746D2F6C73746D5F63656C6C2F7341
:102F4000706C69745F3132313B6D5F6D63755F6EBC
:102F500065745F707265646963746F722F676C6FFC
:102F600062616C5F6C73746D2F6C73746D2F6C7316
:102F7000746D5F63656C6C2F73706C69745F313254
:102F8000323B6D5F6D63755F6E65745F7072656413
:102F90006963746F722F676C6F62616C5F6C7374BE
:102FA0006D2F6C73746D2F6C73746D5F63656C6CD7
:102FB0002F73706C69745F3132333B6D5F6D637575
:102FC0005F6E65745F707265646963746F722F679A
:102FD0006C6F62616C5F6C73746D2F6C73746D2FAA
:102FE0006C73746D5F63656C6C2F73706C69745F68
:102FF0003132343100000000020000000100000006
:1030000040000000F273FEFF000000011400000009
:10301000300000001C010000000000090C0100004D
:103020003473FEFF080000001000000001000000E3
:1030300001000000000000000100000006AE5A3D43
:10304000E30000006D5F6D63755F6E65745F7072A5
:1030500065646963746F722F676C6F62616C5F6C1B
:1030600073746D2F6C73746D2F6C73746D5F636507
:103070006C6C2F73706C69745F3132313B6D5F6DB6
:1030800063755F6E65745F707265646963746F7297
:103090002F676C6F62616C5F6C73746D2F6C7374EF
:1030A0006D2F6C73746D5F63656C6C2F73706C69DE
:1030B000745F3132323B6D5F6D63755F6E65745F57
:1030C000707265646963746F722F676C6F62616C94
:1030D0005F6C73746D2F6C73746D2F6C73746D5F94
:1030E00063656C6C2F73706C69745F3132333B6D48
:1030F0005F6D63755F6E65745F707265646963743C
:103100006F722F676C6F62616C5F6C73746D2F6C84
:1031100073746D2F6C73746D5F63656C6C2F73705B
:103120006C69745F3132340002000000010000005D
:10313000400000002275FEFF0000000114000000A6
:10314000300000001B0100000000000964000000C6
:103150006474FEFF08000000100000000100000081
:1031600001000000000000000100000006AE5A3D12
:10317000390000006D5F6D63755F6E65745F70721E
:1031800065646963746F722F676C6F62616C5F6CEA
:1031900073746D2F6C73746D2F6C73746D5F6365D6
:1031A0006C6C2F426961734164645F3132000000CE
:1031B000020000000100000000010000AA75FEFFEF
:1031C0000000000114000000340000001A0100009B
:1031D0000000000964000000EC74FEFF080000001D
:1031E00014000000010000000300000000000000C7
:1031F00000000000010000009CF35C3D3500000071
:103200006D5F6D63755F6E65745F70726564696331
:10321000746F722F676C6F62616C5F6C73746D2F6B
:103220006C73746D2F6C73746D5F63656C6C2F6160
:1032300064645F32340000000200000001000000FE
:10324000000100003276FEFF0000000114000000C3
:1032500030000000190100000000000964000000B7
:103260007475FEFF0800000010000000010000005F
:1032700008000000000000000100000058400A3D66
:10328000380000006D5F6D63755F6E65745F70720E
:1032900065646963746F722F676C6F62616C5F6CD9
:1032A00073746D2F6C73746D2F6C73746D5F6365C5
:1032B0006C6C2F4D61744D756C5F323500000000F1
:1032C000020000000100000000010000BA76FEFFCD
:1032D000000000011400000034000000180100008C
:1032E0000000000964000000FC75FEFF08000000FB
:1032F00014000000010000000000000000000000B9
:103300000000000001000000B546FE3B3500000053
:103310006D5F6D63755F6E65745F70726564696320
:10332000746F722F676C6F62616C5F6C73746D2F5A
:103330006C73746D2F6C73746D5F63656C6C2F6D43
:10334000756C5F33350000000200000001000000D2
:10335000400000004277FEFF000000011400000062
:1033600034000000170100000000000964000000A4
:103370008476FEFF08000000140000000100000039
:10338000000000000000000000000000010000003C
:103390000000003C360000006D5F6D63755F6E6578
:1033A000745F707265646963746F722F676C6F62AB
:1033B000616C5F6C73746D2F6C73746D2F6C7374B0
:1033C0006D5F63656C6C2F54616E685F3233000013
:1033D000020000000100000040000000CA77FEFF6C
:1033E000000000011400000034000000160100007D
:1033F00000000009640000000C77FEFF08000000D8
:103400001400000001000000EEFFFFFFFFFFFFFFC0
:1034100000000000010000004AC2733D35000000BA
:103420006D5F6D63755F6E65745F7072656469630F
:10343000746F722F676C6F62616C5F6C73746D2F49
:103440006C73746D2F6C73746D5F63656C6C2F613E
:1034500064645F32330000000200000001000000DD
:10346000400000005278FEFF000000011400000040
:103470003400000015010000000000096400000095
:103480009477FEFF08000000140000000100000017
:10349000EEFFFFFFFFFFFFFF000000000100000044
:1034A0004AC2733D350000006D5F6D63755F6E65E8
:1034B000745F707265646963746F722F676C6F629A
:1034C000616C5F6C73746D2F6C73746D2F6C73749F
:1034D0006D5F63656C6C2F6D756C5F33330000003E
:1034E000020000000100000040000000DA78FEFF4A
:1034F000000000011400000034000000140100006E
:1035000000000009640000001C78FEFF08000000B5
:103510001400000001000000FFFFFFFFFFFFFFFF9E
:10352000000000000100000081D7FC3B35000000D6
:103530006D5F6D63755F6E65745F707265646963FE
:10354000746F722F676C6F62616C5F6C73746D2F38
:103550006C73746D2F6C73746D5F63656C6C2F6D21
:10356000756C5F33340000000200000001000000B1
:10357000400000006279FEFF00000001140000001E
:103580003400000013010000000000096400000086
:10359000A478FEFF080000001400000001000000F5
:1035A000000000000000000000000000010000001A
:1035B0000000003C360000006D5F6D63755F6E6556
:1035C000745F707265646963746F722F676C6F6289
:1035D000616C5F6C73746D2F6C73746D2F6C73748E
:1035E0006D5F63656C6C2F54616E685F32320000F2
:1035F000020000000100000040000000EA79FEFF28
:103600000000000114000000300000001201000062
:1036100000000009640000002C79FEFF0800000093
:10362000100000000100000080FFFFFFFFFFFFFF10
:10363000010000000000803B390000006D5F6D63F9
:10364000755F6E65745F707265646963746F722F05
:10365000676C6F62616C5F6C73746D2F6C73746DEB
:103660002F6C73746D5F63656C6C2F5369676D6F3E
:1036700069645F33350000000200000001000000B3
:1036800040000000727AFEFF0000000114000000FC
:10369000300000001101000000000009640000007B
:1036A000B479FEFF080000001000000001000000D7
:1036B00080FFFFFFFFFFFFFF010000000000803BD5
:1036C000390000006D5F6D63755F6E65745F7072C9
:1036D00065646963746F722F676C6F62616C5F6C95
:1036E00073746D2F6C73746D2F6C73746D5F636581
:1036F0006C6C2F5369676D6F69645F333400000031
:10370000020000000100000040000000FA7AFEFF05
:103710000000000114000000300000001001000053
:1037200000000009640000003C7AFEFF0800000071
:10373000100000000100000080FFFFFFFFFFFFFFFF
:10374000010000000000803B390000006D5F6D63E8
:10375000755F6E65745F707265646963746F722FF4
:10376000676C6F62616C5F6C73746D2F6C73746DDA
:103770002F6C73746D5F63656C6C2F5369676D6F2D
:1037800069645F33330000000200000001000000A4
:1037900040000000827BFEFF0000000114000000DA
:1037A000340000000F0100000000000914010000B7
:1037B000C47AFEFF080000001400000001000000B1
:1037C00002000000000000000000000001000000F6
:1037D000B92D5A3DE40000006D5F6D63755F6E6545
:1037E000745F707265646963746F722F676C6F6267
:1037F000616C5F6C73746D2F6C73746D2F6C73746C
:103800006D5F63656C6C2F73706C69745F313131FF
:103810003B6D5F6D63755F6E65745F707265646943
:1038200063746F722F676C6F62616C5F6C73746D21
:103830002F6C73746D2F6C73746D5F63656C6C2F7C
:1038400073706C69745F3131323B6D5F6D63755FAE
:103850006E65745F707265646963746F722F676CF4
:103860006F62616C5F6C73746D2F6C73746D2F6C11
:1038700073746D5F63656C6C2F73706C69745F310A
:1038800031333B6D5F6D63755F6E65745F7072653C
:10389000646963746F722F676C6F62616C5F6C73C5
:1038A000746D2F6C73746D2F6C73746D5F63656CC6
:1038B0006C2F73706C69745F313134330000000019
:1038C000020000000100000040000000BA7CFEFF82
:1038D0000000000114000000340000000E01000090
:1038E0000000000914010000FC7BFEFF080000003E
:1038F00014000000010000000200000000000000B1
:103900000000000001000000B92D5A3DE400000055
:103910006D5F6D63755F6E65745F7072656469631A
:10392000746F722F676C6F62616C5F6C73746D2F54
:103930006C73746D2F6C73746D5F63656C6C2F7337
:10394000706C69745F3131313B6D5F6D63755F6EB3
:1039500065745F707265646963746F722F676C6FF2
:1039600062616C5F6C73746D2F6C73746D2F6C730C
:10397000746D5F63656C6C2F73706C69745F31314B
:10398000323B6D5F6D63755F6E65745F7072656409
:103990006963746F722F676C6F62616C5F6C7374B4
:1039A0006D2F6C73746D2F6C73746D5F63656C6CCD
:1039B0002F73706C69745F3131333B6D5F6D63756C
:1039C0005F6E65745F707265646963746F722F6790
:1039D0006C6F62616C5F6C73746D2F6C73746D2FA0
:1039E0006C73746D5F63656C6C2F73706C69745F5E
:1039F00031313432000000000200000001000000FC
:103A000040000000F27DFEFF0000000114000000F5
:103A1000340000000D010000000000091401000046
:103A2000347DFEFF080000001400000001000000CB
:103A30000200000000000000000000000100000083
:103A4000B92D5A3DE40000006D5F6D63755F6E65D2
:103A5000745F707265646963746F722F676C6F62F4
:103A6000616C5F6C73746D2F6C73746D2F6C7374F9
:103A70006D5F63656C6C2F73706C69745F3131318D
:103A80003B6D5F6D63755F6E65745F7072656469D1
:103A900063746F722F676C6F62616C5F6C73746DAF
:103AA0002F6C73746D2F6C73746D5F63656C6C2F0A
:103AB00073706C69745F3131323B6D5F6D63755F3C
:103AC0006E65745F707265646963746F722F676C82
:103AD0006F62616C5F6C73746D2F6C73746D2F6C9F
:103AE00073746D5F63656C6C2F73706C69745F3198
:103AF00031333B6D5F6D63755F6E65745F707265CA
:103B0000646963746F722F676C6F62616C5F6C7352
:103B1000746D2F6C73746D2F6C73746D5F63656C53
:103B20006C2F73706C69745F3131343100000000A8
:103B30000200000001000000400000002A7FFEFF9C
:103B40000000000114000000300000000C01000023
:103B5000000000090C0100006C7EFEFF0800000060
:103B60001000000001000000020000000000000042
:103B700001000000B92D5A3DE30000006D5F6D6348
:103B8000755F6E65745F707265646963746F722FC0
:103B9000676C6F62616C5F6C73746D2F6C73746DA6
:103BA0002F6C73746D5F63656C6C2F73706C6974CC
:103BB0005F3131313B6D5F6D63755F6E65745F7052
:103BC0007265646963746F722F676C6F62616C5F9A
:103BD0006C73746D2F6C73746D2F6C73746D5F6385
:103BE000656C6C2F73706C69745F3131323B6D5F43
:103BF0006D63755F6E65745F707265646963746F21
:103C0000722F676C6F62616C5F6C73746D2F6C7375
:103C1000746D2F6C73746D5F63656C6C2F73706C57
:103C200069745F3131333B6D5F6D63755F6E6574D1
:103C30005F707265646963746F722F676C6F626125
:103C40006C5F6C73746D2F6C73746D2F6C73746D0B
:103C50005F63656C6C2F73706C69745F3131340015
:103C60000200000001000000400000005A80FEFF3A
:103C70000000000114000000300000000B010000F3
:103C800000000009640000009C7FFEFF08000000A7
:103C90001000000001000000020000000000000011
:103CA00001000000B92D5A3D390000006D5F6D63C1
:103CB000755F6E65745F707265646963746F722F8F
:103CC000676C6F62616C5F6C73746D2F6C73746D75
:103CD0002F6C73746D5F63656C6C2F426961734107
:103CE00064645F3131000000020000000100000048
:103CF00000010000E280FEFF00000001140000004F
:103D0000340000000A010000000000096400000007
:103D10002480FEFF080000001400000001000000E5
:103D2000030000000000000000000000010000008F
:103D30004E735C3D350000006D5F6D63755F6E65B1
:103D4000745F707265646963746F722F676C6F6201
:103D5000616C5F6C73746D2F6C73746D2F6C737406
:103D60006D5F63656C6C2F6164645F3232000000CC
:103D70000200000001000000000100006A81FEFF57
:103D800000000001140000003000000009010000E4
:103D90000000000964000000AC80FEFF0800000085
:103DA00010000000010000000600000000000000FC
:103DB00001000000489D0A3D380000006D5F6D6302
:103DC000755F6E65745F707265646963746F722F7E
:103DD000676C6F62616C5F6C73746D2F6C73746D64
:103DE0002F6C73746D5F63656C6C2F4D61744D75D2
:103DF0006C5F323300000000020000000100000090
:103E000000010000F281FEFF00000001140000002C
:103E100034000000080100000000000964000000F8
:103E20003481FEFF080000001400000001000000C3
:103E30000000000000000000000000000100000081
:103E4000B546FE3B350000006D5F6D63755F6E65C6
:103E5000745F707265646963746F722F676C6F62F0
:103E6000616C5F6C73746D2F6C73746D2F6C7374F5
:103E70006D5F63656C6C2F6D756C5F333200000095
:103E80000200000001000000400000007A82FEFFF6
:103E900000000001140000003400000007010000D1
:103EA0000000000964000000BC81FEFF0800000063
:103EB00014000000010000000000000000000000ED
:103EC00000000000010000000000003C360000007F
:103ED0006D5F6D63755F6E65745F70726564696355
:103EE000746F722F676C6F62616C5F6C73746D2F8F
:103EF0006C73746D2F6C73746D5F63656C6C2F5491
:103F0000616E685F323100000200000001000000B5
:103F1000400000000283FEFF0000000114000000CA
:103F200034000000060100000000000964000000E9
:103F30004482FEFF080000001400000001000000A1
:103F4000EFFFFFFFFFFFFFFF000000000100000088
:103F50008322623D350000006D5F6D63755F6E65A5
:103F6000745F707265646963746F722F676C6F62DF
:103F7000616C5F6C73746D2F6C73746D2F6C7374E4
:103F80006D5F63656C6C2F6164645F3231000000AB
:103F90000200000001000000400000008A83FEFFD4
:103FA00000000001140000003400000005010000C2
:103FB0000000000964000000CC82FEFF0800000041
:103FC0001400000001000000EFFFFFFFFFFFFFFFF4
:103FD00000000000010000008322623D3500000067
:103FE0006D5F6D63755F6E65745F70726564696344
:103FF000746F722F676C6F62616C5F6C73746D2F7E
:104000006C73746D2F6C73746D5F63656C6C2F6D66
:10401000756C5F33300000000200000001000000FA
:10402000400000001284FEFF0000000114000000A8
:1040300034000000040100000000000964000000DA
:104040005483FEFF0800000014000000010000007F
:10405000000000000000000000000000010000005F
:104060002062FB3B350000006D5F6D63755F6E6520
:10407000745F707265646963746F722F676C6F62CE
:10408000616C5F6C73746D2F6C73746D2F6C7374D3
:104090006D5F63656C6C2F6D756C5F333100000074
:1040A0000200000001000000400000009A84FEFFB2
:1040B00000000001140000003400000003010000B3
:1040C0000000000964000000DC83FEFF080000001F
:1040D00014000000010000000000000000000000CB
:1040E00000000000010000000000003C360000005D
:1040F0006D5F6D63755F6E65745F70726564696333
:10410000746F722F676C6F62616C5F6C73746D2F6C
:104110006C73746D2F6C73746D5F63656C6C2F546E
:10412000616E685F32300000020000000100000094
:10413000400000002285FEFF000000011400000086
:1041400030000000020100000000000964000000CF
:104150006484FEFF08000000100000000100000061
:1041600080FFFFFFFFFFFFFF010000000000803B1A
:10417000390000006D5F6D63755F6E65745F70720E
:1041800065646963746F722F676C6F62616C5F6CDA
:1041900073746D2F6C73746D2F6C73746D5F6365C6
:1041A0006C6C2F5369676D6F69645F333200000078
:1041B000020000000100000040000000AA85FEFF90
:1041C00000000001140000003000000001010000A8
:1041D0000000000964000000EC84FEFF08000000FD
:1041E000100000000100000080FFFFFFFFFFFFFF45
:1041F000010000000000803B390000006D5F6D632E
:10420000755F6E65745F707265646963746F722F39
:10421000676C6F62616C5F6C73746D2F6C73746D1F
:104220002F6C73746D5F63656C6C2F5369676D6F72
:1042300069645F33310000000200000001000000EB
:10424000400000003286FEFF000000011400000064
:1042500030000000000100000000000964000000C0
:104260007485FEFF0800000010000000010000003F
:1042700080FFFFFFFFFFFFFF010000000000803B09
:10428000390000006D5F6D63755F6E65745F7072FD
:1042900065646963746F722F676C6F62616C5F6CC9
:1042A00073746D2F6C73746D2F6C73746D5F6365B5
:1042B0006C6C2F5369676D6F69645F333000000069
:1042C000020000000100000040000000BA86FEFF6E
:1042D000000000011400000030000000FF0000009A
:1042E000000000090C010000FC85FEFF0800000032
:1042F0001000000001000000FFFFFFFFFFFFFFFFB5
:1043000001000000FA355F3DE30000006D5F6D6362
:10431000755F6E65745F707265646963746F722F28
:10432000676C6F62616C5F6C73746D2F6C73746D0E
:104330002F6C73746D5F63656C6C2F73706C697434
:104340005F31303B6D5F6D63755F6E65745F70727A
:1043500065646963746F722F676C6F62616C5F6C08
:1043600073746D2F6C73746D2F6C73746D5F6365F4
:104370006C6C2F73706C69745F3130313B6D5F6DA5
:1043800063755F6E65745F707265646963746F7284
:104390002F676C6F62616C5F6C73746D2F6C7374DC
:1043A0006D2F6C73746D5F63656C6C2F73706C69CB
:1043B000745F3130323B6D5F6D63755F6E65745F46
:1043C000707265646963746F722F676C6F62616C81
:1043D0005F6C73746D2F6C73746D2F6C73746D5F81
:1043E00063656C6C2F73706C69745F3130333300AC
:1043F000020000000100000040000000EA87FEFF0C
:10440000000000011400000030000000FE00000069
:10441000000000090C0100002C87FEFF08000000CE
:104420001000000001000000FFFFFFFFFFFFFFFF83
:1044300001000000FA355F3DE30000006D5F6D6331
:10444000755F6E65745F707265646963746F722FF7
:10445000676C6F62616C5F6C73746D2F6C73746DDD
:104460002F6C73746D5F63656C6C2F73706C697403
:104470005F31303B6D5F6D63755F6E65745F707249
:1044800065646963746F722F676C6F62616C5F6CD7
:1044900073746D2F6C73746D2F6C73746D5F6365C3
:1044A0006C6C2F73706C69745F3130313B6D5F6D74
:1044B00063755F6E65745F707265646963746F7253
:1044C0002F676C6F62616C5F6C73746D2F6C7374AB
:1044D0006D2F6C73746D5F63656C6C2F73706C699A
:1044E000745F3130323B6D5F6D63755F6E65745F15
:1044F000707265646963746F722F676C6F62616C50
:104500005F6C73746D2F6C73746D2F6C73746D5F4F
:1045100063656C6C2F73706C69745F31303332007B
:104520000200000001000000400000001A89FEFFA8
:10453000000000011400000030000000FD00000039
:10454000000000090C0100005C88FEFF080000006C
:104550001000000001000000FFFFFFFFFFFFFFFF52
:1045600001000000FA355F3DE30000006D5F6D6300
:10457000755F6E65745F707265646963746F722FC6
:10458000676C6F62616C5F6C73746D2F6C73746DAC
:104590002F6C73746D5F63656C6C2F73706C6974D2
:1045A0005F31303B6D5F6D63755F6E65745F707218
:1045B00065646963746F722F676C6F62616C5F6CA6
:1045C00073746D2F6C73746D2F6C73746D5F636592
:1045D0006C6C2F73706C69745F3130313B6D5F6D43
:1045E00063755F6E65745F707265646963746F7222
:1045F0002F676C6F62616C5F6C73746D2F6C73747A
:104600006D2F6C73746D5F63656C6C2F73706C6968
:10461000745F3130323B6D5F6D63755F6E65745FE3
:10462000707265646963746F722F676C6F62616C1E
:104630005F6C73746D2F6C73746D2F6C73746D5F1E
:1046400063656C6C2F73706C69745F31303331004B
:104650000200000001000000400000004A8AFEFF46
:10466000000000011400000030000000FC00000009
:10467000000000090C0100008C89FEFF080000000A
:104680001000000001000000FFFFFFFFFFFFFFFF21
:1046900001000000FA355F3DE20000006D5F6D63D0
:1046A000755F6E65745F707265646963746F722F95
:1046B000676C6F62616C5F6C73746D2F6C73746D7B
:1046C0002F6C73746D5F63656C6C2F73706C6974A1
:1046D0005F31303B6D5F6D63755F6E65745F7072E7
:1046E00065646963746F722F676C6F62616C5F6C75
:1046F00073746D2F6C73746D2F6C73746D5F636561
:104700006C6C2F73706C69745F3130313B6D5F6D11
:1047100063755F6E65745F707265646963746F72F0
:104720002F676C6F62616C5F6C73746D2F6C737448
:104730006D2F6C73746D5F63656C6C2F73706C6937
:10474000745F3130323B6D5F6D63755F6E65745FB2
:10475000707265646963746F722F676C6F62616CED
:104760005F6C73746D2F6C73746D2F6C73746D5FED
:1047700063656C6C2F73706C69745F31303300004B
:104780000200000001000000400000007A8BFEFFE4
:10479000000000011400000030000000FB000000D9
:1047A0000000000964000000BC8AFEFF0800000051
:1047B0001000000001000000FFFFFFFFFFFFFFFFF0
:1047C00001000000FA355F3D390000006D5F6D6348
:1047D000755F6E65745F707265646963746F722F64
:1047E000676C6F62616C5F6C73746D2F6C73746D4A
:1047F0002F6C73746D5F63656C6C2F4269617341DC
:1048000064645F313000000002000000010000001D
:1048100000010000028CFEFF0000000114000000F7
:1048200034000000FA0000000000000964000000ED
:10483000448BFEFF0800000014000000010000008F
:104840000000000000000000000000000100000067
:10485000907B613D350000006D5F6D63755F6E6537
:10486000745F707265646963746F722F676C6F62D6
:10487000616C5F6C73746D2F6C73746D2F6C7374DB
:104880006D5F63656C6C2F6164645F3230000000A3
:104890000200000001000000000100008A8CFEFF01
:1048A000000000011400000030000000F9000000CA
:1048B0000000000964000000CC8BFEFF080000002F
:1048C00010000000010000000500000000000000D2
:1048D00001000000482E083D380000006D5F6D6348
:1048E000755F6E65745F707265646963746F722F53
:1048F000676C6F62616C5F6C73746D2F6C73746D39
:104900002F6C73746D5F63656C6C2F4D61744D75A6
:104910006C5F323100000000020000000100000066
:1049200000010000128DFEFF0000000114000000D5
:1049300034000000F80000000000000964000000DE
:10494000548CFEFF0800000014000000010000006D
:104950000000000000000000000000000100000056
:10496000B546FE3B350000006D5F6D63755F6E659B
:10497000745F707265646963746F722F676C6F62C5
:10498000616C5F6C73746D2F6C73746D2F6C7374CA
:104990006D5F63656C6C2F6D756C5F323900000064
:1049A0000200000001000000400000009A8DFEFFA0
:1049B000000000011400000034000000F7000000B7
:1049C0000000000964000000DC8CFEFF080000000D
:1049D00014000000010000000000000000000000C2
:1049E00000000000010000000000003C3600000054
:1049F0006D5F6D63755F6E65745F7072656469632A
:104A0000746F722F676C6F62616C5F6C73746D2F63
:104A10006C73746D2F6C73746D5F63656C6C2F5465
:104A2000616E685F31390000020000000100000083
:104A300040000000228EFEFF000000011400000074
:104A400034000000F60000000000000964000000CF
:104A5000648DFEFF0800000014000000010000004B
:104A6000F1FFFFFFFFFFFFFF00000000010000005B
:104A7000FA1B4E3D350000006D5F6D63755F6E651E
:104A8000745F707265646963746F722F676C6F62B4
:104A9000616C5F6C73746D2F6C73746D2F6C7374B9
:104AA0006D5F63656C6C2F6164645F313900000079
:104AB000020000000100000040000000AA8EFEFF7E
:104AC000000000011400000034000000F5000000A8
:104AD0000000000964000000EC8DFEFF08000000EB
:104AE0001400000001000000F1FFFFFFFFFFFFFFC7
:104AF0000000000001000000FA1B4E3D35000000E0
:104B00006D5F6D63755F6E65745F70726564696318
:104B1000746F722F676C6F62616C5F6C73746D2F52
:104B20006C73746D2F6C73746D5F63656C6C2F6D3B
:104B3000756C5F32370000000200000001000000C9
:104B400040000000328FFEFF000000011400000052
:104B500034000000F40000000000000964000000C0
:104B6000748EFEFF08000000140000000100000029
:104B70000000000000000000000000000100000034
:104B80000B61FB3B350000006D5F6D63755F6E650B
:104B9000745F707265646963746F722F676C6F62A3
:104BA000616C5F6C73746D2F6C73746D2F6C7374A8
:104BB0006D5F63656C6C2F6D756C5F323800000043
:104BC000020000000100000040000000BA8FFEFF5C
:104BD000000000011400000034000000F300000099
:104BE0000000000964000000FC8EFEFF08000000C9
:104BF00014000000010000000000000000000000A0
:104C000000000000010000000000003C3600000031
:104C10006D5F6D63755F6E65745F70726564696307
:104C2000746F722F676C6F62616C5F6C73746D2F41
:104C30006C73746D2F6C73746D5F63656C6C2F5443
:104C4000616E685F31380000020000000100000062
:104C5000400000004290FEFF000000011400000030
:104C600030000000F20000000000000964000000B5
:104C7000848FFEFF0800000010000000010000000B
:104C800080FFFFFFFFFFFFFF010000000000803BEF
:104C9000390000006D5F6D63755F6E65745F7072E3
:104CA00065646963746F722F676C6F62616C5F6CAF
:104CB00073746D2F6C73746D2F6C73746D5F63659B
:104CC0006C6C2F5369676D6F69645F323900000047
:104CD000020000000100000040000000CA90FEFF3A
:104CE000000000011400000030000000F10000008E
:104CF00000000009640000000C90FEFF08000000A6
:104D0000100000000100000080FFFFFFFFFFFFFF19
:104D1000010000000000803B390000006D5F6D6302
:104D2000755F6E65745F707265646963746F722F0E
:104D3000676C6F62616C5F6C73746D2F6C73746DF4
:104D40002F6C73746D5F63656C6C2F5369676D6F47
:104D500069645F32380000000200000001000000BA
:104D6000400000005291FEFF00000001140000000E
:104D700030000000F00000000000000964000000A6
:104D80009490FEFF080000001000000001000000E9
:104D900080FFFFFFFFFFFFFF010000000000803BDE
:104DA000390000006D5F6D63755F6E65745F7072D2
:104DB00065646963746F722F676C6F62616C5F6C9E
:104DC00073746D2F6C73746D2F6C73746D5F63658A
:104DD0006C6C2F5369676D6F69645F323700000038
:104DE000020000000100000040000000DA91FEFF18
:104DF000000000011400000034000000EF0000007B
:104E0000000000090C0100001C91FEFF08000000DA
:104E10001400000001000000FBFFFFFFFFFFFFFF89
:104E2000000000000100000059D7653DDF000000D0
:104E30006D5F6D63755F6E65745F707265646963E5
:104E4000746F722F676C6F62616C5F6C73746D2F1F
:104E50006C73746D2F6C73746D5F63656C6C2F7302
:104E6000706C69745F393B6D5F6D63755F6E6574FF
:104E70005F707265646963746F722F676C6F6261D3
:104E80006C5F6C73746D2F6C73746D2F6C73746DB9
:104E90005F63656C6C2F73706C69745F39313B6D47
:104EA0005F6D63755F6E65745F707265646963746E
:104EB0006F722F676C6F62616C5F6C73746D2F6CB7
:104EC00073746D2F6C73746D5F63656C6C2F73708E
:104ED0006C69745F39323B6D5F6D63755F6E6574CD
:104EE0005F707265646963746F722F676C6F626163
:104EF0006C5F6C73746D2F6C73746D2F6C73746D49
:104F00005F63656C6C2F73706C69745F3933330049
:104F10000200000001000000400000000A93FEFFB4
:104F2000000000011400000034000000EE0000004A
:104F3000000000090C0100004C92FEFF0800000078
:104F40001400000001000000FBFFFFFFFFFFFFFF58
:104F5000000000000100000059D7653DDF0000009F
:104F60006D5F6D63755F6E65745F707265646963B4
:104F7000746F722F676C6F62616C5F6C73746D2FEE
:104F80006C73746D2F6C73746D5F63656C6C2F73D1
:104F9000706C69745F393B6D5F6D63755F6E6574CE
:104FA0005F707265646963746F722F676C6F6261A2
:104FB0006C5F6C73746D2F6C73746D2F6C73746D88
:104FC0005F63656C6C2F73706C69745F39313B6D16
:104FD0005F6D63755F6E65745F707265646963743D
:104FE0006F722F676C6F62616C5F6C73746D2F6C86
:104FF00073746D2F6C73746D5F63656C6C2F73705D
:105000006C69745F39323B6D5F6D63755F6E65749B
:105010005F707265646963746F722F676C6F626131
:105020006C5F6C73746D2F6C73746D2F6C73746D17
:105030005F63656C6C2F73706C69745F3933320019
:105040000200000001000000400000003A94FEFF52
:10505000000000011400000034000000ED0000001A
:10506000000000090C0100007C93FEFF0800000016
:105070001400000001000000FBFFFFFFFFFFFFFF27
:10508000000000000100000059D7653DDF0000006E
:105090006D5F6D63755F6E65745F70726564696383
:1050A000746F722F676C6F62616C5F6C73746D2FBD
:1050B0006C73746D2F6C73746D5F63656C6C2F73A0
:1050C000706C69745F393B6D5F6D63755F6E65749D
:1050D0005F707265646963746F722F676C6F626171
:1050E0006C5F6C73746D2F6C73746D2F6C73746D57
:1050F0005F63656C6C2F73706C69745F39313B6DE5
:105100005F6D63755F6E65745F707265646963740B
:105110006F722F676C6F62616C5F6C73746D2F6C54
:1051200073746D2F6C73746D5F63656C6C2F73702B
:105130006C69745F39323B6D5F6D63755F6E65746A
:105140005F707265646963746F722F676C6F626100
:105150006C5F6C73746D2F6C73746D2F6C73746DE6
:105160005F63656C6C2F73706C69745F39333100E9
:105170000200000001000000400000006A95FEFFF0
:10518000000000011400000034000000EC000000EA
:10519000000000090C010000AC94FEFF08000000B4
:1051A0001400000001000000FBFFFFFFFFFFFFFFF6
:1051B000000000000100000059D7653DDE0000003E
:1051C0006D5F6D63755F6E65745F70726564696352
:1051D000746F722F676C6F62616C5F6C73746D2F8C
:1051E0006C73746D2F6C73746D5F63656C6C2F736F
:1051F000706C69745F393B6D5F6D63755F6E65746C
:105200005F707265646963746F722F676C6F62613F
:105210006C5F6C73746D2F6C73746D2F6C73746D25
:105220005F63656C6C2F73706C69745F39313B6DB3
:105230005F6D63755F6E65745F70726564696374DA
:105240006F722F676C6F62616C5F6C73746D2F6C23
:1052500073746D2F6C73746D5F63656C6C2F7370FA
:105260006C69745F39323B6D5F6D63755F6E657439
:105270005F707265646963746F722F676C6F6261CF
:105280006C5F6C73746D2F6C73746D2F6C73746DB5
:105290005F63656C6C2F73706C69745F39330000E9
:1052A0000200000001000000400000009A96FEFF8E
:1052B000000000011400000030000000EB000000BE
:1052C0000000000964000000DC95FEFF08000000FB
:1052D0001000000001000000FBFFFFFFFFFFFFFFC9
:1052E0000100000059D7653D380000006D5F6D6317
:1052F000755F6E65745F707265646963746F722F39
:10530000676C6F62616C5F6C73746D2F6C73746D1E
:105310002F6C73746D5F63656C6C2F4269617341B0
:1053200064645F390000000002000000010000001A
:10533000000100002297FEFF0000000114000000A1
:1053400034000000EA0000000000000964000000D2
:105350006496FEFF08000000140000000100000039
:10536000FCFFFFFFFFFFFFFF000000000100000047
:10537000EF1C683D350000006D5F6D63755F6E6505
:10538000745F707265646963746F722F676C6F62AB
:10539000616C5F6C73746D2F6C73746D2F6C7374B0
:1053A0006D5F63656C6C2F6164645F313800000071
:1053B000020000000100000000010000AA97FEFFAB
:1053C000000000011400000030000000E9000000AF
:1053D0000000000964000000EC96FEFF08000000D9
:1053E00010000000010000000300000000000000A9
:1053F000010000009F9C053D380000006D5F6D635B
:10540000755F6E65745F707265646963746F722F27
:10541000676C6F62616C5F6C73746D2F6C73746D0D
:105420002F6C73746D5F63656C6C2F4D61744D757B
:105430006C5F313900000000020000000100000034
:10544000000100003298FEFF00000001140000007F
:1054500034000000E80000000000000964000000C3
:105460007497FEFF08000000140000000100000017
:10547000000000000000000000000000010000002B
:10548000B546FE3B350000006D5F6D63755F6E6570
:10549000745F707265646963746F722F676C6F629A
:1054A000616C5F6C73746D2F6C73746D2F6C73749F
:1054B0006D5F63656C6C2F6D756C5F32360000003C
:1054C000020000000100000040000000BA98FEFF4A
:1054D000000000011400000034000000E70000009C
:1054E0000000000964000000FC97FEFF08000000B7
:1054F0001400000001000000000000000000000097
:1055000000000000010000000000003C3600000028
:105510006D5F6D63755F6E65745F707265646963FE
:10552000746F722F676C6F62616C5F6C73746D2F38
:105530006C73746D2F6C73746D5F63656C6C2F543A
:10554000616E685F3137000002000000010000005A
:10555000400000004299FEFF00000001140000001E
:1055600034000000E60000000000000964000000B4
:105570008498FEFF080000001400000001000000F5
:10558000F6FFFFFFFFFFFFFF00000000010000002B
:10559000A7183F3D350000006D5F6D63755F6E6558
:1055A000745F707265646963746F722F676C6F6289
:1055B000616C5F6C73746D2F6C73746D2F6C73748E
:1055C0006D5F63656C6C2F6164645F313700000050
:1055D000020000000100000040000000CA99FEFF28
:1055E000000000011400000034000000E50000008D
:1055F00000000009640000000C99FEFF0800000094
:105600001400000001000000F6FFFFFFFFFFFFFF96
:105610000000000001000000A7183F3D3500000019
:105620006D5F6D63755F6E65745F707265646963ED
:10563000746F722F676C6F62616C5F6C73746D2F27
:105640006C73746D2F6C73746D5F63656C6C2F6D10
:10565000756C5F32340000000200000001000000A1
:1056600040000000529AFEFF0000000114000000FC
:1056700034000000E40000000000000964000000A5
:105680009499FEFF080000001400000001000000D3
:10569000FFFFFFFFFFFFFFFF000000000100000011
:1056A0008AF9FC3B350000006D5F6D63755F6E65C8
:1056B000745F707265646963746F722F676C6F6278
:1056C000616C5F6C73746D2F6C73746D2F6C73747D
:1056D0006D5F63656C6C2F6D756C5F32350000001B
:1056E000020000000100000040000000DA9AFEFF06
:1056F000000000011400000034000000E30000007E
:1057000000000009640000001C9AFEFF0800000071
:105710001400000001000000000000000000000074
:1057200000000000010000000000003C3600000006
:105730006D5F6D63755F6E65745F707265646963DC
:10574000746F722F676C6F62616C5F6C73746D2F16
:105750006C73746D2F6C73746D5F63656C6C2F5418
:10576000616E685F31360000020000000100000039
:1057700040000000629BFEFF0000000114000000DA
:1057800030000000E200000000000009640000009A
:10579000A49AFEFF080000001000000001000000B5
:1057A00080FFFFFFFFFFFFFF010000000000803BC4
:1057B000390000006D5F6D63755F6E65745F7072B8
:1057C00065646963746F722F676C6F62616C5F6C84
:1057D00073746D2F6C73746D2F6C73746D5F636570
:1057E0006C6C2F5369676D6F69645F32360000001F
:1057F000020000000100000040000000EA9BFEFFE4
:10580000000000011400000030000000E100000072
:1058100000000009640000002C9BFEFF080000004F
:10582000100000000100000080FFFFFFFFFFFFFFEE
:10583000010000000000803B390000006D5F6D63D7
:10584000755F6E65745F707265646963746F722FE3
:10585000676C6F62616C5F6C73746D2F6C73746DC9
:105860002F6C73746D5F63656C6C2F5369676D6F1C
:1058700069645F3235000000020000000100000092
:1058800040000000729CFEFF0000000114000000B8
:1058900030000000E000000000000009640000008B
:1058A000B49BFEFF08000000100000000100000093
:1058B00080FFFFFFFFFFFFFF010000000000803BB3
:1058C000390000006D5F6D63755F6E65745F7072A7
:1058D00065646963746F722F676C6F62616C5F6C73
:1058E00073746D2F6C73746D2F6C73746D5F63655F
:1058F0006C6C2F5369676D6F69645F323400000010
:10590000020000000100000040000000FA9CFEFFC1
:10591000000000011400000034000000DF0000005F
:10592000000000090C0100003C9CFEFF0800000084
:105930001400000001000000F8FFFFFFFFFFFFFF61
:1059400000000000010000004022673DDF00000071
:105950006D5F6D63755F6E65745F707265646963BA
:10596000746F722F676C6F62616C5F6C73746D2FF4
:105970006C73746D2F6C73746D5F63656C6C2F73D7
:10598000706C69745F383B6D5F6D63755F6E6574D5
:105990005F707265646963746F722F676C6F6261A8
:1059A0006C5F6C73746D2F6C73746D2F6C73746D8E
:1059B0005F63656C6C2F73706C69745F38313B6D1D
:1059C0005F6D63755F6E65745F7072656469637443
:1059D0006F722F676C6F62616C5F6C73746D2F6C8C
:1059E00073746D2F6C73746D5F63656C6C2F737063
:1059F0006C69745F38323B6D5F6D63755F6E6574A3
:105A00005F707265646963746F722F676C6F626137
:105A10006C5F6C73746D2F6C73746D2F6C73746D1D
:105A20005F63656C6C2F73706C69745F383333001F
:105A30000200000001000000400000002A9EFEFF5E
:105A4000000000011400000034000000DE0000002F
:105A5000000000090C0100006C9DFEFF0800000022
:105A60001400000001000000F8FFFFFFFFFFFFFF30
:105A700000000000010000004022673DDF00000040
:105A80006D5F6D63755F6E65745F70726564696389
:105A9000746F722F676C6F62616C5F6C73746D2FC3
:105AA0006C73746D2F6C73746D5F63656C6C2F73A6
:105AB000706C69745F383B6D5F6D63755F6E6574A4
:105AC0005F707265646963746F722F676C6F626177
:105AD0006C5F6C73746D2F6C73746D2F6C73746D5D
:105AE0005F63656C6C2F73706C69745F38313B6DEC
:105AF0005F6D63755F6E65745F7072656469637412
:105B00006F722F676C6F62616C5F6C73746D2F6C5A
:105B100073746D2F6C73746D5F63656C6C2F737031
:105B20006C69745F38323B6D5F6D63755F6E657471
:105B30005F707265646963746F722F676C6F626106
:105B40006C5F6C73746D2F6C73746D2F6C73746DEC
:105B50005F63656C6C2F73706C69745F38333200EF
:105B60000200000001000000400000005A9FFEFFFC
:105B7000000000011400000034000000DD000000FF
:105B8000000000090C0100009C9EFEFF08000000C0
:105B90001400000001000000F8FFFFFFFFFFFFFFFF
:105BA00000000000010000004022673DDF0000000F
:105BB0006D5F6D63755F6E65745F70726564696358
:105BC000746F722F676C6F62616C5F6C73746D2F92
:105BD0006C73746D2F6C73746D5F63656C6C2F7375
:105BE000706C69745F383B6D5F6D63755F6E657473
:105BF0005F707265646963746F722F676C6F626146
:105C00006C5F6C73746D2F6C73746D2F6C73746D2B
:105C10005F63656C6C2F73706C69745F38313B6DBA
:105C20005F6D63755F6E65745F70726564696374E0
:105C30006F722F676C6F62616C5F6C73746D2F6C29
:105C400073746D2F6C73746D5F63656C6C2F737000
:105C50006C69745F38323B6D5F6D63755F6E657440
:105C60005F707265646963746F722F676C6F6261D5
:105C70006C5F6C73746D2F6C73746D2F6C73746DBB
:105C80005F63656C6C2F73706C69745F38333100BF
:105C90000200000001000000400000008AA0FEFF9A
:105CA000000000011400000034000000DC000000CF
:105CB000000000090C010000CC9FFEFF080000005E
:105CC0001400000001000000F8FFFFFFFFFFFFFFCE
:105CD00000000000010000004022673DDE000000DF
:105CE0006D5F6D63755F6E65745F70726564696327
:105CF000746F722F676C6F62616C5F6C73746D2F61
:105D00006C73746D2F6C73746D5F63656C6C2F7343
:105D1000706C69745F383B6D5F6D63755F6E657441
:105D20005F707265646963746F722F676C6F626114
:105D30006C5F6C73746D2F6C73746D2F6C73746DFA
:105D40005F63656C6C2F73706C69745F38313B6D89
:105D50005F6D63755F6E65745F70726564696374AF
:105D60006F722F676C6F62616C5F6C73746D2F6CF8
:105D700073746D2F6C73746D5F63656C6C2F7370CF
:105D80006C69745F38323B6D5F6D63755F6E65740F
:105D90005F707265646963746F722F676C6F6261A4
:105DA0006C5F6C73746D2F6C73746D2F6C73746D8A
:105DB0005F63656C6C2F73706C69745F38330000BF
:105DC000020000000100000040000000BAA1FEFF38
:105DD000000000011400000030000000DB000000A3
:105DE0000000000964000000FCA0FEFF08000000A5
:105DF0001000000001000000F8FFFFFFFFFFFFFFA1
:105E0000010000004022673D380000006D5F6D63B7
:105E1000755F6E65745F707265646963746F722F0D
:105E2000676C6F62616C5F6C73746D2F6C73746DF3
:105E30002F6C73746D5F63656C6C2F426961734185
:105E400064645F38000000000200000001000000F0
:105E50000001000042A2FEFF00000001140000004B
:105E600034000000DA0000000000000964000000B7
:105E700084A1FEFF080000001400000001000000E3
:105E8000FAFFFFFFFFFFFFFF00000000010000001E
:105E9000D667693D350000006D5F6D63755F6E65A7
:105EA000745F707265646963746F722F676C6F6280
:105EB000616C5F6C73746D2F6C73746D2F6C737485
:105EC0006D5F63656C6C2F6164645F313600000048
:105ED000020000000100000000010000CAA2FEFF55
:105EE000000000011400000030000000D900000094
:105EF00000000009640000000CA2FEFF0800000082
:105F0000100000000100000001000000000000007F
:105F100001000000D077FD3C380000006D5F6D632C
:105F2000755F6E65745F707265646963746F722FFC
:105F3000676C6F62616C5F6C73746D2F6C73746DE2
:105F40002F6C73746D5F63656C6C2F4D61744D7550
:105F50006C5F31370000000002000000010000000B
:105F60000001000052A3FEFF000000011400000029
:105F700034000000D80000000000000964000000A8
:105F800094A2FEFF080000001400000001000000C1
:105F90000000000000000000000000000100000000
:105FA000B546FE3B350000006D5F6D63755F6E6545
:105FB000745F707265646963746F722F676C6F626F
:105FC000616C5F6C73746D2F6C73746D2F6C737474
:105FD0006D5F63656C6C2F6D756C5F323300000014
:105FE000020000000100000040000000DAA3FEFFF4
:105FF000000000011400000034000000D700000081
:1060000000000009640000001CA3FEFF080000005F
:10601000140000000100000000000000000000006B
:1060200000000000010000000000003C36000000FD
:106030006D5F6D63755F6E65745F707265646963D3
:10604000746F722F676C6F62616C5F6C73746D2F0D
:106050006C73746D2F6C73746D5F63656C6C2F540F
:10606000616E685F31350000020000000100000031
:106070004000000062A4FEFF0000000114000000C8
:1060800034000000D6000000000000096400000099
:10609000A4A3FEFF0800000014000000010000009F
:1060A000FCFFFFFFFFFFFFFF0000000001000000FA
:1060B000A407313D350000006D5F6D63755F6E654F
:1060C000745F707265646963746F722F676C6F625E
:1060D000616C5F6C73746D2F6C73746D2F6C737463
:1060E0006D5F63656C6C2F6164645F313500000027
:1060F000020000000100000040000000EAA4FEFFD2
:10610000000000011400000034000000D500000071
:1061100000000009640000002CA4FEFF080000003D
:106120001400000001000000FCFFFFFFFFFFFFFF65
:106130000000000001000000A407313D3500000010
:106140006D5F6D63755F6E65745F707265646963C2
:10615000746F722F676C6F62616C5F6C73746D2FFC
:106160006C73746D2F6C73746D5F63656C6C2F6DE5
:10617000756C5F3231000000020000000100000079
:106180004000000072A5FEFF0000000114000000A6
:1061900034000000D400000000000009640000008A
:1061A000B4A4FEFF0800000014000000010000007D
:1061B000FFFFFFFFFFFFFFFF0000000001000000E6
:1061C0008FC6FC3B350000006D5F6D63755F6E65CB
:1061D000745F707265646963746F722F676C6F624D
:1061E000616C5F6C73746D2F6C73746D2F6C737452
:1061F0006D5F63656C6C2F6D756C5F3232000000F3
:10620000020000000100000040000000FAA5FEFFAF
:10621000000000011400000034000000D300000062
:1062200000000009640000003CA5FEFF080000001B
:106230001400000001000000000000000000000049
:1062400000000000010000000000003C36000000DB
:106250006D5F6D63755F6E65745F707265646963B1
:10626000746F722F676C6F62616C5F6C73746D2FEB
:106270006C73746D2F6C73746D5F63656C6C2F54ED
:10628000616E685F31340000020000000100000010
:106290004000000082A6FEFF000000011400000084
:1062A00030000000D200000000000009640000007F
:1062B000C4A5FEFF0800000010000000010000005F
:1062C00080FFFFFFFFFFFFFF010000000000803B99
:1062D000390000006D5F6D63755F6E65745F70728D
:1062E00065646963746F722F676C6F62616C5F6C59
:1062F00073746D2F6C73746D2F6C73746D5F636545
:106300006C6C2F5369676D6F69645F3233000000F6
:106310000200000001000000400000000AA7FEFF8C
:10632000000000011400000030000000D100000057
:1063300000000009640000004CA6FEFF08000000F9
:10634000100000000100000080FFFFFFFFFFFFFFC3
:10635000010000000000803B390000006D5F6D63AC
:10636000755F6E65745F707265646963746F722FB8
:10637000676C6F62616C5F6C73746D2F6C73746D9E
:106380002F6C73746D5F63656C6C2F5369676D6FF1
:1063900069645F323200000002000000010000006A
:1063A0004000000092A7FEFF000000011400000062
:1063B00030000000D0000000000000096400000070
:1063C000D4A6FEFF0800000010000000010000003D
:1063D00080FFFFFFFFFFFFFF010000000000803B88
:1063E000390000006D5F6D63755F6E65745F70727C
:1063F00065646963746F722F676C6F62616C5F6C48
:1064000073746D2F6C73746D2F6C73746D5F636533
:106410006C6C2F5369676D6F69645F3231000000E7
:106420000200000001000000400000001AA8FEFF6A
:10643000000000011400000034000000CF00000044
:10644000000000090C0100005CA7FEFF080000002E
:106450001400000001000000F4FFFFFFFFFFFFFF3A
:106460000000000001000000E6696A3DDF00000056
:106470006D5F6D63755F6E65745F7072656469638F
:10648000746F722F676C6F62616C5F6C73746D2FC9
:106490006C73746D2F6C73746D5F63656C6C2F73AC
:1064A000706C69745F373B6D5F6D63755F6E6574AB
:1064B0005F707265646963746F722F676C6F62617D
:1064C0006C5F6C73746D2F6C73746D2F6C73746D63
:1064D0005F63656C6C2F73706C69745F37313B6DF3
:1064E0005F6D63755F6E65745F7072656469637418
:1064F0006F722F676C6F62616C5F6C73746D2F6C61
:1065000073746D2F6C73746D5F63656C6C2F737037
:106510006C69745F37323B6D5F6D63755F6E657478
:106520005F707265646963746F722F676C6F62610C
:106530006C5F6C73746D2F6C73746D2F6C73746DF2
:106540005F63656C6C2F73706C69745F37333300F5
:106550000200000001000000400000004AA9FEFF08
:10656000000000011400000034000000CE00000014
:10657000000000090C0100008CA8FEFF08000000CC
:106580001400000001000000F4FFFFFFFFFFFFFF09
:106590000000000001000000E6696A3DDF00000025
:1065A0006D5F6D63755F6E65745F7072656469635E
:1065B000746F722F676C6F62616C5F6C73746D2F98
:1065C0006C73746D2F6C73746D5F63656C6C2F737B
:1065D000706C69745F373B6D5F6D63755F6E65747A
:1065E0005F707265646963746F722F676C6F62614C
:1065F0006C5F6C73746D2F6C73746D2F6C73746D32
:106600005F63656C6C2F73706C69745F37313B6DC1
:106610005F6D63755F6E65745F70726564696374E6
:106620006F722F676C6F62616C5F6C73746D2F6C2F
:1066300073746D2F6C73746D5F63656C6C2F737006
:106640006C69745F37323B6D5F6D63755F6E657447
:106650005F707265646963746F722F676C6F6261DB
:106660006C5F6C73746D2F6C73746D2F6C73746DC1
:106670005F63656C6C2F73706C69745F37333200C5
:106680000200000001000000400000007AAAFEFFA6
:10669000000000011400000034000000CD000000E4
:1066A000000000090C010000BCA9FEFF080000006A
:1066B0001400000001000000F4FFFFFFFFFFFFFFD8
:1066C0000000000001000000E6696A3DDF000000F4
:1066D0006D5F6D63755F6E65745F7072656469632D
:1066E000746F722F676C6F62616C5F6C73746D2F67
:1066F0006C73746D2F6C73746D5F63656C6C2F734A
:10670000706C69745F373B6D5F6D63755F6E657448
:106710005F707265646963746F722F676C6F62611A
:106720006C5F6C73746D2F6C73746D2F6C73746D00
:106730005F63656C6C2F73706C69745F37313B6D90
:106740005F6D63755F6E65745F70726564696374B5
:106750006F722F676C6F62616C5F6C73746D2F6CFE
:1067600073746D2F6C73746D5F63656C6C2F7370D5
:106770006C69745F37323B6D5F6D63755F6E657416
:106780005F707265646963746F722F676C6F6261AA
:106790006C5F6C73746D2F6C73746D2F6C73746D90
:1067A0005F63656C6C2F73706C69745F3733310095
:1067B000020000000100000040000000AAABFEFF44
:1067C000000000011400000034000000CC000000B4
:1067D000000000090C010000ECAAFEFF0800000008
:1067E0001400000001000000F4FFFFFFFFFFFFFFA7
:1067F0000000000001000000E6696A3DDE000000C4
:106800006D5F6D63755F6E65745F707265646963FB
:10681000746F722F676C6F62616C5F6C73746D2F35
:106820006C73746D2F6C73746D5F63656C6C2F7318
:10683000706C69745F373B6D5F6D63755F6E657417
:106840005F707265646963746F722F676C6F6261E9
:106850006C5F6C73746D2F6C73746D2F6C73746DCF
:106860005F63656C6C2F73706C69745F37313B6D5F
:106870005F6D63755F6E65745F7072656469637484
:106880006F722F676C6F62616C5F6C73746D2F6CCD
:1068900073746D2F6C73746D5F63656C6C2F7370A4
:1068A0006C69745F37323B6D5F6D63755F6E6574E5
:1068B0005F707265646963746F722F676C6F626179
:1068C0006C5F6C73746D2F6C73746D2F6C73746D5F
:1068D0005F63656C6C2F73706C69745F3733000095
:1068E000020000000100000040000000DAACFEFFE2
:1068F000000000011400000030000000CB00000088
:1069000000000009640000001CACFEFF080000004D
:106910001000000001000000F4FFFFFFFFFFFFFF79
:1069200001000000E6696A3D380000006D5F6D639C
:10693000755F6E65745F707265646963746F722FE2
:10694000676C6F62616C5F6C73746D2F6C73746DC8
:106950002F6C73746D5F63656C6C2F42696173415A
:1069600064645F37000000000200000001000000C6
:106970000001000062ADFEFF0000000114000000F5
:1069800034000000CA00000000000009640000009C
:10699000A4ACFEFF0800000014000000010000008D
:1069A000F6FFFFFFFFFFFFFF0000000001000000F7
:1069B0007BAF6C3D350000006D5F6D63755F6E658C
:1069C000745F707265646963746F722F676C6F6255
:1069D000616C5F6C73746D2F6C73746D2F6C73745A
:1069E0006D5F63656C6C2F6164645F31340000001F
:1069F000020000000100000000010000EAADFEFFFF
:106A0000000000011400000030000000C900000078
:106A100000000009640000002CADFEFF080000002B
:106A20001000000001000000050000000000000050
:106A30000100000090E4F53C380000006D5F6D63DC
:106A4000755F6E65745F707265646963746F722FD1
:106A5000676C6F62616C5F6C73746D2F6C73746DB7
:106A60002F6C73746D5F63656C6C2F4D61744D7525
:106A70006C5F3135000000000200000001000000E2
:106A80000001000072AEFEFF0000000114000000D3
:106A900034000000C800000000000009640000008D
:106AA000B4ADFEFF0800000014000000010000006B
:106AB00000000000000000000000000001000000D5
:106AC000B546FE3B350000006D5F6D63755F6E651A
:106AD000745F707265646963746F722F676C6F6244
:106AE000616C5F6C73746D2F6C73746D2F6C737449
:106AF0006D5F63656C6C2F6D756C5F3230000000EC
:106B0000020000000100000040000000FAAEFEFF9D
:106B1000000000011400000034000000C700000065
:106B200000000009640000003CAEFEFF0800000009
:106B30001400000001000000000000000000000040
:106B400000000000010000000000003C36000000D2
:106B50006D5F6D63755F6E65745F707265646963A8
:106B6000746F722F676C6F62616C5F6C73746D2FE2
:106B70006C73746D2F6C73746D5F63656C6C2F54E4
:106B8000616E685F31330000020000000100000008
:106B90004000000082AFFEFF000000011400000072
:106BA00034000000C600000000000009640000007E
:106BB000C4AEFEFF08000000140000000100000049
:106BC000FFFFFFFFFFFFFFFF0000000001000000CC
:106BD00019A31C3D350000006D5F6D63755F6E6528
:106BE000745F707265646963746F722F676C6F6233
:106BF000616C5F6C73746D2F6C73746D2F6C737438
:106C00006D5F63656C6C2F6164645F3133000000FD
:106C10000200000001000000400000000AB0FEFF7A
:106C2000000000011400000034000000C500000056
:106C300000000009640000004CAFFEFF08000000E7
:106C40001400000001000000FFFFFFFFFFFFFFFF37
:106C5000000000000100000019A31C3D35000000E9
:106C60006D5F6D63755F6E65745F70726564696397
:106C7000746F722F676C6F62616C5F6C73746D2FD1
:106C80006C73746D2F6C73746D5F63656C6C2F6DBA
:106C9000756C5F3138000000020000000100000048
:106CA0004000000092B0FEFF000000011400000050
:106CB00034000000C400000000000009640000006F
:106CC000D4AFFEFF08000000140000000100000027
:106CD00000000000000000000000000001000000B3
:106CE0006413FC3B350000006D5F6D63755F6E657E
:106CF000745F707265646963746F722F676C6F6222
:106D0000616C5F6C73746D2F6C73746D2F6C737426
:106D10006D5F63656C6C2F6D756C5F3139000000C1
:106D20000200000001000000400000001AB1FEFF58
:106D3000000000011400000034000000C300000047
:106D400000000009640000005CB0FEFF08000000C5
:106D5000140000000100000000000000000000001E
:106D600000000000010000000000003C36000000B0
:106D70006D5F6D63755F6E65745F70726564696386
:106D8000746F722F676C6F62616C5F6C73746D2FC0
:106D90006C73746D2F6C73746D5F63656C6C2F54C2
:106DA000616E685F313200000200000001000000E7
:106DB00040000000A2B1FEFF00000001140000002E
:106DC00030000000C2000000000000096400000064
:106DD000E4B0FEFF08000000100000000100000009
:106DE00080FFFFFFFFFFFFFF010000000000803B6E
:106DF000390000006D5F6D63755F6E65745F707262
:106E000065646963746F722F676C6F62616C5F6C2D
:106E100073746D2F6C73746D2F6C73746D5F636519
:106E20006C6C2F5369676D6F69645F3230000000CE
:106E30000200000001000000400000002AB2FEFF36
:106E4000000000011400000030000000C10000003C
:106E500000000009640000006CB1FEFF08000000A3
:106E6000100000000100000080FFFFFFFFFFFFFF98
:106E7000010000000000803B390000006D5F6D6381
:106E8000755F6E65745F707265646963746F722F8D
:106E9000676C6F62616C5F6C73746D2F6C73746D73
:106EA0002F6C73746D5F63656C6C2F5369676D6FC6
:106EB00069645F3139000000020000000100000039
:106EC00040000000B2B2FEFF00000001140000000C
:106ED00030000000C0000000000000096400000055
:106EE000F4B1FEFF080000001000000001000000E7
:106EF00080FFFFFFFFFFFFFF010000000000803B5D
:106F0000390000006D5F6D63755F6E65745F707250
:106F100065646963746F722F676C6F62616C5F6C1C
:106F200073746D2F6C73746D2F6C73746D5F636508
:106F30006C6C2F5369676D6F69645F3138000000B6
:106F40000200000001000000400000003AB3FEFF14
:106F5000000000011400000034000000BF00000029
:106F6000000000090C0100007CB2FEFF08000000D8
:106F70001400000001000000F1FFFFFFFFFFFFFF12
:106F800000000000010000000C9F6B3DDF000000CE
:106F90006D5F6D63755F6E65745F70726564696364
:106FA000746F722F676C6F62616C5F6C73746D2F9E
:106FB0006C73746D2F6C73746D5F63656C6C2F7381
:106FC000706C69745F363B6D5F6D63755F6E657481
:106FD0005F707265646963746F722F676C6F626152
:106FE0006C5F6C73746D2F6C73746D2F6C73746D38
:106FF0005F63656C6C2F73706C69745F36313B6DC9
:107000005F6D63755F6E65745F70726564696374EC
:107010006F722F676C6F62616C5F6C73746D2F6C35
:1070200073746D2F6C73746D5F63656C6C2F73700C
:107030006C69745F36323B6D5F6D63755F6E65744E
:107040005F707265646963746F722F676C6F6261E1
:107050006C5F6C73746D2F6C73746D2F6C73746DC7
:107060005F63656C6C2F73706C69745F36333300CB
:107070000200000001000000400000006AB4FEFFB2
:10708000000000011400000034000000BE000000F9
:10709000000000090C010000ACB3FEFF0800000076
:1070A0001400000001000000F1FFFFFFFFFFFFFFE1
:1070B00000000000010000000C9F6B3DDF0000009D
:1070C0006D5F6D63755F6E65745F70726564696333
:1070D000746F722F676C6F62616C5F6C73746D2F6D
:1070E0006C73746D2F6C73746D5F63656C6C2F7350
:1070F000706C69745F363B6D5F6D63755F6E657450
:107100005F707265646963746F722F676C6F626120
:107110006C5F6C73746D2F6C73746D2F6C73746D06
:107120005F63656C6C2F73706C69745F36313B6D97
:107130005F6D63755F6E65745F70726564696374BB
:107140006F722F676C6F62616C5F6C73746D2F6C04
:1071500073746D2F6C73746D5F63656C6C2F7370DB
:107160006C69745F36323B6D5F6D63755F6E65741D
:107170005F707265646963746F722F676C6F6261B0
:107180006C5F6C73746D2F6C73746D2F6C73746D96
:107190005F63656C6C2F73706C69745F363332009B
:1071A0000200000001000000400000009AB5FEFF50
:1071B000000000011400000034000000BD000000C9
:1071C000000000090C010000DCB4FEFF0800000014
:1071D0001400000001000000F1FFFFFFFFFFFFFFB0
:1071E00000000000010000000C9F6B3DDF0000006C
:1071F0006D5F6D63755F6E65745F70726564696302
:10720000746F722F676C6F62616C5F6C73746D2F3B
:107210006C73746D2F6C73746D5F63656C6C2F731E
:10722000706C69745F363B6D5F6D63755F6E65741E
:107230005F707265646963746F722F676C6F6261EF
:107240006C5F6C73746D2F6C73746D2F6C73746DD5
:107250005F63656C6C2F73706C69745F36313B6D66
:107260005F6D63755F6E65745F707265646963748A
:107270006F722F676C6F62616C5F6C73746D2F6CD3
:1072800073746D2F6C73746D5F63656C6C2F7370AA
:107290006C69745F36323B6D5F6D63755F6E6574EC
:1072A0005F707265646963746F722F676C6F62617F
:1072B0006C5F6C73746D2F6C73746D2F6C73746D65
:1072C0005F63656C6C2F73706C69745F363331006B
:1072D000020000000100000040000000CAB6FEFFEE
:1072E000000000011400000034000000BC00000099
:1072F000000000090C0100000CB6FEFF08000000B1
:107300001400000001000000F1FFFFFFFFFFFFFF7E
:1073100000000000010000000C9F6B3DDE0000003B
:107320006D5F6D63755F6E65745F707265646963D0
:10733000746F722F676C6F62616C5F6C73746D2F0A
:107340006C73746D2F6C73746D5F63656C6C2F73ED
:10735000706C69745F363B6D5F6D63755F6E6574ED
:107360005F707265646963746F722F676C6F6261BE
:107370006C5F6C73746D2F6C73746D2F6C73746DA4
:107380005F63656C6C2F73706C69745F36313B6D35
:107390005F6D63755F6E65745F7072656469637459
:1073A0006F722F676C6F62616C5F6C73746D2F6CA2
:1073B00073746D2F6C73746D5F63656C6C2F737079
:1073C0006C69745F36323B6D5F6D63755F6E6574BB
:1073D0005F707265646963746F722F676C6F62614E
:1073E0006C5F6C73746D2F6C73746D2F6C73746D34
:1073F0005F63656C6C2F73706C69745F363300006B
:10740000020000000100000040000000FAB7FEFF8B
:10741000000000011400000030000000BB0000006C
:1074200000000009640000003CB7FEFF08000000F7
:107430001000000001000000F1FFFFFFFFFFFFFF51
:10744000010000000C9F6B3D380000006D5F6D6314
:10745000755F6E65745F707265646963746F722FB7
:10746000676C6F62616C5F6C73746D2F6C73746D9D
:107470002F6C73746D5F63656C6C2F42696173412F
:1074800064645F360000000002000000010000009C
:107490000001000082B8FEFF00000001140000009F
:1074A00034000000BA000000000000096400000081
:1074B000C4B7FEFF08000000140000000100000037
:1074C000F2FFFFFFFFFFFFFF0000000001000000D0
:1074D000A2E46D3D350000006D5F6D63755F6E6504
:1074E000745F707265646963746F722F676C6F622A
:1074F000616C5F6C73746D2F6C73746D2F6C73742F
:107500006D5F63656C6C2F6164645F3132000000F5
:107510000200000001000000000100000AB9FEFFA7
:10752000000000011400000030000000B90000005D
:1075300000000009640000004CB8FEFF08000000D5
:107540001000000001000000070000000000000023
:10755000010000004DD9E03C380000006D5F6D6314
:10756000755F6E65745F707265646963746F722FA6
:10757000676C6F62616C5F6C73746D2F6C73746D8C
:107580002F6C73746D5F63656C6C2F4D61744D75FA
:107590006C5F3133000000000200000001000000B9
:1075A0000001000092B9FEFF00000001140000007D
:1075B00034000000B8000000000000096400000072
:1075C000D4B8FEFF08000000140000000100000015
:1075D00000000000000000000000000001000000AA
:1075E000B546FE3B350000006D5F6D63755F6E65EF
:1075F000745F707265646963746F722F676C6F6219
:10760000616C5F6C73746D2F6C73746D2F6C73741D
:107610006D5F63656C6C2F6D756C5F3137000000BA
:107620000200000001000000400000001ABAFEFF46
:10763000000000011400000034000000B70000004A
:1076400000000009640000005CB9FEFF08000000B3
:107650001400000001000000000000000000000015
:1076600000000000010000000000003C36000000A7
:107670006D5F6D63755F6E65745F7072656469637D
:10768000746F722F676C6F62616C5F6C73746D2FB7
:107690006C73746D2F6C73746D5F63656C6C2F54B9
:1076A000616E685F313100000200000001000000DF
:1076B00040000000A2BAFEFF00000001140000001C
:1076C00034000000B6000000000000096400000063
:1076D000E4B9FEFF080000001400000001000000F3
:1076E000FDFFFFFFFFFFFFFF0000000001000000A3
:1076F00089910D3D350000006D5F6D63755F6E65AE
:10770000745F707265646963746F722F676C6F6207
:10771000616C5F6C73746D2F6C73746D2F6C73740C
:107720006D5F63656C6C2F6164645F3131000000D4
:107730000200000001000000400000002ABBFEFF24
:10774000000000011400000034000000B50000003B
:1077500000000009640000006CBAFEFF0800000091
:107760001400000001000000FDFFFFFFFFFFFFFF0E
:10777000000000000100000089910D3D350000006F
:107780006D5F6D63755F6E65745F7072656469636C
:10779000746F722F676C6F62616C5F6C73746D2FA6
:1077A0006C73746D2F6C73746D5F63656C6C2F6D8F
:1077B000756C5F3135000000020000000100000020
:1077C00040000000B2BBFEFF0000000114000000FA
:1077D00034000000B4000000000000096400000054
:1077E000F4BAFEFF080000001400000001000000D1
:1077F000FFFFFFFFFFFFFFFF000000000100000090
:107800005806FC3B350000006D5F6D63755F6E656B
:10781000745F707265646963746F722F676C6F62F6
:10782000616C5F6C73746D2F6C73746D2F6C7374FB
:107830006D5F63656C6C2F6D756C5F313600000099
:107840000200000001000000400000003ABCFEFF02
:10785000000000011400000034000000B30000002C
:1078600000000009640000007CBBFEFF080000006F
:1078700014000000010000000000000000000000F3
:1078800000000000010000000000003C3600000085
:107890006D5F6D63755F6E65745F7072656469635B
:1078A000746F722F676C6F62616C5F6C73746D2F95
:1078B0006C73746D2F6C73746D5F63656C6C2F5497
:1078C000616E685F313000000200000001000000BE
:1078D00040000000C2BCFEFF0000000114000000D8
:1078E00030000000B2000000000000096400000049
:1078F00004BCFEFF080000001000000001000000B2
:1079000080FFFFFFFFFFFFFF010000000000803B42
:10791000390000006D5F6D63755F6E65745F707236
:1079200065646963746F722F676C6F62616C5F6C02
:1079300073746D2F6C73746D2F6C73746D5F6365EE
:107940006C6C2F5369676D6F69645F31370000009D
:107950000200000001000000400000004ABDFEFFE0
:10796000000000011400000030000000B100000021
:1079700000000009640000008CBCFEFF080000004D
:10798000100000000100000080FFFFFFFFFFFFFF6D
:10799000010000000000803B390000006D5F6D6356
:1079A000755F6E65745F707265646963746F722F62
:1079B000676C6F62616C5F6C73746D2F6C73746D48
:1079C0002F6C73746D5F63656C6C2F5369676D6F9B
:1079D00069645F3136000000020000000100000011
:1079E00040000000D2BDFEFF0000000114000000B6
:1079F00030000000B000000000000009640000003A
:107A000014BDFEFF0800000010000000010000008F
:107A100080FFFFFFFFFFFFFF010000000000803B31
:107A2000390000006D5F6D63755F6E65745F707225
:107A300065646963746F722F676C6F62616C5F6CF1
:107A400073746D2F6C73746D2F6C73746D5F6365DD
:107A50006C6C2F5369676D6F69645F31350000008E
:107A60000200000001000000400000005ABEFEFFBE
:107A7000000000011400000034000000AF0000000E
:107A8000000000090C0100009CBDFEFF0800000082
:107A90001400000001000000EFFFFFFFFFFFFFFFE9
:107AA00000000000010000001F98673DDF0000009B
:107AB0006D5F6D63755F6E65745F70726564696339
:107AC000746F722F676C6F62616C5F6C73746D2F73
:107AD0006C73746D2F6C73746D5F63656C6C2F7356
:107AE000706C69745F353B6D5F6D63755F6E657457
:107AF0005F707265646963746F722F676C6F626127
:107B00006C5F6C73746D2F6C73746D2F6C73746D0C
:107B10005F63656C6C2F73706C69745F35313B6D9E
:107B20005F6D63755F6E65745F70726564696374C1
:107B30006F722F676C6F62616C5F6C73746D2F6C0A
:107B400073746D2F6C73746D5F63656C6C2F7370E1
:107B50006C69745F35323B6D5F6D63755F6E657424
:107B60005F707265646963746F722F676C6F6261B6
:107B70006C5F6C73746D2F6C73746D2F6C73746D9C
:107B80005F63656C6C2F73706C69745F35333300A1
:107B90000200000001000000400000008ABFFEFF5C
:107BA000000000011400000034000000AE000000DE
:107BB000000000090C010000CCBEFEFF0800000020
:107BC0001400000001000000EFFFFFFFFFFFFFFFB8
:107BD00000000000010000001F98673DDF0000006A
:107BE0006D5F6D63755F6E65745F70726564696308
:107BF000746F722F676C6F62616C5F6C73746D2F42
:107C00006C73746D2F6C73746D5F63656C6C2F7324
:107C1000706C69745F353B6D5F6D63755F6E657425
:107C20005F707265646963746F722F676C6F6261F5
:107C30006C5F6C73746D2F6C73746D2F6C73746DDB
:107C40005F63656C6C2F73706C69745F35313B6D6D
:107C50005F6D63755F6E65745F7072656469637490
:107C60006F722F676C6F62616C5F6C73746D2F6CD9
:107C700073746D2F6C73746D5F63656C6C2F7370B0
:107C80006C69745F35323B6D5F6D63755F6E6574F3
:107C90005F707265646963746F722F676C6F626185
:107CA0006C5F6C73746D2F6C73746D2F6C73746D6B
:107CB0005F63656C6C2F73706C69745F3533320071
:107CC000020000000100000040000000BAC0FEFFFA
:107CD000000000011400000034000000AD000000AE
:107CE000000000090C010000FCBFFEFF08000000BE
:107CF0001400000001000000EFFFFFFFFFFFFFFF87
:107D000000000000010000001F98673DDF00000038
:107D10006D5F6D63755F6E65745F707265646963D6
:107D2000746F722F676C6F62616C5F6C73746D2F10
:107D30006C73746D2F6C73746D5F63656C6C2F73F3
:107D4000706C69745F353B6D5F6D63755F6E6574F4
:107D50005F707265646963746F722F676C6F6261C4
:107D60006C5F6C73746D2F6C73746D2F6C73746DAA
:107D70005F63656C6C2F73706C69745F35313B6D3C
:107D80005F6D63755F6E65745F707265646963745F
:107D90006F722F676C6F62616C5F6C73746D2F6CA8
:107DA00073746D2F6C73746D5F63656C6C2F73707F
:107DB0006C69745F35323B6D5F6D63755F6E6574C2
:107DC0005F707265646963746F722F676C6F626154
:107DD0006C5F6C73746D2F6C73746D2F6C73746D3A
:107DE0005F63656C6C2F73706C69745F3533310041
:107DF000020000000100000040000000EAC1FEFF98
:107E0000000000011400000034000000AC0000007D
:107E1000000000090C0100002CC1FEFF080000005A
:107E20001400000001000000EFFFFFFFFFFFFFFF55
:107E300000000000010000001F98673DDE00000008
:107E40006D5F6D63755F6E65745F707265646963A5
:107E5000746F722F676C6F62616C5F6C73746D2FDF
:107E60006C73746D2F6C73746D5F63656C6C2F73C2
:107E7000706C69745F353B6D5F6D63755F6E6574C3
:107E80005F707265646963746F722F676C6F626193
:107E90006C5F6C73746D2F6C73746D2F6C73746D79
:107EA0005F63656C6C2F73706C69745F35313B6D0B
:107EB0005F6D63755F6E65745F707265646963742E
:107EC0006F722F676C6F62616C5F6C73746D2F6C77
:107ED00073746D2F6C73746D5F63656C6C2F73704E
:107EE0006C69745F35323B6D5F6D63755F6E657491
:107EF0005F707265646963746F722F676C6F626123
:107F00006C5F6C73746D2F6C73746D2F6C73746D08
:107F10005F63656C6C2F73706C69745F3533000040
:107F20000200000001000000400000001AC3FEFF34
:107F3000000000011400000030000000AB00000051
:107F400000000009640000005CC2FEFF08000000A1
:107F50001000000001000000EFFFFFFFFFFFFFFF28
:107F6000010000001F98673D380000006D5F6D63E1
:107F7000755F6E65745F707265646963746F722F8C
:107F8000676C6F62616C5F6C73746D2F6C73746D72
:107F90002F6C73746D5F63656C6C2F426961734104
:107FA00064645F3500000000020000000100000072
:107FB00000010000A2C3FEFF000000011400000049
:107FC00034000000AA000000000000096400000066
:107FD000E4C2FEFF080000001400000001000000E1
:107FE000F1FFFFFFFFFFFFFF0000000001000000A6
:107FF000B5DD693D350000006D5F6D63755F6E65D1
:10800000745F707265646963746F722F676C6F62FE
:10801000616C5F6C73746D2F6C73746D2F6C737403
:108020006D5F63656C6C2F6164645F3130000000CC
:108030000200000001000000000100002AC4FEFF51
:10804000000000011400000030000000A900000042
:1080500000000009640000006CC3FEFF080000007F
:1080600010000000010000000B00000000000000F4
:10807000010000008E61C83C380000006D5F6D6338
:10808000755F6E65745F707265646963746F722F7B
:10809000676C6F62616C5F6C73746D2F6C73746D61
:1080A0002F6C73746D5F63656C6C2F4D61744D75CF
:1080B0006C5F313100000000020000000100000090
:1080C00000010000B2C4FEFF000000011400000027
:1080D00034000000A8000000000000096400000057
:1080E000F4C3FEFF080000001400000001000000BF
:1080F000000000000000000000000000010000007F
:10810000B546FE3B350000006D5F6D63755F6E65C3
:10811000745F707265646963746F722F676C6F62ED
:10812000616C5F6C73746D2F6C73746D2F6C7374F2
:108130006D5F63656C6C2F6D756C5F313400000092
:108140000200000001000000400000003AC5FEFFF0
:10815000000000011400000034000000A70000002F
:1081600000000009640000007CC4FEFF080000005D
:1081700014000000010000000000000000000000EA
:1081800000000000010000000000003C350000007D
:108190006D5F6D63755F6E65745F70726564696352
:1081A000746F722F676C6F62616C5F6C73746D2F8C
:1081B0006C73746D2F6C73746D5F63656C6C2F548E
:1081C000616E685F390000000200000001000000DD
:1081D00040000000C2C5FEFF0000000114000000C6
:1081E00034000000A6000000000000096400000048
:1081F00004C5FEFF0800000014000000010000009C
:10820000FDFFFFFFFFFFFFFF000000000100000077
:1082100046E8EB3C340000006D5F6D63755F6E6592
:10822000745F707265646963746F722F676C6F62DC
:10823000616C5F6C73746D2F6C73746D2F6C7374E1
:108240006D5F63656C6C2F6164645F3900000000D2
:108250000200000001000000400000004AC6FEFFCE
:10826000000000011400000034000000A500000020
:1082700000000009640000008CC5FEFF080000003B
:108280001400000001000000FFFFFFFFFFFFFFFFE1
:1082900000000000010000008231FC3B35000000BE
:1082A0006D5F6D63755F6E65745F70726564696341
:1082B000746F722F676C6F62616C5F6C73746D2F7B
:1082C0006C73746D2F6C73746D5F63656C6C2F6D64
:1082D000756C5F31330000000200000001000000F7
:1082E00040000000D2C6FEFF0000000114000000A4
:1082F00034000000A4000000000000096400000039
:1083000014C6FEFF08000000140000000100000079
:10831000000000000000000000000000010000005C
:108320000000003C350000006D5F6D63755F6E6599
:10833000745F707265646963746F722F676C6F62CB
:10834000616C5F6C73746D2F6C73746D2F6C7374D0
:108350006D5F63656C6C2F54616E685F3800000060
:108360000200000001000000400000005AC7FEFFAC
:10837000000000011400000030000000A300000015
:1083800000000009640000009CC6FEFF0800000019
:10839000100000000100000080FFFFFFFFFFFFFF53
:1083A000010000000000803B390000006D5F6D633C
:1083B000755F6E65745F707265646963746F722F48
:1083C000676C6F62616C5F6C73746D2F6C73746D2E
:1083D0002F6C73746D5F63656C6C2F5369676D6F81
:1083E00069645F31340000000200000001000000F9
:1083F00040000000E2C7FEFF000000011400000082
:1084000034000000A2000000000000096400000029
:1084100024C7FEFF08000000140000000100000057
:10842000FDFFFFFFFFFFFFFF000000000100000055
:1084300046E8EB3C350000006D5F6D63755F6E656F
:10844000745F707265646963746F722F676C6F62BA
:10845000616C5F6C73746D2F6C73746D2F6C7374BF
:108460006D5F63656C6C2F6D756C5F313200000061
:108470000200000001000000400000006AC8FEFF8A
:10848000000000011400000030000000A100000006
:108490000000000964000000ACC7FEFF08000000F7
:1084A000100000000100000080FFFFFFFFFFFFFF42
:1084B000010000000000803B390000006D5F6D632B
:1084C000755F6E65745F707265646963746F722F37
:1084D000676C6F62616C5F6C73746D2F6C73746D1D
:1084E0002F6C73746D5F63656C6C2F5369676D6F70
:1084F00069645F31330000000200000001000000E9
:1085000040000000F2C8FEFF00000001140000005F
:1085100030000000A000000000000009640000001E
:1085200034C8FEFF08000000100000000100000039
:1085300080FFFFFFFFFFFFFF010000000000803B06
:10854000390000006D5F6D63755F6E65745F7072FA
:1085500065646963746F722F676C6F62616C5F6CC6
:1085600073746D2F6C73746D2F6C73746D5F6365B2
:108570006C6C2F5369676D6F69645F313200000066
:108580000200000001000000400000007AC9FEFF68
:108590000000000114000000340000009F000000F3
:1085A000000000090C010000BCC8FEFF080000002C
:1085B0001400000001000000ECFFFFFFFFFFFFFFC1
:1085C0000000000001000000B71E673DDF00000052
:1085D0006D5F6D63755F6E65745F7072656469630E
:1085E000746F722F676C6F62616C5F6C73746D2F48
:1085F0006C73746D2F6C73746D5F63656C6C2F732B
:10860000706C69745F343B6D5F6D63755F6E65742C
:108610005F707265646963746F722F676C6F6261FB
:108620006C5F6C73746D2F6C73746D2F6C73746DE1
:108630005F63656C6C2F73706C69745F34313B6D74
:108640005F6D63755F6E65745F7072656469637496
:108650006F722F676C6F62616C5F6C73746D2F6CDF
:1086600073746D2F6C73746D5F63656C6C2F7370B6
:108670006C69745F34323B6D5F6D63755F6E6574FA
:108680005F707265646963746F722F676C6F62618B
:108690006C5F6C73746D2F6C73746D2F6C73746D71
:1086A0005F63656C6C2F73706C69745F3433330077
:1086B000020000000100000040000000AACAFEFF06
:1086C0000000000114000000340000009E000000C3
:1086D000000000090C010000ECC9FEFF08000000CA
:1086E0001400000001000000ECFFFFFFFFFFFFFF90
:1086F0000000000001000000B71E673DDF00000021
:108700006D5F6D63755F6E65745F707265646963DC
:10871000746F722F676C6F62616C5F6C73746D2F16
:108720006C73746D2F6C73746D5F63656C6C2F73F9
:10873000706C69745F343B6D5F6D63755F6E6574FB
:108740005F707265646963746F722F676C6F6261CA
:108750006C5F6C73746D2F6C73746D2F6C73746DB0
:108760005F63656C6C2F73706C69745F34313B6D43
:108770005F6D63755F6E65745F7072656469637465
:108780006F722F676C6F62616C5F6C73746D2F6CAE
:1087900073746D2F6C73746D5F63656C6C2F737085
:1087A0006C69745F34323B6D5F6D63755F6E6574C9
:1087B0005F707265646963746F722F676C6F62615A
:1087C0006C5F6C73746D2F6C73746D2F6C73746D40
:1087D0005F63656C6C2F73706C69745F3433320047
:1087E000020000000100000040000000DACBFEFFA4
:1087F0000000000114000000340000009D00000093
:10880000000000090C0100001CCBFEFF0800000066
:108810001400000001000000ECFFFFFFFFFFFFFF5E
:108820000000000001000000B71E673DDF000000EF
:108830006D5F6D63755F6E65745F707265646963AB
:10884000746F722F676C6F62616C5F6C73746D2FE5
:108850006C73746D2F6C73746D5F63656C6C2F73C8
:10886000706C69745F343B6D5F6D63755F6E6574CA
:108870005F707265646963746F722F676C6F626199
:108880006C5F6C73746D2F6C73746D2F6C73746D7F
:108890005F63656C6C2F73706C69745F34313B6D12
:1088A0005F6D63755F6E65745F7072656469637434
:1088B0006F722F676C6F62616C5F6C73746D2F6C7D
:1088C00073746D2F6C73746D5F63656C6C2F737054
:1088D0006C69745F34323B6D5F6D63755F6E657498
:1088E0005F707265646963746F722F676C6F626129
:1088F0006C5F6C73746D2F6C73746D2F6C73746D0F
:108900005F63656C6C2F73706C69745F3433310016
:108910000200000001000000400000000ACDFEFF40
:108920000000000114000000340000009C00000062
:10893000000000090C0100004CCCFEFF0800000004
:108940001400000001000000ECFFFFFFFFFFFFFF2D
:108950000000000001000000B71E673DDE000000BF
:108960006D5F6D63755F6E65745F7072656469637A
:10897000746F722F676C6F62616C5F6C73746D2FB4
:108980006C73746D2F6C73746D5F63656C6C2F7397
:10899000706C69745F343B6D5F6D63755F6E657499
:1089A0005F707265646963746F722F676C6F626168
:1089B0006C5F6C73746D2F6C73746D2F6C73746D4E
:1089C0005F63656C6C2F73706C69745F34313B6DE1
:1089D0005F6D63755F6E65745F7072656469637403
:1089E0006F722F676C6F62616C5F6C73746D2F6C4C
:1089F00073746D2F6C73746D5F63656C6C2F737023
:108A00006C69745F34323B6D5F6D63755F6E657466
:108A10005F707265646963746F722F676C6F6261F7
:108A20006C5F6C73746D2F6C73746D2F6C73746DDD
:108A30005F63656C6C2F73706C69745F3433000016
:108A40000200000001000000400000003ACEFEFFDE
:108A50000000000114000000300000009B00000036
:108A600000000009640000007CCDFEFF080000004B
:108A70001000000001000000ECFFFFFFFFFFFFFF00
:108A800001000000B71E673D380000006D5F6D6398
:108A9000755F6E65745F707265646963746F722F61
:108AA000676C6F62616C5F6C73746D2F6C73746D47
:108AB0002F6C73746D5F63656C6C2F4269617341D9
:108AC00064645F3400000000020000000100000048
:108AD00000010000C2CEFEFF0000000114000000F3
:108AE000340000009A00000000000009640000004B
:108AF00004CEFEFF0800000014000000010000008A
:108B0000EDFFFFFFFFFFFFFF00000000010000007E
:108B10006EA8693D340000006D5F6D63755F6E6522
:108B2000745F707265646963746F722F676C6F62D3
:108B3000616C5F6C73746D2F6C73746D2F6C7374D8
:108B40006D5F63656C6C2F6164645F3800000000CA
:108B50000200000001000000000100004ACFFEFFFB
:108B60000000000114000000300000009900000027
:108B700000000009640000008CCEFEFF0800000029
:108B80001000000001000000EDFFFFFFFFFFFFFFEE
:108B9000010000006EA8693D380000006D5F6D6344
:108BA000755F6E65745F707265646963746F722F50
:108BB000676C6F62616C5F6C73746D2F6C73746D36
:108BC0002F6C73746D5F63656C6C2F4D61744D75A4
:108BD0006C5F38310000000002000000010000005E
:108BE00000010000D2CFFEFF0000000114000000D1
:108BF0003000000098000000000000096400000040
:108C000014CFFEFF0800000010000000010000006B
:108C1000080000000000000001000000734D673DE7
:108C2000380000006D5F6D63755F6E65745F707214
:108C300065646963746F722F676C6F62616C5F6CDF
:108C400073746D2F6C73746D2F6C73746D5F6365CB
:108C50006C6C2F4D61744D756C5F363200000000F6
:108C60000200000001000000000100005AD0FEFFD9
:108C70000000000114000000300000009700000018
:108C800000000009640000009CCFFEFF0800000007
:108C900010000000010000000900000000000000BA
:108CA000010000006159683D380000006D5F6D6390
:108CB000755F6E65745F707265646963746F722F3F
:108CC000676C6F62616C5F6C73746D2F6C73746D25
:108CD0002F6C73746D5F63656C6C2F4D61744D7593
:108CE0006C5F363000000000020000000100000050
:108CF00000010000E2D0FEFF0000000114000000AF
:108D0000340000009600000000000009640000002C
:108D100024D0FEFF08000000140000000100000045
:108D2000140000000000000000000000010000002E
:108D3000312BB03C370000006D5F6D63755F6E6571
:108D4000745F707265646963746F722F676C6F62B1
:108D5000616C5F6C73746D2F6C73746D2F6C7374B6
:108D60006D5F63656C6C2F4D61744D756C5F390080
:108D70000200000001000000000100006AD1FEFFB7
:108D80000000000114000000340000009500000005
:108D90000000000964000000ACD0FEFF08000000E5
:108DA00014000000010000000000000000000000AE
:108DB0000000000001000000B546FE3B3500000049
:108DC0006D5F6D63755F6E65745F70726564696316
:108DD000746F722F676C6F62616C5F6C73746D2F50
:108DE0006C73746D2F6C73746D5F63656C6C2F6D39
:108DF000756C5F31310000000200000001000000CE
:108E000040000000F2D1FEFF00000001140000004D
:108E1000340000009400000000000009640000001D
:108E200034D1FEFF08000000140000000100000023
:108E30000000000000000000000000000100000031
:108E40000000003C350000006D5F6D63755F6E656E
:108E5000745F707265646963746F722F676C6F62A0
:108E6000616C5F6C73746D2F6C73746D2F6C7374A5
:108E70006D5F63656C6C2F54616E685F3700000036
:108E80000200000001000000400000007AD2FEFF56
:108E900000000001140000003400000093000000F6
:108EA0000000000964000000BCD1FEFF08000000C3
:108EB000140000000100000001000000000000009C
:108EC0000000000001000000D88BC83C3400000006
:108ED0006D5F6D63755F6E65745F70726564696305
:108EE000746F722F676C6F62616C5F6C73746D2F3F
:108EF0006C73746D2F6C73746D5F63656C6C2F6134
:108F000064645F3700000000020000000100000000
:108F10004000000002D3FEFF00000001140000002A
:108F2000340000009200000000000009640000000E
:108F300044D2FEFF08000000140000000100000001
:108F40000000000000000000000000000100000020
:108F500043A3F93B350000006D5F6D63755F6E657F
:108F6000745F707265646963746F722F676C6F628F
:108F7000616C5F6C73746D2F6C73746D2F6C737494
:108F80006D5F63656C6C2F6D756C5F313000000038
:108F90000200000001000000400000008AD3FEFF34
:108FA00000000001140000003400000091000000E7
:108FB0000000000964000000CCD2FEFF08000000A1
:108FC000140000000100000000000000000000008C
:108FD00000000000010000000000003C350000001F
:108FE0006D5F6D63755F6E65745F707265646963F4
:108FF000746F722F676C6F62616C5F6C73746D2F2E
:109000006C73746D2F6C73746D5F63656C6C2F542F
:10901000616E685F36000000020000000100000081
:109020004000000012D4FEFF000000011400000008
:109030003000000090000000000000096400000003
:1090400054D3FEFF080000001000000001000000E3
:1090500080FFFFFFFFFFFFFF010000000000803BDB
:10906000380000006D5F6D63755F6E65745F7072D0
:1090700065646963746F722F676C6F62616C5F6C9B
:1090800073746D2F6C73746D2F6C73746D5F636587
:109090006C6C2F5369676D6F69645F390000000065
:1090A0000200000001000000400000009AD4FEFF12
:1090B0000000000114000000300000008F000000DC
:1090C0000000000964000000DCD3FEFF080000007F
:1090D000100000000100000080FFFFFFFFFFFFFF06
:1090E000010000000000803B390000006D5F6D63EF
:1090F000755F6E65745F707265646963746F722FFB
:10910000676C6F62616C5F6C73746D2F6C73746DE0
:109110002F6C73746D5F63656C6C2F5369676D6F33
:1091200069645F31310000000200000001000000AE
:109130004000000022D5FEFF0000000114000000E6
:10914000340000008E0000000000000964000000F0
:1091500064D4FEFF080000001400000001000000BD
:1091600001000000000000000000000001000000FD
:10917000D88BC83C340000006D5F6D63755F6E6511
:10918000745F707265646963746F722F676C6F626D
:10919000616C5F6C73746D2F6C73746D2F6C737472
:1091A0006D5F63656C6C2F6D756C5F39000000003E
:1091B000020000000100000040000000AAD5FEFFF0
:1091C0000000000114000000300000008D000000CD
:1091D0000000000964000000ECD4FEFF080000005D
:1091E000100000000100000080FFFFFFFFFFFFFFF5
:1091F000010000000000803B390000006D5F6D63DE
:10920000755F6E65745F707265646963746F722FE9
:10921000676C6F62616C5F6C73746D2F6C73746DCF
:109220002F6C73746D5F63656C6C2F5369676D6F22
:1092300069645F313000000002000000010000009E
:109240004000000032D6FEFF0000000114000000C4
:10925000340000008C000000000000090C01000038
:1092600074D5FEFF0800000014000000010000009B
:10927000EDFFFFFFFFFFFFFF000000000100000007
:10928000586C5C3DDF0000006D5F6D63755F6E655F
:10929000745F707265646963746F722F676C6F625C
:1092A000616C5F6C73746D2F6C73746D2F6C737461
:1092B0006D5F63656C6C2F73706C69745F333B6DAD
:1092C0005F6D63755F6E65745F707265646963740A
:1092D0006F722F676C6F62616C5F6C73746D2F6C53
:1092E00073746D2F6C73746D5F63656C6C2F73702A
:1092F0006C69745F33313B6D5F6D63755F6E657470
:109300005F707265646963746F722F676C6F6261FE
:109310006C5F6C73746D2F6C73746D2F6C73746DE4
:109320005F63656C6C2F73706C69745F33323B6D77
:109330005F6D63755F6E65745F7072656469637499
:109340006F722F676C6F62616C5F6C73746D2F6CE2
:1093500073746D2F6C73746D5F63656C6C2F7370B9
:109360006C69745F333333000200000001000000B9
:109370004000000062D7FEFF000000011400000062
:10938000340000008B000000000000090C01000008
:10939000A4D6FEFF08000000140000000100000039
:1093A000EDFFFFFFFFFFFFFF0000000001000000D6
:1093B000586C5C3DDF0000006D5F6D63755F6E652E
:1093C000745F707265646963746F722F676C6F622B
:1093D000616C5F6C73746D2F6C73746D2F6C737430
:1093E0006D5F63656C6C2F73706C69745F333B6D7C
:1093F0005F6D63755F6E65745F70726564696374D9
:109400006F722F676C6F62616C5F6C73746D2F6C21
:1094100073746D2F6C73746D5F63656C6C2F7370F8
:109420006C69745F33313B6D5F6D63755F6E65743E
:109430005F707265646963746F722F676C6F6261CD
:109440006C5F6C73746D2F6C73746D2F6C73746DB3
:109450005F63656C6C2F73706C69745F33323B6D46
:109460005F6D63755F6E65745F7072656469637468
:109470006F722F676C6F62616C5F6C73746D2F6CB1
:1094800073746D2F6C73746D5F63656C6C2F737088
:109490006C69745F33333200020000000100000089
:1094A0004000000092D8FEFF000000011400000000
:1094B000340000008A000000000000090C010000D8
:1094C000D4D7FEFF080000001400000001000000D7
:1094D000EDFFFFFFFFFFFFFF0000000001000000A5
:1094E000586C5C3DDF0000006D5F6D63755F6E65FD
:1094F000745F707265646963746F722F676C6F62FA
:10950000616C5F6C73746D2F6C73746D2F6C7374FE
:109510006D5F63656C6C2F73706C69745F333B6D4A
:109520005F6D63755F6E65745F70726564696374A7
:109530006F722F676C6F62616C5F6C73746D2F6CF0
:1095400073746D2F6C73746D5F63656C6C2F7370C7
:109550006C69745F33313B6D5F6D63755F6E65740D
:109560005F707265646963746F722F676C6F62619C
:109570006C5F6C73746D2F6C73746D2F6C73746D82
:109580005F63656C6C2F73706C69745F33323B6D15
:109590005F6D63755F6E65745F7072656469637437
:1095A0006F722F676C6F62616C5F6C73746D2F6C80
:1095B00073746D2F6C73746D5F63656C6C2F737057
:1095C0006C69745F33333100020000000100000059
:1095D00040000000C2D9FEFF00000001140000009E
:1095E0003400000089000000000000090C010000A8
:1095F00004D9FEFF08000000140000000100000074
:10960000EDFFFFFFFFFFFFFF000000000100000073
:10961000586C5C3DDE0000006D5F6D63755F6E65CC
:10962000745F707265646963746F722F676C6F62C8
:10963000616C5F6C73746D2F6C73746D2F6C7374CD
:109640006D5F63656C6C2F73706C69745F333B6D19
:109650005F6D63755F6E65745F7072656469637476
:109660006F722F676C6F62616C5F6C73746D2F6CBF
:1096700073746D2F6C73746D5F63656C6C2F737096
:109680006C69745F33313B6D5F6D63755F6E6574DC
:109690005F707265646963746F722F676C6F62616B
:1096A0006C5F6C73746D2F6C73746D2F6C73746D51
:1096B0005F63656C6C2F73706C69745F33323B6DE4
:1096C0005F6D63755F6E65745F7072656469637406
:1096D0006F722F676C6F62616C5F6C73746D2F6C4F
:1096E00073746D2F6C73746D5F63656C6C2F737026
:1096F0006C69745F33330000020000000100000059
:1097000040000000F2DAFEFF00000001140000003B
:109710003000000088000000000000096400000024
:1097200034DAFEFF08000000100000000100000015
:10973000EDFFFFFFFFFFFFFF01000000586C5C3DE5
:10974000380000006D5F6D63755F6E65745F7072E9
:1097500065646963746F722F676C6F62616C5F6CB4
:1097600073746D2F6C73746D2F6C73746D5F6365A0
:109770006C6C2F426961734164645F3300000000C8
:109780000200000001000000000100007ADBFEFF83
:1097900000000001140000003400000087000000F9
:1097A0000000000964000000BCDAFEFF08000000B1
:1097B0001400000001000000EEFFFFFFFFFFFFFFAD
:1097C000000000000100000010F65E3D34000000C3
:1097D0006D5F6D63755F6E65745F707265646963FC
:1097E000746F722F676C6F62616C5F6C73746D2F36
:1097F0006C73746D2F6C73746D5F63656C6C2F612B
:1098000064645F36000000000200000001000000F8
:109810000001000002DCFEFF000000011400000057
:109820003400000086000000000000096400000011
:1098300044DBFEFF080000001400000001000000EF
:10984000EEFFFFFFFFFFFFFF000000000100000030
:1098500010F65E3D370000006D5F6D63755F6E65ED
:10986000745F707265646963746F722F676C6F6286
:10987000616C5F6C73746D2F6C73746D2F6C73748B
:109880006D5F63656C6C2F4D61744D756C5F360058
:109890000200000001000000000100008ADCFEFF61
:1098A00000000001140000003000000085000000EE
:1098B0000000000964000000CCDBFEFF080000008F
:1098C0001000000001000000050000000000000082
:1098D000010000001F8D623D380000006D5F6D6368
:1098E000755F6E65745F707265646963746F722F03
:1098F000676C6F62616C5F6C73746D2F6C73746DE9
:109900002F6C73746D5F63656C6C2F4D61744D7556
:109910006C5F35380000000002000000010000000C
:109920000001000012DDFEFF000000011400000035
:109930003000000084000000000000096400000006
:1099400054DCFEFF080000001000000001000000D1
:10995000070000000000000001000000E3F86E3D79
:10996000380000006D5F6D63755F6E65745F7072C7
:1099700065646963746F722F676C6F62616C5F6C92
:1099800073746D2F6C73746D2F6C73746D5F63657E
:109990006C6C2F4D61744D756C5F353600000000A6
:1099A0000200000001000000000100009ADDFEFF3F
:1099B00000000001140000003000000083000000DF
:1099C0000000000964000000DCDCFEFF080000006D
:1099D000100000000100000007000000000000006F
:1099E00001000000F0556B3D380000006D5F6D63B5
:1099F000755F6E65745F707265646963746F722FF2
:109A0000676C6F62616C5F6C73746D2F6C73746DD7
:109A10002F6C73746D5F63656C6C2F4D61744D7545
:109A20006C5F3534000000000200000001000000FF
:109A30000001000022DEFEFF000000011400000013
:109A400030000000820000000000000964000000F7
:109A500064DDFEFF080000001000000001000000AF
:109A600006000000000000000100000092F1663DC9
:109A7000380000006D5F6D63755F6E65745F7072B6
:109A800065646963746F722F676C6F62616C5F6C81
:109A900073746D2F6C73746D2F6C73746D5F63656D
:109AA0006C6C2F4D61744D756C5F35320000000099
:109AB000020000000100000000010000AADEFEFF1D
:109AC00000000001140000003000000081000000D0
:109AD0000000000964000000ECDDFEFF080000004B
:109AE0001000000001000000000000000000000065
:109AF000010000002E486E3D380000006D5F6D6370
:109B0000755F6E65745F707265646963746F722FE0
:109B1000676C6F62616C5F6C73746D2F6C73746DC6
:109B20002F6C73746D5F63656C6C2F4D61744D7534
:109B30006C5F3530000000000200000001000000F2
:109B40000001000032DFFEFF0000000114000000F1
:109B500030000000800000000000000964000000E8
:109B600074DEFEFF0800000010000000010000008D
:109B7000070000000000000001000000D570653DF6
:109B8000380000006D5F6D63755F6E65745F7072A5
:109B900065646963746F722F676C6F62616C5F6C70
:109BA00073746D2F6C73746D2F6C73746D5F63655C
:109BB0006C6C2F4D61744D756C5F34380000000083
:109BC000020000000100000000010000BADFFEFFFB
:109BD0000000000114000000300000007F000000C1
:109BE0000000000964000000FCDEFEFF0800000029
:109BF000100000000100000008000000000000004C
:109C000001000000BC41663D380000006D5F6D63DF
:109C1000755F6E65745F707265646963746F722FCF
:109C2000676C6F62616C5F6C73746D2F6C73746DB5
:109C30002F6C73746D5F63656C6C2F4D61744D7523
:109C40006C5F3436000000000200000001000000DC
:109C50000001000042E0FEFF0000000114000000CF
:109C6000300000007E0000000000000964000000D9
:109C700084DFFEFF0800000010000000010000006B
:109C80000800000000000000010000001637653DDC
:109C9000380000006D5F6D63755F6E65745F707294
:109CA00065646963746F722F676C6F62616C5F6C5F
:109CB00073746D2F6C73746D2F6C73746D5F63654B
:109CC0006C6C2F4D61744D756C5F34340000000076
:109CD000020000000100000000010000CAE0FEFFD9
:109CE0000000000114000000300000007D000000B2
:109CF00000000009640000000CE0FEFF0800000006
:109D000010000000010000000B0000000000000037
:109D1000010000006F63693D380000006D5F6D63F6
:109D2000755F6E65745F707265646963746F722FBE
:109D3000676C6F62616C5F6C73746D2F6C73746DA4
:109D40002F6C73746D5F63656C6C2F4D61744D7512
:109D50006C5F3432000000000200000001000000CF
:109D60000001000052E1FEFF0000000114000000AD
:109D7000300000007C0000000000000964000000CA
:109D800094E0FEFF08000000100000000100000049
:109D90000E0000000000000001000000095D603DB1
:109DA000380000006D5F6D63755F6E65745F707283
:109DB00065646963746F722F676C6F62616C5F6C4E
:109DC00073746D2F6C73746D2F6C73746D5F63653A
:109DD0006C6C2F4D61744D756C5F34300000000069
:109DE000020000000100000000010000DAE1FEFFB7
:109DF0000000000114000000340000007B0000009F
:109E000000000009640000001CE1FEFF08000000E3
:109E10001400000001000000190000000000000014
:109E200000000000010000003B5BAC3C370000007C
:109E30006D5F6D63755F6E65745F70726564696395
:109E4000746F722F676C6F62616C5F6C73746D2FCF
:109E50006C73746D2F6C73746D5F63656C6C2F4DD8
:109E600061744D756C5F3700020000000100000056
:109E70000001000062E2FEFF00000001140000008B
:109E8000340000007A0000000000000964000000B7
:109E9000A4E1FEFF08000000140000000100000023
:109EA00000000000000000000000000001000000B1
:109EB000B546FE3B340000006D5F6D63755F6E65F7
:109EC000745F707265646963746F722F676C6F6220
:109ED000616C5F6C73746D2F6C73746D2F6C737425
:109EE0006D5F63656C6C2F6D756C5F3800000000F2
:109EF000020000000100000040000000EAE2FEFF56
:109F0000000000011400000034000000790000008F
:109F100000000009640000002CE2FEFF08000000C1
:109F2000140000000100000000000000000000001C
:109F300000000000010000000000003C35000000AF
:109F40006D5F6D63755F6E65745F70726564696384
:109F5000746F722F676C6F62616C5F6C73746D2FBE
:109F60006C73746D2F6C73746D5F63656C6C2F54C0
:109F7000616E685F35000000020000000100000013
:109F80004000000072E3FEFF00000001140000002A
:109F900034000000780000000000000964000000A8
:109FA000B4E2FEFF08000000140000000100000001
:109FB000040000000000000000000000010000009C
:109FC000EA9F9F3C340000006D5F6D63755F6E65B6
:109FD000745F707265646963746F722F676C6F620F
:109FE000616C5F6C73746D2F6C73746D2F6C737414
:109FF0006D5F63656C6C2F6164645F350000000009
:10A00000020000000100000040000000FAE3FEFF33
:10A010000000000114000000340000007700000080
:10A0200000000009640000003CE3FEFF080000009F
:10A030001400000001000000FFFFFFFFFFFFFFFF13
:10A040000000000001000000969AFA3B3400000076
:10A050006D5F6D63755F6E65745F70726564696373
:10A06000746F722F676C6F62616C5F6C73746D2FAD
:10A070006C73746D2F6C73746D5F63656C6C2F6D96
:10A08000756C5F3700000000020000000100000056
:10A090004000000082E4FEFF000000011400000008
:10A0A0003400000076000000000000096400000099
:10A0B000C4E3FEFF080000001400000001000000DF
:10A0C000000000000000000000000000010000008F
:10A0D0000000003C350000006D5F6D63755F6E65CC
:10A0E000745F707265646963746F722F676C6F62FE
:10A0F000616C5F6C73746D2F6C73746D2F6C737403
:10A100006D5F63656C6C2F54616E685F3400000096
:10A110000200000001000000400000000AE5FEFF10
:10A120000000000114000000300000007500000075
:10A1300000000009640000004CE4FEFF080000007D
:10A14000100000000100000080FFFFFFFFFFFFFF85
:10A15000010000000000803B380000006D5F6D636F
:10A16000755F6E65745F707265646963746F722F7A
:10A17000676C6F62616C5F6C73746D2F6C73746D60
:10A180002F6C73746D5F63656C6C2F5369676D6FB3
:10A1900069645F3800000000020000000100000058
:10A1A0004000000092E5FEFF0000000114000000E6
:10A1B000340000007400000000000009640000008A
:10A1C000D4E4FEFF080000001400000001000000BD
:10A1D000040000000000000000000000010000007A
:10A1E000EA9F9F3C340000006D5F6D63755F6E6594
:10A1F000745F707265646963746F722F676C6F62ED
:10A20000616C5F6C73746D2F6C73746D2F6C7374F1
:10A210006D5F63656C6C2F6D756C5F3600000000C0
:10A220000200000001000000400000001AE6FEFFEE
:10A230000000000114000000300000007300000066
:10A2400000000009640000005CE5FEFF080000005B
:10A25000100000000100000080FFFFFFFFFFFFFF74
:10A26000010000000000803B380000006D5F6D635E
:10A27000755F6E65745F707265646963746F722F69
:10A28000676C6F62616C5F6C73746D2F6C73746D4F
:10A290002F6C73746D5F63656C6C2F5369676D6FA2
:10A2A00069645F3700000000020000000100000048
:10A2B00040000000A2E6FEFF0000000114000000C4
:10A2C000300000007200000000000009640000007F
:10A2D000E4E5FEFF0800000010000000010000009F
:10A2E00080FFFFFFFFFFFFFF010000000000803B39
:10A2F000380000006D5F6D63755F6E65745F70722E
:10A3000065646963746F722F676C6F62616C5F6CF8
:10A3100073746D2F6C73746D2F6C73746D5F6365E4
:10A320006C6C2F5369676D6F69645F3600000000C5
:10A330000200000001000000400000002AE7FEFFCC
:10A340000000000114000000340000007100000053
:10A35000000000090C0100006CE6FEFF0800000090
:10A360001400000001000000EEFFFFFFFFFFFFFFF1
:10A3700000000000010000003D094D3DDF0000002D
:10A380006D5F6D63755F6E65745F70726564696340
:10A39000746F722F676C6F62616C5F6C73746D2F7A
:10A3A0006C73746D2F6C73746D5F63656C6C2F735D
:10A3B000706C69745F323B6D5F6D63755F6E657461
:10A3C0005F707265646963746F722F676C6F62612E
:10A3D0006C5F6C73746D2F6C73746D2F6C73746D14
:10A3E0005F63656C6C2F73706C69745F32313B6DA9
:10A3F0005F6D63755F6E65745F70726564696374C9
:10A400006F722F676C6F62616C5F6C73746D2F6C11
:10A4100073746D2F6C73746D5F63656C6C2F7370E8
:10A420006C69745F32323B6D5F6D63755F6E65742E
:10A430005F707265646963746F722F676C6F6261BD
:10A440006C5F6C73746D2F6C73746D2F6C73746DA3
:10A450005F63656C6C2F73706C69745F32333300AB
:10A460000200000001000000400000005AE8FEFF6A
:10A470000000000114000000340000007000000023
:10A48000000000090C0100009CE7FEFF080000002E
:10A490001400000001000000EEFFFFFFFFFFFFFFC0
:10A4A00000000000010000003D094D3DDF000000FC
:10A4B0006D5F6D63755F6E65745F7072656469630F
:10A4C000746F722F676C6F62616C5F6C73746D2F49
:10A4D0006C73746D2F6C73746D5F63656C6C2F732C
:10A4E000706C69745F323B6D5F6D63755F6E657430
:10A4F0005F707265646963746F722F676C6F6261FD
:10A500006C5F6C73746D2F6C73746D2F6C73746DE2
:10A510005F63656C6C2F73706C69745F32313B6D77
:10A520005F6D63755F6E65745F7072656469637497
:10A530006F722F676C6F62616C5F6C73746D2F6CE0
:10A5400073746D2F6C73746D5F63656C6C2F7370B7
:10A550006C69745F32323B6D5F6D63755F6E6574FD
:10A560005F707265646963746F722F676C6F62618C
:10A570006C5F6C73746D2F6C73746D2F6C73746D72
:10A580005F63656C6C2F73706C69745F323332007B
:10A590000200000001000000400000008AE9FEFF08
:10A5A0000000000114000000340000006F000000F3
:10A5B000000000090C010000CCE8FEFF08000000CC
:10A5C0001400000001000000EEFFFFFFFFFFFFFF8F
:10A5D00000000000010000003D094D3DDF000000CB
:10A5E0006D5F6D63755F6E65745F707265646963DE
:10A5F000746F722F676C6F62616C5F6C73746D2F18
:10A600006C73746D2F6C73746D5F63656C6C2F73FA
:10A61000706C69745F323B6D5F6D63755F6E6574FE
:10A620005F707265646963746F722F676C6F6261CB
:10A630006C5F6C73746D2F6C73746D2F6C73746DB1
:10A640005F63656C6C2F73706C69745F32313B6D46
:10A650005F6D63755F6E65745F7072656469637466
:10A660006F722F676C6F62616C5F6C73746D2F6CAF
:10A6700073746D2F6C73746D5F63656C6C2F737086
:10A680006C69745F32323B6D5F6D63755F6E6574CC
:10A690005F707265646963746F722F676C6F62615B
:10A6A0006C5F6C73746D2F6C73746D2F6C73746D41
:10A6B0005F63656C6C2F73706C69745F323331004B
:10A6C000020000000100000040000000BAEAFEFFA6
:10A6D0000000000114000000340000006E000000C3
:10A6E000000000090C010000FCE9FEFF080000006A
:10A6F0001400000001000000EEFFFFFFFFFFFFFF5E
:10A7000000000000010000003D094D3DDE0000009A
:10A710006D5F6D63755F6E65745F707265646963AC
:10A72000746F722F676C6F62616C5F6C73746D2FE6
:10A730006C73746D2F6C73746D5F63656C6C2F73C9
:10A74000706C69745F323B6D5F6D63755F6E6574CD
:10A750005F707265646963746F722F676C6F62619A
:10A760006C5F6C73746D2F6C73746D2F6C73746D80
:10A770005F63656C6C2F73706C69745F32313B6D15
:10A780005F6D63755F6E65745F7072656469637435
:10A790006F722F676C6F62616C5F6C73746D2F6C7E
:10A7A00073746D2F6C73746D5F63656C6C2F737055
:10A7B0006C69745F32323B6D5F6D63755F6E65749B
:10A7C0005F707265646963746F722F676C6F62612A
:10A7D0006C5F6C73746D2F6C73746D2F6C73746D10
:10A7E0005F63656C6C2F73706C69745F323300004B
:10A7F000020000000100000040000000EAEBFEFF44
:10A800000000000114000000300000006D00000096
:10A8100000000009640000002CEBFEFF08000000AF
:10A820001000000001000000EEFFFFFFFFFFFFFF30
:10A83000010000003D094D3D380000006D5F6D6373
:10A84000755F6E65745F707265646963746F722F93
:10A85000676C6F62616C5F6C73746D2F6C73746D79
:10A860002F6C73746D5F63656C6C2F42696173410B
:10A8700064645F320000000002000000010000007C
:10A880000001000072ECFEFF000000011400000057
:10A89000340000006C0000000000000964000000AB
:10A8A000B4EBFEFF080000001400000001000000EF
:10A8B000EFFFFFFFFFFFFFFF0000000001000000AF
:10A8C000F5924F3D340000006D5F6D63755F6E65FE
:10A8D000745F707265646963746F722F676C6F6206
:10A8E000616C5F6C73746D2F6C73746D2F6C73740B
:10A8F0006D5F63656C6C2F6164645F340000000001
:10A90000020000000100000000010000FAECFEFF60
:10A910000000000114000000340000006B00000083
:10A9200000000009640000003CECFEFF080000008D
:10A930001400000001000000EBFFFFFFFFFFFFFF1E
:10A940000000000001000000976A573D370000003A
:10A950006D5F6D63755F6E65745F7072656469636A
:10A96000746F722F676C6F62616C5F6C73746D2FA4
:10A970006C73746D2F6C73746D5F63656C6C2F4DAD
:10A9800061744D756C5F340002000000010000002E
:10A990000001000082EDFEFF000000011400000035
:10A9A000300000006A0000000000000964000000A0
:10A9B000C4ECFEFF080000001000000001000000D1
:10A9C000070000000000000001000000C380663D99
:10A9D000380000006D5F6D63755F6E65745F707247
:10A9E00065646963746F722F676C6F62616C5F6C12
:10A9F00073746D2F6C73746D2F6C73746D5F6365FE
:10AA00006C6C2F4D61744D756C5F33380000000025
:10AA10000200000001000000000100000AEEFEFF3D
:10AA20000000000114000000300000006900000078
:10AA300000000009640000004CEDFEFF080000006B
:10AA400010000000010000000A00000000000000EB
:10AA50000100000085BC603D380000006D5F6D6343
:10AA6000755F6E65745F707265646963746F722F71
:10AA7000676C6F62616C5F6C73746D2F6C73746D57
:10AA80002F6C73746D5F63656C6C2F4D61744D75C5
:10AA90006C5F33360000000002000000010000007F
:10AAA0000001000092EEFEFF000000011400000013
:10AAB0003000000068000000000000096400000091
:10AAC000D4EDFEFF080000001000000001000000AF
:10AAD000060000000000000001000000E9C6663D1D
:10AAE000380000006D5F6D63755F6E65745F707236
:10AAF00065646963746F722F676C6F62616C5F6C01
:10AB000073746D2F6C73746D2F6C73746D5F6365EC
:10AB10006C6C2F4D61744D756C5F33340000000018
:10AB20000200000001000000000100001AEFFEFF1B
:10AB30000000000114000000300000006700000069
:10AB400000000009640000005CEEFEFF0800000049
:10AB500010000000010000000400000000000000E0
:10AB6000010000001874563D380000006D5F6D63F1
:10AB7000755F6E65745F707265646963746F722F60
:10AB8000676C6F62616C5F6C73746D2F6C73746D46
:10AB90002F6C73746D5F63656C6C2F4D61744D75B4
:10ABA0006C5F333200000000020000000100000072
:10ABB00000010000A2EFFEFF0000000114000000F1
:10ABC0003000000066000000000000096400000082
:10ABD000E4EEFEFF0800000010000000010000008D
:10ABE0000400000000000000010000005202643D6B
:10ABF000380000006D5F6D63755F6E65745F707225
:10AC000065646963746F722F676C6F62616C5F6CEF
:10AC100073746D2F6C73746D2F6C73746D5F6365DB
:10AC20006C6C2F4D61744D756C5F3330000000000B
:10AC30000200000001000000000100002AF0FEFFF9
:10AC4000000000011400000030000000650000005A
:10AC500000000009640000006CEFFEFF0800000027
:10AC60001000000001000000FCFFFFFFFFFFFFFFDE
:10AC7000010000008509643D380000006D5F6D63D0
:10AC8000755F6E65745F707265646963746F722F4F
:10AC9000676C6F62616C5F6C73746D2F6C73746D35
:10ACA0002F6C73746D5F63656C6C2F4D61744D75A3
:10ACB0006C5F32380000000002000000010000005C
:10ACC00000010000B2F0FEFF0000000114000000CF
:10ACD0003000000064000000000000096400000073
:10ACE000F4EFFEFF0800000010000000010000006B
:10ACF00002000000000000000100000053A05B3DC6
:10AD0000380000006D5F6D63755F6E65745F707213
:10AD100065646963746F722F676C6F62616C5F6CDE
:10AD200073746D2F6C73746D2F6C73746D5F6365CA
:10AD30006C6C2F4D61744D756C5F323600000000F5
:10AD40000200000001000000000100003AF1FEFFD7
:10AD5000000000011400000030000000630000004B
:10AD600000000009640000007CF0FEFF0800000005
:10AD700010000000010000000300000000000000BF
:10AD8000010000003C755C3D380000006D5F6D63A4
:10AD9000755F6E65745F707265646963746F722F3E
:10ADA000676C6F62616C5F6C73746D2F6C73746D24
:10ADB0002F6C73746D5F63656C6C2F4D61744D7592
:10ADC0006C5F32340000000002000000010000004F
:10ADD00000010000C2F1FEFF0000000114000000AD
:10ADE0003000000062000000000000096400000064
:10ADF00004F1FEFF08000000100000000100000048
:10AE0000FBFFFFFFFFFFFFFF010000007BCF6B3D5B
:10AE1000380000006D5F6D63755F6E65745F707202
:10AE200065646963746F722F676C6F62616C5F6CCD
:10AE300073746D2F6C73746D2F6C73746D5F6365B9
:10AE40006C6C2F4D61744D756C5F323200000000E8
:10AE50000200000001000000000100004AF2FEFFB5
:10AE6000000000011400000030000000610000003C
:10AE700000000009640000008CF1FEFF08000000E3
:10AE800010000000010000000100000000000000B0
:10AE9000010000001503603D380000006D5F6D6328
:10AEA000755F6E65745F707265646963746F722F2D
:10AEB000676C6F62616C5F6C73746D2F6C73746D13
:10AEC0002F6C73746D5F63656C6C2F4D61744D7581
:10AED0006C5F323000000000020000000100000042
:10AEE00000010000D2F2FEFF00000001140000008B
:10AEF0003400000060000000000000096400000051
:10AF000014F2FEFF08000000140000000100000021
:10AF1000120000000000000000000000010000001E
:10AF2000EDF3903C370000006D5F6D63755F6E65FB
:10AF3000745F707265646963746F722F676C6F629F
:10AF4000616C5F6C73746D2F6C73746D2F6C7374A4
:10AF50006D5F63656C6C2F4D61744D756C5F350072
:10AF60000200000001000000000100005AF3FEFF93
:10AF70000000000114000000340000005F00000029
:10AF800000000009640000009CF2FEFF08000000C1
:10AF9000140000000100000000000000000000009C
:10AFA0000000000001000000B546FE3B3400000038
:10AFB0006D5F6D63755F6E65745F70726564696304
:10AFC000746F722F676C6F62616C5F6C73746D2F3E
:10AFD0006C73746D2F6C73746D5F63656C6C2F6D27
:10AFE000756C5F35000000000200000001000000E9
:10AFF00040000000E2F3FEFF00000001140000002A
:10B00000340000005E000000000000096400000041
:10B0100024F3FEFF080000001400000001000000FF
:10B02000000000000000000000000000010000001F
:10B030000000003C350000006D5F6D63755F6E655C
:10B04000745F707265646963746F722F676C6F628E
:10B05000616C5F6C73746D2F6C73746D2F6C737493
:10B060006D5F63656C6C2F54616E685F3300000028
:10B070000200000001000000400000006AF4FEFF32
:10B080000000000114000000340000005D0000001A
:10B090000000000964000000ACF3FEFF080000009F
:10B0A0001400000001000000FDFFFFFFFFFFFFFF95
:10B0B0000000000001000000A8C75D3C3400000053
:10B0C0006D5F6D63755F6E65745F707265646963F3
:10B0D000746F722F676C6F62616C5F6C73746D2F2D
:10B0E0006C73746D2F6C73746D5F63656C6C2F6122
:10B0F00064645F33000000000200000001000000F3
:10B1000040000000F2F4FEFF000000011400000007
:10B11000340000005C000000000000096400000032
:10B1200034F4FEFF080000001400000001000000DD
:10B13000FEFFFFFFFFFFFFFF000000000100000017
:10B14000299DF93B340000006D5F6D63755F6E658E
:10B15000745F707265646963746F722F676C6F627D
:10B16000616C5F6C73746D2F6C73746D2F6C737482
:10B170006D5F63656C6C2F6D756C5F340000000053
:10B180000200000001000000400000007AF5FEFF10
:10B190000000000114000000340000005B0000000B
:10B1A0000000000964000000BCF4FEFF080000007D
:10B1B000140000000100000000000000000000007A
:10B1C00000000000010000000000003C350000000D
:10B1D0006D5F6D63755F6E65745F707265646963E2
:10B1E000746F722F676C6F62616C5F6C73746D2F1C
:10B1F0006C73746D2F6C73746D5F63656C6C2F541E
:10B20000616E685F32000000020000000100000073
:10B210004000000002F6FEFF0000000114000000E4
:10B22000300000005A000000000000096400000027
:10B2300044F5FEFF080000001000000001000000BF
:10B2400080FFFFFFFFFFFFFF010000000000803BC9
:10B25000380000006D5F6D63755F6E65745F7072BE
:10B2600065646963746F722F676C6F62616C5F6C89
:10B2700073746D2F6C73746D2F6C73746D5F636575
:10B280006C6C2F5369676D6F69645F350000000057
:10B290000200000001000000400000008AF6FEFFEE
:10B2A00000000001140000003400000059000000FC
:10B2B0000000000964000000CCF5FEFF080000005B
:10B2C0001400000001000000FDFFFFFFFFFFFFFF73
:10B2D0000000000001000000A8C75D3C3400000031
:10B2E0006D5F6D63755F6E65745F707265646963D1
:10B2F000746F722F676C6F62616C5F6C73746D2F0B
:10B300006C73746D2F6C73746D5F63656C6C2F6DF3
:10B31000756C5F33000000000200000001000000B7
:10B320004000000012F7FEFF0000000114000000C2
:10B330003000000058000000000000096400000018
:10B3400054F6FEFF0800000010000000010000009D
:10B3500080FFFFFFFFFFFFFF010000000000803BB8
:10B36000380000006D5F6D63755F6E65745F7072AD
:10B3700065646963746F722F676C6F62616C5F6C78
:10B3800073746D2F6C73746D2F6C73746D5F636564
:10B390006C6C2F5369676D6F69645F340000000047
:10B3A0000200000001000000400000009AF7FEFFCC
:10B3B00000000001140000003000000057000000F1
:10B3C0000000000964000000DCF6FEFF0800000039
:10B3D000100000000100000080FFFFFFFFFFFFFFE3
:10B3E000010000000000803B380000006D5F6D63CD
:10B3F000755F6E65745F707265646963746F722FD8
:10B40000676C6F62616C5F6C73746D2F6C73746DBD
:10B410002F6C73746D5F63656C6C2F5369676D6F10
:10B4200069645F33000000000200000001000000BA
:10B430004000000022F8FEFF0000000114000000A0
:10B440003400000056000000000000090C0100005C
:10B4500064F7FEFF08000000140000000100000077
:10B46000EAFFFFFFFFFFFFFF0000000001000000F8
:10B47000D487393DDF0000006D5F6D63755F6E65D9
:10B48000745F707265646963746F722F676C6F624A
:10B49000616C5F6C73746D2F6C73746D2F6C73744F
:10B4A0006D5F63656C6C2F73706C69745F313B6D9D
:10B4B0005F6D63755F6E65745F70726564696374F8
:10B4C0006F722F676C6F62616C5F6C73746D2F6C41
:10B4D00073746D2F6C73746D5F63656C6C2F737018
:10B4E0006C69745F31313B6D5F6D63755F6E657460
:10B4F0005F707265646963746F722F676C6F6261ED
:10B500006C5F6C73746D2F6C73746D2F6C73746DD2
:10B510005F63656C6C2F73706C69745F31323B6D67
:10B520005F6D63755F6E65745F7072656469637487
:10B530006F722F676C6F62616C5F6C73746D2F6CD0
:10B5400073746D2F6C73746D5F63656C6C2F7370A7
:10B550006C69745F313333000200000001000000A9
:10B560004000000052F9FEFF00000001140000003E
:10B570003400000055000000000000090C0100002C
:10B5800094F8FEFF08000000140000000100000015
:10B59000EAFFFFFFFFFFFFFF0000000001000000C7
:10B5A000D487393DDF0000006D5F6D63755F6E65A8
:10B5B000745F707265646963746F722F676C6F6219
:10B5C000616C5F6C73746D2F6C73746D2F6C73741E
:10B5D0006D5F63656C6C2F73706C69745F313B6D6C
:10B5E0005F6D63755F6E65745F70726564696374C7
:10B5F0006F722F676C6F62616C5F6C73746D2F6C10
:10B6000073746D2F6C73746D5F63656C6C2F7370E6
:10B610006C69745F31313B6D5F6D63755F6E65742E
:10B620005F707265646963746F722F676C6F6261BB
:10B630006C5F6C73746D2F6C73746D2F6C73746DA1
:10B640005F63656C6C2F73706C69745F31323B6D36
:10B650005F6D63755F6E65745F7072656469637456
:10B660006F722F676C6F62616C5F6C73746D2F6C9F
:10B6700073746D2F6C73746D5F63656C6C2F737076
:10B680006C69745F31333200020000000100000079
:10B690004000000082FAFEFF0000000114000000DC
:10B6A0003400000054000000000000090C010000FC
:10B6B000C4F9FEFF080000001400000001000000B3
:10B6C000EAFFFFFFFFFFFFFF000000000100000096
:10B6D000D487393DDF0000006D5F6D63755F6E6577
:10B6E000745F707265646963746F722F676C6F62E8
:10B6F000616C5F6C73746D2F6C73746D2F6C7374ED
:10B700006D5F63656C6C2F73706C69745F313B6D3A
:10B710005F6D63755F6E65745F7072656469637495
:10B720006F722F676C6F62616C5F6C73746D2F6CDE
:10B7300073746D2F6C73746D5F63656C6C2F7370B5
:10B740006C69745F31313B6D5F6D63755F6E6574FD
:10B750005F707265646963746F722F676C6F62618A
:10B760006C5F6C73746D2F6C73746D2F6C73746D70
:10B770005F63656C6C2F73706C69745F31323B6D05
:10B780005F6D63755F6E65745F7072656469637425
:10B790006F722F676C6F62616C5F6C73746D2F6C6E
:10B7A00073746D2F6C73746D5F63656C6C2F737045
:10B7B0006C69745F31333100020000000100000049
:10B7C00040000000B2FBFEFF00000001140000007A
:10B7D0003400000053000000000000090C010000CC
:10B7E000F4FAFEFF08000000140000000100000051
:10B7F000EAFFFFFFFFFFFFFF000000000100000065
:10B80000D487393DDE0000006D5F6D63755F6E6546
:10B81000745F707265646963746F722F676C6F62B6
:10B82000616C5F6C73746D2F6C73746D2F6C7374BB
:10B830006D5F63656C6C2F73706C69745F313B6D09
:10B840005F6D63755F6E65745F7072656469637464
:10B850006F722F676C6F62616C5F6C73746D2F6CAD
:10B8600073746D2F6C73746D5F63656C6C2F737084
:10B870006C69745F31313B6D5F6D63755F6E6574CC
:10B880005F707265646963746F722F676C6F626159
:10B890006C5F6C73746D2F6C73746D2F6C73746D3F
:10B8A0005F63656C6C2F73706C69745F31323B6DD4
:10B8B0005F6D63755F6E65745F70726564696374F4
:10B8C0006F722F676C6F62616C5F6C73746D2F6C3D
:10B8D00073746D2F6C73746D5F63656C6C2F737014
:10B8E0006C69745F31330000020000000100000049
:10B8F00040000000E2FCFEFF000000011400000018
:10B900003000000052000000000000096400000048
:10B9100024FCFEFF080000001000000001000000F1
:10B92000EAFFFFFFFFFFFFFF01000000D487393D62
:10B93000380000006D5F6D63755F6E65745F7072D7
:10B9400065646963746F722F676C6F62616C5F6CA2
:10B9500073746D2F6C73746D2F6C73746D5F63658E
:10B960006C6C2F426961734164645F3100000000B8
:10B970000200000001000000000100006AFDFEFF5F
:10B98000000000011400000034000000510000001D
:10B990000000000964000000ACFCFEFF080000008D
:10B9A0001400000001000000EAFFFFFFFFFFFFFF9F
:10B9B0000000000001000000F7CB393D340000001A
:10B9C0006D5F6D63755F6E65745F707265646963EA
:10B9D000746F722F676C6F62616C5F6C73746D2F24
:10B9E0006C73746D2F6C73746D5F63656C6C2F6119
:10B9F00064645F32000000000200000001000000EB
:10BA000000010000F2FDFEFF000000011400000034
:10BA10003400000050000000000000096400000035
:10BA200034FDFEFF080000001400000001000000CB
:10BA3000EAFFFFFFFFFFFFFF000000000100000022
:10BA40000AF4383D370000006D5F6D63755F6E6509
:10BA5000745F707265646963746F722F676C6F6274
:10BA6000616C5F6C73746D2F6C73746D2F6C737479
:10BA70006D5F63656C6C2F4D61744D756C5F32004A
:10BA80000200000001000000000100007AFEFEFF3D
:10BA90000000000114000000300000004F00000012
:10BAA0000000000964000000BCFDFEFF080000006B
:10BAB0001000000001000000FDFFFFFFFFFFFFFF7F
:10BAC0000100000075A4663D380000006D5F6D63E5
:10BAD000755F6E65745F707265646963746F722FF1
:10BAE000676C6F62616C5F6C73746D2F6C73746DD7
:10BAF0002F6C73746D5F63656C6C2F4D61744D7545
:10BB00006C5F3138000000000200000001000000FE
:10BB10000001000002FFFEFF000000011400000011
:10BB2000300000004E00000000000009640000002A
:10BB300044FEFEFF080000001000000001000000AD
:10BB4000FBFFFFFFFFFFFFFF010000005DEF673D10
:10BB5000380000006D5F6D63755F6E65745F7072B5
:10BB600065646963746F722F676C6F62616C5F6C80
:10BB700073746D2F6C73746D2F6C73746D5F63656C
:10BB80006C6C2F4D61744D756C5F31360000000098
:10BB90000200000001000000000100008AFFFEFF1B
:10BBA0000000000114000000300000004D00000003
:10BBB0000000000964000000CCFEFEFF0800000049
:10BBC0001000000001000000F7FFFFFFFFFFFFFF74
:10BBD0000100000002376B3D380000006D5F6D63AF
:10BBE000755F6E65745F707265646963746F722FE0
:10BBF000676C6F62616C5F6C73746D2F6C73746DC6
:10BC00002F6C73746D5F63656C6C2F4D61744D7533
:10BC10006C5F3134000000000200000001000000F1
:10BC2000000100001200FFFF0000000114000000EE
:10BC3000300000004C00000000000009640000001B
:10BC400054FFFEFF0800000010000000010000008B
:10BC5000F3FFFFFFFFFFFFFF01000000286C6C3DBA
:10BC6000380000006D5F6D63755F6E65745F7072A4
:10BC700065646963746F722F676C6F62616C5F6C6F
:10BC800073746D2F6C73746D2F6C73746D5F63655B
:10BC90006C6C2F4D61744D756C5F3132000000008B
:10BCA0000200000001000000000100009A00FFFFF8
:10BCB0000000000114000000300000004B000000F4
:10BCC0000000000964000000DCFFFEFF0800000027
:10BCD0001000000001000000F1FFFFFFFFFFFFFF69
:10BCE000010000003B65683D380000006D5F6D633A
:10BCF000755F6E65745F707265646963746F722FCF
:10BD0000676C6F62616C5F6C73746D2F6C73746DB4
:10BD10002F6C73746D5F63656C6C2F4D61744D7522
:10BD20006C5F3130000000000200000001000000E4
:10BD3000000100002201FFFF0000000114000000CC
:10BD4000340000004A000000000000096400000008
:10BD50006400FFFF08000000140000000100000064
:10BD600014000000000000000000000001000000BE
:10BD7000E5AC4B3C370000006D5F6D63755F6E6531
:10BD8000745F707265646963746F722F676C6F6241
:10BD9000616C5F6C73746D2F6C73746D2F6C737446
:10BDA0006D5F63656C6C2F4D61744D756C5F330016
:10BDB000020000000100000000010000AA01FFFFD6
:10BDC00000000001140000003400000049000000E1
:10BDD0000000000964000000EC00FFFF0800000004
:10BDE000140000000100000000000000000000003E
:10BDF0000000000001000000B546FE3B34000000DA
:10BE00006D5F6D63755F6E65745F707265646963A5
:10BE1000746F722F676C6F62616C5F6C73746D2FDF
:10BE20006C73746D2F6C73746D5F63656C6C2F6DC8
:10BE3000756C5F320000000002000000010000008D
:10BE4000400000003202FFFF00000001140000006B
:10BE500034000000480000000000000964000000F9
:10BE60007401FFFF08000000140000000100000042
:10BE700000000000000000000000000001000000C1
:10BE80000000003C350000006D5F6D63755F6E65FE
:10BE9000745F707265646963746F722F676C6F6230
:10BEA000616C5F6C73746D2F6C73746D2F6C737435
:10BEB0006D5F63656C6C2F54616E685F31000000CC
:10BEC000020000000100000040000000BA02FFFF75
:10BED00000000001140000003400000047000000D2
:10BEE0000000000964000000FC01FFFF08000000E2
:10BEF0001400000001000000FEFFFFFFFFFFFFFF36
:10BF00000000000001000000F44BF93B3400000089
:10BF10006D5F6D63755F6E65745F70726564696394
:10BF2000746F722F676C6F62616C5F6C73746D2FCE
:10BF30006C73746D2F6C73746D5F63656C6C2F61C3
:10BF400064645F3100000000020000000100000096
:10BF5000400000004203FFFF000000011400000049
:10BF600034000000460000000000000964000000EA
:10BF70008402FFFF08000000140000000100000020
:10BF8000FEFFFFFFFFFFFFFF0000000001000000B9
:10BF9000F44BF93B340000006D5F6D63755F6E65B7
:10BFA000745F707265646963746F722F676C6F621F
:10BFB000616C5F6C73746D2F6C73746D2F6C737424
:10BFC0006D5F63656C6C2F6D756C5F3100000000F8
:10BFD000020000000100000040000000CA03FFFF53
:10BFE00000000001140000003000000045000000C7
:10BFF000000000095C0000000C03FFFF08000000C7
:10C00000100000000100000000000000000000001F
:10C01000010000000000003C330000006D5F6D6314
:10C02000755F6E65745F707265646963746F722F9B
:10C03000676C6F62616C5F6C73746D2F6C73746D81
:10C040002F6C73746D5F63656C6C2F54616E680048
:10C050000200000001000000400000004A04FFFF51
:10C060000000000114000000300000004400000047
:10C0700000000009640000008C03FFFF08000000BE
:10C08000100000000100000080FFFFFFFFFFFFFF26
:10C09000010000000000803B380000006D5F6D6310
:10C0A000755F6E65745F707265646963746F722F1B
:10C0B000676C6F62616C5F6C73746D2F6C73746D01
:10C0C0002F6C73746D5F63656C6C2F5369676D6F54
:10C0D00069645F32000000000200000001000000FF
:10C0E00040000000D204FFFF000000011400000027
:10C0F0003000000043000000000000095C00000068
:10C100001404FFFF08000000100000000100000000
:10C11000FEFFFFFFFFFFFFFF01000000F44BF93BB4
:10C12000320000006D5F6D63755F6E65745F7072E5
:10C1300065646963746F722F676C6F62616C5F6CAA
:10C1400073746D2F6C73746D2F6C73746D5F636596
:10C150006C6C2F6D756C0000020000000100000087
:10C16000400000005205FFFF000000011400000025
:10C1700030000000420000000000000964000000E0
:10C180009404FFFF08000000100000000100000000
:10C1900080FFFFFFFFFFFFFF010000000000803B6A
:10C1A000380000006D5F6D63755F6E65745F70725F
:10C1B00065646963746F722F676C6F62616C5F6C2A
:10C1C00073746D2F6C73746D2F6C73746D5F636516
:10C1D0006C6C2F5369676D6F69645F3100000000FC
:10C1E000020000000100000040000000DA05FFFF2F
:10C1F00000000001140000003400000041000000B5
:10C2000000000009640000001C05FFFF080000009A
:10C21000140000000100000080FFFFFFFFFFFFFF90
:10C2200000000000010000000000803B360000001C
:10C230006D5F6D63755F6E65745F70726564696371
:10C24000746F722F676C6F62616C5F6C73746D2FAB
:10C250006C73746D2F6C73746D5F63656C6C2F53AE
:10C2600069676D6F69640000020000000100000052
:10C27000400000006206FFFF000000011400000003
:10C28000340000004000000000000009040100002C
:10C29000A405FFFF080000001400000001000000DA
:10C2A000D9FFFFFFFFFFFFFF0000000001000000BB
:10C2B000D06B353DD70000006D5F6D63755F6E65B7
:10C2C000745F707265646963746F722F676C6F62FC
:10C2D000616C5F6C73746D2F6C73746D2F6C737401
:10C2E0006D5F63656C6C2F73706C69743B6D5F6D13
:10C2F00063755F6E65745F707265646963746F7295
:10C300002F676C6F62616C5F6C73746D2F6C7374EC
:10C310006D2F6C73746D5F63656C6C2F73706C69DB
:10C3200074313B6D5F6D63755F6E65745F707265D0
:10C33000646963746F722F676C6F62616C5F6C739A
:10C34000746D2F6C73746D2F6C73746D5F63656C9B
:10C350006C2F73706C6974323B6D5F6D63755F6ECB
:10C3600065745F707265646963746F722F676C6F58
:10C3700062616C5F6C73746D2F6C73746D2F6C7372
:10C38000746D5F63656C6C2F73706C69743333000C
:10C390000200000001000000400000008A07FFFFCB
:10C3A0000000000114000000340000003F00000005
:10C3B0000000000904010000CC06FFFF0800000097
:10C3C0001400000001000000D9FFFFFFFFFFFFFF86
:10C3D0000000000001000000D06B353DD7000000D8
:10C3E0006D5F6D63755F6E65745F707265646963C0
:10C3F000746F722F676C6F62616C5F6C73746D2FFA
:10C400006C73746D2F6C73746D5F63656C6C2F73DC
:10C41000706C69743B6D5F6D63755F6E65745F70A2
:10C420007265646963746F722F676C6F62616C5FB1
:10C430006C73746D2F6C73746D2F6C73746D5F639C
:10C44000656C6C2F73706C6974313B6D5F6D6375D7
:10C450005F6E65745F707265646963746F722F6775
:10C460006C6F62616C5F6C73746D2F6C73746D2F85
:10C470006C73746D5F63656C6C2F73706C69743270
:10C480003B6D5F6D63755F6E65745F707265646947
:10C4900063746F722F676C6F62616C5F6C73746D25
:10C4A0002F6C73746D2F6C73746D5F63656C6C2F80
:10C4B00073706C69743332000200000001000000E8
:10C4C00040000000B208FFFF00000001140000005F
:10C4D000340000003E0000000000000904010000DC
:10C4E000F407FFFF08000000140000000100000036
:10C4F000D9FFFFFFFFFFFFFF000000000100000069
:10C50000D06B353DD70000006D5F6D63755F6E6564
:10C51000745F707265646963746F722F676C6F62A9
:10C52000616C5F6C73746D2F6C73746D2F6C7374AE
:10C530006D5F63656C6C2F73706C69743B6D5F6DC0
:10C5400063755F6E65745F707265646963746F7242
:10C550002F676C6F62616C5F6C73746D2F6C73749A
:10C560006D2F6C73746D5F63656C6C2F73706C6989
:10C5700074313B6D5F6D63755F6E65745F7072657E
:10C58000646963746F722F676C6F62616C5F6C7348
:10C59000746D2F6C73746D2F6C73746D5F63656C49
:10C5A0006C2F73706C6974323B6D5F6D63755F6E79
:10C5B00065745F707265646963746F722F676C6F06
:10C5C00062616C5F6C73746D2F6C73746D2F6C7320
:10C5D000746D5F63656C6C2F73706C6974333100BC
:10C5E000020000000100000040000000DA09FFFF27
:10C5F0000000000114000000340000003D000000B5
:10C6000000000009040100001C09FFFF08000000F1
:10C610001400000001000000D9FFFFFFFFFFFFFF33
:10C620000000000001000000D06B353DD600000086
:10C630006D5F6D63755F6E65745F7072656469636D
:10C64000746F722F676C6F62616C5F6C73746D2FA7
:10C650006C73746D2F6C73746D5F63656C6C2F738A
:10C66000706C69743B6D5F6D63755F6E65745F7050
:10C670007265646963746F722F676C6F62616C5F5F
:10C680006C73746D2F6C73746D2F6C73746D5F634A
:10C69000656C6C2F73706C6974313B6D5F6D637585
:10C6A0005F6E65745F707265646963746F722F6723
:10C6B0006C6F62616C5F6C73746D2F6C73746D2F33
:10C6C0006C73746D5F63656C6C2F73706C6974321E
:10C6D0003B6D5F6D63755F6E65745F7072656469F5
:10C6E00063746F722F676C6F62616C5F6C73746DD3
:10C6F0002F6C73746D2F6C73746D5F63656C6C2F2E
:10C7000073706C69743300000200000001000000C7
:10C7100040000000020BFFFF0000000114000000B9
:10C72000340000003C000000000000099C000000F4
:10C73000440AFFFF08000000140000000100000090
:10C74000D9FFFFFFFFFFFFFF000000000100000016
:10C75000D06B353D6C0000006D5F6D63755F6E657D
:10C76000745F707265646963746F722F676C6F6257
:10C77000616C5F6C73746D2F6C73746D2F6C73745C
:10C780006D5F63656C6C2F4D61744D756C3B6D5FB7
:10C790006D63755F6E65745F707265646963746FF5
:10C7A000722F676C6F62616C5F6C73746D2F6C734A
:10C7B000746D2F6C73746D5F63656C6C2F4269616F
:10C7C00073416464000000000200000001000000EA
:10C7D00000010000C20BFFFF000000011400000078
:10C7E000340000003B0000000000000904060000C7
:10C7F000040BFFFF0800000014000000010000000F
:10C8000080FFFFFFFFFFFFFF0000000001000000AE
:10C81000FF13483CD60500006D5F6D63755F6E6564
:10C82000745F707265646963746F722F676C6F6296
:10C83000616C5F6C73746D2F6C73746D2F756E7398
:10C840007461636B3B6D5F6D63755F6E65745F7084
:10C850007265646963746F722F676C6F62616C5F7D
:10C860006C73746D2F6C73746D2F756E737461635C
:10C870006B313B6D5F6D63755F6E65745F70726584
:10C88000646963746F722F676C6F62616C5F6C7345
:10C89000746D2F6C73746D2F756E737461636B326E
:10C8A0003B6D5F6D63755F6E65745F707265646923
:10C8B00063746F722F676C6F62616C5F6C73746D01
:10C8C0002F6C73746D2F756E737461636B333B6D76
:10C8D0005F6D63755F6E65745F70726564696374C4
:10C8E0006F722F676C6F62616C5F6C73746D2F6C0D
:10C8F00073746D2F756E737461636B343B6D5F6D14
:10C9000063755F6E65745F707265646963746F727E
:10C910002F676C6F62616C5F6C73746D2F6C7374D6
:10C920006D2F756E737461636B353B6D5F6D6375F1
:10C930005F6E65745F707265646963746F722F6790
:10C940006C6F62616C5F6C73746D2F6C73746D2FA0
:10C95000756E737461636B363B6D5F6D63755F6E8F
:10C9600065745F707265646963746F722F676C6F52
:10C9700062616C5F6C73746D2F6C73746D2F756E68
:10C98000737461636B373B6D5F6D63755F6E657468
:10C990005F707265646963746F722F676C6F626138
:10C9A0006C5F6C73746D2F6C73746D2F756E737414
:10C9B00061636B383B6D5F6D63755F6E65745F704F
:10C9C0007265646963746F722F676C6F62616C5F0C
:10C9D0006C73746D2F6C73746D2F756E73746163EB
:10C9E0006B393B6D5F6D63755F6E65745F7072650B
:10C9F000646963746F722F676C6F62616C5F6C73D4
:10CA0000746D2F6C73746D2F756E737461636B31FD
:10CA1000303B6D5F6D63755F6E65745F70726564EA
:10CA20006963746F722F676C6F62616C5F6C737493
:10CA30006D2F6C73746D2F756E737461636B313110
:10CA40003B6D5F6D63755F6E65745F707265646981
:10CA500063746F722F676C6F62616C5F6C73746D5F
:10CA60002F6C73746D2F756E737461636B31323B11
:10CA70006D5F6D63755F6E65745F70726564696329
:10CA8000746F722F676C6F62616C5F6C73746D2F63
:10CA90006C73746D2F756E737461636B31333B6DA2
:10CAA0005F6D63755F6E65745F70726564696374F2
:10CAB0006F722F676C6F62616C5F6C73746D2F6C3B
:10CAC00073746D2F756E737461636B31343B6D5F7E
:10CAD0006D63755F6E65745F707265646963746FB2
:10CAE000722F676C6F62616C5F6C73746D2F6C7307
:10CAF000746D2F756E737461636B31353B6D5F6D53
:10CB000063755F6E65745F707265646963746F727C
:10CB10002F676C6F62616C5F6C73746D2F6C7374D4
:10CB20006D2F756E737461636B31363B6D5F6D6332
:10CB3000755F6E65745F707265646963746F722F80
:10CB4000676C6F62616C5F6C73746D2F6C73746D66
:10CB50002F756E737461636B31373B6D5F6D6375F9
:10CB60005F6E65745F707265646963746F722F675E
:10CB70006C6F62616C5F6C73746D2F6C73746D2F6E
:10CB8000756E737461636B31383B6D5F6D63755F98
:10CB90006E65745F707265646963746F722F676C21
:10CBA0006F62616C5F6C73746D2F6C73746D2F7535
:10CBB0006E737461636B31393B6D5F6D63755F6E6E
:10CBC00065745F707265646963746F722F676C6FF0
:10CBD00062616C5F6C73746D2F6C73746D2F756E06
:10CBE000737461636B32303B6D5F6D63755F6E654F
:10CBF000745F707265646963746F722F676C6F62C3
:10CC0000616C5F6C73746D2F6C73746D2F756E73C4
:10CC10007461636B32313B6D5F6D63755F6E65741C
:10CC20005F707265646963746F722F676C6F6261A5
:10CC30006C5F6C73746D2F6C73746D2F756E737481
:10CC400061636B32323B6D5F6D63755F6E65745F00
:10CC5000707265646963746F722F676C6F62616C68
:10CC60005F6C73746D2F6C73746D2F756E7374615C
:10CC7000636B32333B6D5F6D63755F6E65745F70C0
:10CC80007265646963746F722F676C6F62616C5F49
:10CC90006C73746D2F6C73746D2F756E7374616328
:10CCA0006B32343B6D5F6D63755F6E65745F707280
:10CCB00065646963746F722F676C6F62616C5F6C1F
:10CCC00073746D2F6C73746D2F756E737461636BF9
:10CCD00032353B6D5F6D63755F6E65745F70726555
:10CCE000646963746F722F676C6F62616C5F6C73E1
:10CCF000746D2F6C73746D2F756E737461636B320A
:10CD0000363B6D5F6D63755F6E65745F70726564F1
:10CD10006963746F722F676C6F62616C5F6C7374A0
:10CD20006D2F6C73746D2F756E737461636B323716
:10CD30003B6D5F6D63755F6E65745F70726564698E
:10CD400063746F722F676C6F62616C5F6C73746D6C
:10CD50002F6C73746D2F756E737461636B32383B17
:10CD60006D5F6D63755F6E65745F70726564696336
:10CD7000746F722F676C6F62616C5F6C73746D2F70
:10CD80006C73746D2F756E737461636B32393B6DA8
:10CD90005F6D63755F6E65745F70726564696374FF
:10CDA0006F722F676C6F62616C5F6C73746D2F6C48
:10CDB00073746D2F756E737461636B33303B6D5F8D
:10CDC0006D63755F6E65745F707265646963746FBF
:10CDD000722F676C6F62616C5F6C73746D2F6C7314
:10CDE000746D2F756E737461636B33313331000072
:10CDF000020000000100000040000000EA11FFFFF7
:10CE00000000000114000000340000003A0000009F
:10CE100000000009040600002C11FFFF08000000BC
:10CE2000140000000100000080FFFFFFFFFFFFFF74
:10CE30000000000001000000FF13483CD605000080
:10CE40006D5F6D63755F6E65745F70726564696355
:10CE5000746F722F676C6F62616C5F6C73746D2F8F
:10CE60006C73746D2F756E737461636B3B6D5F6D66
:10CE700063755F6E65745F707265646963746F7209
:10CE80002F676C6F62616C5F6C73746D2F6C737461
:10CE90006D2F756E737461636B313B6D5F6D637580
:10CEA0005F6E65745F707265646963746F722F671B
:10CEB0006C6F62616C5F6C73746D2F6C73746D2F2B
:10CEC000756E737461636B323B6D5F6D63755F6E1E
:10CED00065745F707265646963746F722F676C6FDD
:10CEE00062616C5F6C73746D2F6C73746D2F756EF3
:10CEF000737461636B333B6D5F6D63755F6E6574F7
:10CF00005F707265646963746F722F676C6F6261C2
:10CF10006C5F6C73746D2F6C73746D2F756E73749E
:10CF200061636B343B6D5F6D63755F6E65745F70DD
:10CF30007265646963746F722F676C6F62616C5F96
:10CF40006C73746D2F6C73746D2F756E7374616375
:10CF50006B353B6D5F6D63755F6E65745F70726599
:10CF6000646963746F722F676C6F62616C5F6C735E
:10CF7000746D2F6C73746D2F756E737461636B3683
:10CF80003B6D5F6D63755F6E65745F70726564693C
:10CF900063746F722F676C6F62616C5F6C73746D1A
:10CFA0002F6C73746D2F756E737461636B373B6D8B
:10CFB0005F6D63755F6E65745F70726564696374DD
:10CFC0006F722F676C6F62616C5F6C73746D2F6C26
:10CFD00073746D2F756E737461636B383B6D5F6D29
:10CFE00063755F6E65745F707265646963746F7298
:10CFF0002F676C6F62616C5F6C73746D2F6C7374F0
:10D000006D2F756E737461636B393B6D5F6D637506
:10D010005F6E65745F707265646963746F722F67A9
:10D020006C6F62616C5F6C73746D2F6C73746D2FB9
:10D03000756E737461636B31303B6D5F6D63755FEB
:10D040006E65745F707265646963746F722F676C6C
:10D050006F62616C5F6C73746D2F6C73746D2F7580
:10D060006E737461636B31313B6D5F6D63755F6EC1
:10D0700065745F707265646963746F722F676C6F3B
:10D0800062616C5F6C73746D2F6C73746D2F756E51
:10D09000737461636B31323B6D5F6D63755F6E6599
:10D0A000745F707265646963746F722F676C6F620E
:10D0B000616C5F6C73746D2F6C73746D2F756E7310
:10D0C0007461636B31333B6D5F6D63755F6E657467
:10D0D0005F707265646963746F722F676C6F6261F1
:10D0E0006C5F6C73746D2F6C73746D2F756E7374CD
:10D0F00061636B31343B6D5F6D63755F6E65745F4B
:10D10000707265646963746F722F676C6F62616CB3
:10D110005F6C73746D2F6C73746D2F756E737461A7
:10D12000636B31353B6D5F6D63755F6E65745F700A
:10D130007265646963746F722F676C6F62616C5F94
:10D140006C73746D2F6C73746D2F756E7374616373
:10D150006B31363B6D5F6D63755F6E65745F7072CA
:10D1600065646963746F722F676C6F62616C5F6C6A
:10D1700073746D2F6C73746D2F756E737461636B44
:10D1800031373B6D5F6D63755F6E65745F7072659F
:10D19000646963746F722F676C6F62616C5F6C732C
:10D1A000746D2F6C73746D2F756E737461636B3156
:10D1B000383B6D5F6D63755F6E65745F707265643B
:10D1C0006963746F722F676C6F62616C5F6C7374EC
:10D1D0006D2F6C73746D2F756E737461636B313961
:10D1E0003B6D5F6D63755F6E65745F7072656469DA
:10D1F00063746F722F676C6F62616C5F6C73746DB8
:10D200002F6C73746D2F756E737461636B32303B6A
:10D210006D5F6D63755F6E65745F70726564696381
:10D22000746F722F676C6F62616C5F6C73746D2FBB
:10D230006C73746D2F756E737461636B32313B6DFB
:10D240005F6D63755F6E65745F707265646963744A
:10D250006F722F676C6F62616C5F6C73746D2F6C93
:10D2600073746D2F756E737461636B32323B6D5FD7
:10D270006D63755F6E65745F707265646963746F0A
:10D28000722F676C6F62616C5F6C73746D2F6C735F
:10D29000746D2F756E737461636B32333B6D5F6DAC
:10D2A00063755F6E65745F707265646963746F72D5
:10D2B0002F676C6F62616C5F6C73746D2F6C73742D
:10D2C0006D2F756E737461636B32343B6D5F6D638C
:10D2D000755F6E65745F707265646963746F722FD9
:10D2E000676C6F62616C5F6C73746D2F6C73746DBF
:10D2F0002F756E737461636B32353B6D5F6D637553
:10D300005F6E65745F707265646963746F722F67B6
:10D310006C6F62616C5F6C73746D2F6C73746D2FC6
:10D32000756E737461636B32363B6D5F6D63755FF1
:10D330006E65745F707265646963746F722F676C79
:10D340006F62616C5F6C73746D2F6C73746D2F758D
:10D350006E737461636B32373B6D5F6D63755F6EC7
:10D3600065745F707265646963746F722F676C6F48
:10D3700062616C5F6C73746D2F6C73746D2F756E5E
:10D38000737461636B32383B6D5F6D63755F6E659F
:10D39000745F707265646963746F722F676C6F621B
:10D3A000616C5F6C73746D2F6C73746D2F756E731D
:10D3B0007461636B32393B6D5F6D63755F6E65746D
:10D3C0005F707265646963746F722F676C6F6261FE
:10D3D0006C5F6C73746D2F6C73746D2F756E7374DA
:10D3E00061636B33303B6D5F6D63755F6E65745F5A
:10D3F000707265646963746F722F676C6F62616CC1
:10D400005F6C73746D2F6C73746D2F756E737461B4
:10D41000636B333133300000020000000100000074
:10D42000400000001218FFFF00000001140000007F
:10D43000340000003900000000000009040600006C
:10D440005417FFFF08000000140000000100000056
:10D4500080FFFFFFFFFFFFFF000000000100000052
:10D46000FF13483CD60500006D5F6D63755F6E6508
:10D47000745F707265646963746F722F676C6F623A
:10D48000616C5F6C73746D2F6C73746D2F756E733C
:10D490007461636B3B6D5F6D63755F6E65745F7028
:10D4A0007265646963746F722F676C6F62616C5F21
:10D4B0006C73746D2F6C73746D2F756E7374616300
:10D4C0006B313B6D5F6D63755F6E65745F70726528
:10D4D000646963746F722F676C6F62616C5F6C73E9
:10D4E000746D2F6C73746D2F756E737461636B3212
:10D4F0003B6D5F6D63755F6E65745F7072656469C7
:10D5000063746F722F676C6F62616C5F6C73746DA4
:10D510002F6C73746D2F756E737461636B333B6D19
:10D520005F6D63755F6E65745F7072656469637467
:10D530006F722F676C6F62616C5F6C73746D2F6CB0
:10D5400073746D2F756E737461636B343B6D5F6DB7
:10D5500063755F6E65745F707265646963746F7222
:10D560002F676C6F62616C5F6C73746D2F6C73747A
:10D570006D2F756E737461636B353B6D5F6D637595
:10D580005F6E65745F707265646963746F722F6734
:10D590006C6F62616C5F6C73746D2F6C73746D2F44
:10D5A000756E737461636B363B6D5F6D63755F6E33
:10D5B00065745F707265646963746F722F676C6FF6
:10D5C00062616C5F6C73746D2F6C73746D2F756E0C
:10D5D000737461636B373B6D5F6D63755F6E65740C
:10D5E0005F707265646963746F722F676C6F6261DC
:10D5F0006C5F6C73746D2F6C73746D2F756E7374B8
:10D6000061636B383B6D5F6D63755F6E65745F70F2
:10D610007265646963746F722F676C6F62616C5FAF
:10D620006C73746D2F6C73746D2F756E737461638E
:10D630006B393B6D5F6D63755F6E65745F707265AE
:10D64000646963746F722F676C6F62616C5F6C7377
:10D65000746D2F6C73746D2F756E737461636B31A1
:10D66000303B6D5F6D63755F6E65745F707265648E
:10D670006963746F722F676C6F62616C5F6C737437
:10D680006D2F6C73746D2F756E737461636B3131B4
:10D690003B6D5F6D63755F6E65745F707265646925
:10D6A00063746F722F676C6F62616C5F6C73746D03
:10D6B0002F6C73746D2F756E737461636B31323BB5
:10D6C0006D5F6D63755F6E65745F707265646963CD
:10D6D000746F722F676C6F62616C5F6C73746D2F07
:10D6E0006C73746D2F756E737461636B31333B6D46
:10D6F0005F6D63755F6E65745F7072656469637496
:10D700006F722F676C6F62616C5F6C73746D2F6CDE
:10D7100073746D2F756E737461636B31343B6D5F21
:10D720006D63755F6E65745F707265646963746F55
:10D73000722F676C6F62616C5F6C73746D2F6C73AA
:10D74000746D2F756E737461636B31353B6D5F6DF6
:10D7500063755F6E65745F707265646963746F7220
:10D760002F676C6F62616C5F6C73746D2F6C737478
:10D770006D2F756E737461636B31363B6D5F6D63D6
:10D78000755F6E65745F707265646963746F722F24
:10D79000676C6F62616C5F6C73746D2F6C73746D0A
:10D7A0002F756E737461636B31373B6D5F6D63759D
:10D7B0005F6E65745F707265646963746F722F6702
:10D7C0006C6F62616C5F6C73746D2F6C73746D2F12
:10D7D000756E737461636B31383B6D5F6D63755F3C
:10D7E0006E65745F707265646963746F722F676CC5
:10D7F0006F62616C5F6C73746D2F6C73746D2F75D9
:10D800006E737461636B31393B6D5F6D63755F6E11
:10D8100065745F707265646963746F722F676C6F93
:10D8200062616C5F6C73746D2F6C73746D2F756EA9
:10D83000737461636B32303B6D5F6D63755F6E65F2
:10D84000745F707265646963746F722F676C6F6266
:10D85000616C5F6C73746D2F6C73746D2F756E7368
:10D860007461636B32313B6D5F6D63755F6E6574C0
:10D870005F707265646963746F722F676C6F626149
:10D880006C5F6C73746D2F6C73746D2F756E737425
:10D8900061636B32323B6D5F6D63755F6E65745FA4
:10D8A000707265646963746F722F676C6F62616C0C
:10D8B0005F6C73746D2F6C73746D2F756E73746100
:10D8C000636B32333B6D5F6D63755F6E65745F7064
:10D8D0007265646963746F722F676C6F62616C5FED
:10D8E0006C73746D2F6C73746D2F756E73746163CC
:10D8F0006B32343B6D5F6D63755F6E65745F707224
:10D9000065646963746F722F676C6F62616C5F6CC2
:10D9100073746D2F6C73746D2F756E737461636B9C
:10D9200032353B6D5F6D63755F6E65745F707265F8
:10D93000646963746F722F676C6F62616C5F6C7384
:10D94000746D2F6C73746D2F756E737461636B32AD
:10D95000363B6D5F6D63755F6E65745F7072656495
:10D960006963746F722F676C6F62616C5F6C737444
:10D970006D2F6C73746D2F756E737461636B3237BA
:10D980003B6D5F6D63755F6E65745F707265646932
:10D9900063746F722F676C6F62616C5F6C73746D10
:10D9A0002F6C73746D2F756E737461636B32383BBB
:10D9B0006D5F6D63755F6E65745F707265646963DA
:10D9C000746F722F676C6F62616C5F6C73746D2F14
:10D9D0006C73746D2F756E737461636B32393B6D4C
:10D9E0005F6D63755F6E65745F70726564696374A3
:10D9F0006F722F676C6F62616C5F6C73746D2F6CEC
:10DA000073746D2F756E737461636B33303B6D5F30
:10DA10006D63755F6E65745F707265646963746F62
:10DA2000722F676C6F62616C5F6C73746D2F6C73B7
:10DA3000746D2F756E737461636B3331323900000E
:10DA40000200000001000000400000003A1EFFFF3D
:10DA50000000000114000000340000003800000045
:10DA600000000009040600007C1DFFFF0800000004
:10DA7000140000000100000080FFFFFFFFFFFFFF18
:10DA80000000000001000000FF13483CD605000024
:10DA90006D5F6D63755F6E65745F707265646963F9
:10DAA000746F722F676C6F62616C5F6C73746D2F33
:10DAB0006C73746D2F756E737461636B3B6D5F6D0A
:10DAC00063755F6E65745F707265646963746F72AD
:10DAD0002F676C6F62616C5F6C73746D2F6C737405
:10DAE0006D2F756E737461636B313B6D5F6D637524
:10DAF0005F6E65745F707265646963746F722F67BF
:10DB00006C6F62616C5F6C73746D2F6C73746D2FCE
:10DB1000756E737461636B323B6D5F6D63755F6EC1
:10DB200065745F707265646963746F722F676C6F80
:10DB300062616C5F6C73746D2F6C73746D2F756E96
:10DB4000737461636B333B6D5F6D63755F6E65749A
:10DB50005F707265646963746F722F676C6F626166
:10DB60006C5F6C73746D2F6C73746D2F756E737442
:10DB700061636B343B6D5F6D63755F6E65745F7081
:10DB80007265646963746F722F676C6F62616C5F3A
:10DB90006C73746D2F6C73746D2F756E7374616319
:10DBA0006B353B6D5F6D63755F6E65745F7072653D
:10DBB000646963746F722F676C6F62616C5F6C7302
:10DBC000746D2F6C73746D2F756E737461636B3627
:10DBD0003B6D5F6D63755F6E65745F7072656469E0
:10DBE00063746F722F676C6F62616C5F6C73746DBE
:10DBF0002F6C73746D2F756E737461636B373B6D2F
:10DC00005F6D63755F6E65745F7072656469637480
:10DC10006F722F676C6F62616C5F6C73746D2F6CC9
:10DC200073746D2F756E737461636B383B6D5F6DCC
:10DC300063755F6E65745F707265646963746F723B
:10DC40002F676C6F62616C5F6C73746D2F6C737493
:10DC50006D2F756E737461636B393B6D5F6D6375AA
:10DC60005F6E65745F707265646963746F722F674D
:10DC70006C6F62616C5F6C73746D2F6C73746D2F5D
:10DC8000756E737461636B31303B6D5F6D63755F8F
:10DC90006E65745F707265646963746F722F676C10
:10DCA0006F62616C5F6C73746D2F6C73746D2F7524
:10DCB0006E737461636B31313B6D5F6D63755F6E65
:10DCC00065745F707265646963746F722F676C6FDF
:10DCD00062616C5F6C73746D2F6C73746D2F756EF5
:10DCE000737461636B31323B6D5F6D63755F6E653D
:10DCF000745F707265646963746F722F676C6F62B2
:10DD0000616C5F6C73746D2F6C73746D2F756E73B3
:10DD10007461636B31333B6D5F6D63755F6E65740A
:10DD20005F707265646963746F722F676C6F626194
:10DD30006C5F6C73746D2F6C73746D2F756E737470
:10DD400061636B31343B6D5F6D63755F6E65745FEE
:10DD5000707265646963746F722F676C6F62616C57
:10DD60005F6C73746D2F6C73746D2F756E7374614B
:10DD7000636B31353B6D5F6D63755F6E65745F70AE
:10DD80007265646963746F722F676C6F62616C5F38
:10DD90006C73746D2F6C73746D2F756E7374616317
:10DDA0006B31363B6D5F6D63755F6E65745F70726E
:10DDB00065646963746F722F676C6F62616C5F6C0E
:10DDC00073746D2F6C73746D2F756E737461636BE8
:10DDD00031373B6D5F6D63755F6E65745F70726543
:10DDE000646963746F722F676C6F62616C5F6C73D0
:10DDF000746D2F6C73746D2F756E737461636B31FA
:10DE0000383B6D5F6D63755F6E65745F70726564DE
:10DE10006963746F722F676C6F62616C5F6C73748F
:10DE20006D2F6C73746D2F756E737461636B313904
:10DE30003B6D5F6D63755F6E65745F70726564697D
:10DE400063746F722F676C6F62616C5F6C73746D5B
:10DE50002F6C73746D2F756E737461636B32303B0E
:10DE60006D5F6D63755F6E65745F70726564696325
:10DE7000746F722F676C6F62616C5F6C73746D2F5F
:10DE80006C73746D2F756E737461636B32313B6D9F
:10DE90005F6D63755F6E65745F70726564696374EE
:10DEA0006F722F676C6F62616C5F6C73746D2F6C37
:10DEB00073746D2F756E737461636B32323B6D5F7B
:10DEC0006D63755F6E65745F707265646963746FAE
:10DED000722F676C6F62616C5F6C73746D2F6C7303
:10DEE000746D2F756E737461636B32333B6D5F6D50
:10DEF00063755F6E65745F707265646963746F7279
:10DF00002F676C6F62616C5F6C73746D2F6C7374D0
:10DF10006D2F756E737461636B32343B6D5F6D632F
:10DF2000755F6E65745F707265646963746F722F7C
:10DF3000676C6F62616C5F6C73746D2F6C73746D62
:10DF40002F756E737461636B32353B6D5F6D6375F6
:10DF50005F6E65745F707265646963746F722F675A
:10DF60006C6F62616C5F6C73746D2F6C73746D2F6A
:10DF7000756E737461636B32363B6D5F6D63755F95
:10DF80006E65745F707265646963746F722F676C1D
:10DF90006F62616C5F6C73746D2F6C73746D2F7531
:10DFA0006E737461636B32373B6D5F6D63755F6E6B
:10DFB00065745F707265646963746F722F676C6FEC
:10DFC00062616C5F6C73746D2F6C73746D2F756E02
:10DFD000737461636B32383B6D5F6D63755F6E6543
:10DFE000745F707265646963746F722F676C6F62BF
:10DFF000616C5F6C73746D2F6C73746D2F756E73C1
:10E000007461636B32393B6D5F6D63755F6E657410
:10E010005F707265646963746F722F676C6F6261A1
:10E020006C5F6C73746D2F6C73746D2F756E73747D
:10E0300061636B33303B6D5F6D63755F6E65745FFD
:10E04000707265646963746F722F676C6F62616C64
:10E050005F6C73746D2F6C73746D2F756E73746158
:10E06000636B333132380000020000000100000011
:10E07000400000006224FFFF0000000114000000C7
:10E080003400000037000000000000090406000012
:10E09000A423FFFF0800000014000000010000009E
:10E0A00080FFFFFFFFFFFFFF0000000001000000F6
:10E0B000FF13483CD60500006D5F6D63755F6E65AC
:10E0C000745F707265646963746F722F676C6F62DE
:10E0D000616C5F6C73746D2F6C73746D2F756E73E0
:10E0E0007461636B3B6D5F6D63755F6E65745F70CC
:10E0F0007265646963746F722F676C6F62616C5FC5
:10E100006C73746D2F6C73746D2F756E73746163A3
:10E110006B313B6D5F6D63755F6E65745F707265CB
:10E12000646963746F722F676C6F62616C5F6C738C
:10E13000746D2F6C73746D2F756E737461636B32B5
:10E140003B6D5F6D63755F6E65745F70726564696A
:10E1500063746F722F676C6F62616C5F6C73746D48
:10E160002F6C73746D2F756E737461636B333B6DBD
:10E170005F6D63755F6E65745F707265646963740B
:10E180006F722F676C6F62616C5F6C73746D2F6C54
:10E1900073746D2F756E737461636B343B6D5F6D5B
:10E1A00063755F6E65745F707265646963746F72C6
:10E1B0002F676C6F62616C5F6C73746D2F6C73741E
:10E1C0006D2F756E737461636B353B6D5F6D637539
:10E1D0005F6E65745F707265646963746F722F67D8
:10E1E0006C6F62616C5F6C73746D2F6C73746D2FE8
:10E1F000756E737461636B363B6D5F6D63755F6ED7
:10E2000065745F707265646963746F722F676C6F99
:10E2100062616C5F6C73746D2F6C73746D2F756EAF
:10E22000737461636B373B6D5F6D63755F6E6574AF
:10E230005F707265646963746F722F676C6F62617F
:10E240006C5F6C73746D2F6C73746D2F756E73745B
:10E2500061636B383B6D5F6D63755F6E65745F7096
:10E260007265646963746F722F676C6F62616C5F53
:10E270006C73746D2F6C73746D2F756E7374616332
:10E280006B393B6D5F6D63755F6E65745F70726552
:10E29000646963746F722F676C6F62616C5F6C731B
:10E2A000746D2F6C73746D2F756E737461636B3145
:10E2B000303B6D5F6D63755F6E65745F7072656432
:10E2C0006963746F722F676C6F62616C5F6C7374DB
:10E2D0006D2F6C73746D2F756E737461636B313158
:10E2E0003B6D5F6D63755F6E65745F7072656469C9
:10E2F00063746F722F676C6F62616C5F6C73746DA7
:10E300002F6C73746D2F756E737461636B31323B58
:10E310006D5F6D63755F6E65745F70726564696370
:10E32000746F722F676C6F62616C5F6C73746D2FAA
:10E330006C73746D2F756E737461636B31333B6DE9
:10E340005F6D63755F6E65745F7072656469637439
:10E350006F722F676C6F62616C5F6C73746D2F6C82
:10E3600073746D2F756E737461636B31343B6D5FC5
:10E370006D63755F6E65745F707265646963746FF9
:10E38000722F676C6F62616C5F6C73746D2F6C734E
:10E39000746D2F756E737461636B31353B6D5F6D9A
:10E3A00063755F6E65745F707265646963746F72C4
:10E3B0002F676C6F62616C5F6C73746D2F6C73741C
:10E3C0006D2F756E737461636B31363B6D5F6D637A
:10E3D000755F6E65745F707265646963746F722FC8
:10E3E000676C6F62616C5F6C73746D2F6C73746DAE
:10E3F0002F756E737461636B31373B6D5F6D637541
:10E400005F6E65745F707265646963746F722F67A5
:10E410006C6F62616C5F6C73746D2F6C73746D2FB5
:10E42000756E737461636B31383B6D5F6D63755FDF
:10E430006E65745F707265646963746F722F676C68
:10E440006F62616C5F6C73746D2F6C73746D2F757C
:10E450006E737461636B31393B6D5F6D63755F6EB5
:10E4600065745F707265646963746F722F676C6F37
:10E4700062616C5F6C73746D2F6C73746D2F756E4D
:10E48000737461636B32303B6D5F6D63755F6E6596
:10E49000745F707265646963746F722F676C6F620A
:10E4A000616C5F6C73746D2F6C73746D2F756E730C
:10E4B0007461636B32313B6D5F6D63755F6E657464
:10E4C0005F707265646963746F722F676C6F6261ED
:10E4D0006C5F6C73746D2F6C73746D2F756E7374C9
:10E4E00061636B32323B6D5F6D63755F6E65745F48
:10E4F000707265646963746F722F676C6F62616CB0
:10E500005F6C73746D2F6C73746D2F756E737461A3
:10E51000636B32333B6D5F6D63755F6E65745F7007
:10E520007265646963746F722F676C6F62616C5F90
:10E530006C73746D2F6C73746D2F756E737461636F
:10E540006B32343B6D5F6D63755F6E65745F7072C7
:10E5500065646963746F722F676C6F62616C5F6C66
:10E5600073746D2F6C73746D2F756E737461636B40
:10E5700032353B6D5F6D63755F6E65745F7072659C
:10E58000646963746F722F676C6F62616C5F6C7328
:10E59000746D2F6C73746D2F756E737461636B3251
:10E5A000363B6D5F6D63755F6E65745F7072656439
:10E5B0006963746F722F676C6F62616C5F6C7374E8
:10E5C0006D2F6C73746D2F756E737461636B32375E
:10E5D0003B6D5F6D63755F6E65745F7072656469D6
:10E5E00063746F722F676C6F62616C5F6C73746DB4
:10E5F0002F6C73746D2F756E737461636B32383B5F
:10E600006D5F6D63755F6E65745F7072656469637D
:10E61000746F722F676C6F62616C5F6C73746D2FB7
:10E620006C73746D2F756E737461636B32393B6DEF
:10E630005F6D63755F6E65745F7072656469637446
:10E640006F722F676C6F62616C5F6C73746D2F6C8F
:10E6500073746D2F756E737461636B33303B6D5FD4
:10E660006D63755F6E65745F707265646963746F06
:10E67000722F676C6F62616C5F6C73746D2F6C735B
:10E68000746D2F756E737461636B333132370000B4
:10E690000200000001000000400000008A2AFFFF85
:10E6A00000000001140000003400000036000000EB
:10E6B0000000000904060000CC29FFFF080000004C
:10E6C000140000000100000080FFFFFFFFFFFFFFBC
:10E6D0000000000001000000FF13483CD6050000C8
:10E6E0006D5F6D63755F6E65745F7072656469639D
:10E6F000746F722F676C6F62616C5F6C73746D2FD7
:10E700006C73746D2F756E737461636B3B6D5F6DAD
:10E7100063755F6E65745F707265646963746F7250
:10E720002F676C6F62616C5F6C73746D2F6C7374A8
:10E730006D2F756E737461636B313B6D5F6D6375C7
:10E740005F6E65745F707265646963746F722F6762
:10E750006C6F62616C5F6C73746D2F6C73746D2F72
:10E76000756E737461636B323B6D5F6D63755F6E65
:10E7700065745F707265646963746F722F676C6F24
:10E7800062616C5F6C73746D2F6C73746D2F756E3A
:10E79000737461636B333B6D5F6D63755F6E65743E
:10E7A0005F707265646963746F722F676C6F62610A
:10E7B0006C5F6C73746D2F6C73746D2F756E7374E6
:10E7C00061636B343B6D5F6D63755F6E65745F7025
:10E7D0007265646963746F722F676C6F62616C5FDE
:10E7E0006C73746D2F6C73746D2F756E73746163BD
:10E7F0006B353B6D5F6D63755F6E65745F707265E1
:10E80000646963746F722F676C6F62616C5F6C73A5
:10E81000746D2F6C73746D2F756E737461636B36CA
:10E820003B6D5F6D63755F6E65745F707265646983
:10E8300063746F722F676C6F62616C5F6C73746D61
:10E840002F6C73746D2F756E737461636B373B6DD2
:10E850005F6D63755F6E65745F7072656469637424
:10E860006F722F676C6F62616C5F6C73746D2F6C6D
:10E8700073746D2F756E737461636B383B6D5F6D70
:10E8800063755F6E65745F707265646963746F72DF
:10E890002F676C6F62616C5F6C73746D2F6C737437
:10E8A0006D2F756E737461636B393B6D5F6D63754E
:10E8B0005F6E65745F707265646963746F722F67F1
:10E8C0006C6F62616C5F6C73746D2F6C73746D2F01
:10E8D000756E737461636B31303B6D5F6D63755F33
:10E8E0006E65745F707265646963746F722F676CB4
:10E8F0006F62616C5F6C73746D2F6C73746D2F75C8
:10E900006E737461636B31313B6D5F6D63755F6E08
:10E9100065745F707265646963746F722F676C6F82
:10E9200062616C5F6C73746D2F6C73746D2F756E98
:10E93000737461636B31323B6D5F6D63755F6E65E0
:10E94000745F707265646963746F722F676C6F6255
:10E95000616C5F6C73746D2F6C73746D2F756E7357
:10E960007461636B31333B6D5F6D63755F6E6574AE
:10E970005F707265646963746F722F676C6F626138
:10E980006C5F6C73746D2F6C73746D2F756E737414
:10E9900061636B31343B6D5F6D63755F6E65745F92
:10E9A000707265646963746F722F676C6F62616CFB
:10E9B0005F6C73746D2F6C73746D2F756E737461EF
:10E9C000636B31353B6D5F6D63755F6E65745F7052
:10E9D0007265646963746F722F676C6F62616C5FDC
:10E9E0006C73746D2F6C73746D2F756E73746163BB
:10E9F0006B31363B6D5F6D63755F6E65745F707212
:10EA000065646963746F722F676C6F62616C5F6CB1
:10EA100073746D2F6C73746D2F756E737461636B8B
:10EA200031373B6D5F6D63755F6E65745F707265E6
:10EA3000646963746F722F676C6F62616C5F6C7373
:10EA4000746D2F6C73746D2F756E737461636B319D
:10EA5000383B6D5F6D63755F6E65745F7072656482
:10EA60006963746F722F676C6F62616C5F6C737433
:10EA70006D2F6C73746D2F756E737461636B3139A8
:10EA80003B6D5F6D63755F6E65745F707265646921
:10EA900063746F722F676C6F62616C5F6C73746DFF
:10EAA0002F6C73746D2F756E737461636B32303BB2
:10EAB0006D5F6D63755F6E65745F707265646963C9
:10EAC000746F722F676C6F62616C5F6C73746D2F03
:10EAD0006C73746D2F756E737461636B32313B6D43
:10EAE0005F6D63755F6E65745F7072656469637492
:10EAF0006F722F676C6F62616C5F6C73746D2F6CDB
:10EB000073746D2F756E737461636B32323B6D5F1E
:10EB10006D63755F6E65745F707265646963746F51
:10EB2000722F676C6F62616C5F6C73746D2F6C73A6
:10EB3000746D2F756E737461636B32333B6D5F6DF3
:10EB400063755F6E65745F707265646963746F721C
:10EB50002F676C6F62616C5F6C73746D2F6C737474
:10EB60006D2F756E737461636B32343B6D5F6D63D3
:10EB7000755F6E65745F707265646963746F722F20
:10EB8000676C6F62616C5F6C73746D2F6C73746D06
:10EB90002F756E737461636B32353B6D5F6D63759A
:10EBA0005F6E65745F707265646963746F722F67FE
:10EBB0006C6F62616C5F6C73746D2F6C73746D2F0E
:10EBC000756E737461636B32363B6D5F6D63755F39
:10EBD0006E65745F707265646963746F722F676CC1
:10EBE0006F62616C5F6C73746D2F6C73746D2F75D5
:10EBF0006E737461636B32373B6D5F6D63755F6E0F
:10EC000065745F707265646963746F722F676C6F8F
:10EC100062616C5F6C73746D2F6C73746D2F756EA5
:10EC2000737461636B32383B6D5F6D63755F6E65E6
:10EC3000745F707265646963746F722F676C6F6262
:10EC4000616C5F6C73746D2F6C73746D2F756E7364
:10EC50007461636B32393B6D5F6D63755F6E6574B4
:10EC60005F707265646963746F722F676C6F626145
:10EC70006C5F6C73746D2F6C73746D2F756E737421
:10EC800061636B33303B6D5F6D63755F6E65745FA1
:10EC9000707265646963746F722F676C6F62616C08
:10ECA0005F6C73746D2F6C73746D2F756E737461FC
:10ECB000636B3331323600000200000001000000B7
:10ECC00040000000B230FFFF00000001140000000F
:10ECD00034000000350000000000000904060000B8
:10ECE000F42FFFFF080000001400000001000000E6
:10ECF00080FFFFFFFFFFFFFF00000000010000009A
:10ED0000FF13483CD60500006D5F6D63755F6E654F
:10ED1000745F707265646963746F722F676C6F6281
:10ED2000616C5F6C73746D2F6C73746D2F756E7383
:10ED30007461636B3B6D5F6D63755F6E65745F706F
:10ED40007265646963746F722F676C6F62616C5F68
:10ED50006C73746D2F6C73746D2F756E7374616347
:10ED60006B313B6D5F6D63755F6E65745F7072656F
:10ED7000646963746F722F676C6F62616C5F6C7330
:10ED8000746D2F6C73746D2F756E737461636B3259
:10ED90003B6D5F6D63755F6E65745F70726564690E
:10EDA00063746F722F676C6F62616C5F6C73746DEC
:10EDB0002F6C73746D2F756E737461636B333B6D61
:10EDC0005F6D63755F6E65745F70726564696374AF
:10EDD0006F722F676C6F62616C5F6C73746D2F6CF8
:10EDE00073746D2F756E737461636B343B6D5F6DFF
:10EDF00063755F6E65745F707265646963746F726A
:10EE00002F676C6F62616C5F6C73746D2F6C7374C1
:10EE10006D2F756E737461636B353B6D5F6D6375DC
:10EE20005F6E65745F707265646963746F722F677B
:10EE30006C6F62616C5F6C73746D2F6C73746D2F8B
:10EE4000756E737461636B363B6D5F6D63755F6E7A
:10EE500065745F707265646963746F722F676C6F3D
:10EE600062616C5F6C73746D2F6C73746D2F756E53
:10EE7000737461636B373B6D5F6D63755F6E657453
:10EE80005F707265646963746F722F676C6F626123
:10EE90006C5F6C73746D2F6C73746D2F756E7374FF
:10EEA00061636B383B6D5F6D63755F6E65745F703A
:10EEB0007265646963746F722F676C6F62616C5FF7
:10EEC0006C73746D2F6C73746D2F756E73746163D6
:10EED0006B393B6D5F6D63755F6E65745F707265F6
:10EEE000646963746F722F676C6F62616C5F6C73BF
:10EEF000746D2F6C73746D2F756E737461636B31E9
:10EF0000303B6D5F6D63755F6E65745F70726564D5
:10EF10006963746F722F676C6F62616C5F6C73747E
:10EF20006D2F6C73746D2F756E737461636B3131FB
:10EF30003B6D5F6D63755F6E65745F70726564696C
:10EF400063746F722F676C6F62616C5F6C73746D4A
:10EF50002F6C73746D2F756E737461636B31323BFC
:10EF60006D5F6D63755F6E65745F70726564696314
:10EF7000746F722F676C6F62616C5F6C73746D2F4E
:10EF80006C73746D2F756E737461636B31333B6D8D
:10EF90005F6D63755F6E65745F70726564696374DD
:10EFA0006F722F676C6F62616C5F6C73746D2F6C26
:10EFB00073746D2F756E737461636B31343B6D5F69
:10EFC0006D63755F6E65745F707265646963746F9D
:10EFD000722F676C6F62616C5F6C73746D2F6C73F2
:10EFE000746D2F756E737461636B31353B6D5F6D3E
:10EFF00063755F6E65745F707265646963746F7268
:10F000002F676C6F62616C5F6C73746D2F6C7374BF
:10F010006D2F756E737461636B31363B6D5F6D631D
:10F02000755F6E65745F707265646963746F722F6B
:10F03000676C6F62616C5F6C73746D2F6C73746D51
:10F040002F756E737461636B31373B6D5F6D6375E4
:10F050005F6E65745F707265646963746F722F6749
:10F060006C6F62616C5F6C73746D2F6C73746D2F59
:10F07000756E737461636B31383B6D5F6D63755F83
:10F080006E65745F707265646963746F722F676C0C
:10F090006F62616C5F6C73746D2F6C73746D2F7520
:10F0A0006E737461636B31393B6D5F6D63755F6E59
:10F0B00065745F707265646963746F722F676C6FDB
:10F0C00062616C5F6C73746D2F6C73746D2F756EF1
:10F0D000737461636B32303B6D5F6D63755F6E653A
:10F0E000745F707265646963746F722F676C6F62AE
:10F0F000616C5F6C73746D2F6C73746D2F756E73B0
:10F100007461636B32313B6D5F6D63755F6E657407
:10F110005F707265646963746F722F676C6F626190
:10F120006C5F6C73746D2F6C73746D2F756E73746C
:10F1300061636B32323B6D5F6D63755F6E65745FEB
:10F14000707265646963746F722F676C6F62616C53
:10F150005F6C73746D2F6C73746D2F756E73746147
:10F16000636B32333B6D5F6D63755F6E65745F70AB
:10F170007265646963746F722F676C6F62616C5F34
:10F180006C73746D2F6C73746D2F756E7374616313
:10F190006B32343B6D5F6D63755F6E65745F70726B
:10F1A00065646963746F722F676C6F62616C5F6C0A
:10F1B00073746D2F6C73746D2F756E737461636BE4
:10F1C00032353B6D5F6D63755F6E65745F70726540
:10F1D000646963746F722F676C6F62616C5F6C73CC
:10F1E000746D2F6C73746D2F756E737461636B32F5
:10F1F000363B6D5F6D63755F6E65745F70726564DD
:10F200006963746F722F676C6F62616C5F6C73748B
:10F210006D2F6C73746D2F756E737461636B323701
:10F220003B6D5F6D63755F6E65745F707265646979
:10F2300063746F722F676C6F62616C5F6C73746D57
:10F240002F6C73746D2F756E737461636B32383B02
:10F250006D5F6D63755F6E65745F70726564696321
:10F26000746F722F676C6F62616C5F6C73746D2F5B
:10F270006C73746D2F756E737461636B32393B6D93
:10F280005F6D63755F6E65745F70726564696374EA
:10F290006F722F676C6F62616C5F6C73746D2F6C33
:10F2A00073746D2F756E737461636B33303B6D5F78
:10F2B0006D63755F6E65745F707265646963746FAA
:10F2C000722F676C6F62616C5F6C73746D2F6C73FF
:10F2D000746D2F756E737461636B3331323500005A
:10F2E000020000000100000040000000DA36FFFFCD
:10F2F0000000000114000000340000003400000091
:10F3000000000009040600001C36FFFF0800000092
:10F31000140000000100000080FFFFFFFFFFFFFF5F
:10F320000000000001000000FF13483CD60500006B
:10F330006D5F6D63755F6E65745F70726564696340
:10F34000746F722F676C6F62616C5F6C73746D2F7A
:10F350006C73746D2F756E737461636B3B6D5F6D51
:10F3600063755F6E65745F707265646963746F72F4
:10F370002F676C6F62616C5F6C73746D2F6C73744C
:10F380006D2F756E737461636B313B6D5F6D63756B
:10F390005F6E65745F707265646963746F722F6706
:10F3A0006C6F62616C5F6C73746D2F6C73746D2F16
:10F3B000756E737461636B323B6D5F6D63755F6E09
:10F3C00065745F707265646963746F722F676C6FC8
:10F3D00062616C5F6C73746D2F6C73746D2F756EDE
:10F3E000737461636B333B6D5F6D63755F6E6574E2
:10F3F0005F707265646963746F722F676C6F6261AE
:10F400006C5F6C73746D2F6C73746D2F756E737489
:10F4100061636B343B6D5F6D63755F6E65745F70C8
:10F420007265646963746F722F676C6F62616C5F81
:10F430006C73746D2F6C73746D2F756E7374616360
:10F440006B353B6D5F6D63755F6E65745F70726584
:10F45000646963746F722F676C6F62616C5F6C7349
:10F46000746D2F6C73746D2F756E737461636B366E
:10F470003B6D5F6D63755F6E65745F707265646927
:10F4800063746F722F676C6F62616C5F6C73746D05
:10F490002F6C73746D2F756E737461636B373B6D76
:10F4A0005F6D63755F6E65745F70726564696374C8
:10F4B0006F722F676C6F62616C5F6C73746D2F6C11
:10F4C00073746D2F756E737461636B383B6D5F6D14
:10F4D00063755F6E65745F707265646963746F7283
:10F4E0002F676C6F62616C5F6C73746D2F6C7374DB
:10F4F0006D2F756E737461636B393B6D5F6D6375F2
:10F500005F6E65745F707265646963746F722F6794
:10F510006C6F62616C5F6C73746D2F6C73746D2FA4
:10F52000756E737461636B31303B6D5F6D63755FD6
:10F530006E65745F707265646963746F722F676C57
:10F540006F62616C5F6C73746D2F6C73746D2F756B
:10F550006E737461636B31313B6D5F6D63755F6EAC
:10F5600065745F707265646963746F722F676C6F26
:10F5700062616C5F6C73746D2F6C73746D2F756E3C
:10F58000737461636B31323B6D5F6D63755F6E6584
:10F59000745F707265646963746F722F676C6F62F9
:10F5A000616C5F6C73746D2F6C73746D2F756E73FB
:10F5B0007461636B31333B6D5F6D63755F6E657452
:10F5C0005F707265646963746F722F676C6F6261DC
:10F5D0006C5F6C73746D2F6C73746D2F756E7374B8
:10F5E00061636B31343B6D5F6D63755F6E65745F36
:10F5F000707265646963746F722F676C6F62616C9F
:10F600005F6C73746D2F6C73746D2F756E73746192
:10F61000636B31353B6D5F6D63755F6E65745F70F5
:10F620007265646963746F722F676C6F62616C5F7F
:10F630006C73746D2F6C73746D2F756E737461635E
:10F640006B31363B6D5F6D63755F6E65745F7072B5
:10F6500065646963746F722F676C6F62616C5F6C55
:10F6600073746D2F6C73746D2F756E737461636B2F
:10F6700031373B6D5F6D63755F6E65745F7072658A
:10F68000646963746F722F676C6F62616C5F6C7317
:10F69000746D2F6C73746D2F756E737461636B3141
:10F6A000383B6D5F6D63755F6E65745F7072656426
:10F6B0006963746F722F676C6F62616C5F6C7374D7
:10F6C0006D2F6C73746D2F756E737461636B31394C
:10F6D0003B6D5F6D63755F6E65745F7072656469C5
:10F6E00063746F722F676C6F62616C5F6C73746DA3
:10F6F0002F6C73746D2F756E737461636B32303B56
:10F700006D5F6D63755F6E65745F7072656469636C
:10F71000746F722F676C6F62616C5F6C73746D2FA6
:10F720006C73746D2F756E737461636B32313B6DE6
:10F730005F6D63755F6E65745F7072656469637435
:10F740006F722F676C6F62616C5F6C73746D2F6C7E
:10F7500073746D2F756E737461636B32323B6D5FC2
:10F760006D63755F6E65745F707265646963746FF5
:10F77000722F676C6F62616C5F6C73746D2F6C734A
:10F78000746D2F756E737461636B32333B6D5F6D97
:10F7900063755F6E65745F707265646963746F72C0
:10F7A0002F676C6F62616C5F6C73746D2F6C737418
:10F7B0006D2F756E737461636B32343B6D5F6D6377
:10F7C000755F6E65745F707265646963746F722FC4
:10F7D000676C6F62616C5F6C73746D2F6C73746DAA
:10F7E0002F756E737461636B32353B6D5F6D63753E
:10F7F0005F6E65745F707265646963746F722F67A2
:10F800006C6F62616C5F6C73746D2F6C73746D2FB1
:10F81000756E737461636B32363B6D5F6D63755FDC
:10F820006E65745F707265646963746F722F676C64
:10F830006F62616C5F6C73746D2F6C73746D2F7578
:10F840006E737461636B32373B6D5F6D63755F6EB2
:10F8500065745F707265646963746F722F676C6F33
:10F8600062616C5F6C73746D2F6C73746D2F756E49
:10F87000737461636B32383B6D5F6D63755F6E658A
:10F88000745F707265646963746F722F676C6F6206
:10F89000616C5F6C73746D2F6C73746D2F756E7308
:10F8A0007461636B32393B6D5F6D63755F6E657458
:10F8B0005F707265646963746F722F676C6F6261E9
:10F8C0006C5F6C73746D2F6C73746D2F756E7374C5
:10F8D00061636B33303B6D5F6D63755F6E65745F45
:10F8E000707265646963746F722F676C6F62616CAC
:10F8F0005F6C73746D2F6C73746D2F756E737461A0
:10F90000636B33313234000002000000010000005C
:10F9100040000000023DFFFF000000011400000055
:10F92000340000003300000000000009040600005D
:10F93000443CFFFF0800000014000000010000002C
:10F9400080FFFFFFFFFFFFFF00000000010000003D
:10F95000FF13483CD60500006D5F6D63755F6E65F3
:10F96000745F707265646963746F722F676C6F6225
:10F97000616C5F6C73746D2F6C73746D2F756E7327
:10F980007461636B3B6D5F6D63755F6E65745F7013
:10F990007265646963746F722F676C6F62616C5F0C
:10F9A0006C73746D2F6C73746D2F756E73746163EB
:10F9B0006B313B6D5F6D63755F6E65745F70726513
:10F9C000646963746F722F676C6F62616C5F6C73D4
:10F9D000746D2F6C73746D2F756E737461636B32FD
:10F9E0003B6D5F6D63755F6E65745F7072656469B2
:10F9F00063746F722F676C6F62616C5F6C73746D90
:10FA00002F6C73746D2F756E737461636B333B6D04
:10FA10005F6D63755F6E65745F7072656469637452
:10FA20006F722F676C6F62616C5F6C73746D2F6C9B
:10FA300073746D2F756E737461636B343B6D5F6DA2
:10FA400063755F6E65745F707265646963746F720D
:10FA50002F676C6F62616C5F6C73746D2F6C737465
:10FA60006D2F756E737461636B353B6D5F6D637580
:10FA70005F6E65745F707265646963746F722F671F
:10FA80006C6F62616C5F6C73746D2F6C73746D2F2F
:10FA9000756E737461636B363B6D5F6D63755F6E1E
:10FAA00065745F707265646963746F722F676C6FE1
:10FAB00062616C5F6C73746D2F6C73746D2F756EF7
:10FAC000737461636B373B6D5F6D63755F6E6574F7
:10FAD0005F707265646963746F722F676C6F6261C7
:10FAE0006C5F6C73746D2F6C73746D2F756E7374A3
:10FAF00061636B383B6D5F6D63755F6E65745F70DE
:10FB00007265646963746F722F676C6F62616C5F9A
:10FB10006C73746D2F6C73746D2F756E7374616379
:10FB20006B393B6D5F6D63755F6E65745F70726599
:10FB3000646963746F722F676C6F62616C5F6C7362
:10FB4000746D2F6C73746D2F756E737461636B318C
:10FB5000303B6D5F6D63755F6E65745F7072656479
:10FB60006963746F722F676C6F62616C5F6C737422
:10FB70006D2F6C73746D2F756E737461636B31319F
:10FB80003B6D5F6D63755F6E65745F707265646910
:10FB900063746F722F676C6F62616C5F6C73746DEE
:10FBA0002F6C73746D2F756E737461636B31323BA0
:10FBB0006D5F6D63755F6E65745F707265646963B8
:10FBC000746F722F676C6F62616C5F6C73746D2FF2
:10FBD0006C73746D2F756E737461636B31333B6D31
:10FBE0005F6D63755F6E65745F7072656469637481
:10FBF0006F722F676C6F62616C5F6C73746D2F6CCA
:10FC000073746D2F756E737461636B31343B6D5F0C
:10FC10006D63755F6E65745F707265646963746F40
:10FC2000722F676C6F62616C5F6C73746D2F6C7395
:10FC3000746D2F756E737461636B31353B6D5F6DE1
:10FC400063755F6E65745F707265646963746F720B
:10FC50002F676C6F62616C5F6C73746D2F6C737463
:10FC60006D2F756E737461636B31363B6D5F6D63C1
:10FC7000755F6E65745F707265646963746F722F0F
:10FC8000676C6F62616C5F6C73746D2F6C73746DF5
:10FC90002F756E737461636B31373B6D5F6D637588
:10FCA0005F6E65745F707265646963746F722F67ED
:10FCB0006C6F62616C5F6C73746D2F6C73746D2FFD
:10FCC000756E737461636B31383B6D5F6D63755F27
:10FCD0006E65745F707265646963746F722F676CB0
:10FCE0006F62616C5F6C73746D2F6C73746D2F75C4
:10FCF0006E737461636B31393B6D5F6D63755F6EFD
:10FD000065745F707265646963746F722F676C6F7E
:10FD100062616C5F6C73746D2F6C73746D2F756E94
:10FD2000737461636B32303B6D5F6D63755F6E65DD
:10FD3000745F707265646963746F722F676C6F6251
:10FD4000616C5F6C73746D2F6C73746D2F756E7353
:10FD50007461636B32313B6D5F6D63755F6E6574AB
:10FD60005F707265646963746F722F676C6F626134
:10FD70006C5F6C73746D2F6C73746D2F756E737410
:10FD800061636B32323B6D5F6D63755F6E65745F8F
:10FD9000707265646963746F722F676C6F62616CF7
:10FDA0005F6C73746D2F6C73746D2F756E737461EB
:10FDB000636B32333B6D5F6D63755F6E65745F704F
:10FDC0007265646963746F722F676C6F62616C5FD8
:10FDD0006C73746D2F6C73746D2F756E73746163B7
:10FDE0006B32343B6D5F6D63755F6E65745F70720F
:10FDF00065646963746F722F676C6F62616C5F6CAE
:10FE000073746D2F6C73746D2F756E737461636B87
:10FE100032353B6D5F6D63755F6E65745F707265E3
:10FE2000646963746F722F676C6F62616C5F6C736F
:10FE3000746D2F6C73746D2F756E737461636B3298
:10FE4000363B6D5F6D63755F6E65745F7072656480
:10FE50006963746F722F676C6F62616C5F6C73742F
:10FE60006D2F6C73746D2F756E737461636B3237A5
:10FE70003B6D5F6D63755F6E65745F70726564691D
:10FE800063746F722F676C6F62616C5F6C73746DFB
:10FE90002F6C73746D2F756E737461636B32383BA6
:10FEA0006D5F6D63755F6E65745F707265646963C5
:10FEB000746F722F676C6F62616C5F6C73746D2FFF
:10FEC0006C73746D2F756E737461636B32393B6D37
:10FED0005F6D63755F6E65745F707265646963748E
:10FEE0006F722F676C6F62616C5F6C73746D2F6CD7
:10FEF00073746D2F756E737461636B33303B6D5F1C
:10FF00006D63755F6E65745F707265646963746F4D
:10FF1000722F676C6F62616C5F6C73746D2F6C73A2
:10FF2000746D2F756E737461636B333132330000FF
:10FF30000200000001000000400000002A43FFFF13
:10FF40000000000114000000340000003200000036
:10FF500000000009040600006C42FFFF08000000DA
:10FF6000140000000100000080FFFFFFFFFFFFFF03
:10FF70000000000001000000FF13483CD60500000F
:10FF80006D5F6D63755F6E65745F707265646963E4
:10FF9000746F722F676C6F62616C5F6C73746D2F1E
:10FFA0006C73746D2F756E737461636B3B6D5F6DF5
:10FFB00063755F6E65745F707265646963746F7298
:10FFC0002F676C6F62616C5F6C73746D2F6C7374F0
:10FFD0006D2F756E737461636B313B6D5F6D63750F
:10FFE0005F6E65745F707265646963746F722F67AA
:10FFF0006C6F62616C5F6C73746D2F6C73746D2FBA
:020000040804EE
:10000000756E737461636B323B6D5F6D63755F6EAC
:1000100065745F707265646963746F722F676C6F6B
:1000200062616C5F6C73746D2F6C73746D2F756E81
:10003000737461636B333B6D5F6D63755F6E657485
:100040005F707265646963746F722F676C6F626151
:100050006C5F6C73746D2F6C73746D2F756E73742D
:1000600061636B343B6D5F6D63755F6E65745F706C
:100070007265646963746F722F676C6F62616C5F25
:100080006C73746D2F6C73746D2F756E7374616304
:100090006B353B6D5F6D63755F6E65745F70726528
:1000A000646963746F722F676C6F62616C5F6C73ED
:1000B000746D2F6C73746D2F756E737461636B3612
:1000C0003B6D5F6D63755F6E65745F7072656469CB
:1000D00063746F722F676C6F62616C5F6C73746DA9
:1000E0002F6C73746D2F756E737461636B373B6D1A
:1000F0005F6D63755F6E65745F707265646963746C
:100100006F722F676C6F62616C5F6C73746D2F6CB4
:1001100073746D2F756E737461636B383B6D5F6DB7
:1001200063755F6E65745F707265646963746F7226
:100130002F676C6F62616C5F6C73746D2F6C73747E
:100140006D2F756E737461636B393B6D5F6D637595
:100150005F6E65745F707265646963746F722F6738
:100160006C6F62616C5F6C73746D2F6C73746D2F48
:10017000756E737461636B31303B6D5F6D63755F7A
:100180006E65745F707265646963746F722F676CFB
:100190006F62616C5F6C73746D2F6C73746D2F750F
:1001A0006E737461636B31313B6D5F6D63755F6E50
:1001B00065745F707265646963746F722F676C6FCA
:1001C00062616C5F6C73746D2F6C73746D2F756EE0
:1001D000737461636B31323B6D5F6D63755F6E6528
:1001E000745F707265646963746F722F676C6F629D
:1001F000616C5F6C73746D2F6C73746D2F756E739F
:100200007461636B31333B6D5F6D63755F6E6574F5
:100210005F707265646963746F722F676C6F62617F
:100220006C5F6C73746D2F6C73746D2F756E73745B
:1002300061636B31343B6D5F6D63755F6E65745FD9
:10024000707265646963746F722F676C6F62616C42
:100250005F6C73746D2F6C73746D2F756E73746136
:10026000636B31353B6D5F6D63755F6E65745F7099
:100270007265646963746F722F676C6F62616C5F23
:100280006C73746D2F6C73746D2F756E7374616302
:100290006B31363B6D5F6D63755F6E65745F707259
:1002A00065646963746F722F676C6F62616C5F6CF9
:1002B00073746D2F6C73746D2F756E737461636BD3
:1002C00031373B6D5F6D63755F6E65745F7072652E
:1002D000646963746F722F676C6F62616C5F6C73BB
:1002E000746D2F6C73746D2F756E737461636B31E5
:1002F000383B6D5F6D63755F6E65745F70726564CA
:100300006963746F722F676C6F62616C5F6C73747A
:100310006D2F6C73746D2F756E737461636B3139EF
:100320003B6D5F6D63755F6E65745F707265646968
:1003300063746F722F676C6F62616C5F6C73746D46
:100340002F6C73746D2F756E737461636B32303BF9
:100350006D5F6D63755F6E65745F70726564696310
:10036000746F722F676C6F62616C5F6C73746D2F4A
:100370006C73746D2F756E737461636B32313B6D8A
:100380005F6D63755F6E65745F70726564696374D9
:100390006F722F676C6F62616C5F6C73746D2F6C22
:1003A00073746D2F756E737461636B32323B6D5F66
:1003B0006D63755F6E65745F707265646963746F99
:1003C000722F676C6F62616C5F6C73746D2F6C73EE
:1003D000746D2F756E737461636B32333B6D5F6D3B
:1003E00063755F6E65745F707265646963746F7264
:1003F0002F676C6F62616C5F6C73746D2F6C7374BC
:100400006D2F756E737461636B32343B6D5F6D631A
:10041000755F6E65745F707265646963746F722F67
:10042000676C6F62616C5F6C73746D2F6C73746D4D
:100430002F756E737461636B32353B6D5F6D6375E1
:100440005F6E65745F707265646963746F722F6745
:100450006C6F62616C5F6C73746D2F6C73746D2F55
:10046000756E737461636B32363B6D5F6D63755F80
:100470006E65745F707265646963746F722F676C08
:100480006F62616C5F6C73746D2F6C73746D2F751C
:100490006E737461636B32373B6D5F6D63755F6E56
:1004A00065745F707265646963746F722F676C6FD7
:1004B00062616C5F6C73746D2F6C73746D2F756EED
:1004C000737461636B32383B6D5F6D63755F6E652E
:1004D000745F707265646963746F722F676C6F62AA
:1004E000616C5F6C73746D2F6C73746D2F756E73AC
:1004F0007461636B32393B6D5F6D63755F6E6574FC
:100500005F707265646963746F722F676C6F62618C
:100510006C5F6C73746D2F6C73746D2F756E737468
:1005200061636B33303B6D5F6D63755F6E65745FE8
:10053000707265646963746F722F676C6F62616C4F
:100540005F6C73746D2F6C73746D2F756E73746143
:10055000636B333132320000020000000100000002
:10056000400000005249FFFF00000001140000009D
:100570003400000031000000000000090406000003
:100580009448FFFF08000000140000000100000074
:1005900080FFFFFFFFFFFFFF0000000001000000E1
:1005A000FF13483CD60500006D5F6D63755F6E6597
:1005B000745F707265646963746F722F676C6F62C9
:1005C000616C5F6C73746D2F6C73746D2F756E73CB
:1005D0007461636B3B6D5F6D63755F6E65745F70B7
:1005E0007265646963746F722F676C6F62616C5FB0
:1005F0006C73746D2F6C73746D2F756E737461638F
:100600006B313B6D5F6D63755F6E65745F707265B6
:10061000646963746F722F676C6F62616C5F6C7377
:10062000746D2F6C73746D2F756E737461636B32A0
:100630003B6D5F6D63755F6E65745F707265646955
:1006400063746F722F676C6F62616C5F6C73746D33
:100650002F6C73746D2F756E737461636B333B6DA8
:100660005F6D63755F6E65745F70726564696374F6
:100670006F722F676C6F62616C5F6C73746D2F6C3F
:1006800073746D2F756E737461636B343B6D5F6D46
:1006900063755F6E65745F707265646963746F72B1
:1006A0002F676C6F62616C5F6C73746D2F6C737409
:1006B0006D2F756E737461636B353B6D5F6D637524
:1006C0005F6E65745F707265646963746F722F67C3
:1006D0006C6F62616C5F6C73746D2F6C73746D2FD3
:1006E000756E737461636B363B6D5F6D63755F6EC2
:1006F00065745F707265646963746F722F676C6F85
:1007000062616C5F6C73746D2F6C73746D2F756E9A
:10071000737461636B373B6D5F6D63755F6E65749A
:100720005F707265646963746F722F676C6F62616A
:100730006C5F6C73746D2F6C73746D2F756E737446
:1007400061636B383B6D5F6D63755F6E65745F7081
:100750007265646963746F722F676C6F62616C5F3E
:100760006C73746D2F6C73746D2F756E737461631D
:100770006B393B6D5F6D63755F6E65745F7072653D
:10078000646963746F722F676C6F62616C5F6C7306
:10079000746D2F6C73746D2F756E737461636B3130
:1007A000303B6D5F6D63755F6E65745F707265641D
:1007B0006963746F722F676C6F62616C5F6C7374C6
:1007C0006D2F6C73746D2F756E737461636B313143
:1007D0003B6D5F6D63755F6E65745F7072656469B4
:1007E00063746F722F676C6F62616C5F6C73746D92
:1007F0002F6C73746D2F756E737461636B31323B44
:100800006D5F6D63755F6E65745F7072656469635B
:10081000746F722F676C6F62616C5F6C73746D2F95
:100820006C73746D2F756E737461636B31333B6DD4
:100830005F6D63755F6E65745F7072656469637424
:100840006F722F676C6F62616C5F6C73746D2F6C6D
:1008500073746D2F756E737461636B31343B6D5FB0
:100860006D63755F6E65745F707265646963746FE4
:10087000722F676C6F62616C5F6C73746D2F6C7339
:10088000746D2F756E737461636B31353B6D5F6D85
:1008900063755F6E65745F707265646963746F72AF
:1008A0002F676C6F62616C5F6C73746D2F6C737407
:1008B0006D2F756E737461636B31363B6D5F6D6365
:1008C000755F6E65745F707265646963746F722FB3
:1008D000676C6F62616C5F6C73746D2F6C73746D99
:1008E0002F756E737461636B31373B6D5F6D63752C
:1008F0005F6E65745F707265646963746F722F6791
:100900006C6F62616C5F6C73746D2F6C73746D2FA0
:10091000756E737461636B31383B6D5F6D63755FCA
:100920006E65745F707265646963746F722F676C53
:100930006F62616C5F6C73746D2F6C73746D2F7567
:100940006E737461636B31393B6D5F6D63755F6EA0
:1009500065745F707265646963746F722F676C6F22
:1009600062616C5F6C73746D2F6C73746D2F756E38
:10097000737461636B32303B6D5F6D63755F6E6581
:10098000745F707265646963746F722F676C6F62F5
:10099000616C5F6C73746D2F6C73746D2F756E73F7
:1009A0007461636B32313B6D5F6D63755F6E65744F
:1009B0005F707265646963746F722F676C6F6261D8
:1009C0006C5F6C73746D2F6C73746D2F756E7374B4
:1009D00061636B32323B6D5F6D63755F6E65745F33
:1009E000707265646963746F722F676C6F62616C9B
:1009F0005F6C73746D2F6C73746D2F756E7374618F
:100A0000636B32333B6D5F6D63755F6E65745F70F2
:100A10007265646963746F722F676C6F62616C5F7B
:100A20006C73746D2F6C73746D2F756E737461635A
:100A30006B32343B6D5F6D63755F6E65745F7072B2
:100A400065646963746F722F676C6F62616C5F6C51
:100A500073746D2F6C73746D2F756E737461636B2B
:100A600032353B6D5F6D63755F6E65745F70726587
:100A7000646963746F722F676C6F62616C5F6C7313
:100A8000746D2F6C73746D2F756E737461636B323C
:100A9000363B6D5F6D63755F6E65745F7072656424
:100AA0006963746F722F676C6F62616C5F6C7374D3
:100AB0006D2F6C73746D2F756E737461636B323749
:100AC0003B6D5F6D63755F6E65745F7072656469C1
:100AD00063746F722F676C6F62616C5F6C73746D9F
:100AE0002F6C73746D2F756E737461636B32383B4A
:100AF0006D5F6D63755F6E65745F70726564696369
:100B0000746F722F676C6F62616C5F6C73746D2FA2
:100B10006C73746D2F756E737461636B32393B6DDA
:100B20005F6D63755F6E65745F7072656469637431
:100B30006F722F676C6F62616C5F6C73746D2F6C7A
:100B400073746D2F756E737461636B33303B6D5FBF
:100B50006D63755F6E65745F707265646963746FF1
:100B6000722F676C6F62616C5F6C73746D2F6C7346
:100B7000746D2F756E737461636B333132310000A5
:100B80000200000001000000400000007A4FFFFF5B
:100B900000000001140000003400000030000000DC
:100BA0000000000904060000BC4EFFFF0800000022
:100BB000140000000100000080FFFFFFFFFFFFFFA7
:100BC0000000000001000000FF13483CD6050000B3
:100BD0006D5F6D63755F6E65745F70726564696388
:100BE000746F722F676C6F62616C5F6C73746D2FC2
:100BF0006C73746D2F756E737461636B3B6D5F6D99
:100C000063755F6E65745F707265646963746F723B
:100C10002F676C6F62616C5F6C73746D2F6C737493
:100C20006D2F756E737461636B313B6D5F6D6375B2
:100C30005F6E65745F707265646963746F722F674D
:100C40006C6F62616C5F6C73746D2F6C73746D2F5D
:100C5000756E737461636B323B6D5F6D63755F6E50
:100C600065745F707265646963746F722F676C6F0F
:100C700062616C5F6C73746D2F6C73746D2F756E25
:100C8000737461636B333B6D5F6D63755F6E657429
:100C90005F707265646963746F722F676C6F6261F5
:100CA0006C5F6C73746D2F6C73746D2F756E7374D1
:100CB00061636B343B6D5F6D63755F6E65745F7010
:100CC0007265646963746F722F676C6F62616C5FC9
:100CD0006C73746D2F6C73746D2F756E73746163A8
:100CE0006B353B6D5F6D63755F6E65745F707265CC
:100CF000646963746F722F676C6F62616C5F6C7391
:100D0000746D2F6C73746D2F756E737461636B36B5
:100D10003B6D5F6D63755F6E65745F70726564696E
:100D200063746F722F676C6F62616C5F6C73746D4C
:100D30002F6C73746D2F756E737461636B373B6DBD
:100D40005F6D63755F6E65745F707265646963740F
:100D50006F722F676C6F62616C5F6C73746D2F6C58
:100D600073746D2F756E737461636B383B6D5F6D5B
:100D700063755F6E65745F707265646963746F72CA
:100D80002F676C6F62616C5F6C73746D2F6C737422
:100D90006D2F756E737461636B393B6D5F6D637539
:100DA0005F6E65745F707265646963746F722F67DC
:100DB0006C6F62616C5F6C73746D2F6C73746D2FEC
:100DC000756E737461636B31303B6D5F6D63755F1E
:100DD0006E65745F707265646963746F722F676C9F
:100DE0006F62616C5F6C73746D2F6C73746D2F75B3
:100DF0006E737461636B31313B6D5F6D63755F6EF4
:100E000065745F707265646963746F722F676C6F6D
:100E100062616C5F6C73746D2F6C73746D2F756E83
:100E2000737461636B31323B6D5F6D63755F6E65CB
:100E3000745F707265646963746F722F676C6F6240
:100E4000616C5F6C73746D2F6C73746D2F756E7342
:100E50007461636B31333B6D5F6D63755F6E657499
:100E60005F707265646963746F722F676C6F626123
:100E70006C5F6C73746D2F6C73746D2F756E7374FF
:100E800061636B31343B6D5F6D63755F6E65745F7D
:100E9000707265646963746F722F676C6F62616CE6
:100EA0005F6C73746D2F6C73746D2F756E737461DA
:100EB000636B31353B6D5F6D63755F6E65745F703D
:100EC0007265646963746F722F676C6F62616C5FC7
:100ED0006C73746D2F6C73746D2F756E73746163A6
:100EE0006B31363B6D5F6D63755F6E65745F7072FD
:100EF00065646963746F722F676C6F62616C5F6C9D
:100F000073746D2F6C73746D2F756E737461636B76
:100F100031373B6D5F6D63755F6E65745F707265D1
:100F2000646963746F722F676C6F62616C5F6C735E
:100F3000746D2F6C73746D2F756E737461636B3188
:100F4000383B6D5F6D63755F6E65745F707265646D
:100F50006963746F722F676C6F62616C5F6C73741E
:100F60006D2F6C73746D2F756E737461636B313993
:100F70003B6D5F6D63755F6E65745F70726564690C
:100F800063746F722F676C6F62616C5F6C73746DEA
:100F90002F6C73746D2F756E737461636B32303B9D
:100FA0006D5F6D63755F6E65745F707265646963B4
:100FB000746F722F676C6F62616C5F6C73746D2FEE
:100FC0006C73746D2F756E737461636B32313B6D2E
:100FD0005F6D63755F6E65745F707265646963747D
:100FE0006F722F676C6F62616C5F6C73746D2F6CC6
:100FF00073746D2F756E737461636B32323B6D5F0A
:101000006D63755F6E65745F707265646963746F3C
:10101000722F676C6F62616C5F6C73746D2F6C7391
:10102000746D2F756E737461636B32333B6D5F6DDE
:1010300063755F6E65745F707265646963746F7207
:101040002F676C6F62616C5F6C73746D2F6C73745F
:101050006D2F756E737461636B32343B6D5F6D63BE
:10106000755F6E65745F707265646963746F722F0B
:10107000676C6F62616C5F6C73746D2F6C73746DF1
:101080002F756E737461636B32353B6D5F6D637585
:101090005F6E65745F707265646963746F722F67E9
:1010A0006C6F62616C5F6C73746D2F6C73746D2FF9
:1010B000756E737461636B32363B6D5F6D63755F24
:1010C0006E65745F707265646963746F722F676CAC
:1010D0006F62616C5F6C73746D2F6C73746D2F75C0
:1010E0006E737461636B32373B6D5F6D63755F6EFA
:1010F00065745F707265646963746F722F676C6F7B
:1011000062616C5F6C73746D2F6C73746D2F756E90
:10111000737461636B32383B6D5F6D63755F6E65D1
:10112000745F707265646963746F722F676C6F624D
:10113000616C5F6C73746D2F6C73746D2F756E734F
:101140007461636B32393B6D5F6D63755F6E65749F
:101150005F707265646963746F722F676C6F626130
:101160006C5F6C73746D2F6C73746D2F756E73740C
:1011700061636B33303B6D5F6D63755F6E65745F8C
:10118000707265646963746F722F676C6F62616CF3
:101190005F6C73746D2F6C73746D2F756E737461E7
:1011A000636B3331323000000200000001000000A8
:1011B00040000000A255FFFF0000000114000000E5
:1011C000340000002F0000000000000904060000A9
:1011D000E454FFFF080000001400000001000000BC
:1011E00080FFFFFFFFFFFFFF000000000100000085
:1011F000FF13483CD60500006D5F6D63755F6E653B
:10120000745F707265646963746F722F676C6F626C
:10121000616C5F6C73746D2F6C73746D2F756E736E
:101220007461636B3B6D5F6D63755F6E65745F705A
:101230007265646963746F722F676C6F62616C5F53
:101240006C73746D2F6C73746D2F756E7374616332
:101250006B313B6D5F6D63755F6E65745F7072655A
:10126000646963746F722F676C6F62616C5F6C731B
:10127000746D2F6C73746D2F756E737461636B3244
:101280003B6D5F6D63755F6E65745F7072656469F9
:1012900063746F722F676C6F62616C5F6C73746DD7
:1012A0002F6C73746D2F756E737461636B333B6D4C
:1012B0005F6D63755F6E65745F707265646963749A
:1012C0006F722F676C6F62616C5F6C73746D2F6CE3
:1012D00073746D2F756E737461636B343B6D5F6DEA
:1012E00063755F6E65745F707265646963746F7255
:1012F0002F676C6F62616C5F6C73746D2F6C7374AD
:101300006D2F756E737461636B353B6D5F6D6375C7
:101310005F6E65745F707265646963746F722F6766
:101320006C6F62616C5F6C73746D2F6C73746D2F76
:10133000756E737461636B363B6D5F6D63755F6E65
:1013400065745F707265646963746F722F676C6F28
:1013500062616C5F6C73746D2F6C73746D2F756E3E
:10136000737461636B373B6D5F6D63755F6E65743E
:101370005F707265646963746F722F676C6F62610E
:101380006C5F6C73746D2F6C73746D2F756E7374EA
:1013900061636B383B6D5F6D63755F6E65745F7025
:1013A0007265646963746F722F676C6F62616C5FE2
:1013B0006C73746D2F6C73746D2F756E73746163C1
:1013C0006B393B6D5F6D63755F6E65745F707265E1
:1013D000646963746F722F676C6F62616C5F6C73AA
:1013E000746D2F6C73746D2F756E737461636B31D4
:1013F000303B6D5F6D63755F6E65745F70726564C1
:101400006963746F722F676C6F62616C5F6C737469
:101410006D2F6C73746D2F756E737461636B3131E6
:101420003B6D5F6D63755F6E65745F707265646957
:1014300063746F722F676C6F62616C5F6C73746D35
:101440002F6C73746D2F756E737461636B31323BE7
:101450006D5F6D63755F6E65745F707265646963FF
:10146000746F722F676C6F62616C5F6C73746D2F39
:101470006C73746D2F756E737461636B31333B6D78
:101480005F6D63755F6E65745F70726564696374C8
:101490006F722F676C6F62616C5F6C73746D2F6C11
:1014A00073746D2F756E737461636B31343B6D5F54
:1014B0006D63755F6E65745F707265646963746F88
:1014C000722F676C6F62616C5F6C73746D2F6C73DD
:1014D000746D2F756E737461636B31353B6D5F6D29
:1014E00063755F6E65745F707265646963746F7253
:1014F0002F676C6F62616C5F6C73746D2F6C7374AB
:101500006D2F756E737461636B31363B6D5F6D6308
:10151000755F6E65745F707265646963746F722F56
:10152000676C6F62616C5F6C73746D2F6C73746D3C
:101530002F756E737461636B31373B6D5F6D6375CF
:101540005F6E65745F707265646963746F722F6734
:101550006C6F62616C5F6C73746D2F6C73746D2F44
:10156000756E737461636B31383B6D5F6D63755F6E
:101570006E65745F707265646963746F722F676CF7
:101580006F62616C5F6C73746D2F6C73746D2F750B
:101590006E737461636B31393B6D5F6D63755F6E44
:1015A00065745F707265646963746F722F676C6FC6
:1015B00062616C5F6C73746D2F6C73746D2F756EDC
:1015C000737461636B32303B6D5F6D63755F6E6525
:1015D000745F707265646963746F722F676C6F6299
:1015E000616C5F6C73746D2F6C73746D2F756E739B
:1015F0007461636B32313B6D5F6D63755F6E6574F3
:101600005F707265646963746F722F676C6F62617B
:101610006C5F6C73746D2F6C73746D2F756E737457
:1016200061636B32323B6D5F6D63755F6E65745FD6
:10163000707265646963746F722F676C6F62616C3E
:101640005F6C73746D2F6C73746D2F756E73746132
:10165000636B32333B6D5F6D63755F6E65745F7096
:101660007265646963746F722F676C6F62616C5F1F
:101670006C73746D2F6C73746D2F756E73746163FE
:101680006B32343B6D5F6D63755F6E65745F707256
:1016900065646963746F722F676C6F62616C5F6CF5
:1016A00073746D2F6C73746D2F756E737461636BCF
:1016B00032353B6D5F6D63755F6E65745F7072652B
:1016C000646963746F722F676C6F62616C5F6C73B7
:1016D000746D2F6C73746D2F756E737461636B32E0
:1016E000363B6D5F6D63755F6E65745F70726564C8
:1016F0006963746F722F676C6F62616C5F6C737477
:101700006D2F6C73746D2F756E737461636B3237EC
:101710003B6D5F6D63755F6E65745F707265646964
:1017200063746F722F676C6F62616C5F6C73746D42
:101730002F6C73746D2F756E737461636B32383BED
:101740006D5F6D63755F6E65745F7072656469630C
:10175000746F722F676C6F62616C5F6C73746D2F46
:101760006C73746D2F756E737461636B32393B6D7E
:101770005F6D63755F6E65745F70726564696374D5
:101780006F722F676C6F62616C5F6C73746D2F6C1E
:1017900073746D2F756E737461636B33303B6D5F63
:1017A0006D63755F6E65745F707265646963746F95
:1017B000722F676C6F62616C5F6C73746D2F6C73EA
:1017C000746D2F756E737461636B33313139000042
:1017D000020000000100000040000000CA5BFFFFA3
:1017E0000000000114000000340000002E00000082
:1017F00000000009040600000C5BFFFF0800000069
:10180000140000000100000080FFFFFFFFFFFFFF4A
:101810000000000001000000FF13483CD605000056
:101820006D5F6D63755F6E65745F7072656469632B
:10183000746F722F676C6F62616C5F6C73746D2F65
:101840006C73746D2F756E737461636B3B6D5F6D3C
:1018500063755F6E65745F707265646963746F72DF
:101860002F676C6F62616C5F6C73746D2F6C737437
:101870006D2F756E737461636B313B6D5F6D637556
:101880005F6E65745F707265646963746F722F67F1
:101890006C6F62616C5F6C73746D2F6C73746D2F01
:1018A000756E737461636B323B6D5F6D63755F6EF4
:1018B00065745F707265646963746F722F676C6FB3
:1018C00062616C5F6C73746D2F6C73746D2F756EC9
:1018D000737461636B333B6D5F6D63755F6E6574CD
:1018E0005F707265646963746F722F676C6F626199
:1018F0006C5F6C73746D2F6C73746D2F756E737475
:1019000061636B343B6D5F6D63755F6E65745F70B3
:101910007265646963746F722F676C6F62616C5F6C
:101920006C73746D2F6C73746D2F756E737461634B
:101930006B353B6D5F6D63755F6E65745F7072656F
:10194000646963746F722F676C6F62616C5F6C7334
:10195000746D2F6C73746D2F756E737461636B3659
:101960003B6D5F6D63755F6E65745F707265646912
:1019700063746F722F676C6F62616C5F6C73746DF0
:101980002F6C73746D2F756E737461636B373B6D61
:101990005F6D63755F6E65745F70726564696374B3
:1019A0006F722F676C6F62616C5F6C73746D2F6CFC
:1019B00073746D2F756E737461636B383B6D5F6DFF
:1019C00063755F6E65745F707265646963746F726E
:1019D0002F676C6F62616C5F6C73746D2F6C7374C6
:1019E0006D2F756E737461636B393B6D5F6D6375DD
:1019F0005F6E65745F707265646963746F722F6780
:101A00006C6F62616C5F6C73746D2F6C73746D2F8F
:101A1000756E737461636B31303B6D5F6D63755FC1
:101A20006E65745F707265646963746F722F676C42
:101A30006F62616C5F6C73746D2F6C73746D2F7556
:101A40006E737461636B31313B6D5F6D63755F6E97
:101A500065745F707265646963746F722F676C6F11
:101A600062616C5F6C73746D2F6C73746D2F756E27
:101A7000737461636B31323B6D5F6D63755F6E656F
:101A8000745F707265646963746F722F676C6F62E4
:101A9000616C5F6C73746D2F6C73746D2F756E73E6
:101AA0007461636B31333B6D5F6D63755F6E65743D
:101AB0005F707265646963746F722F676C6F6261C7
:101AC0006C5F6C73746D2F6C73746D2F756E7374A3
:101AD00061636B31343B6D5F6D63755F6E65745F21
:101AE000707265646963746F722F676C6F62616C8A
:101AF0005F6C73746D2F6C73746D2F756E7374617E
:101B0000636B31353B6D5F6D63755F6E65745F70E0
:101B10007265646963746F722F676C6F62616C5F6A
:101B20006C73746D2F6C73746D2F756E7374616349
:101B30006B31363B6D5F6D63755F6E65745F7072A0
:101B400065646963746F722F676C6F62616C5F6C40
:101B500073746D2F6C73746D2F756E737461636B1A
:101B600031373B6D5F6D63755F6E65745F70726575
:101B7000646963746F722F676C6F62616C5F6C7302
:101B8000746D2F6C73746D2F756E737461636B312C
:101B9000383B6D5F6D63755F6E65745F7072656411
:101BA0006963746F722F676C6F62616C5F6C7374C2
:101BB0006D2F6C73746D2F756E737461636B313937
:101BC0003B6D5F6D63755F6E65745F7072656469B0
:101BD00063746F722F676C6F62616C5F6C73746D8E
:101BE0002F6C73746D2F756E737461636B32303B41
:101BF0006D5F6D63755F6E65745F70726564696358
:101C0000746F722F676C6F62616C5F6C73746D2F91
:101C10006C73746D2F756E737461636B32313B6DD1
:101C20005F6D63755F6E65745F7072656469637420
:101C30006F722F676C6F62616C5F6C73746D2F6C69
:101C400073746D2F756E737461636B32323B6D5FAD
:101C50006D63755F6E65745F707265646963746FE0
:101C6000722F676C6F62616C5F6C73746D2F6C7335
:101C7000746D2F756E737461636B32333B6D5F6D82
:101C800063755F6E65745F707265646963746F72AB
:101C90002F676C6F62616C5F6C73746D2F6C737403
:101CA0006D2F756E737461636B32343B6D5F6D6362
:101CB000755F6E65745F707265646963746F722FAF
:101CC000676C6F62616C5F6C73746D2F6C73746D95
:101CD0002F756E737461636B32353B6D5F6D637529
:101CE0005F6E65745F707265646963746F722F678D
:101CF0006C6F62616C5F6C73746D2F6C73746D2F9D
:101D0000756E737461636B32363B6D5F6D63755FC7
:101D10006E65745F707265646963746F722F676C4F
:101D20006F62616C5F6C73746D2F6C73746D2F7563
:101D30006E737461636B32373B6D5F6D63755F6E9D
:101D400065745F707265646963746F722F676C6F1E
:101D500062616C5F6C73746D2F6C73746D2F756E34
:101D6000737461636B32383B6D5F6D63755F6E6575
:101D7000745F707265646963746F722F676C6F62F1
:101D8000616C5F6C73746D2F6C73746D2F756E73F3
:101D90007461636B32393B6D5F6D63755F6E657443
:101DA0005F707265646963746F722F676C6F6261D4
:101DB0006C5F6C73746D2F6C73746D2F756E7374B0
:101DC00061636B33303B6D5F6D63755F6E65745F30
:101DD000707265646963746F722F676C6F62616C97
:101DE0005F6C73746D2F6C73746D2F756E7374618B
:101DF000636B333131380000020000000100000045
:101E000040000000F261FFFF00000001140000002C
:101E1000340000002D00000000000009040600004E
:101E20003461FFFF08000000140000000100000002
:101E300080FFFFFFFFFFFFFF000000000100000028
:101E4000FF13483CD60500006D5F6D63755F6E65DE
:101E5000745F707265646963746F722F676C6F6210
:101E6000616C5F6C73746D2F6C73746D2F756E7312
:101E70007461636B3B6D5F6D63755F6E65745F70FE
:101E80007265646963746F722F676C6F62616C5FF7
:101E90006C73746D2F6C73746D2F756E73746163D6
:101EA0006B313B6D5F6D63755F6E65745F707265FE
:101EB000646963746F722F676C6F62616C5F6C73BF
:101EC000746D2F6C73746D2F756E737461636B32E8
:101ED0003B6D5F6D63755F6E65745F70726564699D
:101EE00063746F722F676C6F62616C5F6C73746D7B
:101EF0002F6C73746D2F756E737461636B333B6DF0
:101F00005F6D63755F6E65745F707265646963743D
:101F10006F722F676C6F62616C5F6C73746D2F6C86
:101F200073746D2F756E737461636B343B6D5F6D8D
:101F300063755F6E65745F707265646963746F72F8
:101F40002F676C6F62616C5F6C73746D2F6C737450
:101F50006D2F756E737461636B353B6D5F6D63756B
:101F60005F6E65745F707265646963746F722F670A
:101F70006C6F62616C5F6C73746D2F6C73746D2F1A
:101F8000756E737461636B363B6D5F6D63755F6E09
:101F900065745F707265646963746F722F676C6FCC
:101FA00062616C5F6C73746D2F6C73746D2F756EE2
:101FB000737461636B373B6D5F6D63755F6E6574E2
:101FC0005F707265646963746F722F676C6F6261B2
:101FD0006C5F6C73746D2F6C73746D2F756E73748E
:101FE00061636B383B6D5F6D63755F6E65745F70C9
:101FF0007265646963746F722F676C6F62616C5F86
:102000006C73746D2F6C73746D2F756E7374616364
:102010006B393B6D5F6D63755F6E65745F70726584
:10202000646963746F722F676C6F62616C5F6C734D
:10203000746D2F6C73746D2F756E737461636B3177
:10204000303B6D5F6D63755F6E65745F7072656464
:102050006963746F722F676C6F62616C5F6C73740D
:102060006D2F6C73746D2F756E737461636B31318A
:102070003B6D5F6D63755F6E65745F7072656469FB
:1020800063746F722F676C6F62616C5F6C73746DD9
:102090002F6C73746D2F756E737461636B31323B8B
:1020A0006D5F6D63755F6E65745F707265646963A3
:1020B000746F722F676C6F62616C5F6C73746D2FDD
:1020C0006C73746D2F756E737461636B31333B6D1C
:1020D0005F6D63755F6E65745F707265646963746C
:1020E0006F722F676C6F62616C5F6C73746D2F6CB5
:1020F00073746D2F756E737461636B31343B6D5FF8
:102100006D63755F6E65745F707265646963746F2B
:10211000722F676C6F62616C5F6C73746D2F6C7380
:10212000746D2F756E737461636B31353B6D5F6DCC
:1021300063755F6E65745F707265646963746F72F6
:102140002F676C6F62616C5F6C73746D2F6C73744E
:102150006D2F756E737461636B31363B6D5F6D63AC
:10216000755F6E65745F707265646963746F722FFA
:10217000676C6F62616C5F6C73746D2F6C73746DE0
:102180002F756E737461636B31373B6D5F6D637573
:102190005F6E65745F707265646963746F722F67D8
:1021A0006C6F62616C5F6C73746D2F6C73746D2FE8
:1021B000756E737461636B31383B6D5F6D63755F12
:1021C0006E65745F707265646963746F722F676C9B
:1021D0006F62616C5F6C73746D2F6C73746D2F75AF
:1021E0006E737461636B31393B6D5F6D63755F6EE8
:1021F00065745F707265646963746F722F676C6F6A
:1022000062616C5F6C73746D2F6C73746D2F756E7F
:10221000737461636B32303B6D5F6D63755F6E65C8
:10222000745F707265646963746F722F676C6F623C
:10223000616C5F6C73746D2F6C73746D2F756E733E
:102240007461636B32313B6D5F6D63755F6E657496
:102250005F707265646963746F722F676C6F62611F
:102260006C5F6C73746D2F6C73746D2F756E7374FB
:1022700061636B32323B6D5F6D63755F6E65745F7A
:10228000707265646963746F722F676C6F62616CE2
:102290005F6C73746D2F6C73746D2F756E737461D6
:1022A000636B32333B6D5F6D63755F6E65745F703A
:1022B0007265646963746F722F676C6F62616C5FC3
:1022C0006C73746D2F6C73746D2F756E73746163A2
:1022D0006B32343B6D5F6D63755F6E65745F7072FA
:1022E00065646963746F722F676C6F62616C5F6C99
:1022F00073746D2F6C73746D2F756E737461636B73
:1023000032353B6D5F6D63755F6E65745F707265CE
:10231000646963746F722F676C6F62616C5F6C735A
:10232000746D2F6C73746D2F756E737461636B3283
:10233000363B6D5F6D63755F6E65745F707265646B
:102340006963746F722F676C6F62616C5F6C73741A
:102350006D2F6C73746D2F756E737461636B323790
:102360003B6D5F6D63755F6E65745F707265646908
:1023700063746F722F676C6F62616C5F6C73746DE6
:102380002F6C73746D2F756E737461636B32383B91
:102390006D5F6D63755F6E65745F707265646963B0
:1023A000746F722F676C6F62616C5F6C73746D2FEA
:1023B0006C73746D2F756E737461636B32393B6D22
:1023C0005F6D63755F6E65745F7072656469637479
:1023D0006F722F676C6F62616C5F6C73746D2F6CC2
:1023E00073746D2F756E737461636B33303B6D5F07
:1023F0006D63755F6E65745F707265646963746F39
:10240000722F676C6F62616C5F6C73746D2F6C738D
:10241000746D2F756E737461636B333131370000E7
:102420000200000001000000400000001A68FFFFE9
:102430000000000114000000340000002C00000027
:1024400000000009040600005C67FFFF08000000B0
:10245000140000000100000080FFFFFFFFFFFFFFEE
:102460000000000001000000FF13483CD6050000FA
:102470006D5F6D63755F6E65745F707265646963CF
:10248000746F722F676C6F62616C5F6C73746D2F09
:102490006C73746D2F756E737461636B3B6D5F6DE0
:1024A00063755F6E65745F707265646963746F7283
:1024B0002F676C6F62616C5F6C73746D2F6C7374DB
:1024C0006D2F756E737461636B313B6D5F6D6375FA
:1024D0005F6E65745F707265646963746F722F6795
:1024E0006C6F62616C5F6C73746D2F6C73746D2FA5
:1024F000756E737461636B323B6D5F6D63755F6E98
:1025000065745F707265646963746F722F676C6F56
:1025100062616C5F6C73746D2F6C73746D2F756E6C
:10252000737461636B333B6D5F6D63755F6E657470
:102530005F707265646963746F722F676C6F62613C
:102540006C5F6C73746D2F6C73746D2F756E737418
:1025500061636B343B6D5F6D63755F6E65745F7057
:102560007265646963746F722F676C6F62616C5F10
:102570006C73746D2F6C73746D2F756E73746163EF
:102580006B353B6D5F6D63755F6E65745F70726513
:10259000646963746F722F676C6F62616C5F6C73D8
:1025A000746D2F6C73746D2F756E737461636B36FD
:1025B0003B6D5F6D63755F6E65745F7072656469B6
:1025C00063746F722F676C6F62616C5F6C73746D94
:1025D0002F6C73746D2F756E737461636B373B6D05
:1025E0005F6D63755F6E65745F7072656469637457
:1025F0006F722F676C6F62616C5F6C73746D2F6CA0
:1026000073746D2F756E737461636B383B6D5F6DA2
:1026100063755F6E65745F707265646963746F7211
:102620002F676C6F62616C5F6C73746D2F6C737469
:102630006D2F756E737461636B393B6D5F6D637580
:102640005F6E65745F707265646963746F722F6723
:102650006C6F62616C5F6C73746D2F6C73746D2F33
:10266000756E737461636B31303B6D5F6D63755F65
:102670006E65745F707265646963746F722F676CE6
:102680006F62616C5F6C73746D2F6C73746D2F75FA
:102690006E737461636B31313B6D5F6D63755F6E3B
:1026A00065745F707265646963746F722F676C6FB5
:1026B00062616C5F6C73746D2F6C73746D2F756ECB
:1026C000737461636B31323B6D5F6D63755F6E6513
:1026D000745F707265646963746F722F676C6F6288
:1026E000616C5F6C73746D2F6C73746D2F756E738A
:1026F0007461636B31333B6D5F6D63755F6E6574E1
:102700005F707265646963746F722F676C6F62616A
:102710006C5F6C73746D2F6C73746D2F756E737446
:1027200061636B31343B6D5F6D63755F6E65745FC4
:10273000707265646963746F722F676C6F62616C2D
:102740005F6C73746D2F6C73746D2F756E73746121
:10275000636B31353B6D5F6D63755F6E65745F7084
:102760007265646963746F722F676C6F62616C5F0E
:102770006C73746D2F6C73746D2F756E73746163ED
:102780006B31363B6D5F6D63755F6E65745F707244
:1027900065646963746F722F676C6F62616C5F6CE4
:1027A00073746D2F6C73746D2F756E737461636BBE
:1027B00031373B6D5F6D63755F6E65745F70726519
:1027C000646963746F722F676C6F62616C5F6C73A6
:1027D000746D2F6C73746D2F756E737461636B31D0
:1027E000383B6D5F6D63755F6E65745F70726564B5
:1027F0006963746F722F676C6F62616C5F6C737466
:102800006D2F6C73746D2F756E737461636B3139DA
:102810003B6D5F6D63755F6E65745F707265646953
:1028200063746F722F676C6F62616C5F6C73746D31
:102830002F6C73746D2F756E737461636B32303BE4
:102840006D5F6D63755F6E65745F707265646963FB
:10285000746F722F676C6F62616C5F6C73746D2F35
:102860006C73746D2F756E737461636B32313B6D75
:102870005F6D63755F6E65745F70726564696374C4
:102880006F722F676C6F62616C5F6C73746D2F6C0D
:1028900073746D2F756E737461636B32323B6D5F51
:1028A0006D63755F6E65745F707265646963746F84
:1028B000722F676C6F62616C5F6C73746D2F6C73D9
:1028C000746D2F756E737461636B32333B6D5F6D26
:1028D00063755F6E65745F707265646963746F724F
:1028E0002F676C6F62616C5F6C73746D2F6C7374A7
:1028F0006D2F756E737461636B32343B6D5F6D6306
:10290000755F6E65745F707265646963746F722F52
:10291000676C6F62616C5F6C73746D2F6C73746D38
:102920002F756E737461636B32353B6D5F6D6375CC
:102930005F6E65745F707265646963746F722F6730
:102940006C6F62616C5F6C73746D2F6C73746D2F40
:10295000756E737461636B32363B6D5F6D63755F6B
:102960006E65745F707265646963746F722F676CF3
:102970006F62616C5F6C73746D2F6C73746D2F7507
:102980006E737461636B32373B6D5F6D63755F6E41
:1029900065745F707265646963746F722F676C6FC2
:1029A00062616C5F6C73746D2F6C73746D2F756ED8
:1029B000737461636B32383B6D5F6D63755F6E6519
:1029C000745F707265646963746F722F676C6F6295
:1029D000616C5F6C73746D2F6C73746D2F756E7397
:1029E0007461636B32393B6D5F6D63755F6E6574E7
:1029F0005F707265646963746F722F676C6F626178
:102A00006C5F6C73746D2F6C73746D2F756E737453
:102A100061636B33303B6D5F6D63755F6E65745FD3
:102A2000707265646963746F722F676C6F62616C3A
:102A30005F6C73746D2F6C73746D2F756E7374612E
:102A4000636B3331313600000200000001000000EA
:102A500040000000426EFFFF000000011400000073
:102A6000340000002B0000000000000904060000F4
:102A7000846DFFFF0800000014000000010000004A
:102A800080FFFFFFFFFFFFFF0000000001000000CC
:102A9000FF13483CD60500006D5F6D63755F6E6582
:102AA000745F707265646963746F722F676C6F62B4
:102AB000616C5F6C73746D2F6C73746D2F756E73B6
:102AC0007461636B3B6D5F6D63755F6E65745F70A2
:102AD0007265646963746F722F676C6F62616C5F9B
:102AE0006C73746D2F6C73746D2F756E737461637A
:102AF0006B313B6D5F6D63755F6E65745F707265A2
:102B0000646963746F722F676C6F62616C5F6C7362
:102B1000746D2F6C73746D2F756E737461636B328B
:102B20003B6D5F6D63755F6E65745F707265646940
:102B300063746F722F676C6F62616C5F6C73746D1E
:102B40002F6C73746D2F756E737461636B333B6D93
:102B50005F6D63755F6E65745F70726564696374E1
:102B60006F722F676C6F62616C5F6C73746D2F6C2A
:102B700073746D2F756E737461636B343B6D5F6D31
:102B800063755F6E65745F707265646963746F729C
:102B90002F676C6F62616C5F6C73746D2F6C7374F4
:102BA0006D2F756E737461636B353B6D5F6D63750F
:102BB0005F6E65745F707265646963746F722F67AE
:102BC0006C6F62616C5F6C73746D2F6C73746D2FBE
:102BD000756E737461636B363B6D5F6D63755F6EAD
:102BE00065745F707265646963746F722F676C6F70
:102BF00062616C5F6C73746D2F6C73746D2F756E86
:102C0000737461636B373B6D5F6D63755F6E657485
:102C10005F707265646963746F722F676C6F626155
:102C20006C5F6C73746D2F6C73746D2F756E737431
:102C300061636B383B6D5F6D63755F6E65745F706C
:102C40007265646963746F722F676C6F62616C5F29
:102C50006C73746D2F6C73746D2F756E7374616308
:102C60006B393B6D5F6D63755F6E65745F70726528
:102C7000646963746F722F676C6F62616C5F6C73F1
:102C8000746D2F6C73746D2F756E737461636B311B
:102C9000303B6D5F6D63755F6E65745F7072656408
:102CA0006963746F722F676C6F62616C5F6C7374B1
:102CB0006D2F6C73746D2F756E737461636B31312E
:102CC0003B6D5F6D63755F6E65745F70726564699F
:102CD00063746F722F676C6F62616C5F6C73746D7D
:102CE0002F6C73746D2F756E737461636B31323B2F
:102CF0006D5F6D63755F6E65745F70726564696347
:102D0000746F722F676C6F62616C5F6C73746D2F80
:102D10006C73746D2F756E737461636B31333B6DBF
:102D20005F6D63755F6E65745F707265646963740F
:102D30006F722F676C6F62616C5F6C73746D2F6C58
:102D400073746D2F756E737461636B31343B6D5F9B
:102D50006D63755F6E65745F707265646963746FCF
:102D6000722F676C6F62616C5F6C73746D2F6C7324
:102D7000746D2F756E737461636B31353B6D5F6D70
:102D800063755F6E65745F707265646963746F729A
:102D90002F676C6F62616C5F6C73746D2F6C7374F2
:102DA0006D2F756E737461636B31363B6D5F6D6350
:102DB000755F6E65745F707265646963746F722F9E
:102DC000676C6F62616C5F6C73746D2F6C73746D84
:102DD0002F756E737461636B31373B6D5F6D637517
:102DE0005F6E65745F707265646963746F722F677C
:102DF0006C6F62616C5F6C73746D2F6C73746D2F8C
:102E0000756E737461636B31383B6D5F6D63755FB5
:102E10006E65745F707265646963746F722F676C3E
:102E20006F62616C5F6C73746D2F6C73746D2F7552
:102E30006E737461636B31393B6D5F6D63755F6E8B
:102E400065745F707265646963746F722F676C6F0D
:102E500062616C5F6C73746D2F6C73746D2F756E23
:102E6000737461636B32303B6D5F6D63755F6E656C
:102E7000745F707265646963746F722F676C6F62E0
:102E8000616C5F6C73746D2F6C73746D2F756E73E2
:102E90007461636B32313B6D5F6D63755F6E65743A
:102EA0005F707265646963746F722F676C6F6261C3
:102EB0006C5F6C73746D2F6C73746D2F756E73749F
:102EC00061636B32323B6D5F6D63755F6E65745F1E
:102ED000707265646963746F722F676C6F62616C86
:102EE0005F6C73746D2F6C73746D2F756E7374617A
:102EF000636B32333B6D5F6D63755F6E65745F70DE
:102F00007265646963746F722F676C6F62616C5F66
:102F10006C73746D2F6C73746D2F756E7374616345
:102F20006B32343B6D5F6D63755F6E65745F70729D
:102F300065646963746F722F676C6F62616C5F6C3C
:102F400073746D2F6C73746D2F756E737461636B16
:102F500032353B6D5F6D63755F6E65745F70726572
:102F6000646963746F722F676C6F62616C5F6C73FE
:102F7000746D2F6C73746D2F756E737461636B3227
:102F8000363B6D5F6D63755F6E65745F707265640F
:102F90006963746F722F676C6F62616C5F6C7374BE
:102FA0006D2F6C73746D2F756E737461636B323734
:102FB0003B6D5F6D63755F6E65745F7072656469AC
:102FC00063746F722F676C6F62616C5F6C73746D8A
:102FD0002F6C73746D2F756E737461636B32383B35
:102FE0006D5F6D63755F6E65745F70726564696354
:102FF000746F722F676C6F62616C5F6C73746D2F8E
:103000006C73746D2F756E737461636B32393B6DC5
:103010005F6D63755F6E65745F707265646963741C
:103020006F722F676C6F62616C5F6C73746D2F6C65
:1030300073746D2F756E737461636B33303B6D5FAA
:103040006D63755F6E65745F707265646963746FDC
:10305000722F676C6F62616C5F6C73746D2F6C7331
:10306000746D2F756E737461636B3331313500008D
:103070000200000001000000400000006A74FFFF31
:103080000000000114000000340000002A000000CD
:103090000000000904060000AC73FFFF08000000F8
:1030A000140000000100000080FFFFFFFFFFFFFF92
:1030B0000000000001000000FF13483CD60500009E
:1030C0006D5F6D63755F6E65745F70726564696373
:1030D000746F722F676C6F62616C5F6C73746D2FAD
:1030E0006C73746D2F756E737461636B3B6D5F6D84
:1030F00063755F6E65745F707265646963746F7227
:103100002F676C6F62616C5F6C73746D2F6C73747E
:103110006D2F756E737461636B313B6D5F6D63759D
:103120005F6E65745F707265646963746F722F6738
:103130006C6F62616C5F6C73746D2F6C73746D2F48
:10314000756E737461636B323B6D5F6D63755F6E3B
:1031500065745F707265646963746F722F676C6FFA
:1031600062616C5F6C73746D2F6C73746D2F756E10
:10317000737461636B333B6D5F6D63755F6E657414
:103180005F707265646963746F722F676C6F6261E0
:103190006C5F6C73746D2F6C73746D2F756E7374BC
:1031A00061636B343B6D5F6D63755F6E65745F70FB
:1031B0007265646963746F722F676C6F62616C5FB4
:1031C0006C73746D2F6C73746D2F756E7374616393
:1031D0006B353B6D5F6D63755F6E65745F707265B7
:1031E000646963746F722F676C6F62616C5F6C737C
:1031F000746D2F6C73746D2F756E737461636B36A1
:103200003B6D5F6D63755F6E65745F707265646959
:1032100063746F722F676C6F62616C5F6C73746D37
:103220002F6C73746D2F756E737461636B373B6DA8
:103230005F6D63755F6E65745F70726564696374FA
:103240006F722F676C6F62616C5F6C73746D2F6C43
:1032500073746D2F756E737461636B383B6D5F6D46
:1032600063755F6E65745F707265646963746F72B5
:103270002F676C6F62616C5F6C73746D2F6C73740D
:103280006D2F756E737461636B393B6D5F6D637524
:103290005F6E65745F707265646963746F722F67C7
:1032A0006C6F62616C5F6C73746D2F6C73746D2FD7
:1032B000756E737461636B31303B6D5F6D63755F09
:1032C0006E65745F707265646963746F722F676C8A
:1032D0006F62616C5F6C73746D2F6C73746D2F759E
:1032E0006E737461636B31313B6D5F6D63755F6EDF
:1032F00065745F707265646963746F722F676C6F59
:1033000062616C5F6C73746D2F6C73746D2F756E6E
:10331000737461636B31323B6D5F6D63755F6E65B6
:10332000745F707265646963746F722F676C6F622B
:10333000616C5F6C73746D2F6C73746D2F756E732D
:103340007461636B31333B6D5F6D63755F6E657484
:103350005F707265646963746F722F676C6F62610E
:103360006C5F6C73746D2F6C73746D2F756E7374EA
:1033700061636B31343B6D5F6D63755F6E65745F68
:10338000707265646963746F722F676C6F62616CD1
:103390005F6C73746D2F6C73746D2F756E737461C5
:1033A000636B31353B6D5F6D63755F6E65745F7028
:1033B0007265646963746F722F676C6F62616C5FB2
:1033C0006C73746D2F6C73746D2F756E7374616391
:1033D0006B31363B6D5F6D63755F6E65745F7072E8
:1033E00065646963746F722F676C6F62616C5F6C88
:1033F00073746D2F6C73746D2F756E737461636B62
:1034000031373B6D5F6D63755F6E65745F707265BC
:10341000646963746F722F676C6F62616C5F6C7349
:10342000746D2F6C73746D2F756E737461636B3173
:10343000383B6D5F6D63755F6E65745F7072656458
:103440006963746F722F676C6F62616C5F6C737409
:103450006D2F6C73746D2F756E737461636B31397E
:103460003B6D5F6D63755F6E65745F7072656469F7
:1034700063746F722F676C6F62616C5F6C73746DD5
:103480002F6C73746D2F756E737461636B32303B88
:103490006D5F6D63755F6E65745F7072656469639F
:1034A000746F722F676C6F62616C5F6C73746D2FD9
:1034B0006C73746D2F756E737461636B32313B6D19
:1034C0005F6D63755F6E65745F7072656469637468
:1034D0006F722F676C6F62616C5F6C73746D2F6CB1
:1034E00073746D2F756E737461636B32323B6D5FF5
:1034F0006D63755F6E65745F707265646963746F28
:10350000722F676C6F62616C5F6C73746D2F6C737C
:10351000746D2F756E737461636B32333B6D5F6DC9
:1035200063755F6E65745F707265646963746F72F2
:103530002F676C6F62616C5F6C73746D2F6C73744A
:103540006D2F756E737461636B32343B6D5F6D63A9
:10355000755F6E65745F707265646963746F722FF6
:10356000676C6F62616C5F6C73746D2F6C73746DDC
:103570002F756E737461636B32353B6D5F6D637570
:103580005F6E65745F707265646963746F722F67D4
:103590006C6F62616C5F6C73746D2F6C73746D2FE4
:1035A000756E737461636B32363B6D5F6D63755F0F
:1035B0006E65745F707265646963746F722F676C97
:1035C0006F62616C5F6C73746D2F6C73746D2F75AB
:1035D0006E737461636B32373B6D5F6D63755F6EE5
:1035E00065745F707265646963746F722F676C6F66
:1035F00062616C5F6C73746D2F6C73746D2F756E7C
:10360000737461636B32383B6D5F6D63755F6E65BC
:10361000745F707265646963746F722F676C6F6238
:10362000616C5F6C73746D2F6C73746D2F756E733A
:103630007461636B32393B6D5F6D63755F6E65748A
:103640005F707265646963746F722F676C6F62611B
:103650006C5F6C73746D2F6C73746D2F756E7374F7
:1036600061636B33303B6D5F6D63755F6E65745F77
:10367000707265646963746F722F676C6F62616CDE
:103680005F6C73746D2F6C73746D2F756E737461D2
:10369000636B333131340000020000000100000090
:1036A00040000000927AFFFF0000000114000000BB
:1036B000340000002900000000000009040600009A
:1036C000D479FFFF08000000140000000100000092
:1036D00080FFFFFFFFFFFFFF000000000100000070
:1036E000FF13483CD60500006D5F6D63755F6E6526
:1036F000745F707265646963746F722F676C6F6258
:10370000616C5F6C73746D2F6C73746D2F756E7359
:103710007461636B3B6D5F6D63755F6E65745F7045
:103720007265646963746F722F676C6F62616C5F3E
:103730006C73746D2F6C73746D2F756E737461631D
:103740006B313B6D5F6D63755F6E65745F70726545
:10375000646963746F722F676C6F62616C5F6C7306
:10376000746D2F6C73746D2F756E737461636B322F
:103770003B6D5F6D63755F6E65745F7072656469E4
:1037800063746F722F676C6F62616C5F6C73746DC2
:103790002F6C73746D2F756E737461636B333B6D37
:1037A0005F6D63755F6E65745F7072656469637485
:1037B0006F722F676C6F62616C5F6C73746D2F6CCE
:1037C00073746D2F756E737461636B343B6D5F6DD5
:1037D00063755F6E65745F707265646963746F7240
:1037E0002F676C6F62616C5F6C73746D2F6C737498
:1037F0006D2F756E737461636B353B6D5F6D6375B3
:103800005F6E65745F707265646963746F722F6751
:103810006C6F62616C5F6C73746D2F6C73746D2F61
:10382000756E737461636B363B6D5F6D63755F6E50
:1038300065745F707265646963746F722F676C6F13
:1038400062616C5F6C73746D2F6C73746D2F756E29
:10385000737461636B373B6D5F6D63755F6E657429
:103860005F707265646963746F722F676C6F6261F9
:103870006C5F6C73746D2F6C73746D2F756E7374D5
:1038800061636B383B6D5F6D63755F6E65745F7010
:103890007265646963746F722F676C6F62616C5FCD
:1038A0006C73746D2F6C73746D2F756E73746163AC
:1038B0006B393B6D5F6D63755F6E65745F707265CC
:1038C000646963746F722F676C6F62616C5F6C7395
:1038D000746D2F6C73746D2F756E737461636B31BF
:1038E000303B6D5F6D63755F6E65745F70726564AC
:1038F0006963746F722F676C6F62616C5F6C737455
:103900006D2F6C73746D2F756E737461636B3131D1
:103910003B6D5F6D63755F6E65745F707265646942
:1039200063746F722F676C6F62616C5F6C73746D20
:103930002F6C73746D2F756E737461636B31323BD2
:103940006D5F6D63755F6E65745F707265646963EA
:10395000746F722F676C6F62616C5F6C73746D2F24
:103960006C73746D2F756E737461636B31333B6D63
:103970005F6D63755F6E65745F70726564696374B3
:103980006F722F676C6F62616C5F6C73746D2F6CFC
:1039900073746D2F756E737461636B31343B6D5F3F
:1039A0006D63755F6E65745F707265646963746F73
:1039B000722F676C6F62616C5F6C73746D2F6C73C8
:1039C000746D2F756E737461636B31353B6D5F6D14
:1039D00063755F6E65745F707265646963746F723E
:1039E0002F676C6F62616C5F6C73746D2F6C737496
:1039F0006D2F756E737461636B31363B6D5F6D63F4
:103A0000755F6E65745F707265646963746F722F41
:103A1000676C6F62616C5F6C73746D2F6C73746D27
:103A20002F756E737461636B31373B6D5F6D6375BA
:103A30005F6E65745F707265646963746F722F671F
:103A40006C6F62616C5F6C73746D2F6C73746D2F2F
:103A5000756E737461636B31383B6D5F6D63755F59
:103A60006E65745F707265646963746F722F676CE2
:103A70006F62616C5F6C73746D2F6C73746D2F75F6
:103A80006E737461636B31393B6D5F6D63755F6E2F
:103A900065745F707265646963746F722F676C6FB1
:103AA00062616C5F6C73746D2F6C73746D2F756EC7
:103AB000737461636B32303B6D5F6D63755F6E6510
:103AC000745F707265646963746F722F676C6F6284
:103AD000616C5F6C73746D2F6C73746D2F756E7386
:103AE0007461636B32313B6D5F6D63755F6E6574DE
:103AF0005F707265646963746F722F676C6F626167
:103B00006C5F6C73746D2F6C73746D2F756E737442
:103B100061636B32323B6D5F6D63755F6E65745FC1
:103B2000707265646963746F722F676C6F62616C29
:103B30005F6C73746D2F6C73746D2F756E7374611D
:103B4000636B32333B6D5F6D63755F6E65745F7081
:103B50007265646963746F722F676C6F62616C5F0A
:103B60006C73746D2F6C73746D2F756E73746163E9
:103B70006B32343B6D5F6D63755F6E65745F707241
:103B800065646963746F722F676C6F62616C5F6CE0
:103B900073746D2F6C73746D2F756E737461636BBA
:103BA00032353B6D5F6D63755F6E65745F70726516
:103BB000646963746F722F676C6F62616C5F6C73A2
:103BC000746D2F6C73746D2F756E737461636B32CB
:103BD000363B6D5F6D63755F6E65745F70726564B3
:103BE0006963746F722F676C6F62616C5F6C737462
:103BF0006D2F6C73746D2F756E737461636B3237D8
:103C00003B6D5F6D63755F6E65745F70726564694F
:103C100063746F722F676C6F62616C5F6C73746D2D
:103C20002F6C73746D2F756E737461636B32383BD8
:103C30006D5F6D63755F6E65745F707265646963F7
:103C4000746F722F676C6F62616C5F6C73746D2F31
:103C50006C73746D2F756E737461636B32393B6D69
:103C60005F6D63755F6E65745F70726564696374C0
:103C70006F722F676C6F62616C5F6C73746D2F6C09
:103C800073746D2F756E737461636B33303B6D5F4E
:103C90006D63755F6E65745F707265646963746F80
:103CA000722F676C6F62616C5F6C73746D2F6C73D5
:103CB000746D2F756E737461636B33313133000033
:103CC000020000000100000040000000BA80FFFF79
:103CD0000000000114000000340000002800000073
:103CE0000000000904060000FC7FFFFF0800000040
:103CF000140000000100000080FFFFFFFFFFFFFF36
:103D00000000000001000000FF13483CD605000041
:103D10006D5F6D63755F6E65745F70726564696316
:103D2000746F722F676C6F62616C5F6C73746D2F50
:103D30006C73746D2F756E737461636B3B6D5F6D27
:103D400063755F6E65745F707265646963746F72CA
:103D50002F676C6F62616C5F6C73746D2F6C737422
:103D60006D2F756E737461636B313B6D5F6D637541
:103D70005F6E65745F707265646963746F722F67DC
:103D80006C6F62616C5F6C73746D2F6C73746D2FEC
:103D9000756E737461636B323B6D5F6D63755F6EDF
:103DA00065745F707265646963746F722F676C6F9E
:103DB00062616C5F6C73746D2F6C73746D2F756EB4
:103DC000737461636B333B6D5F6D63755F6E6574B8
:103DD0005F707265646963746F722F676C6F626184
:103DE0006C5F6C73746D2F6C73746D2F756E737460
:103DF00061636B343B6D5F6D63755F6E65745F709F
:103E00007265646963746F722F676C6F62616C5F57
:103E10006C73746D2F6C73746D2F756E7374616336
:103E20006B353B6D5F6D63755F6E65745F7072655A
:103E3000646963746F722F676C6F62616C5F6C731F
:103E4000746D2F6C73746D2F756E737461636B3644
:103E50003B6D5F6D63755F6E65745F7072656469FD
:103E600063746F722F676C6F62616C5F6C73746DDB
:103E70002F6C73746D2F756E737461636B373B6D4C
:103E80005F6D63755F6E65745F707265646963749E
:103E90006F722F676C6F62616C5F6C73746D2F6CE7
:103EA00073746D2F756E737461636B383B6D5F6DEA
:103EB00063755F6E65745F707265646963746F7259
:103EC0002F676C6F62616C5F6C73746D2F6C7374B1
:103ED0006D2F756E737461636B393B6D5F6D6375C8
:103EE0005F6E65745F707265646963746F722F676B
:103EF0006C6F62616C5F6C73746D2F6C73746D2F7B
:103F0000756E737461636B31303B6D5F6D63755FAC
:103F10006E65745F707265646963746F722F676C2D
:103F20006F62616C5F6C73746D2F6C73746D2F7541
:103F30006E737461636B31313B6D5F6D63755F6E82
:103F400065745F707265646963746F722F676C6FFC
:103F500062616C5F6C73746D2F6C73746D2F756E12
:103F6000737461636B31323B6D5F6D63755F6E655A
:103F7000745F707265646963746F722F676C6F62CF
:103F8000616C5F6C73746D2F6C73746D2F756E73D1
:103F90007461636B31333B6D5F6D63755F6E657428
:103FA0005F707265646963746F722F676C6F6261B2
:103FB0006C5F6C73746D2F6C73746D2F756E73748E
:103FC00061636B31343B6D5F6D63755F6E65745F0C
:103FD000707265646963746F722F676C6F62616C75
:103FE0005F6C73746D2F6C73746D2F756E73746169
:103FF000636B31353B6D5F6D63755F6E65745F70CC
:104000007265646963746F722F676C6F62616C5F55
:104010006C73746D2F6C73746D2F756E7374616334
:104020006B31363B6D5F6D63755F6E65745F70728B
:1040300065646963746F722F676C6F62616C5F6C2B
:1040400073746D2F6C73746D2F756E737461636B05
:1040500031373B6D5F6D63755F6E65745F70726560
:10406000646963746F722F676C6F62616C5F6C73ED
:10407000746D2F6C73746D2F756E737461636B3117
:10408000383B6D5F6D63755F6E65745F70726564FC
:104090006963746F722F676C6F62616C5F6C7374AD
:1040A0006D2F6C73746D2F756E737461636B313922
:1040B0003B6D5F6D63755F6E65745F70726564699B
:1040C00063746F722F676C6F62616C5F6C73746D79
:1040D0002F6C73746D2F756E737461636B32303B2C
:1040E0006D5F6D63755F6E65745F70726564696343
:1040F000746F722F676C6F62616C5F6C73746D2F7D
:104100006C73746D2F756E737461636B32313B6DBC
:104110005F6D63755F6E65745F707265646963740B
:104120006F722F676C6F62616C5F6C73746D2F6C54
:1041300073746D2F756E737461636B32323B6D5F98
:104140006D63755F6E65745F707265646963746FCB
:10415000722F676C6F62616C5F6C73746D2F6C7320
:10416000746D2F756E737461636B32333B6D5F6D6D
:1041700063755F6E65745F707265646963746F7296
:104180002F676C6F62616C5F6C73746D2F6C7374EE
:104190006D2F756E737461636B32343B6D5F6D634D
:1041A000755F6E65745F707265646963746F722F9A
:1041B000676C6F62616C5F6C73746D2F6C73746D80
:1041C0002F756E737461636B32353B6D5F6D637514
:1041D0005F6E65745F707265646963746F722F6778
:1041E0006C6F62616C5F6C73746D2F6C73746D2F88
:1041F000756E737461636B32363B6D5F6D63755FB3
:104200006E65745F707265646963746F722F676C3A
:104210006F62616C5F6C73746D2F6C73746D2F754E
:104220006E737461636B32373B6D5F6D63755F6E88
:1042300065745F707265646963746F722F676C6F09
:1042400062616C5F6C73746D2F6C73746D2F756E1F
:10425000737461636B32383B6D5F6D63755F6E6560
:10426000745F707265646963746F722F676C6F62DC
:10427000616C5F6C73746D2F6C73746D2F756E73DE
:104280007461636B32393B6D5F6D63755F6E65742E
:104290005F707265646963746F722F676C6F6261BF
:1042A0006C5F6C73746D2F6C73746D2F756E73749B
:1042B00061636B33303B6D5F6D63755F6E65745F1B
:1042C000707265646963746F722F676C6F62616C82
:1042D0005F6C73746D2F6C73746D2F756E73746176
:1042E000636B333131320000020000000100000036
:1042F00040000000E286FFFF000000011400000003
:10430000340000002700000000000009040600003F
:104310002486FFFF080000001400000001000000D8
:1043200080FFFFFFFFFFFFFF000000000100000013
:10433000FF13483CD60500006D5F6D63755F6E65C9
:10434000745F707265646963746F722F676C6F62FB
:10435000616C5F6C73746D2F6C73746D2F756E73FD
:104360007461636B3B6D5F6D63755F6E65745F70E9
:104370007265646963746F722F676C6F62616C5FE2
:104380006C73746D2F6C73746D2F756E73746163C1
:104390006B313B6D5F6D63755F6E65745F707265E9
:1043A000646963746F722F676C6F62616C5F6C73AA
:1043B000746D2F6C73746D2F756E737461636B32D3
:1043C0003B6D5F6D63755F6E65745F707265646988
:1043D00063746F722F676C6F62616C5F6C73746D66
:1043E0002F6C73746D2F756E737461636B333B6DDB
:1043F0005F6D63755F6E65745F7072656469637429
:104400006F722F676C6F62616C5F6C73746D2F6C71
:1044100073746D2F756E737461636B343B6D5F6D78
:1044200063755F6E65745F707265646963746F72E3
:104430002F676C6F62616C5F6C73746D2F6C73743B
:104440006D2F756E737461636B353B6D5F6D637556
:104450005F6E65745F707265646963746F722F67F5
:104460006C6F62616C5F6C73746D2F6C73746D2F05
:10447000756E737461636B363B6D5F6D63755F6EF4
:1044800065745F707265646963746F722F676C6FB7
:1044900062616C5F6C73746D2F6C73746D2F756ECD
:1044A000737461636B373B6D5F6D63755F6E6574CD
:1044B0005F707265646963746F722F676C6F62619D
:1044C0006C5F6C73746D2F6C73746D2F756E737479
:1044D00061636B383B6D5F6D63755F6E65745F70B4
:1044E0007265646963746F722F676C6F62616C5F71
:1044F0006C73746D2F6C73746D2F756E7374616350
:104500006B393B6D5F6D63755F6E65745F7072656F
:10451000646963746F722F676C6F62616C5F6C7338
:10452000746D2F6C73746D2F756E737461636B3162
:10453000303B6D5F6D63755F6E65745F707265644F
:104540006963746F722F676C6F62616C5F6C7374F8
:104550006D2F6C73746D2F756E737461636B313175
:104560003B6D5F6D63755F6E65745F7072656469E6
:1045700063746F722F676C6F62616C5F6C73746DC4
:104580002F6C73746D2F756E737461636B31323B76
:104590006D5F6D63755F6E65745F7072656469638E
:1045A000746F722F676C6F62616C5F6C73746D2FC8
:1045B0006C73746D2F756E737461636B31333B6D07
:1045C0005F6D63755F6E65745F7072656469637457
:1045D0006F722F676C6F62616C5F6C73746D2F6CA0
:1045E00073746D2F756E737461636B31343B6D5FE3
:1045F0006D63755F6E65745F707265646963746F17
:10460000722F676C6F62616C5F6C73746D2F6C736B
:10461000746D2F756E737461636B31353B6D5F6DB7
:1046200063755F6E65745F707265646963746F72E1
:104630002F676C6F62616C5F6C73746D2F6C737439
:104640006D2F756E737461636B31363B6D5F6D6397
:10465000755F6E65745F707265646963746F722FE5
:10466000676C6F62616C5F6C73746D2F6C73746DCB
:104670002F756E737461636B31373B6D5F6D63755E
:104680005F6E65745F707265646963746F722F67C3
:104690006C6F62616C5F6C73746D2F6C73746D2FD3
:1046A000756E737461636B31383B6D5F6D63755FFD
:1046B0006E65745F707265646963746F722F676C86
:1046C0006F62616C5F6C73746D2F6C73746D2F759A
:1046D0006E737461636B31393B6D5F6D63755F6ED3
:1046E00065745F707265646963746F722F676C6F55
:1046F00062616C5F6C73746D2F6C73746D2F756E6B
:10470000737461636B32303B6D5F6D63755F6E65B3
:10471000745F707265646963746F722F676C6F6227
:10472000616C5F6C73746D2F6C73746D2F756E7329
:104730007461636B32313B6D5F6D63755F6E657481
:104740005F707265646963746F722F676C6F62610A
:104750006C5F6C73746D2F6C73746D2F756E7374E6
:1047600061636B32323B6D5F6D63755F6E65745F65
:10477000707265646963746F722F676C6F62616CCD
:104780005F6C73746D2F6C73746D2F756E737461C1
:10479000636B32333B6D5F6D63755F6E65745F7025
:1047A0007265646963746F722F676C6F62616C5FAE
:1047B0006C73746D2F6C73746D2F756E737461638D
:1047C0006B32343B6D5F6D63755F6E65745F7072E5
:1047D00065646963746F722F676C6F62616C5F6C84
:1047E00073746D2F6C73746D2F756E737461636B5E
:1047F00032353B6D5F6D63755F6E65745F707265BA
:10480000646963746F722F676C6F62616C5F6C7345
:10481000746D2F6C73746D2F756E737461636B326E
:10482000363B6D5F6D63755F6E65745F7072656456
:104830006963746F722F676C6F62616C5F6C737405
:104840006D2F6C73746D2F756E737461636B32377B
:104850003B6D5F6D63755F6E65745F7072656469F3
:1048600063746F722F676C6F62616C5F6C73746DD1
:104870002F6C73746D2F756E737461636B32383B7C
:104880006D5F6D63755F6E65745F7072656469639B
:10489000746F722F676C6F62616C5F6C73746D2FD5
:1048A0006C73746D2F756E737461636B32393B6D0D
:1048B0005F6D63755F6E65745F7072656469637464
:1048C0006F722F676C6F62616C5F6C73746D2F6CAD
:1048D00073746D2F756E737461636B33303B6D5FF2
:1048E0006D63755F6E65745F707265646963746F24
:1048F000722F676C6F62616C5F6C73746D2F6C7379
:10490000746D2F756E737461636B333131310000D8
:104910000200000001000000400000000A8DFFFFBF
:104920000000000114000000340000002600000018
:1049300000000009040600004C8CFFFF0800000086
:10494000140000000100000080FFFFFFFFFFFFFFD9
:104950000000000001000000FF13483CD6050000E5
:104960006D5F6D63755F6E65745F707265646963BA
:10497000746F722F676C6F62616C5F6C73746D2FF4
:104980006C73746D2F756E737461636B3B6D5F6DCB
:1049900063755F6E65745F707265646963746F726E
:1049A0002F676C6F62616C5F6C73746D2F6C7374C6
:1049B0006D2F756E737461636B313B6D5F6D6375E5
:1049C0005F6E65745F707265646963746F722F6780
:1049D0006C6F62616C5F6C73746D2F6C73746D2F90
:1049E000756E737461636B323B6D5F6D63755F6E83
:1049F00065745F707265646963746F722F676C6F42
:104A000062616C5F6C73746D2F6C73746D2F756E57
:104A1000737461636B333B6D5F6D63755F6E65745B
:104A20005F707265646963746F722F676C6F626127
:104A30006C5F6C73746D2F6C73746D2F756E737403
:104A400061636B343B6D5F6D63755F6E65745F7042
:104A50007265646963746F722F676C6F62616C5FFB
:104A60006C73746D2F6C73746D2F756E73746163DA
:104A70006B353B6D5F6D63755F6E65745F707265FE
:104A8000646963746F722F676C6F62616C5F6C73C3
:104A9000746D2F6C73746D2F756E737461636B36E8
:104AA0003B6D5F6D63755F6E65745F7072656469A1
:104AB00063746F722F676C6F62616C5F6C73746D7F
:104AC0002F6C73746D2F756E737461636B373B6DF0
:104AD0005F6D63755F6E65745F7072656469637442
:104AE0006F722F676C6F62616C5F6C73746D2F6C8B
:104AF00073746D2F756E737461636B383B6D5F6D8E
:104B000063755F6E65745F707265646963746F72FC
:104B10002F676C6F62616C5F6C73746D2F6C737454
:104B20006D2F756E737461636B393B6D5F6D63756B
:104B30005F6E65745F707265646963746F722F670E
:104B40006C6F62616C5F6C73746D2F6C73746D2F1E
:104B5000756E737461636B31303B6D5F6D63755F50
:104B60006E65745F707265646963746F722F676CD1
:104B70006F62616C5F6C73746D2F6C73746D2F75E5
:104B80006E737461636B31313B6D5F6D63755F6E26
:104B900065745F707265646963746F722F676C6FA0
:104BA00062616C5F6C73746D2F6C73746D2F756EB6
:104BB000737461636B31323B6D5F6D63755F6E65FE
:104BC000745F707265646963746F722F676C6F6273
:104BD000616C5F6C73746D2F6C73746D2F756E7375
:104BE0007461636B31333B6D5F6D63755F6E6574CC
:104BF0005F707265646963746F722F676C6F626156
:104C00006C5F6C73746D2F6C73746D2F756E737431
:104C100061636B31343B6D5F6D63755F6E65745FAF
:104C2000707265646963746F722F676C6F62616C18
:104C30005F6C73746D2F6C73746D2F756E7374610C
:104C4000636B31353B6D5F6D63755F6E65745F706F
:104C50007265646963746F722F676C6F62616C5FF9
:104C60006C73746D2F6C73746D2F756E73746163D8
:104C70006B31363B6D5F6D63755F6E65745F70722F
:104C800065646963746F722F676C6F62616C5F6CCF
:104C900073746D2F6C73746D2F756E737461636BA9
:104CA00031373B6D5F6D63755F6E65745F70726504
:104CB000646963746F722F676C6F62616C5F6C7391
:104CC000746D2F6C73746D2F756E737461636B31BB
:104CD000383B6D5F6D63755F6E65745F70726564A0
:104CE0006963746F722F676C6F62616C5F6C737451
:104CF0006D2F6C73746D2F756E737461636B3139C6
:104D00003B6D5F6D63755F6E65745F70726564693E
:104D100063746F722F676C6F62616C5F6C73746D1C
:104D20002F6C73746D2F756E737461636B32303BCF
:104D30006D5F6D63755F6E65745F707265646963E6
:104D4000746F722F676C6F62616C5F6C73746D2F20
:104D50006C73746D2F756E737461636B32313B6D60
:104D60005F6D63755F6E65745F70726564696374AF
:104D70006F722F676C6F62616C5F6C73746D2F6CF8
:104D800073746D2F756E737461636B32323B6D5F3C
:104D90006D63755F6E65745F707265646963746F6F
:104DA000722F676C6F62616C5F6C73746D2F6C73C4
:104DB000746D2F756E737461636B32333B6D5F6D11
:104DC00063755F6E65745F707265646963746F723A
:104DD0002F676C6F62616C5F6C73746D2F6C737492
:104DE0006D2F756E737461636B32343B6D5F6D63F1
:104DF000755F6E65745F707265646963746F722F3E
:104E0000676C6F62616C5F6C73746D2F6C73746D23
:104E10002F756E737461636B32353B6D5F6D6375B7
:104E20005F6E65745F707265646963746F722F671B
:104E30006C6F62616C5F6C73746D2F6C73746D2F2B
:104E4000756E737461636B32363B6D5F6D63755F56
:104E50006E65745F707265646963746F722F676CDE
:104E60006F62616C5F6C73746D2F6C73746D2F75F2
:104E70006E737461636B32373B6D5F6D63755F6E2C
:104E800065745F707265646963746F722F676C6FAD
:104E900062616C5F6C73746D2F6C73746D2F756EC3
:104EA000737461636B32383B6D5F6D63755F6E6504
:104EB000745F707265646963746F722F676C6F6280
:104EC000616C5F6C73746D2F6C73746D2F756E7382
:104ED0007461636B32393B6D5F6D63755F6E6574D2
:104EE0005F707265646963746F722F676C6F626163
:104EF0006C5F6C73746D2F6C73746D2F756E73743F
:104F000061636B33303B6D5F6D63755F6E65745FBE
:104F1000707265646963746F722F676C6F62616C25
:104F20005F6C73746D2F6C73746D2F756E73746119
:104F3000636B3331313000000200000001000000DB
:104F4000400000003293FFFF000000011400000049
:104F500034000000250000000000000904060000E5
:104F60007492FFFF08000000140000000100000020
:104F700080FFFFFFFFFFFFFF0000000001000000B7
:104F8000FF13483CD50500006D5F6D63755F6E656E
:104F9000745F707265646963746F722F676C6F629F
:104FA000616C5F6C73746D2F6C73746D2F756E73A1
:104FB0007461636B3B6D5F6D63755F6E65745F708D
:104FC0007265646963746F722F676C6F62616C5F86
:104FD0006C73746D2F6C73746D2F756E7374616365
:104FE0006B313B6D5F6D63755F6E65745F7072658D
:104FF000646963746F722F676C6F62616C5F6C734E
:10500000746D2F6C73746D2F756E737461636B3276
:105010003B6D5F6D63755F6E65745F70726564692B
:1050200063746F722F676C6F62616C5F6C73746D09
:105030002F6C73746D2F756E737461636B333B6D7E
:105040005F6D63755F6E65745F70726564696374CC
:105050006F722F676C6F62616C5F6C73746D2F6C15
:1050600073746D2F756E737461636B343B6D5F6D1C
:1050700063755F6E65745F707265646963746F7287
:105080002F676C6F62616C5F6C73746D2F6C7374DF
:105090006D2F756E737461636B353B6D5F6D6375FA
:1050A0005F6E65745F707265646963746F722F6799
:1050B0006C6F62616C5F6C73746D2F6C73746D2FA9
:1050C000756E737461636B363B6D5F6D63755F6E98
:1050D00065745F707265646963746F722F676C6F5B
:1050E00062616C5F6C73746D2F6C73746D2F756E71
:1050F000737461636B373B6D5F6D63755F6E657471
:105100005F707265646963746F722F676C6F626140
:105110006C5F6C73746D2F6C73746D2F756E73741C
:1051200061636B383B6D5F6D63755F6E65745F7057
:105130007265646963746F722F676C6F62616C5F14
:105140006C73746D2F6C73746D2F756E73746163F3
:105150006B393B6D5F6D63755F6E65745F70726513
:10516000646963746F722F676C6F62616C5F6C73DC
:10517000746D2F6C73746D2F756E737461636B3106
:10518000303B6D5F6D63755F6E65745F70726564F3
:105190006963746F722F676C6F62616C5F6C73749C
:1051A0006D2F6C73746D2F756E737461636B313119
:1051B0003B6D5F6D63755F6E65745F70726564698A
:1051C00063746F722F676C6F62616C5F6C73746D68
:1051D0002F6C73746D2F756E737461636B31323B1A
:1051E0006D5F6D63755F6E65745F70726564696332
:1051F000746F722F676C6F62616C5F6C73746D2F6C
:105200006C73746D2F756E737461636B31333B6DAA
:105210005F6D63755F6E65745F70726564696374FA
:105220006F722F676C6F62616C5F6C73746D2F6C43
:1052300073746D2F756E737461636B31343B6D5F86
:105240006D63755F6E65745F707265646963746FBA
:10525000722F676C6F62616C5F6C73746D2F6C730F
:10526000746D2F756E737461636B31353B6D5F6D5B
:1052700063755F6E65745F707265646963746F7285
:105280002F676C6F62616C5F6C73746D2F6C7374DD
:105290006D2F756E737461636B31363B6D5F6D633B
:1052A000755F6E65745F707265646963746F722F89
:1052B000676C6F62616C5F6C73746D2F6C73746D6F
:1052C0002F756E737461636B31373B6D5F6D637502
:1052D0005F6E65745F707265646963746F722F6767
:1052E0006C6F62616C5F6C73746D2F6C73746D2F77
:1052F000756E737461636B31383B6D5F6D63755FA1
:105300006E65745F707265646963746F722F676C29
:105310006F62616C5F6C73746D2F6C73746D2F753D
:105320006E737461636B31393B6D5F6D63755F6E76
:1053300065745F707265646963746F722F676C6FF8
:1053400062616C5F6C73746D2F6C73746D2F756E0E
:10535000737461636B32303B6D5F6D63755F6E6557
:10536000745F707265646963746F722F676C6F62CB
:10537000616C5F6C73746D2F6C73746D2F756E73CD
:105380007461636B32313B6D5F6D63755F6E657425
:105390005F707265646963746F722F676C6F6261AE
:1053A0006C5F6C73746D2F6C73746D2F756E73748A
:1053B00061636B32323B6D5F6D63755F6E65745F09
:1053C000707265646963746F722F676C6F62616C71
:1053D0005F6C73746D2F6C73746D2F756E73746165
:1053E000636B32333B6D5F6D63755F6E65745F70C9
:1053F0007265646963746F722F676C6F62616C5F52
:105400006C73746D2F6C73746D2F756E7374616330
:105410006B32343B6D5F6D63755F6E65745F707288
:1054200065646963746F722F676C6F62616C5F6C27
:1054300073746D2F6C73746D2F756E737461636B01
:1054400032353B6D5F6D63755F6E65745F7072655D
:10545000646963746F722F676C6F62616C5F6C73E9
:10546000746D2F6C73746D2F756E737461636B3212
:10547000363B6D5F6D63755F6E65745F70726564FA
:105480006963746F722F676C6F62616C5F6C7374A9
:105490006D2F6C73746D2F756E737461636B32371F
:1054A0003B6D5F6D63755F6E65745F707265646997
:1054B00063746F722F676C6F62616C5F6C73746D75
:1054C0002F6C73746D2F756E737461636B32383B20
:1054D0006D5F6D63755F6E65745F7072656469633F
:1054E000746F722F676C6F62616C5F6C73746D2F79
:1054F0006C73746D2F756E737461636B32393B6DB1
:105500005F6D63755F6E65745F7072656469637407
:105510006F722F676C6F62616C5F6C73746D2F6C50
:1055200073746D2F756E737461636B33303B6D5F95
:105530006D63755F6E65745F707265646963746FC7
:10554000722F676C6F62616C5F6C73746D2F6C731C
:10555000746D2F756E737461636B333139000000A5
:105560000200000001000000400000005A99FFFF07
:1055700000000001140000003400000024000000BE
:1055800000000009040600009C98FFFF08000000CE
:10559000140000000100000080FFFFFFFFFFFFFF7D
:1055A0000000000001000000FF13483CD50500008A
:1055B0006D5F6D63755F6E65745F7072656469635E
:1055C000746F722F676C6F62616C5F6C73746D2F98
:1055D0006C73746D2F756E737461636B3B6D5F6D6F
:1055E00063755F6E65745F707265646963746F7212
:1055F0002F676C6F62616C5F6C73746D2F6C73746A
:105600006D2F756E737461636B313B6D5F6D637588
:105610005F6E65745F707265646963746F722F6723
:105620006C6F62616C5F6C73746D2F6C73746D2F33
:10563000756E737461636B323B6D5F6D63755F6E26
:1056400065745F707265646963746F722F676C6FE5
:1056500062616C5F6C73746D2F6C73746D2F756EFB
:10566000737461636B333B6D5F6D63755F6E6574FF
:105670005F707265646963746F722F676C6F6261CB
:105680006C5F6C73746D2F6C73746D2F756E7374A7
:1056900061636B343B6D5F6D63755F6E65745F70E6
:1056A0007265646963746F722F676C6F62616C5F9F
:1056B0006C73746D2F6C73746D2F756E737461637E
:1056C0006B353B6D5F6D63755F6E65745F707265A2
:1056D000646963746F722F676C6F62616C5F6C7367
:1056E000746D2F6C73746D2F756E737461636B368C
:1056F0003B6D5F6D63755F6E65745F707265646945
:1057000063746F722F676C6F62616C5F6C73746D22
:105710002F6C73746D2F756E737461636B373B6D93
:105720005F6D63755F6E65745F70726564696374E5
:105730006F722F676C6F62616C5F6C73746D2F6C2E
:1057400073746D2F756E737461636B383B6D5F6D31
:1057500063755F6E65745F707265646963746F72A0
:105760002F676C6F62616C5F6C73746D2F6C7374F8
:105770006D2F756E737461636B393B6D5F6D63750F
:105780005F6E65745F707265646963746F722F67B2
:105790006C6F62616C5F6C73746D2F6C73746D2FC2
:1057A000756E737461636B31303B6D5F6D63755FF4
:1057B0006E65745F707265646963746F722F676C75
:1057C0006F62616C5F6C73746D2F6C73746D2F7589
:1057D0006E737461636B31313B6D5F6D63755F6ECA
:1057E00065745F707265646963746F722F676C6F44
:1057F00062616C5F6C73746D2F6C73746D2F756E5A
:10580000737461636B31323B6D5F6D63755F6E65A1
:10581000745F707265646963746F722F676C6F6216
:10582000616C5F6C73746D2F6C73746D2F756E7318
:105830007461636B31333B6D5F6D63755F6E65746F
:105840005F707265646963746F722F676C6F6261F9
:105850006C5F6C73746D2F6C73746D2F756E7374D5
:1058600061636B31343B6D5F6D63755F6E65745F53
:10587000707265646963746F722F676C6F62616CBC
:105880005F6C73746D2F6C73746D2F756E737461B0
:10589000636B31353B6D5F6D63755F6E65745F7013
:1058A0007265646963746F722F676C6F62616C5F9D
:1058B0006C73746D2F6C73746D2F756E737461637C
:1058C0006B31363B6D5F6D63755F6E65745F7072D3
:1058D00065646963746F722F676C6F62616C5F6C73
:1058E00073746D2F6C73746D2F756E737461636B4D
:1058F00031373B6D5F6D63755F6E65745F707265A8
:10590000646963746F722F676C6F62616C5F6C7334
:10591000746D2F6C73746D2F756E737461636B315E
:10592000383B6D5F6D63755F6E65745F7072656443
:105930006963746F722F676C6F62616C5F6C7374F4
:105940006D2F6C73746D2F756E737461636B313969
:105950003B6D5F6D63755F6E65745F7072656469E2
:1059600063746F722F676C6F62616C5F6C73746DC0
:105970002F6C73746D2F756E737461636B32303B73
:105980006D5F6D63755F6E65745F7072656469638A
:10599000746F722F676C6F62616C5F6C73746D2FC4
:1059A0006C73746D2F756E737461636B32313B6D04
:1059B0005F6D63755F6E65745F7072656469637453
:1059C0006F722F676C6F62616C5F6C73746D2F6C9C
:1059D00073746D2F756E737461636B32323B6D5FE0
:1059E0006D63755F6E65745F707265646963746F13
:1059F000722F676C6F62616C5F6C73746D2F6C7368
:105A0000746D2F756E737461636B32333B6D5F6DB4
:105A100063755F6E65745F707265646963746F72DD
:105A20002F676C6F62616C5F6C73746D2F6C737435
:105A30006D2F756E737461636B32343B6D5F6D6394
:105A4000755F6E65745F707265646963746F722FE1
:105A5000676C6F62616C5F6C73746D2F6C73746DC7
:105A60002F756E737461636B32353B6D5F6D63755B
:105A70005F6E65745F707265646963746F722F67BF
:105A80006C6F62616C5F6C73746D2F6C73746D2FCF
:105A9000756E737461636B32363B6D5F6D63755FFA
:105AA0006E65745F707265646963746F722F676C82
:105AB0006F62616C5F6C73746D2F6C73746D2F7596
:105AC0006E737461636B32373B6D5F6D63755F6ED0
:105AD00065745F707265646963746F722F676C6F51
:105AE00062616C5F6C73746D2F6C73746D2F756E67
:105AF000737461636B32383B6D5F6D63755F6E65A8
:105B0000745F707265646963746F722F676C6F6223
:105B1000616C5F6C73746D2F6C73746D2F756E7325
:105B20007461636B32393B6D5F6D63755F6E657475
:105B30005F707265646963746F722F676C6F626106
:105B40006C5F6C73746D2F6C73746D2F756E7374E2
:105B500061636B33303B6D5F6D63755F6E65745F62
:105B6000707265646963746F722F676C6F62616CC9
:105B70005F6C73746D2F6C73746D2F756E737461BD
:105B8000636B3331380000000200000001000000A8
:105B900040000000829FFFFF000000011400000091
:105BA000340000002300000000000009040600008B
:105BB000C49EFFFF08000000140000000100000068
:105BC00080FFFFFFFFFFFFFF00000000010000005B
:105BD000FF13483CD50500006D5F6D63755F6E6512
:105BE000745F707265646963746F722F676C6F6243
:105BF000616C5F6C73746D2F6C73746D2F756E7345
:105C00007461636B3B6D5F6D63755F6E65745F7030
:105C10007265646963746F722F676C6F62616C5F29
:105C20006C73746D2F6C73746D2F756E7374616308
:105C30006B313B6D5F6D63755F6E65745F70726530
:105C4000646963746F722F676C6F62616C5F6C73F1
:105C5000746D2F6C73746D2F756E737461636B321A
:105C60003B6D5F6D63755F6E65745F7072656469CF
:105C700063746F722F676C6F62616C5F6C73746DAD
:105C80002F6C73746D2F756E737461636B333B6D22
:105C90005F6D63755F6E65745F7072656469637470
:105CA0006F722F676C6F62616C5F6C73746D2F6CB9
:105CB00073746D2F756E737461636B343B6D5F6DC0
:105CC00063755F6E65745F707265646963746F722B
:105CD0002F676C6F62616C5F6C73746D2F6C737483
:105CE0006D2F756E737461636B353B6D5F6D63759E
:105CF0005F6E65745F707265646963746F722F673D
:105D00006C6F62616C5F6C73746D2F6C73746D2F4C
:105D1000756E737461636B363B6D5F6D63755F6E3B
:105D200065745F707265646963746F722F676C6FFE
:105D300062616C5F6C73746D2F6C73746D2F756E14
:105D4000737461636B373B6D5F6D63755F6E657414
:105D50005F707265646963746F722F676C6F6261E4
:105D60006C5F6C73746D2F6C73746D2F756E7374C0
:105D700061636B383B6D5F6D63755F6E65745F70FB
:105D80007265646963746F722F676C6F62616C5FB8
:105D90006C73746D2F6C73746D2F756E7374616397
:105DA0006B393B6D5F6D63755F6E65745F707265B7
:105DB000646963746F722F676C6F62616C5F6C7380
:105DC000746D2F6C73746D2F756E737461636B31AA
:105DD000303B6D5F6D63755F6E65745F7072656497
:105DE0006963746F722F676C6F62616C5F6C737440
:105DF0006D2F6C73746D2F756E737461636B3131BD
:105E00003B6D5F6D63755F6E65745F70726564692D
:105E100063746F722F676C6F62616C5F6C73746D0B
:105E20002F6C73746D2F756E737461636B31323BBD
:105E30006D5F6D63755F6E65745F707265646963D5
:105E4000746F722F676C6F62616C5F6C73746D2F0F
:105E50006C73746D2F756E737461636B31333B6D4E
:105E60005F6D63755F6E65745F707265646963749E
:105E70006F722F676C6F62616C5F6C73746D2F6CE7
:105E800073746D2F756E737461636B31343B6D5F2A
:105E90006D63755F6E65745F707265646963746F5E
:105EA000722F676C6F62616C5F6C73746D2F6C73B3
:105EB000746D2F756E737461636B31353B6D5F6DFF
:105EC00063755F6E65745F707265646963746F7229
:105ED0002F676C6F62616C5F6C73746D2F6C737481
:105EE0006D2F756E737461636B31363B6D5F6D63DF
:105EF000755F6E65745F707265646963746F722F2D
:105F0000676C6F62616C5F6C73746D2F6C73746D12
:105F10002F756E737461636B31373B6D5F6D6375A5
:105F20005F6E65745F707265646963746F722F670A
:105F30006C6F62616C5F6C73746D2F6C73746D2F1A
:105F4000756E737461636B31383B6D5F6D63755F44
:105F50006E65745F707265646963746F722F676CCD
:105F60006F62616C5F6C73746D2F6C73746D2F75E1
:105F70006E737461636B31393B6D5F6D63755F6E1A
:105F800065745F707265646963746F722F676C6F9C
:105F900062616C5F6C73746D2F6C73746D2F756EB2
:105FA000737461636B32303B6D5F6D63755F6E65FB
:105FB000745F707265646963746F722F676C6F626F
:105FC000616C5F6C73746D2F6C73746D2F756E7371
:105FD0007461636B32313B6D5F6D63755F6E6574C9
:105FE0005F707265646963746F722F676C6F626152
:105FF0006C5F6C73746D2F6C73746D2F756E73742E
:1060000061636B32323B6D5F6D63755F6E65745FAC
:10601000707265646963746F722F676C6F62616C14
:106020005F6C73746D2F6C73746D2F756E73746108
:10603000636B32333B6D5F6D63755F6E65745F706C
:106040007265646963746F722F676C6F62616C5FF5
:106050006C73746D2F6C73746D2F756E73746163D4
:106060006B32343B6D5F6D63755F6E65745F70722C
:1060700065646963746F722F676C6F62616C5F6CCB
:1060800073746D2F6C73746D2F756E737461636BA5
:1060900032353B6D5F6D63755F6E65745F70726501
:1060A000646963746F722F676C6F62616C5F6C738D
:1060B000746D2F6C73746D2F756E737461636B32B6
:1060C000363B6D5F6D63755F6E65745F707265649E
:1060D0006963746F722F676C6F62616C5F6C73744D
:1060E0006D2F6C73746D2F756E737461636B3237C3
:1060F0003B6D5F6D63755F6E65745F70726564693B
:1061000063746F722F676C6F62616C5F6C73746D18
:106110002F6C73746D2F756E737461636B32383BC3
:106120006D5F6D63755F6E65745F707265646963E2
:10613000746F722F676C6F62616C5F6C73746D2F1C
:106140006C73746D2F756E737461636B32393B6D54
:106150005F6D63755F6E65745F70726564696374AB
:106160006F722F676C6F62616C5F6C73746D2F6CF4
:1061700073746D2F756E737461636B33303B6D5F39
:106180006D63755F6E65745F707265646963746F6B
:10619000722F676C6F62616C5F6C73746D2F6C73C0
:1061A000746D2F756E737461636B3331370000004B
:1061B000020000000100000040000000AAA5FFFF4F
:1061C0000000000114000000340000002200000064
:1061D0000000000904060000ECA4FFFF0800000016
:1061E000140000000100000080FFFFFFFFFFFFFF21
:1061F0000000000001000000FF13483CD50500002E
:106200006D5F6D63755F6E65745F70726564696301
:10621000746F722F676C6F62616C5F6C73746D2F3B
:106220006C73746D2F756E737461636B3B6D5F6D12
:1062300063755F6E65745F707265646963746F72B5
:106240002F676C6F62616C5F6C73746D2F6C73740D
:106250006D2F756E737461636B313B6D5F6D63752C
:106260005F6E65745F707265646963746F722F67C7
:106270006C6F62616C5F6C73746D2F6C73746D2FD7
:10628000756E737461636B323B6D5F6D63755F6ECA
:1062900065745F707265646963746F722F676C6F89
:1062A00062616C5F6C73746D2F6C73746D2F756E9F
:1062B000737461636B333B6D5F6D63755F6E6574A3
:1062C0005F707265646963746F722F676C6F62616F
:1062D0006C5F6C73746D2F6C73746D2F756E73744B
:1062E00061636B343B6D5F6D63755F6E65745F708A
:1062F0007265646963746F722F676C6F62616C5F43
:106300006C73746D2F6C73746D2F756E7374616321
:106310006B353B6D5F6D63755F6E65745F70726545
:10632000646963746F722F676C6F62616C5F6C730A
:10633000746D2F6C73746D2F756E737461636B362F
:106340003B6D5F6D63755F6E65745F7072656469E8
:1063500063746F722F676C6F62616C5F6C73746DC6
:106360002F6C73746D2F756E737461636B373B6D37
:106370005F6D63755F6E65745F7072656469637489
:106380006F722F676C6F62616C5F6C73746D2F6CD2
:1063900073746D2F756E737461636B383B6D5F6DD5
:1063A00063755F6E65745F707265646963746F7244
:1063B0002F676C6F62616C5F6C73746D2F6C73749C
:1063C0006D2F756E737461636B393B6D5F6D6375B3
:1063D0005F6E65745F707265646963746F722F6756
:1063E0006C6F62616C5F6C73746D2F6C73746D2F66
:1063F000756E737461636B31303B6D5F6D63755F98
:106400006E65745F707265646963746F722F676C18
:106410006F62616C5F6C73746D2F6C73746D2F752C
:106420006E737461636B31313B6D5F6D63755F6E6D
:1064300065745F707265646963746F722F676C6FE7
:1064400062616C5F6C73746D2F6C73746D2F756EFD
:10645000737461636B31323B6D5F6D63755F6E6545
:10646000745F707265646963746F722F676C6F62BA
:10647000616C5F6C73746D2F6C73746D2F756E73BC
:106480007461636B31333B6D5F6D63755F6E657413
:106490005F707265646963746F722F676C6F62619D
:1064A0006C5F6C73746D2F6C73746D2F756E737479
:1064B00061636B31343B6D5F6D63755F6E65745FF7
:1064C000707265646963746F722F676C6F62616C60
:1064D0005F6C73746D2F6C73746D2F756E73746154
:1064E000636B31353B6D5F6D63755F6E65745F70B7
:1064F0007265646963746F722F676C6F62616C5F41
:106500006C73746D2F6C73746D2F756E737461631F
:106510006B31363B6D5F6D63755F6E65745F707276
:1065200065646963746F722F676C6F62616C5F6C16
:1065300073746D2F6C73746D2F756E737461636BF0
:1065400031373B6D5F6D63755F6E65745F7072654B
:10655000646963746F722F676C6F62616C5F6C73D8
:10656000746D2F6C73746D2F756E737461636B3102
:10657000383B6D5F6D63755F6E65745F70726564E7
:106580006963746F722F676C6F62616C5F6C737498
:106590006D2F6C73746D2F756E737461636B31390D
:1065A0003B6D5F6D63755F6E65745F707265646986
:1065B00063746F722F676C6F62616C5F6C73746D64
:1065C0002F6C73746D2F756E737461636B32303B17
:1065D0006D5F6D63755F6E65745F7072656469632E
:1065E000746F722F676C6F62616C5F6C73746D2F68
:1065F0006C73746D2F756E737461636B32313B6DA8
:106600005F6D63755F6E65745F70726564696374F6
:106610006F722F676C6F62616C5F6C73746D2F6C3F
:1066200073746D2F756E737461636B32323B6D5F83
:106630006D63755F6E65745F707265646963746FB6
:10664000722F676C6F62616C5F6C73746D2F6C730B
:10665000746D2F756E737461636B32333B6D5F6D58
:1066600063755F6E65745F707265646963746F7281
:106670002F676C6F62616C5F6C73746D2F6C7374D9
:106680006D2F756E737461636B32343B6D5F6D6338
:10669000755F6E65745F707265646963746F722F85
:1066A000676C6F62616C5F6C73746D2F6C73746D6B
:1066B0002F756E737461636B32353B6D5F6D6375FF
:1066C0005F6E65745F707265646963746F722F6763
:1066D0006C6F62616C5F6C73746D2F6C73746D2F73
:1066E000756E737461636B32363B6D5F6D63755F9E
:1066F0006E65745F707265646963746F722F676C26
:106700006F62616C5F6C73746D2F6C73746D2F7539
:106710006E737461636B32373B6D5F6D63755F6E73
:1067200065745F707265646963746F722F676C6FF4
:1067300062616C5F6C73746D2F6C73746D2F756E0A
:10674000737461636B32383B6D5F6D63755F6E654B
:10675000745F707265646963746F722F676C6F62C7
:10676000616C5F6C73746D2F6C73746D2F756E73C9
:106770007461636B32393B6D5F6D63755F6E657419
:106780005F707265646963746F722F676C6F6261AA
:106790006C5F6C73746D2F6C73746D2F756E737486
:1067A00061636B33303B6D5F6D63755F6E65745F06
:1067B000707265646963746F722F676C6F62616C6D
:1067C0005F6C73746D2F6C73746D2F756E73746161
:1067D000636B33313600000002000000010000004E
:1067E00040000000D2ABFFFF0000000114000000D9
:1067F0003400000021000000000000090406000031
:1068000014ABFFFF080000001400000001000000AE
:1068100080FFFFFFFFFFFFFF0000000001000000FE
:10682000FF13483CD50500006D5F6D63755F6E65B5
:10683000745F707265646963746F722F676C6F62E6
:10684000616C5F6C73746D2F6C73746D2F756E73E8
:106850007461636B3B6D5F6D63755F6E65745F70D4
:106860007265646963746F722F676C6F62616C5FCD
:106870006C73746D2F6C73746D2F756E73746163AC
:106880006B313B6D5F6D63755F6E65745F707265D4
:10689000646963746F722F676C6F62616C5F6C7395
:1068A000746D2F6C73746D2F756E737461636B32BE
:1068B0003B6D5F6D63755F6E65745F707265646973
:1068C00063746F722F676C6F62616C5F6C73746D51
:1068D0002F6C73746D2F756E737461636B333B6DC6
:1068E0005F6D63755F6E65745F7072656469637414
:1068F0006F722F676C6F62616C5F6C73746D2F6C5D
:1069000073746D2F756E737461636B343B6D5F6D63
:1069100063755F6E65745F707265646963746F72CE
:106920002F676C6F62616C5F6C73746D2F6C737426
:106930006D2F756E737461636B353B6D5F6D637541
:106940005F6E65745F707265646963746F722F67E0
:106950006C6F62616C5F6C73746D2F6C73746D2FF0
:10696000756E737461636B363B6D5F6D63755F6EDF
:1069700065745F707265646963746F722F676C6FA2
:1069800062616C5F6C73746D2F6C73746D2F756EB8
:10699000737461636B373B6D5F6D63755F6E6574B8
:1069A0005F707265646963746F722F676C6F626188
:1069B0006C5F6C73746D2F6C73746D2F756E737464
:1069C00061636B383B6D5F6D63755F6E65745F709F
:1069D0007265646963746F722F676C6F62616C5F5C
:1069E0006C73746D2F6C73746D2F756E737461633B
:1069F0006B393B6D5F6D63755F6E65745F7072655B
:106A0000646963746F722F676C6F62616C5F6C7323
:106A1000746D2F6C73746D2F756E737461636B314D
:106A2000303B6D5F6D63755F6E65745F707265643A
:106A30006963746F722F676C6F62616C5F6C7374E3
:106A40006D2F6C73746D2F756E737461636B313160
:106A50003B6D5F6D63755F6E65745F7072656469D1
:106A600063746F722F676C6F62616C5F6C73746DAF
:106A70002F6C73746D2F756E737461636B31323B61
:106A80006D5F6D63755F6E65745F70726564696379
:106A9000746F722F676C6F62616C5F6C73746D2FB3
:106AA0006C73746D2F756E737461636B31333B6DF2
:106AB0005F6D63755F6E65745F7072656469637442
:106AC0006F722F676C6F62616C5F6C73746D2F6C8B
:106AD00073746D2F756E737461636B31343B6D5FCE
:106AE0006D63755F6E65745F707265646963746F02
:106AF000722F676C6F62616C5F6C73746D2F6C7357
:106B0000746D2F756E737461636B31353B6D5F6DA2
:106B100063755F6E65745F707265646963746F72CC
:106B20002F676C6F62616C5F6C73746D2F6C737424
:106B30006D2F756E737461636B31363B6D5F6D6382
:106B4000755F6E65745F707265646963746F722FD0
:106B5000676C6F62616C5F6C73746D2F6C73746DB6
:106B60002F756E737461636B31373B6D5F6D637549
:106B70005F6E65745F707265646963746F722F67AE
:106B80006C6F62616C5F6C73746D2F6C73746D2FBE
:106B9000756E737461636B31383B6D5F6D63755FE8
:106BA0006E65745F707265646963746F722F676C71
:106BB0006F62616C5F6C73746D2F6C73746D2F7585
:106BC0006E737461636B31393B6D5F6D63755F6EBE
:106BD00065745F707265646963746F722F676C6F40
:106BE00062616C5F6C73746D2F6C73746D2F756E56
:106BF000737461636B32303B6D5F6D63755F6E659F
:106C0000745F707265646963746F722F676C6F6212
:106C1000616C5F6C73746D2F6C73746D2F756E7314
:106C20007461636B32313B6D5F6D63755F6E65746C
:106C30005F707265646963746F722F676C6F6261F5
:106C40006C5F6C73746D2F6C73746D2F756E7374D1
:106C500061636B32323B6D5F6D63755F6E65745F50
:106C6000707265646963746F722F676C6F62616CB8
:106C70005F6C73746D2F6C73746D2F756E737461AC
:106C8000636B32333B6D5F6D63755F6E65745F7010
:106C90007265646963746F722F676C6F62616C5F99
:106CA0006C73746D2F6C73746D2F756E7374616378
:106CB0006B32343B6D5F6D63755F6E65745F7072D0
:106CC00065646963746F722F676C6F62616C5F6C6F
:106CD00073746D2F6C73746D2F756E737461636B49
:106CE00032353B6D5F6D63755F6E65745F707265A5
:106CF000646963746F722F676C6F62616C5F6C7331
:106D0000746D2F6C73746D2F756E737461636B3259
:106D1000363B6D5F6D63755F6E65745F7072656441
:106D20006963746F722F676C6F62616C5F6C7374F0
:106D30006D2F6C73746D2F756E737461636B323766
:106D40003B6D5F6D63755F6E65745F7072656469DE
:106D500063746F722F676C6F62616C5F6C73746DBC
:106D60002F6C73746D2F756E737461636B32383B67
:106D70006D5F6D63755F6E65745F70726564696386
:106D8000746F722F676C6F62616C5F6C73746D2FC0
:106D90006C73746D2F756E737461636B32393B6DF8
:106DA0005F6D63755F6E65745F707265646963744F
:106DB0006F722F676C6F62616C5F6C73746D2F6C98
:106DC00073746D2F756E737461636B33303B6D5FDD
:106DD0006D63755F6E65745F707265646963746F0F
:106DE000722F676C6F62616C5F6C73746D2F6C7364
:106DF000746D2F756E737461636B333135000000F1
:106E0000020000000100000040000000FAB1FFFF96
:106E10000000000114000000340000002000000009
:106E200000000009040600003CB1FFFF080000005C
:106E3000140000000100000080FFFFFFFFFFFFFFC4
:106E40000000000001000000FF13483CD5050000D1
:106E50006D5F6D63755F6E65745F707265646963A5
:106E6000746F722F676C6F62616C5F6C73746D2FDF
:106E70006C73746D2F756E737461636B3B6D5F6DB6
:106E800063755F6E65745F707265646963746F7259
:106E90002F676C6F62616C5F6C73746D2F6C7374B1
:106EA0006D2F756E737461636B313B6D5F6D6375D0
:106EB0005F6E65745F707265646963746F722F676B
:106EC0006C6F62616C5F6C73746D2F6C73746D2F7B
:106ED000756E737461636B323B6D5F6D63755F6E6E
:106EE00065745F707265646963746F722F676C6F2D
:106EF00062616C5F6C73746D2F6C73746D2F756E43
:106F0000737461636B333B6D5F6D63755F6E657446
:106F10005F707265646963746F722F676C6F626112
:106F20006C5F6C73746D2F6C73746D2F756E7374EE
:106F300061636B343B6D5F6D63755F6E65745F702D
:106F40007265646963746F722F676C6F62616C5FE6
:106F50006C73746D2F6C73746D2F756E73746163C5
:106F60006B353B6D5F6D63755F6E65745F707265E9
:106F7000646963746F722F676C6F62616C5F6C73AE
:106F8000746D2F6C73746D2F756E737461636B36D3
:106F90003B6D5F6D63755F6E65745F70726564698C
:106FA00063746F722F676C6F62616C5F6C73746D6A
:106FB0002F6C73746D2F756E737461636B373B6DDB
:106FC0005F6D63755F6E65745F707265646963742D
:106FD0006F722F676C6F62616C5F6C73746D2F6C76
:106FE00073746D2F756E737461636B383B6D5F6D79
:106FF00063755F6E65745F707265646963746F72E8
:107000002F676C6F62616C5F6C73746D2F6C73743F
:107010006D2F756E737461636B393B6D5F6D637556
:107020005F6E65745F707265646963746F722F67F9
:107030006C6F62616C5F6C73746D2F6C73746D2F09
:10704000756E737461636B31303B6D5F6D63755F3B
:107050006E65745F707265646963746F722F676CBC
:107060006F62616C5F6C73746D2F6C73746D2F75D0
:107070006E737461636B31313B6D5F6D63755F6E11
:1070800065745F707265646963746F722F676C6F8B
:1070900062616C5F6C73746D2F6C73746D2F756EA1
:1070A000737461636B31323B6D5F6D63755F6E65E9
:1070B000745F707265646963746F722F676C6F625E
:1070C000616C5F6C73746D2F6C73746D2F756E7360
:1070D0007461636B31333B6D5F6D63755F6E6574B7
:1070E0005F707265646963746F722F676C6F626141
:1070F0006C5F6C73746D2F6C73746D2F756E73741D
:1071000061636B31343B6D5F6D63755F6E65745F9A
:10711000707265646963746F722F676C6F62616C03
:107120005F6C73746D2F6C73746D2F756E737461F7
:10713000636B31353B6D5F6D63755F6E65745F705A
:107140007265646963746F722F676C6F62616C5FE4
:107150006C73746D2F6C73746D2F756E73746163C3
:107160006B31363B6D5F6D63755F6E65745F70721A
:1071700065646963746F722F676C6F62616C5F6CBA
:1071800073746D2F6C73746D2F756E737461636B94
:1071900031373B6D5F6D63755F6E65745F707265EF
:1071A000646963746F722F676C6F62616C5F6C737C
:1071B000746D2F6C73746D2F756E737461636B31A6
:1071C000383B6D5F6D63755F6E65745F707265648B
:1071D0006963746F722F676C6F62616C5F6C73743C
:1071E0006D2F6C73746D2F756E737461636B3139B1
:1071F0003B6D5F6D63755F6E65745F70726564692A
:1072000063746F722F676C6F62616C5F6C73746D07
:107210002F6C73746D2F756E737461636B32303BBA
:107220006D5F6D63755F6E65745F707265646963D1
:10723000746F722F676C6F62616C5F6C73746D2F0B
:107240006C73746D2F756E737461636B32313B6D4B
:107250005F6D63755F6E65745F707265646963749A
:107260006F722F676C6F62616C5F6C73746D2F6CE3
:1072700073746D2F756E737461636B32323B6D5F27
:107280006D63755F6E65745F707265646963746F5A
:10729000722F676C6F62616C5F6C73746D2F6C73AF
:1072A000746D2F756E737461636B32333B6D5F6DFC
:1072B00063755F6E65745F707265646963746F7225
:1072C0002F676C6F62616C5F6C73746D2F6C73747D
:1072D0006D2F756E737461636B32343B6D5F6D63DC
:1072E000755F6E65745F707265646963746F722F29
:1072F000676C6F62616C5F6C73746D2F6C73746D0F
:107300002F756E737461636B32353B6D5F6D6375A2
:107310005F6E65745F707265646963746F722F6706
:107320006C6F62616C5F6C73746D2F6C73746D2F16
:10733000756E737461636B32363B6D5F6D63755F41
:107340006E65745F707265646963746F722F676CC9
:107350006F62616C5F6C73746D2F6C73746D2F75DD
:107360006E737461636B32373B6D5F6D63755F6E17
:1073700065745F707265646963746F722F676C6F98
:1073800062616C5F6C73746D2F6C73746D2F756EAE
:10739000737461636B32383B6D5F6D63755F6E65EF
:1073A000745F707265646963746F722F676C6F626B
:1073B000616C5F6C73746D2F6C73746D2F756E736D
:1073C0007461636B32393B6D5F6D63755F6E6574BD
:1073D0005F707265646963746F722F676C6F62614E
:1073E0006C5F6C73746D2F6C73746D2F756E73742A
:1073F00061636B33303B6D5F6D63755F6E65745FAA
:10740000707265646963746F722F676C6F62616C10
:107410005F6C73746D2F6C73746D2F756E73746104
:10742000636B3331340000000200000001000000F3
:107430004000000022B8FFFF00000001140000001F
:10744000340000001F0000000000000904060000D6
:1074500064B7FFFF080000001400000001000000F6
:1074600080FFFFFFFFFFFFFF0000000001000000A2
:10747000FF13483CD50500006D5F6D63755F6E6559
:10748000745F707265646963746F722F676C6F628A
:10749000616C5F6C73746D2F6C73746D2F756E738C
:1074A0007461636B3B6D5F6D63755F6E65745F7078
:1074B0007265646963746F722F676C6F62616C5F71
:1074C0006C73746D2F6C73746D2F756E7374616350
:1074D0006B313B6D5F6D63755F6E65745F70726578
:1074E000646963746F722F676C6F62616C5F6C7339
:1074F000746D2F6C73746D2F756E737461636B3262
:107500003B6D5F6D63755F6E65745F707265646916
:1075100063746F722F676C6F62616C5F6C73746DF4
:107520002F6C73746D2F756E737461636B333B6D69
:107530005F6D63755F6E65745F70726564696374B7
:107540006F722F676C6F62616C5F6C73746D2F6C00
:1075500073746D2F756E737461636B343B6D5F6D07
:1075600063755F6E65745F707265646963746F7272
:107570002F676C6F62616C5F6C73746D2F6C7374CA
:107580006D2F756E737461636B353B6D5F6D6375E5
:107590005F6E65745F707265646963746F722F6784
:1075A0006C6F62616C5F6C73746D2F6C73746D2F94
:1075B000756E737461636B363B6D5F6D63755F6E83
:1075C00065745F707265646963746F722F676C6F46
:1075D00062616C5F6C73746D2F6C73746D2F756E5C
:1075E000737461636B373B6D5F6D63755F6E65745C
:1075F0005F707265646963746F722F676C6F62612C
:107600006C5F6C73746D2F6C73746D2F756E737407
:1076100061636B383B6D5F6D63755F6E65745F7042
:107620007265646963746F722F676C6F62616C5FFF
:107630006C73746D2F6C73746D2F756E73746163DE
:107640006B393B6D5F6D63755F6E65745F707265FE
:10765000646963746F722F676C6F62616C5F6C73C7
:10766000746D2F6C73746D2F756E737461636B31F1
:10767000303B6D5F6D63755F6E65745F70726564DE
:107680006963746F722F676C6F62616C5F6C737487
:107690006D2F6C73746D2F756E737461636B313104
:1076A0003B6D5F6D63755F6E65745F707265646975
:1076B00063746F722F676C6F62616C5F6C73746D53
:1076C0002F6C73746D2F756E737461636B31323B05
:1076D0006D5F6D63755F6E65745F7072656469631D
:1076E000746F722F676C6F62616C5F6C73746D2F57
:1076F0006C73746D2F756E737461636B31333B6D96
:107700005F6D63755F6E65745F70726564696374E5
:107710006F722F676C6F62616C5F6C73746D2F6C2E
:1077200073746D2F756E737461636B31343B6D5F71
:107730006D63755F6E65745F707265646963746FA5
:10774000722F676C6F62616C5F6C73746D2F6C73FA
:10775000746D2F756E737461636B31353B6D5F6D46
:1077600063755F6E65745F707265646963746F7270
:107770002F676C6F62616C5F6C73746D2F6C7374C8
:107780006D2F756E737461636B31363B6D5F6D6326
:10779000755F6E65745F707265646963746F722F74
:1077A000676C6F62616C5F6C73746D2F6C73746D5A
:1077B0002F756E737461636B31373B6D5F6D6375ED
:1077C0005F6E65745F707265646963746F722F6752
:1077D0006C6F62616C5F6C73746D2F6C73746D2F62
:1077E000756E737461636B31383B6D5F6D63755F8C
:1077F0006E65745F707265646963746F722F676C15
:107800006F62616C5F6C73746D2F6C73746D2F7528
:107810006E737461636B31393B6D5F6D63755F6E61
:1078200065745F707265646963746F722F676C6FE3
:1078300062616C5F6C73746D2F6C73746D2F756EF9
:10784000737461636B32303B6D5F6D63755F6E6542
:10785000745F707265646963746F722F676C6F62B6
:10786000616C5F6C73746D2F6C73746D2F756E73B8
:107870007461636B32313B6D5F6D63755F6E657410
:107880005F707265646963746F722F676C6F626199
:107890006C5F6C73746D2F6C73746D2F756E737475
:1078A00061636B32323B6D5F6D63755F6E65745FF4
:1078B000707265646963746F722F676C6F62616C5C
:1078C0005F6C73746D2F6C73746D2F756E73746150
:1078D000636B32333B6D5F6D63755F6E65745F70B4
:1078E0007265646963746F722F676C6F62616C5F3D
:1078F0006C73746D2F6C73746D2F756E737461631C
:107900006B32343B6D5F6D63755F6E65745F707273
:1079100065646963746F722F676C6F62616C5F6C12
:1079200073746D2F6C73746D2F756E737461636BEC
:1079300032353B6D5F6D63755F6E65745F70726548
:10794000646963746F722F676C6F62616C5F6C73D4
:10795000746D2F6C73746D2F756E737461636B32FD
:10796000363B6D5F6D63755F6E65745F70726564E5
:107970006963746F722F676C6F62616C5F6C737494
:107980006D2F6C73746D2F756E737461636B32370A
:107990003B6D5F6D63755F6E65745F707265646982
:1079A00063746F722F676C6F62616C5F6C73746D60
:1079B0002F6C73746D2F756E737461636B32383B0B
:1079C0006D5F6D63755F6E65745F7072656469632A
:1079D000746F722F676C6F62616C5F6C73746D2F64
:1079E0006C73746D2F756E737461636B32393B6D9C
:1079F0005F6D63755F6E65745F70726564696374F3
:107A00006F722F676C6F62616C5F6C73746D2F6C3B
:107A100073746D2F756E737461636B33303B6D5F80
:107A20006D63755F6E65745F707265646963746FB2
:107A3000722F676C6F62616C5F6C73746D2F6C7307
:107A4000746D2F756E737461636B33313300000096
:107A50000200000001000000400000004ABEFFFFDD
:107A60000000000114000000340000001E000000AF
:107A700000000009040600008CBDFFFF08000000A4
:107A8000140000000100000080FFFFFFFFFFFFFF68
:107A90000000000001000000FF13483CD505000075
:107AA0006D5F6D63755F6E65745F70726564696349
:107AB000746F722F676C6F62616C5F6C73746D2F83
:107AC0006C73746D2F756E737461636B3B6D5F6D5A
:107AD00063755F6E65745F707265646963746F72FD
:107AE0002F676C6F62616C5F6C73746D2F6C737455
:107AF0006D2F756E737461636B313B6D5F6D637574
:107B00005F6E65745F707265646963746F722F670E
:107B10006C6F62616C5F6C73746D2F6C73746D2F1E
:107B2000756E737461636B323B6D5F6D63755F6E11
:107B300065745F707265646963746F722F676C6FD0
:107B400062616C5F6C73746D2F6C73746D2F756EE6
:107B5000737461636B333B6D5F6D63755F6E6574EA
:107B60005F707265646963746F722F676C6F6261B6
:107B70006C5F6C73746D2F6C73746D2F756E737492
:107B800061636B343B6D5F6D63755F6E65745F70D1
:107B90007265646963746F722F676C6F62616C5F8A
:107BA0006C73746D2F6C73746D2F756E7374616369
:107BB0006B353B6D5F6D63755F6E65745F7072658D
:107BC000646963746F722F676C6F62616C5F6C7352
:107BD000746D2F6C73746D2F756E737461636B3677
:107BE0003B6D5F6D63755F6E65745F707265646930
:107BF00063746F722F676C6F62616C5F6C73746D0E
:107C00002F6C73746D2F756E737461636B373B6D7E
:107C10005F6D63755F6E65745F70726564696374D0
:107C20006F722F676C6F62616C5F6C73746D2F6C19
:107C300073746D2F756E737461636B383B6D5F6D1C
:107C400063755F6E65745F707265646963746F728B
:107C50002F676C6F62616C5F6C73746D2F6C7374E3
:107C60006D2F756E737461636B393B6D5F6D6375FA
:107C70005F6E65745F707265646963746F722F679D
:107C80006C6F62616C5F6C73746D2F6C73746D2FAD
:107C9000756E737461636B31303B6D5F6D63755FDF
:107CA0006E65745F707265646963746F722F676C60
:107CB0006F62616C5F6C73746D2F6C73746D2F7574
:107CC0006E737461636B31313B6D5F6D63755F6EB5
:107CD00065745F707265646963746F722F676C6F2F
:107CE00062616C5F6C73746D2F6C73746D2F756E45
:107CF000737461636B31323B6D5F6D63755F6E658D
:107D0000745F707265646963746F722F676C6F6201
:107D1000616C5F6C73746D2F6C73746D2F756E7303
:107D20007461636B31333B6D5F6D63755F6E65745A
:107D30005F707265646963746F722F676C6F6261E4
:107D40006C5F6C73746D2F6C73746D2F756E7374C0
:107D500061636B31343B6D5F6D63755F6E65745F3E
:107D6000707265646963746F722F676C6F62616CA7
:107D70005F6C73746D2F6C73746D2F756E7374619B
:107D8000636B31353B6D5F6D63755F6E65745F70FE
:107D90007265646963746F722F676C6F62616C5F88
:107DA0006C73746D2F6C73746D2F756E7374616367
:107DB0006B31363B6D5F6D63755F6E65745F7072BE
:107DC00065646963746F722F676C6F62616C5F6C5E
:107DD00073746D2F6C73746D2F756E737461636B38
:107DE00031373B6D5F6D63755F6E65745F70726593
:107DF000646963746F722F676C6F62616C5F6C7320
:107E0000746D2F6C73746D2F756E737461636B3149
:107E1000383B6D5F6D63755F6E65745F707265642E
:107E20006963746F722F676C6F62616C5F6C7374DF
:107E30006D2F6C73746D2F756E737461636B313954
:107E40003B6D5F6D63755F6E65745F7072656469CD
:107E500063746F722F676C6F62616C5F6C73746DAB
:107E60002F6C73746D2F756E737461636B32303B5E
:107E70006D5F6D63755F6E65745F70726564696375
:107E8000746F722F676C6F62616C5F6C73746D2FAF
:107E90006C73746D2F756E737461636B32313B6DEF
:107EA0005F6D63755F6E65745F707265646963743E
:107EB0006F722F676C6F62616C5F6C73746D2F6C87
:107EC00073746D2F756E737461636B32323B6D5FCB
:107ED0006D63755F6E65745F707265646963746FFE
:107EE000722F676C6F62616C5F6C73746D2F6C7353
:107EF000746D2F756E737461636B32333B6D5F6DA0
:107F000063755F6E65745F707265646963746F72C8
:107F10002F676C6F62616C5F6C73746D2F6C737420
:107F20006D2F756E737461636B32343B6D5F6D637F
:107F3000755F6E65745F707265646963746F722FCC
:107F4000676C6F62616C5F6C73746D2F6C73746DB2
:107F50002F756E737461636B32353B6D5F6D637546
:107F60005F6E65745F707265646963746F722F67AA
:107F70006C6F62616C5F6C73746D2F6C73746D2FBA
:107F8000756E737461636B32363B6D5F6D63755FE5
:107F90006E65745F707265646963746F722F676C6D
:107FA0006F62616C5F6C73746D2F6C73746D2F7581
:107FB0006E737461636B32373B6D5F6D63755F6EBB
:107FC00065745F707265646963746F722F676C6F3C
:107FD00062616C5F6C73746D2F6C73746D2F756E52
:107FE000737461636B32383B6D5F6D63755F6E6593
:107FF000745F707265646963746F722F676C6F620F
:10800000616C5F6C73746D2F6C73746D2F756E7310
:108010007461636B32393B6D5F6D63755F6E657460
:108020005F707265646963746F722F676C6F6261F1
:108030006C5F6C73746D2F6C73746D2F756E7374CD
:1080400061636B33303B6D5F6D63755F6E65745F4D
:10805000707265646963746F722F676C6F62616CB4
:108060005F6C73746D2F6C73746D2F756E737461A8
:10807000636B333132000000020000000100000099
:108080004000000072C4FFFF000000011400000067
:10809000340000001D00000000000009040600007C
:1080A000B4C3FFFF0800000014000000010000003E
:1080B00080FFFFFFFFFFFFFF000000000100000046
:1080C000FF13483CD50500006D5F6D63755F6E65FD
:1080D000745F707265646963746F722F676C6F622E
:1080E000616C5F6C73746D2F6C73746D2F756E7330
:1080F0007461636B3B6D5F6D63755F6E65745F701C
:108100007265646963746F722F676C6F62616C5F14
:108110006C73746D2F6C73746D2F756E73746163F3
:108120006B313B6D5F6D63755F6E65745F7072651B
:10813000646963746F722F676C6F62616C5F6C73DC
:10814000746D2F6C73746D2F756E737461636B3205
:108150003B6D5F6D63755F6E65745F7072656469BA
:1081600063746F722F676C6F62616C5F6C73746D98
:108170002F6C73746D2F756E737461636B333B6D0D
:108180005F6D63755F6E65745F707265646963745B
:108190006F722F676C6F62616C5F6C73746D2F6CA4
:1081A00073746D2F756E737461636B343B6D5F6DAB
:1081B00063755F6E65745F707265646963746F7216
:1081C0002F676C6F62616C5F6C73746D2F6C73746E
:1081D0006D2F756E737461636B353B6D5F6D637589
:1081E0005F6E65745F707265646963746F722F6728
:1081F0006C6F62616C5F6C73746D2F6C73746D2F38
:10820000756E737461636B363B6D5F6D63755F6E26
:1082100065745F707265646963746F722F676C6FE9
:1082200062616C5F6C73746D2F6C73746D2F756EFF
:10823000737461636B373B6D5F6D63755F6E6574FF
:108240005F707265646963746F722F676C6F6261CF
:108250006C5F6C73746D2F6C73746D2F756E7374AB
:1082600061636B383B6D5F6D63755F6E65745F70E6
:108270007265646963746F722F676C6F62616C5FA3
:108280006C73746D2F6C73746D2F756E7374616382
:108290006B393B6D5F6D63755F6E65745F707265A2
:1082A000646963746F722F676C6F62616C5F6C736B
:1082B000746D2F6C73746D2F756E737461636B3195
:1082C000303B6D5F6D63755F6E65745F7072656482
:1082D0006963746F722F676C6F62616C5F6C73742B
:1082E0006D2F6C73746D2F756E737461636B3131A8
:1082F0003B6D5F6D63755F6E65745F707265646919
:1083000063746F722F676C6F62616C5F6C73746DF6
:108310002F6C73746D2F756E737461636B31323BA8
:108320006D5F6D63755F6E65745F707265646963C0
:10833000746F722F676C6F62616C5F6C73746D2FFA
:108340006C73746D2F756E737461636B31333B6D39
:108350005F6D63755F6E65745F7072656469637489
:108360006F722F676C6F62616C5F6C73746D2F6CD2
:1083700073746D2F756E737461636B31343B6D5F15
:108380006D63755F6E65745F707265646963746F49
:10839000722F676C6F62616C5F6C73746D2F6C739E
:1083A000746D2F756E737461636B31353B6D5F6DEA
:1083B00063755F6E65745F707265646963746F7214
:1083C0002F676C6F62616C5F6C73746D2F6C73746C
:1083D0006D2F756E737461636B31363B6D5F6D63CA
:1083E000755F6E65745F707265646963746F722F18
:1083F000676C6F62616C5F6C73746D2F6C73746DFE
:108400002F756E737461636B31373B6D5F6D637590
:108410005F6E65745F707265646963746F722F67F5
:108420006C6F62616C5F6C73746D2F6C73746D2F05
:10843000756E737461636B31383B6D5F6D63755F2F
:108440006E65745F707265646963746F722F676CB8
:108450006F62616C5F6C73746D2F6C73746D2F75CC
:108460006E737461636B31393B6D5F6D63755F6E05
:1084700065745F707265646963746F722F676C6F87
:1084800062616C5F6C73746D2F6C73746D2F756E9D
:10849000737461636B32303B6D5F6D63755F6E65E6
:1084A000745F707265646963746F722F676C6F625A
:1084B000616C5F6C73746D2F6C73746D2F756E735C
:1084C0007461636B32313B6D5F6D63755F6E6574B4
:1084D0005F707265646963746F722F676C6F62613D
:1084E0006C5F6C73746D2F6C73746D2F756E737419
:1084F00061636B32323B6D5F6D63755F6E65745F98
:10850000707265646963746F722F676C6F62616CFF
:108510005F6C73746D2F6C73746D2F756E737461F3
:10852000636B32333B6D5F6D63755F6E65745F7057
:108530007265646963746F722F676C6F62616C5FE0
:108540006C73746D2F6C73746D2F756E73746163BF
:108550006B32343B6D5F6D63755F6E65745F707217
:1085600065646963746F722F676C6F62616C5F6CB6
:1085700073746D2F6C73746D2F756E737461636B90
:1085800032353B6D5F6D63755F6E65745F707265EC
:10859000646963746F722F676C6F62616C5F6C7378
:1085A000746D2F6C73746D2F756E737461636B32A1
:1085B000363B6D5F6D63755F6E65745F7072656489
:1085C0006963746F722F676C6F62616C5F6C737438
:1085D0006D2F6C73746D2F756E737461636B3237AE
:1085E0003B6D5F6D63755F6E65745F707265646926
:1085F00063746F722F676C6F62616C5F6C73746D04
:108600002F6C73746D2F756E737461636B32383BAE
:108610006D5F6D63755F6E65745F707265646963CD
:10862000746F722F676C6F62616C5F6C73746D2F07
:108630006C73746D2F756E737461636B32393B6D3F
:108640005F6D63755F6E65745F7072656469637496
:108650006F722F676C6F62616C5F6C73746D2F6CDF
:1086600073746D2F756E737461636B33303B6D5F24
:108670006D63755F6E65745F707265646963746F56
:10868000722F676C6F62616C5F6C73746D2F6C73AB
:10869000746D2F756E737461636B3331310000003C
:1086A0000200000001000000400000009ACAFFFF25
:1086B0000000000114000000340000001C00000055
:1086C0000000000904060000DCC9FFFF08000000EC
:1086D000140000000100000080FFFFFFFFFFFFFF0C
:1086E0000000000001000000FF13483CD40500001A
:1086F0006D5F6D63755F6E65745F707265646963ED
:10870000746F722F676C6F62616C5F6C73746D2F26
:108710006C73746D2F756E737461636B3B6D5F6DFD
:1087200063755F6E65745F707265646963746F72A0
:108730002F676C6F62616C5F6C73746D2F6C7374F8
:108740006D2F756E737461636B313B6D5F6D637517
:108750005F6E65745F707265646963746F722F67B2
:108760006C6F62616C5F6C73746D2F6C73746D2FC2
:10877000756E737461636B323B6D5F6D63755F6EB5
:1087800065745F707265646963746F722F676C6F74
:1087900062616C5F6C73746D2F6C73746D2F756E8A
:1087A000737461636B333B6D5F6D63755F6E65748E
:1087B0005F707265646963746F722F676C6F62615A
:1087C0006C5F6C73746D2F6C73746D2F756E737436
:1087D00061636B343B6D5F6D63755F6E65745F7075
:1087E0007265646963746F722F676C6F62616C5F2E
:1087F0006C73746D2F6C73746D2F756E737461630D
:108800006B353B6D5F6D63755F6E65745F70726530
:10881000646963746F722F676C6F62616C5F6C73F5
:10882000746D2F6C73746D2F756E737461636B361A
:108830003B6D5F6D63755F6E65745F7072656469D3
:1088400063746F722F676C6F62616C5F6C73746DB1
:108850002F6C73746D2F756E737461636B373B6D22
:108860005F6D63755F6E65745F7072656469637474
:108870006F722F676C6F62616C5F6C73746D2F6CBD
:1088800073746D2F756E737461636B383B6D5F6DC0
:1088900063755F6E65745F707265646963746F722F
:1088A0002F676C6F62616C5F6C73746D2F6C737487
:1088B0006D2F756E737461636B393B6D5F6D63759E
:1088C0005F6E65745F707265646963746F722F6741
:1088D0006C6F62616C5F6C73746D2F6C73746D2F51
:1088E000756E737461636B31303B6D5F6D63755F83
:1088F0006E65745F707265646963746F722F676C04
:108900006F62616C5F6C73746D2F6C73746D2F7517
:108910006E737461636B31313B6D5F6D63755F6E58
:1089200065745F707265646963746F722F676C6FD2
:1089300062616C5F6C73746D2F6C73746D2F756EE8
:10894000737461636B31323B6D5F6D63755F6E6530
:10895000745F707265646963746F722F676C6F62A5
:10896000616C5F6C73746D2F6C73746D2F756E73A7
:108970007461636B31333B6D5F6D63755F6E6574FE
:108980005F707265646963746F722F676C6F626188
:108990006C5F6C73746D2F6C73746D2F756E737464
:1089A00061636B31343B6D5F6D63755F6E65745FE2
:1089B000707265646963746F722F676C6F62616C4B
:1089C0005F6C73746D2F6C73746D2F756E7374613F
:1089D000636B31353B6D5F6D63755F6E65745F70A2
:1089E0007265646963746F722F676C6F62616C5F2C
:1089F0006C73746D2F6C73746D2F756E737461630B
:108A00006B31363B6D5F6D63755F6E65745F707261
:108A100065646963746F722F676C6F62616C5F6C01
:108A200073746D2F6C73746D2F756E737461636BDB
:108A300031373B6D5F6D63755F6E65745F70726536
:108A4000646963746F722F676C6F62616C5F6C73C3
:108A5000746D2F6C73746D2F756E737461636B31ED
:108A6000383B6D5F6D63755F6E65745F70726564D2
:108A70006963746F722F676C6F62616C5F6C737483
:108A80006D2F6C73746D2F756E737461636B3139F8
:108A90003B6D5F6D63755F6E65745F707265646971
:108AA00063746F722F676C6F62616C5F6C73746D4F
:108AB0002F6C73746D2F756E737461636B32303B02
:108AC0006D5F6D63755F6E65745F70726564696319
:108AD000746F722F676C6F62616C5F6C73746D2F53
:108AE0006C73746D2F756E737461636B32313B6D93
:108AF0005F6D63755F6E65745F70726564696374E2
:108B00006F722F676C6F62616C5F6C73746D2F6C2A
:108B100073746D2F756E737461636B32323B6D5F6E
:108B20006D63755F6E65745F707265646963746FA1
:108B3000722F676C6F62616C5F6C73746D2F6C73F6
:108B4000746D2F756E737461636B32333B6D5F6D43
:108B500063755F6E65745F707265646963746F726C
:108B60002F676C6F62616C5F6C73746D2F6C7374C4
:108B70006D2F756E737461636B32343B6D5F6D6323
:108B8000755F6E65745F707265646963746F722F70
:108B9000676C6F62616C5F6C73746D2F6C73746D56
:108BA0002F756E737461636B32353B6D5F6D6375EA
:108BB0005F6E65745F707265646963746F722F674E
:108BC0006C6F62616C5F6C73746D2F6C73746D2F5E
:108BD000756E737461636B32363B6D5F6D63755F89
:108BE0006E65745F707265646963746F722F676C11
:108BF0006F62616C5F6C73746D2F6C73746D2F7525
:108C00006E737461636B32373B6D5F6D63755F6E5E
:108C100065745F707265646963746F722F676C6FDF
:108C200062616C5F6C73746D2F6C73746D2F756EF5
:108C3000737461636B32383B6D5F6D63755F6E6536
:108C4000745F707265646963746F722F676C6F62B2
:108C5000616C5F6C73746D2F6C73746D2F756E73B4
:108C60007461636B32393B6D5F6D63755F6E657404
:108C70005F707265646963746F722F676C6F626195
:108C80006C5F6C73746D2F6C73746D2F756E737471
:108C900061636B33303B6D5F6D63755F6E65745FF1
:108CA000707265646963746F722F676C6F62616C58
:108CB0005F6C73746D2F6C73746D2F756E7374614C
:108CC000636B33310000000002000000010000006F
:108CD00040000000C2D0FFFF0000000114000000AF
:108CE000300000001B00000000000009C800000068
:108CF00004D0FFFF08000000100000000100000089
:108D000080FFFFFFFFFFFFFF01000000FF13483C53
:108D10009E0000006D5F6D63755F6E65745F7072BD
:108D200065646963746F722F676C6F62616C5F6CEE
:108D300073746D2F6C73746D2F7472616E73706FBA
:108D400073653B6D5F6D63755F6E65745F707265B3
:108D5000646963746F722F676C6F62616C5F6C73B0
:108D6000746D2F6C73746D2F6C73746D5F63656CB1
:108D70006C2F73706C69742F73706C69745F6469A5
:108D80006D3B6D5F6D63755F6E65745F707265647A
:108D90006963746F722F676C6F62616C5F706F696B
:108DA0006E745F6E65745F776F5F6174742F4D656D
:108DB000616E0000030000002000000001000000C0
:108DC00040000000B2D1FFFF0000000114000000CD
:108DD000340000001A0000000000000978020000C2
:108DE000F4D0FFFF080000001400000001000000A4
:108DF00080FFFFFFFFFFFFFF0000000001000000F9
:108E00006946B73C4B0200006D5F6D63755F6E6530
:108E1000745F707265646963746F722F676C6F62E0
:108E2000616C5F706F696E745F6E65745F776F5FA2
:108E30006174742F72655F6C755F312F52656C754C
:108E40005F323B6D5F6D63755F6E65745F707265F9
:108E5000646963746F722F676C6F62616C5F706FAF
:108E6000696E745F6E65745F776F5F6174742F6293
:108E7000617463685F6E6F726D616C697A61746949
:108E80006F6E5F352F62617463686E6F726D2F61F4
:108E900064645F313B6D5F6D63755F6E65745F70B9
:108EA0007265646963746F722F676C6F62616C5F67
:108EB000706F696E745F6E65745F776F5F617474F5
:108EC0002F636F6E7631645F352F436F6E7631445A
:108ED0002F53717565657A653B6D5F6D63755F6E68
:108EE00065745F707265646963746F722F676C6F0D
:108EF00062616C5F706F696E745F6E65745F776FCF
:108F00005F6174742F62617463685F6E6F726D610C
:108F10006C697A6174696F6E5F352F626174636822
:108F20006E6F726D2F6D756C5F313B6D5F6D63752C
:108F30005F6E65745F707265646963746F722F67CA
:108F40006C6F62616C5F706F696E745F6E65745F89
:108F5000776F5F6174742F636F6E7631645F352F46
:108F6000426961734164643B6D5F6D63755F6E65FB
:108F7000745F707265646963746F722F676C6F627F
:108F8000616C5F706F696E745F6E65745F776F5F41
:108F90006174742F636F6E7631645F352F4269613F
:108FA000734164642F526561645661726961626CD9
:108FB000654F703B6D5F6D63755F6E65745F70725A
:108FC00065646963746F722F676C6F62616C5F7048
:108FD0006F696E745F6E65745F776F5F6174742F15
:108FE00062617463685F6E6F726D616C697A6174DF
:108FF000696F6E5F352F62617463686E6F726D2F7B
:109000006D756C3B6D5F6D63755F6E65745F7072DF
:1090100065646963746F722F676C6F62616C5F70F7
:109020006F696E745F6E65745F776F5F6174742FC4
:1090300062617463685F6E6F726D616C697A61748E
:10904000696F6E5F352F62617463686E6F726D2F2A
:109050007375620003000000200000004000000063
:109060004000000052D4FFFF000000011400000087
:10907000300000001900000000000009B4020000E8
:1090800094D3FFFF08000000100000000100000062
:1090900080FFFFFFFFFFFFFF010000006946B73CB4
:1090A000880200006D5F6D63755F6E65745F70723E
:1090B00065646963746F722F676C6F62616C5F7057
:1090C0006F696E745F6E65745F776F5F6174742F24
:1090D00072655F6C755F312F52656C755F323B6DE9
:1090E0005F6D63755F6E65745F70726564696374EC
:1090F0006F722F676C6F62616C5F706F696E745F07
:109100006E65745F776F5F6174742F6261746368FA
:109110005F6E6F726D616C697A6174696F6E5F35D5
:109120002F62617463686E6F726D2F6164645F316A
:109130003B6D5F6D63755F6E65745F7072656469CA
:1091400063746F722F676C6F62616C5F706F696EB2
:10915000745F6E65745F776F5F6174742F636F6E99
:109160007631645F352F436F6E7631442F537175BE
:1091700065657A653B6D5F6D63755F6E65745F7085
:109180007265646963746F722F676C6F62616C5F84
:10919000706F696E745F6E65745F776F5F61747412
:1091A0002F62617463685F6E6F726D616C697A6162
:1091B00074696F6E5F352F62617463686E6F726D74
:1091C0002F6D756C5F313B6D5F6D63755F6E6574A0
:1091D0005F707265646963746F722F676C6F626130
:1091E0006C5F706F696E745F6E65745F776F5F61DF
:1091F00074742F636F6E7631645F352F42696173CB
:109200004164643B6D5F6D63755F6E65745F707222
:1092100065646963746F722F676C6F62616C5F70F5
:109220006F696E745F6E65745F776F5F6174742FC2
:10923000636F6E7631645F352F4269617341646498
:109240002F526561645661726961626C654F703B53
:109250006D5F6D63755F6E65745F70726564696381
:10926000746F722F676C6F62616C5F706F696E7480
:109270005F6E65745F776F5F6174742F6261746392
:10928000685F6E6F726D616C697A6174696F6E5F31
:10929000352F62617463686E6F726D2F6D756C3BF4
:1092A0006D5F6D63755F6E65745F70726564696331
:1092B000746F722F676C6F62616C5F706F696E7430
:1092C0005F6E65745F776F5F6174742F6261746342
:1092D000685F6E6F726D616C697A6174696F6E5FE1
:1092E000352F62617463686E6F726D2F7375623BA8
:1092F0006D5F6D63755F6E65745F707265646963E1
:10930000746F722F676C6F62616C5F706F696E74DF
:109310005F6E65745F776F5F6174742F636F6E76D5
:1093200031645F352F436F6E7631443100000000A9
:1093300004000000200000000100000040000000C8
:109340004000000032D7FFFF0000000114000000C1
:10935000300000001800000000000009B402000006
:1093600074D6FFFF0800000010000000010000009C
:1093700080FFFFFFFFFFFFFF01000000F0B2803C15
:10938000880200006D5F6D63755F6E65745F70725B
:1093900065646963746F722F676C6F62616C5F7074
:1093A0006F696E745F6E65745F776F5F6174742F41
:1093B00072655F6C755F312F52656C755F313B6D07
:1093C0005F6D63755F6E65745F7072656469637409
:1093D0006F722F676C6F62616C5F706F696E745F24
:1093E0006E65745F776F5F6174742F626174636818
:1093F0005F6E6F726D616C697A6174696F6E5F34F4
:109400002F62617463686E6F726D2F6164645F3187
:109410003B6D5F6D63755F6E65745F7072656469E7
:1094200063746F722F676C6F62616C5F706F696ECF
:10943000745F6E65745F776F5F6174742F636F6EB6
:109440007631645F342F436F6E7631442F537175DC
:1094500065657A653B6D5F6D63755F6E65745F70A2
:109460007265646963746F722F676C6F62616C5FA1
:10947000706F696E745F6E65745F776F5F6174742F
:109480002F62617463685F6E6F726D616C697A617F
:1094900074696F6E5F342F62617463686E6F726D92
:1094A0002F6D756C5F313B6D5F6D63755F6E6574BD
:1094B0005F707265646963746F722F676C6F62614D
:1094C0006C5F706F696E745F6E65745F776F5F61FC
:1094D00074742F636F6E7631645F342F42696173E9
:1094E0004164643B6D5F6D63755F6E65745F707240
:1094F00065646963746F722F676C6F62616C5F7013
:109500006F696E745F6E65745F776F5F6174742FDF
:10951000636F6E7631645F342F42696173416464B6
:109520002F526561645661726961626C654F703B70
:109530006D5F6D63755F6E65745F7072656469639E
:10954000746F722F676C6F62616C5F706F696E749D
:109550005F6E65745F776F5F6174742F62617463AF
:10956000685F6E6F726D616C697A6174696F6E5F4E
:10957000342F62617463686E6F726D2F6D756C3B12
:109580006D5F6D63755F6E65745F7072656469634E
:10959000746F722F676C6F62616C5F706F696E744D
:1095A0005F6E65745F776F5F6174742F626174635F
:1095B000685F6E6F726D616C697A6174696F6E5FFE
:1095C000342F62617463686E6F726D2F7375623BC6
:1095D0006D5F6D63755F6E65745F707265646963FE
:1095E000746F722F676C6F62616C5F706F696E74FD
:1095F0005F6E65745F776F5F6174742F636F6E76F3
:1096000031645F342F436F6E7631443100000000C7
:1096100004000000200000000100000040000000E5
:109620003000000012DAFFFF00000001140000000B
:10963000340000001700000000000009B402000020
:1096400054D9FFFF080000001400000001000000D2
:1096500080FFFFFFFFFFFFFF000000000100000090
:10966000AECCA13C860200006D5F6D63755F6E65D8
:10967000745F707265646963746F722F676C6F6278
:10968000616C5F706F696E745F6E65745F776F5F3A
:109690006174742F72655F6C755F312F52656C75E4
:1096A0003B6D5F6D63755F6E65745F707265646955
:1096B00063746F722F676C6F62616C5F706F696E3D
:1096C000745F6E65745F776F5F6174742F6261742D
:1096D00063685F6E6F726D616C697A6174696F6ED9
:1096E0005F332F62617463686E6F726D2F616464A3
:1096F0005F313B6D5F6D63755F6E65745F70726542
:10970000646963746F722F676C6F62616C5F706FF6
:10971000696E745F6E65745F776F5F6174742F63D9
:109720006F6E7631645F332F436F6E7631442F5303
:10973000717565657A653B6D5F6D63755F6E6574A8
:109740005F707265646963746F722F676C6F6261BA
:109750006C5F706F696E745F6E65745F776F5F6169
:1097600074742F62617463685F6E6F726D616C698F
:109770007A6174696F6E5F332F62617463686E6FB4
:10978000726D2F6D756C5F313B6D5F6D63755F6ED4
:1097900065745F707265646963746F722F676C6F54
:1097A00062616C5F706F696E745F6E65745F776F16
:1097B0005F6174742F636F6E7631645F332F42691B
:1097C00061734164643B6D5F6D63755F6E65745F6B
:1097D000707265646963746F722F676C6F62616C1D
:1097E0005F706F696E745F6E65745F776F5F6174D1
:1097F000742F636F6E7631645F332F4269617341FA
:1098000064642F526561645661726961626C654F70
:10981000703B6D5F6D63755F6E65745F70726564DC
:109820006963746F722F676C6F62616C5F706F69D0
:109830006E745F6E65745F776F5F6174742F6261C1
:109840007463685F6E6F726D616C697A6174696F61
:109850006E5F332F62617463686E6F726D2F6D750A
:109860006C3B6D5F6D63755F6E65745F7072656490
:109870006963746F722F676C6F62616C5F706F6980
:109880006E745F6E65745F776F5F6174742F626171
:109890007463685F6E6F726D616C697A6174696F11
:1098A0006E5F332F62617463686E6F726D2F7375B4
:1098B000623B6D5F6D63755F6E65745F707265644A
:1098C0006963746F722F676C6F62616C5F706F6930
:1098D0006E745F6E65745F776F5F6174742F636F12
:1098E0006E7631645F332F436F6E76314431000002
:1098F0000400000020000000010000004000000003
:1099000020000000F2DCFFFF000000011400000056
:109910003400000016000000000000097400000080
:1099200034DCFFFF0800000014000000010000000C
:10993000B4FFFFFFFFFFFFFF000000000100000079
:109940006453653D470000006D5F6D63755F6E6534
:10995000745F707265646963746F722F676C6F6295
:10996000616C5F706F696E745F6E65745F776F5F57
:109970006174742F636F6E7631645F332F436F6E43
:109980007631442F457870616E6444696D7331009F
:109990000400000020000000010000004000000062
:1099A0000600000092DDFFFF00000001140000002F
:1099B000A801000015000000000000094C03000091
:1099C000D4DCFFFF080000000C01000020000000B4
:1099D0000000000000000000000000000000000087
:1099E0000000000000000000000000000000000077
:1099F0000000000000000000000000000000000067
:109A00000000000000000000000000000000000056
:109A10000000000000000000000000000000000046
:109A20000000000000000000000000000000000036
:109A30000000000000000000000000000000000026
:109A40000000000000000000000000000000000016
:109A50000000000000000000000000000000000006
:109A600000000000000000000000000000000000F6
:109A700000000000000000000000000000000000E6
:109A800000000000000000000000000000000000D6
:109A900000000000000000000000000000000000C6
:109AA00000000000000000000000000000000000B6
:109AB00000000000000000000000000000000000A6
:109AC0000000000000000000000000000000000096
:109AD0000000000020000000024ED23B116E943BBB
:109AE000BD51B23B3A1E483CE5270E3C10876D3B0A
:109AF000EFFCA13B175A0B3CB7C5C73B439D333C1A
:109B0000F207E63BF790BB3BC950043C23C5D93B69
:109B100001AF5B3CE614B63BB69AF53BF5B4543B5B
:109B200090A3CD3B9BB0EF3BCB9DE03B5EF3DC3B9A
:109B3000EC51773B91FEDC3B9082B53B56BF833BBB
:109B40003113153CB1E49E3B7A84093CD577F43B54
:109B5000D95AB13BD5EFF03BAA0100006D5F6D63B0
:109B6000755F6E65745F707265646963746F722F80
:109B7000676C6F62616C5F706F696E745F6E657445
:109B80005F776F5F6174742F62617463685F6E6F7B
:109B9000726D616C697A6174696F6E5F332F626197
:109BA0007463686E6F726D2F6D756C5F313B6D5FA6
:109BB0006D63755F6E65745F707265646963746F01
:109BC000722F676C6F62616C5F706F696E745F6E2D
:109BD00065745F776F5F6174742F636F6E76316445
:109BE0005F332F436F6E7631442F53717565657AFD
:109BF000653B6D5F6D63755F6E65745F7072656404
:109C00006963746F722F676C6F62616C5F706F69EC
:109C10006E745F6E65745F776F5F6174742F636FCE
:109C20006E7631645F332F426961734164643B6DCA
:109C30005F6D63755F6E65745F7072656469637490
:109C40006F722F676C6F62616C5F706F696E745FAB
:109C50006E65745F776F5F6174742F636F6E7631BA
:109C6000645F332F426961734164642F526561649C
:109C70005661726961626C654F703B6D5F6D6375B3
:109C80005F6E65745F707265646963746F722F676D
:109C90006C6F62616C5F706F696E745F6E65745F2C
:109CA000776F5F6174742F62617463685F6E6F7247
:109CB0006D616C697A6174696F6E5F332F62617474
:109CC00063686E6F726D2F6D756C3B6D5F6D637544
:109CD0005F6E65745F707265646963746F722F671D
:109CE0006C6F62616C5F706F696E745F6E65745FDC
:109CF000776F5F6174742F636F6E7631645F332F9B
:109D0000436F6E7631440000040000002000000024
:109D10000100000001000000060000000AE1FFFF52
:109D20000000000114000000A80100001400000061
:109D300000000002280400004CE0FFFF08000000C3
:109D40000C010000200000000000000000000000E6
:109D50000000000000000000000000000000000003
:109D600000000000000000000000000000000000F3
:109D700000000000000000000000000000000000E3
:109D800000000000000000000000000000000000D3
:109D900000000000000000000000000000000000C3
:109DA00000000000000000000000000000000000B3
:109DB00000000000000000000000000000000000A3
:109DC0000000000000000000000000000000000093
:109DD0000000000000000000000000000000000083
:109DE0000000000000000000000000000000000073
:109DF0000000000000000000000000000000000063
:109E00000000000000000000000000000000000052
:109E10000000000000000000000000000000000042
:109E20000000000000000000000000000000000032
:109E30000000000000000000000000000000000022
:109E400000000000000000000000000020000000F2
:109E50004964BC39CFF6843934BD9F393A44333A2A
:109E6000FDAFFE3931C75439061C9139F6A9F939CD
:109E7000F0F4B2392FE6203A0A10CE39C605A839D7
:109E8000BB0EED394814C3391BCB443A021CA3392D
:109E90006603DC39298B3E394C36B8390FB7D639D1
:109EA0005136C939ACEDC539D88C5D39B5F7C539EE
:109EB000EB98A239250A6C39BA8A053A55568E397B
:109EC0009A60F639D4FEDA390AE09E3905D5D739D9
:109ED000850200006D5F6D63755F6E65745F707203
:109EE00065646963746F722F676C6F62616C5F7019
:109EF0006F696E745F6E65745F776F5F6174742FE6
:109F000072655F6C755F312F52656C753B6D5F6D6F
:109F100063755F6E65745F707265646963746F7298
:109F20002F676C6F62616C5F706F696E745F6E65D6
:109F3000745F776F5F6174742F62617463685F6EC2
:109F40006F726D616C697A6174696F6E5F332F62D5
:109F5000617463686E6F726D2F6164645F313B6D15
:109F60005F6D63755F6E65745F707265646963745D
:109F70006F722F676C6F62616C5F706F696E745F78
:109F80006E65745F776F5F6174742F636F6E763187
:109F9000645F332F436F6E7631442F53717565655F
:109FA0007A653B6D5F6D63755F6E65745F7072653A
:109FB000646963746F722F676C6F62616C5F706F3E
:109FC000696E745F6E65745F776F5F6174742F6222
:109FD000617463685F6E6F726D616C697A617469D8
:109FE0006F6E5F332F62617463686E6F726D2F6D79
:109FF000756C5F313B6D5F6D63755F6E65745F702F
:10A000007265646963746F722F676C6F62616C5FF5
:10A01000706F696E745F6E65745F776F5F61747483
:10A020002F636F6E7631645F332F426961734164D1
:10A03000643B6D5F6D63755F6E65745F70726564C0
:10A040006963746F722F676C6F62616C5F706F69A8
:10A050006E745F6E65745F776F5F6174742F636F8A
:10A060006E7631645F332F426961734164642F52AD
:10A070006561645661726961626C654F703B6D5FCA
:10A080006D63755F6E65745F707265646963746F2C
:10A09000722F676C6F62616C5F706F696E745F6E58
:10A0A00065745F776F5F6174742F62617463685F5A
:10A0B0006E6F726D616C697A6174696F6E5F332F58
:10A0C00062617463686E6F726D2F6D756C3B6D5F4E
:10A0D0006D63755F6E65745F707265646963746FDC
:10A0E000722F676C6F62616C5F706F696E745F6E08
:10A0F00065745F776F5F6174742F62617463685F0A
:10A100006E6F726D616C697A6174696F6E5F332F07
:10A1100062617463686E6F726D2F7375623B6D5F01
:10A120006D63755F6E65745F707265646963746F8B
:10A13000722F676C6F62616C5F706F696E745F6EB7
:10A1400065745F776F5F6174742F636F6E763164CF
:10A150005F332F436F6E7631440000000100000032
:10A160002000000052E5FFFF000000011400000085
:10A170006802000013000000000000090C04000049
:10A1800094E4FFFF080000008C0100003000000094
:10A1900000000000000000000000000000000000BF
:10A1A00000000000000000000000000000000000AF
:10A1B000000000000000000000000000000000009F
:10A1C000000000000000000000000000000000008F
:10A1D000000000000000000000000000000000007F
:10A1E000000000000000000000000000000000006F
:10A1F000000000000000000000000000000000005F
:10A20000000000000000000000000000000000004E
:10A21000000000000000000000000000000000003E
:10A22000000000000000000000000000000000002E
:10A23000000000000000000000000000000000001E
:10A24000000000000000000000000000000000000E
:10A2500000000000000000000000000000000000FE
:10A2600000000000000000000000000000000000EE
:10A2700000000000000000000000000000000000DE
:10A2800000000000000000000000000000000000CE
:10A2900000000000000000000000000000000000BE
:10A2A00000000000000000000000000000000000AE
:10A2B000000000000000000000000000000000009E
:10A2C000000000000000000000000000000000008E
:10A2D000000000000000000000000000000000007E
:10A2E000000000000000000000000000000000006E
:10A2F000000000000000000000000000000000005E
:10A30000000000000000000000000000000000004D
:10A3100000000000300000008D318A3BA70A103C8D
:10A32000453A9D3B10F0363C7F35073CD7E1F53B85
:10A3300013BD9D3B28D4DF3B51A4F83BDC27C83B31
:10A3400012C1CF3B3808FD3BA368A83B5D93A33BFC
:10A350008319CF3B1EF0D93B1D5A013C5710A63B39
:10A360003DC0A73B725DCB3B009F9C3B70C0823CD5
:10A370002BF0D93B65BDD13B83026F3B95D3DE3BD0
:10A380006624D53B29AB033C562EA53B51A3293C63
:10A39000D9D5E93B2F19103CAAD9463CCC2BBD3B63
:10A3A000C1D4983B2E5C333C50000E3CF006AC3BD5
:10A3B000548FB83BC6A0CD3BF9FDE03B9ED1143C89
:10A3C000F997BC3BD5FC7F3B25DD833B9FB4E83B45
:10A3D000237ED83B8F0AF43BAA0100006D5F6D63BA
:10A3E000755F6E65745F707265646963746F722FF8
:10A3F000676C6F62616C5F706F696E745F6E6574BD
:10A400005F776F5F6174742F62617463685F6E6FF2
:10A41000726D616C697A6174696F6E5F342F62610D
:10A420007463686E6F726D2F6D756C5F313B6D5F1D
:10A430006D63755F6E65745F707265646963746F78
:10A44000722F676C6F62616C5F706F696E745F6EA4
:10A4500065745F776F5F6174742F636F6E763164BC
:10A460005F342F436F6E7631442F53717565657A73
:10A47000653B6D5F6D63755F6E65745F707265647B
:10A480006963746F722F676C6F62616C5F706F6964
:10A490006E745F6E65745F776F5F6174742F636F46
:10A4A0006E7631645F342F426961734164643B6D41
:10A4B0005F6D63755F6E65745F7072656469637408
:10A4C0006F722F676C6F62616C5F706F696E745F23
:10A4D0006E65745F776F5F6174742F636F6E763132
:10A4E000645F342F426961734164642F5265616413
:10A4F0005661726961626C654F703B6D5F6D63752B
:10A500005F6E65745F707265646963746F722F67E4
:10A510006C6F62616C5F706F696E745F6E65745FA3
:10A52000776F5F6174742F62617463685F6E6F72BE
:10A530006D616C697A6174696F6E5F342F626174EA
:10A5400063686E6F726D2F6D756C3B6D5F6D6375BB
:10A550005F6E65745F707265646963746F722F6794
:10A560006C6F62616C5F706F696E745F6E65745F53
:10A57000776F5F6174742F636F6E7631645F342F11
:10A58000436F6E763144000004000000300000008C
:10A590000100000001000000200000008AE9FFFF28
:10A5A000000000011400000068020000120000001A
:10A5B00000000002E8040000CCE8FFFF08000000F3
:10A5C0008C010000300000000000000000000000CE
:10A5D000000000000000000000000000000000007B
:10A5E000000000000000000000000000000000006B
:10A5F000000000000000000000000000000000005B
:10A60000000000000000000000000000000000004A
:10A61000000000000000000000000000000000003A
:10A62000000000000000000000000000000000002A
:10A63000000000000000000000000000000000001A
:10A64000000000000000000000000000000000000A
:10A6500000000000000000000000000000000000FA
:10A6600000000000000000000000000000000000EA
:10A6700000000000000000000000000000000000DA
:10A6800000000000000000000000000000000000CA
:10A6900000000000000000000000000000000000BA
:10A6A00000000000000000000000000000000000AA
:10A6B000000000000000000000000000000000009A
:10A6C000000000000000000000000000000000008A
:10A6D000000000000000000000000000000000007A
:10A6E000000000000000000000000000000000006A
:10A6F000000000000000000000000000000000005A
:10A700000000000000000000000000000000000049
:10A710000000000000000000000000000000000039
:10A720000000000000000000000000000000000029
:10A730000000000000000000000000000000000019
:10A7400000000000000000000000000030000000D9
:10A750004EAFAE38BB133639B5BEC6387B3E67390F
:10A760007FE92A399F671B390E64C73862770D3934
:10A7700023261D393202FD38874E03397AEC1F3902
:10A78000E9E0D438ECC4CE38A0E4023942BE09393D
:10A790003082233919EAD1380B0CD4385D8800395E
:10A7A00070FAC5382147A5394BBE0939CE8F043917
:10A7B000AD0F973839D50C394EB60639D56F2639D5
:10A7C0006BCCD038AF6E563973CA13391926363967
:10A7D000C15B7B39961FEF38FE2FC138C1B8623993
:10A7E000767F3339CF73D938674BE93884F601392E
:10A7F0009D330E39A11D3C39BA64EE38ADCAA1387B
:10A8000004AFA638A61313396CD40839C23D1A39DF
:10A81000870200006D5F6D63755F6E65745F7072B7
:10A8200065646963746F722F676C6F62616C5F70CF
:10A830006F696E745F6E65745F776F5F6174742F9C
:10A8400072655F6C755F312F52656C755F313B6D62
:10A850005F6D63755F6E65745F7072656469637464
:10A860006F722F676C6F62616C5F706F696E745F7F
:10A870006E65745F776F5F6174742F626174636873
:10A880005F6E6F726D616C697A6174696F6E5F344F
:10A890002F62617463686E6F726D2F6164645F31E3
:10A8A0003B6D5F6D63755F6E65745F707265646943
:10A8B00063746F722F676C6F62616C5F706F696E2B
:10A8C000745F6E65745F776F5F6174742F636F6E12
:10A8D0007631645F342F436F6E7631442F53717538
:10A8E00065657A653B6D5F6D63755F6E65745F70FE
:10A8F0007265646963746F722F676C6F62616C5FFD
:10A90000706F696E745F6E65745F776F5F6174748A
:10A910002F62617463685F6E6F726D616C697A61DA
:10A9200074696F6E5F342F62617463686E6F726DED
:10A930002F6D756C5F313B6D5F6D63755F6E657418
:10A940005F707265646963746F722F676C6F6261A8
:10A950006C5F706F696E745F6E65745F776F5F6157
:10A9600074742F636F6E7631645F342F4269617344
:10A970004164643B6D5F6D63755F6E65745F70729B
:10A9800065646963746F722F676C6F62616C5F706E
:10A990006F696E745F6E65745F776F5F6174742F3B
:10A9A000636F6E7631645F342F4269617341646412
:10A9B0002F526561645661726961626C654F703BCC
:10A9C0006D5F6D63755F6E65745F707265646963FA
:10A9D000746F722F676C6F62616C5F706F696E74F9
:10A9E0005F6E65745F776F5F6174742F626174630B
:10A9F000685F6E6F726D616C697A6174696F6E5FAA
:10AA0000342F62617463686E6F726D2F6D756C3B6D
:10AA10006D5F6D63755F6E65745F707265646963A9
:10AA2000746F722F676C6F62616C5F706F696E74A8
:10AA30005F6E65745F776F5F6174742F62617463BA
:10AA4000685F6E6F726D616C697A6174696F6E5F59
:10AA5000342F62617463686E6F726D2F7375623B21
:10AA60006D5F6D63755F6E65745F70726564696359
:10AA7000746F722F676C6F62616C5F706F696E7458
:10AA80005F6E65745F776F5F6174742F636F6E764E
:10AA900031645F342F436F6E763144000100000053
:10AAA0003000000092EEFFFF0000000114000000E3
:10AAB000280300001100000000000009CC04000081
:10AAC000D4EDFFFF080000000C0200004000000071
:10AAD0000000000000000000000000000000000076
:10AAE0000000000000000000000000000000000066
:10AAF0000000000000000000000000000000000056
:10AB00000000000000000000000000000000000045
:10AB10000000000000000000000000000000000035
:10AB20000000000000000000000000000000000025
:10AB30000000000000000000000000000000000015
:10AB40000000000000000000000000000000000005
:10AB500000000000000000000000000000000000F5
:10AB600000000000000000000000000000000000E5
:10AB700000000000000000000000000000000000D5
:10AB800000000000000000000000000000000000C5
:10AB900000000000000000000000000000000000B5
:10ABA00000000000000000000000000000000000A5
:10ABB0000000000000000000000000000000000095
:10ABC0000000000000000000000000000000000085
:10ABD0000000000000000000000000000000000075
:10ABE0000000000000000000000000000000000065
:10ABF0000000000000000000000000000000000055
:10AC00000000000000000000000000000000000044
:10AC10000000000000000000000000000000000034
:10AC20000000000000000000000000000000000024
:10AC30000000000000000000000000000000000014
:10AC40000000000000000000000000000000000004
:10AC500000000000000000000000000000000000F4
:10AC600000000000000000000000000000000000E4
:10AC700000000000000000000000000000000000D4
:10AC800000000000000000000000000000000000C4
:10AC900000000000000000000000000000000000B4
:10ACA00000000000000000000000000000000000A4
:10ACB0000000000000000000000000000000000094
:10ACC0000000000000000000000000000000000084
:10ACD00000000000400000003542503CFD664A3C48
:10ACE000B179383C9E281A3C389C423C2D0B0A3CDA
:10ACF00045F7183CAF21253C5BED643CE0ED313C71
:10AD00002F331B3CCF54593C46A4713C93A0343C98
:10AD100065FD093C0956E43BB50F483C44E8113C4D
:10AD20001384113C7D6D893C29640E3C2A20F93B3B
:10AD3000B482803C5B47213CC6A7033C030F0E3C1A
:10AD40004CB5593C6A73493CDEDC413C5FE7283C2A
:10AD50009A8A233C374B2A3C489CFB3B5990283C21
:10AD60009428303C1C43323CB65D2B3CB6F0333C5F
:10AD70004752353C69B31A3C6D1E6F3C0C26293C8A
:10AD8000D8696B3C6EBF6D3C8E786A3CCB3E0B3C09
:10AD9000E287303C816D0F3CCDCB223C7F01FF3BF5
:10ADA0005B2D613C7DBB303CB6412F3C87BA3A3CC1
:10ADB000CDF6263C807C1E3CA6BB763CFECF1C3CE0
:10ADC000CCD3633C336F513C3000133C7EB33A3CF0
:10ADD00071F43E3C35CB043CAA0100006D5F6D630D
:10ADE000755F6E65745F707265646963746F722FEE
:10ADF000676C6F62616C5F706F696E745F6E6574B3
:10AE00005F776F5F6174742F62617463685F6E6FE8
:10AE1000726D616C697A6174696F6E5F352F626102
:10AE20007463686E6F726D2F6D756C5F313B6D5F13
:10AE30006D63755F6E65745F707265646963746F6E
:10AE4000722F676C6F62616C5F706F696E745F6E9A
:10AE500065745F776F5F6174742F636F6E763164B2
:10AE60005F352F436F6E7631442F53717565657A68
:10AE7000653B6D5F6D63755F6E65745F7072656471
:10AE80006963746F722F676C6F62616C5F706F695A
:10AE90006E745F6E65745F776F5F6174742F636F3C
:10AEA0006E7631645F352F426961734164643B6D36
:10AEB0005F6D63755F6E65745F70726564696374FE
:10AEC0006F722F676C6F62616C5F706F696E745F19
:10AED0006E65745F776F5F6174742F636F6E763128
:10AEE000645F352F426961734164642F5265616408
:10AEF0005661726961626C654F703B6D5F6D637521
:10AF00005F6E65745F707265646963746F722F67DA
:10AF10006C6F62616C5F706F696E745F6E65745F99
:10AF2000776F5F6174742F62617463685F6E6F72B4
:10AF30006D616C697A6174696F6E5F352F626174DF
:10AF400063686E6F726D2F6D756C3B6D5F6D6375B1
:10AF50005F6E65745F707265646963746F722F678A
:10AF60006C6F62616C5F706F696E745F6E65745F49
:10AF7000776F5F6174742F636F6E7631645F352F06
:10AF8000436F6E7631440000040000004000000072
:10AF90000100000001000000300000008AF3FFFF04
:10AFA0000000000114000000280300001000000051
:10AFB00000000002A8050000CCF2FFFF080000001E
:10AFC0000C02000040000000000000000000000033
:10AFD0000000000000000000000000000000000071
:10AFE0000000000000000000000000000000000061
:10AFF0000000000000000000000000000000000051
:10B000000000000000000000000000000000000040
:10B010000000000000000000000000000000000030
:10B020000000000000000000000000000000000020
:10B030000000000000000000000000000000000010
:10B040000000000000000000000000000000000000
:10B0500000000000000000000000000000000000F0
:10B0600000000000000000000000000000000000E0
:10B0700000000000000000000000000000000000D0
:10B0800000000000000000000000000000000000C0
:10B0900000000000000000000000000000000000B0
:10B0A00000000000000000000000000000000000A0
:10B0B0000000000000000000000000000000000090
:10B0C0000000000000000000000000000000000080
:10B0D0000000000000000000000000000000000070
:10B0E0000000000000000000000000000000000060
:10B0F0000000000000000000000000000000000050
:10B10000000000000000000000000000000000003F
:10B11000000000000000000000000000000000002F
:10B12000000000000000000000000000000000001F
:10B13000000000000000000000000000000000000F
:10B1400000000000000000000000000000000000FF
:10B1500000000000000000000000000000000000EF
:10B1600000000000000000000000000000000000DF
:10B1700000000000000000000000000000000000CF
:10B1800000000000000000000000000000000000BF
:10B1900000000000000000000000000000000000AF
:10B1A000000000000000000000000000000000009F
:10B1B000000000000000000000000000000000008F
:10B1C000000000000000000000000000400000003F
:10B1D00058655139F0814B39947B393920001B393E
:10B1E00046AC433927CC0A391CCD19398708263992
:10B1F000622D66399CE63239250C1C39A0845A39F7
:10B2000014F67239159D35394CBE0A393D95E5382D
:10B21000622749393DB41239804F12399B2D8A3942
:10B22000372B0F396E7CFA385B368139D1282239B9
:10B23000D25F04399AD50E39A4E55A39088D4A39B6
:10B24000E1EB42397DD32939396F243947392B391C
:10B2500005FCFC38FE7B2939D71E3139503C333987
:10B26000464D2C3942EC3439C14F3639AD8B1B3940
:10B27000B46C703982122A39F1B26C39CA0B6F3949
:10B2800055C06B3973010C39AA7E31390236103939
:10B2900062AF2339FE320039246862398DB2313908
:10B2A000B636303991BF3B3935E027390E5A1F3950
:10B2B0009214783935AB1D394A126539FA935239EF
:10B2C000B0CD13397EB83B3963FF3F39D984053996
:10B2D000870200006D5F6D63755F6E65745F7072ED
:10B2E00065646963746F722F676C6F62616C5F7005
:10B2F0006F696E745F6E65745F776F5F6174742FD2
:10B3000072655F6C755F312F52656C755F323B6D96
:10B310005F6D63755F6E65745F7072656469637499
:10B320006F722F676C6F62616C5F706F696E745FB4
:10B330006E65745F776F5F6174742F6261746368A8
:10B340005F6E6F726D616C697A6174696F6E5F3583
:10B350002F62617463686E6F726D2F6164645F3118
:10B360003B6D5F6D63755F6E65745F707265646978
:10B3700063746F722F676C6F62616C5F706F696E60
:10B38000745F6E65745F776F5F6174742F636F6E47
:10B390007631645F352F436F6E7631442F5371756C
:10B3A00065657A653B6D5F6D63755F6E65745F7033
:10B3B0007265646963746F722F676C6F62616C5F32
:10B3C000706F696E745F6E65745F776F5F617474C0
:10B3D0002F62617463685F6E6F726D616C697A6110
:10B3E00074696F6E5F352F62617463686E6F726D22
:10B3F0002F6D756C5F313B6D5F6D63755F6E65744E
:10B400005F707265646963746F722F676C6F6261DD
:10B410006C5F706F696E745F6E65745F776F5F618C
:10B4200074742F636F6E7631645F352F4269617378
:10B430004164643B6D5F6D63755F6E65745F7072D0
:10B4400065646963746F722F676C6F62616C5F70A3
:10B450006F696E745F6E65745F776F5F6174742F70
:10B46000636F6E7631645F352F4269617341646446
:10B470002F526561645661726961626C654F703B01
:10B480006D5F6D63755F6E65745F7072656469632F
:10B49000746F722F676C6F62616C5F706F696E742E
:10B4A0005F6E65745F776F5F6174742F6261746340
:10B4B000685F6E6F726D616C697A6174696F6E5FDF
:10B4C000352F62617463686E6F726D2F6D756C3BA2
:10B4D0006D5F6D63755F6E65745F707265646963DF
:10B4E000746F722F676C6F62616C5F706F696E74DE
:10B4F0005F6E65745F776F5F6174742F62617463F0
:10B50000685F6E6F726D616C697A6174696F6E5F8E
:10B51000352F62617463686E6F726D2F7375623B55
:10B520006D5F6D63755F6E65745F7072656469638E
:10B53000746F722F676C6F62616C5F706F696E748D
:10B540005F6E65745F776F5F6174742F636F6E7683
:10B5500031645F352F436F6E763144000100000087
:10B560004000000052F9FFFF00000001140000003D
:10B57000340000000F00000000000009640000001B
:10B5800094F8FFFF08000000140000000100000014
:10B5900000000000000000000000000001000000AA
:10B5A000B9C8093C370000006D5F6D63755F6E655B
:10B5B000745F707265646963746F722F676C6F6219
:10B5C000616C5F6C73746D2F6C73746D2F6C73741E
:10B5D0006D5F63656C6C2F4D61744D756C5F3800E9
:10B5E000020000000001000040000000DAF9FFFF47
:10B5F0000000000114000000300000000E000000F8
:10B6000000000009700000001CF9FFFF08000000A6
:10B610001000000001000000AFFFFFFFFFFFFFFF71
:10B62000010000002D96893B460000006D5F6D63B0
:10B63000755F6E65745F707265646963746F722F95
:10B64000676C6F62616C5F6C73746D2F6C73746D7B
:10B650002F6C73746D5F63656C6C2F42696173410D
:10B6600064642F526561645661726961626C654FF2
:10B670007031000001000000000100006AFAFFFFC5
:10B680000000000114000000300000000D00000068
:10B690000000000270000000ACF9FFFF080000008D
:10B6A0001000000001000000000000000000000089
:10B6B00001000000275FD738450000006D5F6D6313
:10B6C000755F6E65745F707265646963746F722F05
:10B6D000676C6F62616C5F6C73746D2F6C73746DEB
:10B6E0002F6C73746D5F63656C6C2F42696173417D
:10B6F00064642F526561645661726961626C654F62
:10B70000700000000100000000010000FAFAFFFFD5
:10B710000000000114000000300000000C000000D8
:10B7200000000009540000003CFAFFFF0800000080
:10B7300010000000010000000000000000000000F8
:10B74000010000007BBE86312A0000006D5F6D6342
:10B75000755F6E65745F707265646963746F722F74
:10B76000676C6F62616C5F6C73746D2F6C73746D5A
:10B770002F7A65726F730000020000000100000064
:10B780004000000072FBFFFF0000000114000000F9
:10B79000300000000B000000000000096400000001
:10B7A000B4FAFFFF080000001000000001000000D4
:10B7B0000000000000000000010000003D132C3CD0
:10B7C000380000006D5F6D63755F6E65745F707249
:10B7D00065646963746F722F676C6F62616C5F6C14
:10B7E00073746D2F6C73746D2F6C73746D5F636500
:10B7F0006C6C2F4D61744D756C5F3633000000002A
:10B80000020000000001000040000000FAFBFFFF02
:10B810000000000114000000300000000A000000D9
:10B82000000000096C0000003CFBFFFF0800000066
:10B8300010000000010000000000000000000000F7
:10B8400001000000A32BB83B400000006D5F6D635A
:10B85000755F6E65745F707265646963746F722F73
:10B8600073696D706C655F6B705F667573696F6E21
:10B870005F686561642F64656E73652F54656E73D0
:10B880006F72646F742F4D61744D756C0000000011
:10B890000200000080000000400000008AFCFFFF62
:10B8A000000000011400000030000000090000004A
:10B8B0000000000270000000CCFBFFFF0800000049
:10B8C0001000000001000000000000000000000067
:10B8D000010000002AEE3638460000006D5F6D63FF
:10B8E000755F6E65745F707265646963746F722FE3
:10B8F00073696D706C655F6B705F667573696F6E91
:10B900005F686561642F64656E73652F426961735A
:10B910004164642F526561645661726961626C654D
:10B920004F70000001000000800000001AFDFFFFC2
:10B9300000000001140000003000000008000000BA
:10B94000000000096C0000005CFCFFFF0800000024
:10B9500010000000010000000000000000000000D6
:10B96000010000007867223C420000006D5F6D63BB
:10B97000755F6E65745F707265646963746F722F52
:10B9800073696D706C655F6B705F667573696F6E00
:10B990005F686561642F64656E73655F312F546500
:10B9A0006E736F72646F742F4D61744D756C00000F
:10B9B000020000003900000080000000AAFDFFFF27
:10B9C0000000000114000000340000000700000027
:10B9D0000000000278000000ECFCFFFF08000000FF
:10B9E0001400000001000000000000000000000042
:10B9F0000000000001000000A7EE1438480000001D
:10BA00006D5F6D63755F6E65745F707265646963A9
:10BA1000746F722F73696D706C655F6B705F6675A4
:10BA200073696F6E5F686561642F64656E73655FCF
:10BA3000312F426961734164642F526561645661BC
:10BA4000726961626C654F700000000001000000C7
:10BA50003900000042FEFFFF00000001140000005A
:10BA6000140000000600000000000002500000006A
:10BA70002CFEFFFF410000006D5F6D63755F6E651A
:10BA8000745F707265646963746F722F73696D702F
:10BA90006C655F6B705F667573696F6E5F6865611B
:10BAA000642F64656E73655F312F54656E736F72BA
:10BAB000646F742F736861706500000001000000FE
:10BAC00003000000B2FEFFFF0000000114000000B0
:10BAD00014000000050000000000000254000000F7
:10BAE0009CFEFFFF470000006D5F6D63755F6E6534
:10BAF000745F707265646963746F722F73696D70BF
:10BB00006C655F6B705F667573696F6E5F686561AA
:10BB1000642F64656E73652F54656E736F72646F06
:10BB2000742F526573686170652F7368617065006A
:10BB3000010000000200000026FFFFFF00000001DE
:10BB400014000000140000000400000000000002C7
:10BB50004C00000010FFFFFF3E0000006D5F6D63B2
:10BB6000755F6E65745F707265646963746F722F60
:10BB7000676C6F62616C5F6C73746D2F6C73746D46
:10BB80002F6C73746D5F63656C6C2F73706C69746C
:10BB90002F73706C69745F64696D000000000000B1
:10BBA0008EFFFFFF000000011400000014000000E1
:10BBB00003000000000000025000000078FFFFFFBB
:10BBC000430000006D5F6D63755F6E65745F70723A
:10BBD00065646963746F722F676C6F62616C5F700C
:10BBE0006F696E745F6E65745F776F5F6174742FD9
:10BBF000636F6E7631645F352F436F6E7631442FFD
:10BC000053717565657A650001000000030000004E
:10BC1000000016001C001800170010000C0008009F
:10BC200000000000000007001600000000000001F6
:10BC300018000000180000000200000000000002D0
:10BC4000580000000400040004000000460000004A
:10BC50006D5F6D63755F6E65745F70726564696357
:10BC6000746F722F676C6F62616C5F706F696E7456
:10BC70005F6E65745F776F5F6174742F636F6E764C
:10BC800031645F332F436F6E7631442F4578706196
:10BC90006E6444696D730000010000000400000040
:10BCA0000000160020001C001B00140010000C00F7
:10BCB000000000000800070016000000000000015E
:10BCC00018000000340000005400000001000000D3
:10BCD000000000096800000004000000FFFFFFFFF3
:10BCE0002000000040000000060000000C000C00D6
:10BCF00000000000080004000C0000000800000024
:10BD00001400000001000000B4FFFFFFFFFFFFFF71
:10BD100000000000010000006453653D19000000B0
:10BD200073657276696E675F64656661756C745F72
:10BD3000696E7075745F313A3000000004000000D5
:10BD4000010000002000000040000000060000008C
:10BD50000B000000F0000000D0000000B000000068
:10BD60009C000000880000007400000060000000DB
:10BD70004C000000380000002C0000001000000003
:10BD80000C000E000D000000080004000C00000074
:10BD9000530000000200000000530A0008000000E9
:10BDA000000004000A0000000200000090FFFFFFF6
:10BDB0001C000000020000000000001CA0FFFFFFAC
:10BDC000120000000200000000000012B0FFFFFFA0
:10BDD0000E000000020000000000000EC0FFFFFF88
:10BDE000310000000200000000000031D0FFFFFF22
:10BDF000090000000400000000000009E0FFFFFF50
:10BE0000580000000200000000000058F0FFFFFF93
:10BE10002800000002000000000000280C001000B4
:10BE20000F000000080004000C00000003000000E8
:10BE300003000000000000030C000C000B000000D9
:10BE4000000004000C0000001600000000000016B6
:10BE5000436F756C646E27742072656769737465CF
:10BE600072206275696C74696E206F70202325647E
:10BE70002C207265736F6C7665722073697A652009
:10BE8000697320746F6F20736D616C6C202825645A
:10BE900029004D6F64656C2073697A653A202564CA
:10BEA0002062797465730054656E736F72206172DD
:10BEB000656E6120636F6E666967757265643A20AE
:10BEC00025752062797465730074656E736F725F97
:10BED0006172656E61207074722025782028657803
:10BEE0007065637420307843302E2E2E2E2E2E292E
:10BEF000004D6F64656C2070726F766964656420B4
:10BF0000697320736368656D612076657273696F0C
:10BF10006E202564206E6F7420657175616C2074CD
:10BF20006F20737570706F727465642076657273BC
:10BF3000696F6E2025642E00416C6C6F63617465BF
:10BF400054656E736F72732829206661696C65642D
:10BF50002E00496E637265617365206B54656E7364
:10BF60006F724172656E6153697A652E20437572F6
:10BF700072656E742073657474696E673A202575F6
:10BF80002062797465732E0054656E736F72206140
:10BF900072656E6120757365643A2025752062793B
:10BFA00074657300496E766F6B65206661696C65B8
:10BFB00064206F6E20696E70757420646174610A0C
:10BFC000004F75747075742074656E736F722F6492
:10BFD00061746120697320696E76616C69642E00FA
:10BFE0004F75747075742074656E736F72207479F8
:10BFF00070653A2025642C2062797465733A202597
:10C0000064004F757470757420646174612070747D
:10C01000723A202578004F757470757420646174CD
:10C020006120706F696E746572206E6F7420696E26
:10C03000205352414D206F7220534452414D2C20C9
:10C0400061626F7274696E6720726561642E004F61
:10C05000757470757420696E74385B305D3A202594
:10C0600064007363616C65207831303030203D208E
:10C070002564007A65726F20706F696E74203D20B0
:10C08000256400556E6B6E6F776E20747970650055
:10C090004E4F5459504500464C4F4154333200499D
:10C0A0004E5433320055494E543800494E543634BC
:10C0B00000535452494E4700424F4F4C00494E5492
:10C0C000313600434F4D504C4558363400464C4FA6
:10C0D0004154313600464C4F4154363400496E705D
:10C0E0007574206172726179206E6F742070726F46
:10C0F000766964656420666F72206F706572617422
:10C10000696F6E20272573272E0A00466F756E64AF
:10C1100020746F6F206D616E792064696D656E7338
:10C12000696F6E7320696E2074686520696E707522
:10C1300074206172726179206F66206F7065726120
:10C1400074696F6E20272573272E0A00556E73754C
:10C1500070706F72746564206461746120747970AA
:10C160006520256420696E2074656E736F720A0005
:10C170002E2E2F74656E736F72666C6F772F7465D9
:10C180006E736F72666C6F772F6C6974652F636F57
:10C1900072652F6170692F666C6174627566666581
:10C1A000725F636F6E76657273696F6E732E636311
:10C1B0000025733A256420257320776173206E6F04
:10C1C0007420747275652E00706172616D73202128
:10C1D0003D206E756C6C70747200556E68616E6493
:10C1E0006C65642066756C6C792D636F6E6E65632B
:10C1F000746564207765696768747320666F726D13
:10C2000061742E00556E68616E646C6564204C53D9
:10C21000544D206B65726E656C20747970653A20A0
:10C220002564004E6F2076616C6964204C53544D38
:10C23000206275696C74696E206F7074696F6E73BB
:10C240002065786973740072657368617065007346
:10C25000717565657A650044454C454741544520F4
:10C260006F702073686F756C646E277420657869D1
:10C27000737420696E206D6F64656C2E004F7020A2
:10C280006275696C74696E5F636F6465206F757445
:10C29000206F662072616E67653A2025642E20410A
:10C2A000726520796F75207573696E67206F6C6495
:10C2B0002054464C6974652062696E6172792077FA
:10C2C000697468206E65776572206D6F64656C3F78
:10C2D000004469646E27742066696E64206F702064
:10C2E000666F72206275696C74696E206F70636F1F
:10C2F000646520272573272076657273696F6E2029
:10C30000272564270A004F70657261746F72207769
:10C3100069746820435553544F4D206275696C749D
:10C32000696E5F636F646520686173206E6F206360
:10C330007573746F6D5F636F64652E0A00414444CA
:10C3400000415645524147455F504F4F4C5F324484
:10C3500000434F4E434154454E4154494F4E0044D3
:10C3600045505448574953455F434F4E565F3244FA
:10C370000044455054485F544F5F5350414345007B
:10C3800044455155414E54495A4500454D42454456
:10C3900044494E475F4C4F4F4B555000464C4F4F12
:10C3A000520046554C4C595F434F4E4E4543544501
:10C3B0004400484153485441424C455F4C4F4F4B19
:10C3C0005550004C325F4E4F524D414C495A4154EA
:10C3D000494F4E004C325F504F4F4C5F3244004C3F
:10C3E0004F43414C5F524553504F4E53455F4E4F64
:10C3F000524D414C495A4154494F4E004C4F4749C8
:10C4000053544943004C53485F50524F4A4543549C
:10C41000494F4E004D41585F504F4F4C5F324400E2
:10C4200052454C555F4E315F544F5F310052454C81
:10C430005536005245534841504500524553495ADC
:10C44000455F42494C494E45415200535041434596
:10C450005F544F5F4445505448005356444600547F
:10C46000414E4800434F4E4341545F454D42454481
:10C4700044494E475300534B49505F4752414D008A
:10C4800043414C4C00435553544F4D00454D42459C
:10C490004444494E475F4C4F4F4B55505F535041BA
:10C4A00052534500554E49444952454354494F4E15
:10C4B000414C5F53455155454E43455F524E4E00EA
:10C4C0004741544845520042415443485F544F5FEE
:10C4D00053504143455F4E440053504143455F54E0
:10C4E0004F5F42415443485F4E44005452414E53C3
:10C4F000504F5345004D45414E0053554200535156
:10C500005545455A4500554E4944495245435449BD
:10C510004F4E414C5F53455155454E43455F4C533B
:10C52000544D00535452494445445F534C4943458C
:10C53000004249444952454354494F4E414C5F5390
:10C54000455155454E43455F524E4E0045585000AB
:10C55000544F504B5F56320053504C4954004C4F8F
:10C56000475F534F46544D41580044454C45474161
:10C570005445004249444952454354494F4E414C69
:10C580005F53455155454E43455F4C53544D004311
:10C59000415354005052454C55004D4158494D555A
:10C5A0004D004152475F4D4158004D494E494D5550
:10C5B0004D004C455353004E4547005041445632C0
:10C5C0000047524541544552004752454154455257
:10C5D0005F455155414C004C4553535F45515541C2
:10C5E0004C0053454C4543540053494E005452416E
:10C5F0004E53504F53455F434F4E56005350415298
:10C6000053455F544F5F44454E53450054494C4594
:10C6100000455850414E445F44494D53004E4F54DD
:10C620005F455155414C004C4F47005253515254B5
:10C6300000504F57004152475F4D494E0046414B15
:10C64000455F5155414E54005245445543455F5056
:10C65000524F44005245445543455F4D4158004CAC
:10C660004F474943414C5F4F52004F4E455F484F43
:10C6700054004C4F474943414C5F414E44004C4F9E
:10C68000474943414C5F4E4F5400554E5041434B38
:10C69000005245445543455F4D494E00464C4F4F6F
:10C6A000525F444956005245445543455F414E59F7
:10C6B00000535155415245005A45524F535F4C4922
:10C6C0004B450046494C4C00464C4F4F525F4D4F36
:10C6D000440052414E474500524553495A455F4E2A
:10C6E0004541524553545F4E45494748424F5200D9
:10C6F0004C45414B595F52454C55005351554152A1
:10C7000045445F444946464552454E4345004D49E0
:10C7100052524F525F504144004142530053504CDB
:10C7200049545F5600554E49515545004345494CC3
:10C7300000524556455253455F5632004144445FCE
:10C740004E004741544845525F4E4400434F53000A
:10C7500057484552450052414E4B005245564552AE
:10C7600053455F53455155454E4345004D41545245
:10C7700049585F44494147004D41545249585F531D
:10C7800045545F4449414700524F554E440048418B
:10C7900052445F5357495348004946005748494C53
:10C7A00045004E4F4E5F4D41585F535550505245D6
:10C7B0005353494F4E5F5634004E4F4E5F4D4158D4
:10C7C0005F5355505052455353494F4E5F563500B5
:10C7D000534341545445525F4E440053454C4543E6
:10C7E000545F56320044454E53494659005345471D
:10C7F0004D454E545F53554D0042415443485F4DA3
:10C8000041544D554C00466C6174427566666572C4
:10C810007320312E31322E30002E2E2F74656E7320
:10C820006F72666C6F772F74656E736F72666C6F64
:10C83000772F6C6974652F6B65726E656C732F6BE7
:10C8400065726E656C5F7574696C2E636300696EEA
:10C850007075745F70726F647563745F7363616C1D
:10C8600065203E3D2030007363616C655F646966DE
:10C8700066202F206F75747075745F7363616C65CB
:10C88000203C3D20302E30320066616C73650025FF
:10C89000733A256420257320213D20257320282507
:10C8A0006420213D20256429006B54664C69746521
:10C8B000416666696E655175616E74697A61746905
:10C8C0006F6E00696E7075742D3E7175616E74695E
:10C8D0007A6174696F6E2E747970650066696C7424
:10C8E00065722D3E7175616E74697A6174696F6EDF
:10C8F0002E7479706500616666696E655F71756139
:10C900006E74697A6174696F6E00616666696E65DE
:10C910005F7175616E74697A6174696F6E2D3E73B3
:10C9200063616C6500696E7075742D3E7479706515
:10C93000203D3D206B54664C697465496E74382007
:10C940007C7C20696E7075742D3E74797065203D15
:10C950003D206B54664C697465496E7431360066CF
:10C96000696C7465722D3E74797065006E756D5FCB
:10C970006368616E6E656C7300616666696E655FA3
:10C980007175616E74697A6174696F6E2D3E73633F
:10C99000616C652D3E73697A650066696C746572B9
:10C9A0002D3E64696D732D3E646174615B616666E2
:10C9B000696E655F7175616E74697A6174696F6EB5
:10C9C0002D3E7175616E74697A65645F64696D6529
:10C9D0006E73696F6E5D006578706F6E656E742042
:10C9E0003E3D203000496E7465676572547970650C
:10C9F0002067656D6D6C6F77703A3A526F756E6433
:10CA0000696E674469766964654279504F54284974
:10CA10006E7465676572547970652C20696E74292F
:10CA2000205B7769746820496E7465676572547914
:10CA30007065203D206C6F6E6720696E745D002EFE
:10CA40002E2F74686972645F70617274792F6765E4
:10CA50006D6D6C6F77702F6669786564706F696E45
:10CA6000742F6669786564706F696E742E680065EE
:10CA700078706F6E656E74203C3D203331005479C0
:10CA800070652025732028256429206E6F7420731B
:10CA90007570706F727465642E002E2E2F74656E23
:10CAA000736F72666C6F772F74656E736F72666CDE
:10CAB0006F772F6C6974652F6D6963726F2F6B656B
:10CAC000726E656C732F636F6E762E6363006861A0
:10CAD000735F62696173207C7C206E6F64652D3E9C
:10CAE000696E707574732D3E73697A65203D3D20C3
:10CAF00032006E6F64652D3E6F7574707574732DA2
:10CB00003E73697A6500616666696E655F7175611D
:10CB10006E74697A6174696F6E2D3E7A65726F5FAB
:10CB2000706F696E7400616666696E655F717561CC
:10CB30006E74697A6174696F6E2D3E7363616C65A2
:10CB40002D3E73697A65203D3D2031207C7C20613B
:10CB50006666696E655F7175616E74697A61746924
:10CB60006F6E2D3E7363616C652D3E73697A65202F
:10CB70003D3D2066696C7465722D3E64696D732D50
:10CB80003E646174615B6B436F6E765175616E7468
:10CB9000697A656444696D656E73696F6E5D006185
:10CBA0006666696E655F7175616E74697A617469D4
:10CBB0006F6E2D3E7A65726F5F706F696E742D3E79
:10CBC00073697A65002E2E2F74656E736F72666CB2
:10CBD0006F772F74656E736F72666C6F772F6C69E9
:10CBE00074652F6D6963726F2F6B65726E656C7300
:10CBF0002F6465707468776973655F636F6E762EF6
:10CC0000636300616666696E655F7175616E746904
:10CC10007A6174696F6E2D3E7363616C652D3E732E
:10CC2000697A65203D3D2031207C7C206166666903
:10CC30006E655F7175616E74697A6174696F6E2D6E
:10CC40003E7363616C652D3E73697A65203D3D20BE
:10CC500066696C7465722D3E64696D732D3E646106
:10CC600074615B6B446570746877697365436F6E5C
:10CC7000765175616E74697A656444696D656E7329
:10CC8000696F6E5D002E2E2F74656E736F72666C09
:10CC90006F772F74656E736F72666C6F772F6C6928
:10CCA00074652F6D6963726F2F6B65726E656C733F
:10CCB0002F656C656D656E74776973652E636300AF
:10CCC0004E756D496E70757473286E6F64652900BA
:10CCD0004E756D4F757470757473286E6F64652929
:10CCE000006F75747075742D3E7479706500696E8F
:10CCF0007075742D3E7479706500496E707574207E
:10CD0000646174612074797065202573202825641E
:10CD100029206973206E6F7420737570706F727440
:10CD200065642E0065787065637465645F747970FE
:10CD300065002E2E2F74656E736F72666C6F772F81
:10CD400074656E736F72666C6F772F6C6974652F84
:10CD50006D6963726F2F6B65726E656C732F66758C
:10CD60006C6C795F636F6E6E65637465642E63636C
:10CD7000002E2E2F74656E736F72666C6F772F7432
:10CD8000656E736F72666C6F772F6C6974652F6D4B
:10CD90006963726F2F6B65726E656C732F66756C4D
:10CDA0006C795F636F6E6E65637465642E63632078
:10CDB000487962726964206D6F64656C732061727A
:10CDC00065206E6F7420737570706F727465642067
:10CDD0006F6E2054464C697465204D6963726F2EE6
:10CDE000002E2E2F74656E736F72666C6F772F74C2
:10CDF000656E736F72666C6F772F6C6974652F6DDB
:10CE00006963726F2F6B65726E656C732F6C6F67E1
:10CE100069737469632E6363007374643A3A6E7560
:10CE20006D657269635F6C696D6974733C696E747A
:10CE3000385F743E3A3A6D696E2829006F757470D8
:10CE400075742D3E706172616D732E7A65726F5FBD
:10CE5000706F696E7400496E7075742025732C2094
:10CE60006F7574707574202573206E6F74207375E0
:10CE700070706F727465642E002E2E2F74656E7341
:10CE80006F72666C6F772F74656E736F72666C6FFE
:10CE9000772F6C6974652F6D6963726F2F6B657284
:10CEA0006E656C732F6D756C2E636300696E7075A3
:10CEB00074322D3E7479706500696E707574312D11
:10CEC0003E7479706500547970652027257327209A
:10CED0006973206E6F7420737570706F72746564FF
:10CEE000206279207061636B2E0054797065202573
:10CEF00073206E6F742063757272656E746C792026
:10CF0000737570706F727465642E00496E707574FD
:10CF10002074797065202573206973206E6F7420EA
:10CF200063757272656E746C7920737570706F7250
:10CF3000746564002E2E2F74656E736F72666C6F4D
:10CF4000772F74656E736F72666C6F772F6C697470
:10CF5000652F6D6963726F2F6B65726E656C732FD1
:10CF60007175616E74697A652E6363006F75747094
:10CF700075742D3E7175616E74697A6174696F6E36
:10CF80002E7479706500616666696E655F717561A2
:10CF90006E74697A6174696F6E2D3E7363616C653E
:10CFA0002D3E73697A65203D3D203100696E7075B4
:10CFB000742D3E74797065203D3D206B54664C693C
:10CFC0007465466C6F61743332207C7C20696E70AE
:10CFD00075742D3E74797065203D3D206B54664C10
:10CFE000697465496E743136207C7C20696E707579
:10CFF000742D3E74797065203D3D206B54664C69FC
:10D000007465496E7438207C7C20696E7075742D4F
:10D010003E74797065203D3D206B54664C697465A3
:10D0200055496E7438006F75747075742D3E74793F
:10D030007065203D3D206B54664C69746555496EA2
:10D040007438207C7C206F75747075742D3E7479F3
:10D050007065203D3D206B54664C697465496E7463
:10D0600038002E2E2F74656E736F72666C6F772F7B
:10D0700074656E736F72666C6F772F6C6974652F51
:10D080006D6963726F2F6B65726E656C732F72655D
:10D09000647563652E6363006E6F64652D3E696E13
:10D0A000707574732D3E73697A650025733A256433
:10D0B00020257320213D2025732028257320213D24
:10D0C00020257329006B54664C697465496E74336E
:10D0D0003200617869732D3E74797065006F7574E4
:10D0E0007075745F636F756E74203E2030006F70D2
:10D0F0005F6461746120213D206E756C6C70747288
:10D10000002E2E2F74656E736F72666C6F772F749E
:10D11000656E736F72666C6F772F6C6974652F6DB7
:10D120006963726F2F6B65726E656C732F726564C5
:10D130007563652E6363204E756D626572206F6640
:10D1400020496E7075742064696D656E73696F6EC9
:10D150007320213D2034204F52207468652041788F
:10D160006973206973206E6F7420656974686572D5
:10D17000205B312C20325D206F72205B322C2031FD
:10D180005D007265666572656E63655F6F70733AA8
:10D190003A4D65616E2847657454656E736F7244CD
:10D1A0006174613C666C6F61743E28696E70757461
:10D1B000292C20696E7075742D3E64696D732D3E47
:10D1C000646174612C20696E7075742D3E64696DA4
:10D1D000732D3E73697A652C2047657454656E73B0
:10D1E0006F72446174613C666C6F61743E286F7548
:10D1F00074707574292C206F75747075742D3E646D
:10D20000696D732D3E646174612C206F7574707547
:10D21000742D3E64696D732D3E73697A652C2047C9
:10D22000657454656E736F72446174613C696E74A9
:10D230003E2861786973292C206E756D5F6178696D
:10D24000732C20706172616D732D3E6B6565705F2C
:10D2500064696D732C2074656D705F696E646578A8
:10D260002C207265736F6C7665645F617869732CCE
:10D270002047657454656E736F72446174613C66D7
:10D280006C6F61743E286F75747075742929006F16
:10D290006B002E2E2F74656E736F72666C6F772F16
:10D2A00074656E736F72666C6F772F6C6974652F1F
:10D2B0006D6963726F2F6B65726E656C732F72652B
:10D2C000647563652E6363204D45414E3A20756E4B
:10D2D000737570706F7274656420696E70757420F8
:10D2E0007479706520666F72207468697320627546
:10D2F000696C642E002E2E2F74656E736F72666CCF
:10D300006F772F74656E736F72666C6F772F6C69B1
:10D3100074652F6D6963726F2F6B65726E656C73C8
:10D320002F726573686170652E6363002D31007321
:10D330007472657463685F64696D006E756D5F6FAC
:10D3400075747075745F656C656D656E7473006E71
:10D35000756D5F696E7075745F656C656D656E7413
:10D3600073004E756D496E70757473286E6F6465C9
:10D3700029203D3D2031207C7C204E756D496E700A
:10D38000757473286E6F646529203D3D2032006BF3
:10D3900054664C6974654F6B0052657368617065C3
:10D3A0004F757470757428636F6E746578742C2073
:10D3B0006E6F646529002E2E2F74656E736F726612
:10D3C0006C6F772F74656E736F72666C6F772F6CEE
:10D3D0006974652F6D6963726F2F6B65726E656C12
:10D3E000732F736F66746D61782E6363004E756D75
:10D3F00044696D656E73696F6E7328696E707574BC
:10D4000029203E3D2031002D3332373638002D3172
:10D410003238006F75747075742D3E706172616D75
:10D42000732E7363616C65203D3D20312E66202F85
:10D4300020323536006B54664C697465466C6F61FA
:10D44000743332002E2E2F74656E736F72666C6F9C
:10D45000772F74656E736F72666C6F772F6C69745B
:10D46000652F6D6963726F2F6B65726E656C732FBC
:10D4700073706C69742E6363204E6F6E20636F6EE1
:10D480007374616E7420617869732074656E736F54
:10D4900072206E6F7420737570706F7274656400A3
:10D4A0002E2E2F74656E736F72666C6F772F746596
:10D4B0006E736F72666C6F772F6C6974652F6D6910
:10D4C00063726F2F6B65726E656C732F73706C690E
:10D4D000742E636300617869735F76616C75652093
:10D4E0003E3D203000617869735F76616C75652020
:10D4F0003C204E756D44696D656E73696F6E73285F
:10D50000696E7075742900547970652025732063E5
:10D51000757272656E746C79206E6F74207375709D
:10D52000706F727465642E005479706520272573BE
:10D5300027206973206E6F7420737570706F72741A
:10D54000656420627920756E7061636B2E0054797A
:10D5500070652025732028256429206E6F7420694A
:10D5600073206E6F7420737570706F7274656400D1
:10D57000546F74616C2062756666657220757361A4
:10D5800067653A2025642062797465730048656197
:10D59000642075736167653A20256420627974653B
:10D5A00073005461696C2075736167653A20256466
:10D5B000206279746573004661696C656420746FDC
:10D5C00020616C6C6F636174652070657273697340
:10D5D00074656E7420627566666572206F6620736E
:10D5E000697A6520256400496E7465726E616C20ED
:10D5F0006572726F723A20416C6C6F63617465463C
:10D60000726F6D5461696C2063616E206E6F74205F
:10D6100062652063616C6C65642062657477656522
:10D620006E2074776F2052657175657374536372E1
:10D6300061746368427566666572496E4172656EB3
:10D64000612063616C6C732E004661696C656420B7
:10D65000746F207265676973746572207363726199
:10D66000746368206275666665722068616E646CBA
:10D670006520666F72206E6F6465202573004275A9
:10D6800066666572202564206E6F7420666F756E05
:10D69000642E20256420627566666572732061764B
:10D6A00061696C61626C652E0069203C2073697A47
:10D6B00065282900666C6174627566666572733AE6
:10D6C0003A566563746F723C543E3A3A72657475AB
:10D6D000726E5F7479706520666C617462756666DF
:10D6E0006572733A3A566563746F723C543E3A3AC7
:10D6F00047657428666C6174627566666572733A14
:10D700003A756F66667365745F742920636F6E7314
:10D7100074205B776974682054203D20666C6F61CB
:10D72000743B2072657475726E5F74797065203D0C
:10D7300020666C6F61743B20666C6174627566660E
:10D740006572733A3A756F66667365745F74203DEF
:10D75000206C6F6E6720756E7369676E65642069F3
:10D760006E745D002E2E2F74686972645F70617232
:10D7700074792F666C6174627566666572732F6961
:10D780006E636C7564652F666C6174627566666540
:10D7900072732F666C6174627566666572732E684B
:10D7A00000666C6174627566666572733A3A5665B6
:10D7B00063746F723C543E3A3A72657475726E5F70
:10D7C0007479706520666C617462756666657273E3
:10D7D0003A3A566563746F723C543E3A3A47657400
:10D7E00028666C6174627566666572733A3A756F25
:10D7F00066667365745F742920636F6E7374205B53
:10D80000776974682054203D206C6F6E67206C6FC0
:10D810006E6720696E743B2072657475726E5F74FA
:10D82000797065203D206C6F6E67206C6F6E67208D
:10D83000696E743B20666C617462756666657273AE
:10D840003A3A756F66667365745F74203D206C6F3D
:10D850006E6720756E7369676E656420696E745DAE
:10D8600000666C6174627566666572733A3A5665F5
:10D8700063746F723C543E3A3A72657475726E5FAF
:10D880007479706520666C61746275666665727322
:10D890003A3A566563746F723C543E3A3A4765743F
:10D8A00028666C6174627566666572733A3A756F64
:10D8B00066667365745F742920636F6E7374205B92
:10D8C000776974682054203D206C6F6E6720696E04
:10D8D000743B2072657475726E5F74797065203D5B
:10D8E000206C6F6E6720696E743B20666C61746299
:10D8F0007566666572733A3A756F66667365745FCE
:10D9000074203D206C6F6E6720756E7369676E655D
:10D910006420696E745D00666C617462756666652C
:10D9200072733A3A566563746F723C543E3A3A7277
:10D93000657475726E5F7479706520666C6174626F
:10D940007566666572733A3A566563746F723C54D5
:10D950003E3A3A47657428666C617462756666651E
:10D9600072733A3A756F66667365745F74292063E3
:10D970006F6E7374205B776974682054203D206655
:10D980006C6174627566666572733A3A4F66667367
:10D9900065743C74666C6974653A3A54656E736F6D
:10D9A000723E3B2072657475726E5F74797065208B
:10D9B0003D20636F6E73742074666C6974653A3AC7
:10D9C00054656E736F722A3B20666C617462756673
:10D9D000666572733A3A756F66667365745F742034
:10D9E0003D206C6F6E6720756E7369676E6564208D
:10D9F000696E745D00666C617462756666657273EB
:10DA00003A3A566563746F723C543E3A3A726574A2
:10DA100075726E5F7479706520666C61746275668C
:10DA2000666572733A3A566563746F723C543E3A57
:10DA30003A47657428666C617462756666657273D0
:10DA40003A3A756F66667365745F742920636F6E0A
:10DA50007374205B776974682054203D20666C6184
:10DA600074627566666572733A3A4F66667365747A
:10DA70003C74666C6974653A3A4F70657261746F94
:10DA8000723E3B2072657475726E5F7479706520AA
:10DA90003D20636F6E73742074666C6974653A3AE6
:10DAA0004F70657261746F722A3B20666C6174629C
:10DAB0007566666572733A3A756F66667365745F0C
:10DAC00074203D206C6F6E6720756E7369676E659C
:10DAD0006420696E745D00666C617462756666656B
:10DAE00072733A3A566563746F723C543E3A3A72B6
:10DAF000657475726E5F7479706520666C617462AE
:10DB00007566666572733A3A566563746F723C5413
:10DB10003E3A3A47657428666C617462756666655C
:10DB200072733A3A756F66667365745F7429206321
:10DB30006F6E7374205B776974682054203D206693
:10DB40006C6174627566666572733A3A4F666673A5
:10DB500065743C74666C6974653A3A4275666665CC
:10DB6000723E3B2072657475726E5F7479706520C9
:10DB70003D20636F6E73742074666C6974653A3A05
:10DB80004275666665722A3B20666C6174627566D2
:10DB9000666572733A3A756F66667365745F742072
:10DBA0003D206C6F6E6720756E7369676E656420CB
:10DBB000696E745D00556E61626C6520746F2061E2
:10DBC0006C6C6F636174652054664C697465416662
:10DBD00066696E655175616E74697A6174696F6E9C
:10DBE0002E0A00556E61626C6520746F20616C6C4A
:10DBF0006F63617465207175616E74697A617469AF
:10DC00006F6E2D3E7A65726F5F706F696E742E0A4B
:10DC100000556E61626C6520746F20616C6C6F637F
:10DC2000617465207175616E74697A6174696F6E73
:10DC30002D3E7363616C652E0A004F6E6C79203146
:10DC400020737562677261706820697320637572F2
:10DC500072656E746C7920737570706F7274656420
:10DC60002E0A004661696C656420746F20616C6CDB
:10DC70006F63617465206D656D6F727920666F7278
:10DC800020636F6E746578742D3E74656E736F7269
:10DC9000732C202564206279746573207265717518
:10DCA00069726564004661696C656420746F2069FF
:10DCB0006E697469616C697A652074656E736F72E0
:10DCC000202564002564206279746573206C6F736D
:10DCD000742064756520746F20616C69676E6D6572
:10DCE0006E742E20546F2061766F696420746869A9
:10DCF00073206C6F73732C20706C65617365206D7D
:10DD0000616B652073757265207468652074656E3B
:10DD1000736F725F6172656E6120697320313620A6
:10DD2000627974657320616C69676E65642E004D5D
:10DD30006963726F416C6C6F6361746F723A2046F5
:10DD400061696C656420746F20696E697469616CC7
:10DD5000697A652E004661696C656420746F206184
:10DD60006C6C6F63617465206D656D6F7279206690
:10DD70006F72206E6F64655F616E645F7265676964
:10DD80007374726174696F6E732E004D6973736979
:10DD90006E6720726567697374726174696F6E2053
:10DDA000666F72206F70636F64655F696E6465781B
:10DDB0002025640A004661696C656420746F2067E1
:10DDC000657420726567697374726174696F6E201F
:10DDD00066726F6D206F7020636F64652025730A13
:10DDE0002000536B697070696E67206F7020666FDA
:10DDF00072206F70636F64655F696E64657820255B
:10DE0000640A00556E737570706F72746564206279
:10DE100065686176696F723A20666F756E6420621C
:10DE200075696C74696E206F70657261746F7220B1
:10DE30002573207769746820637573746F6D206F24
:10DE40007074696F6E732E0A004661696C65642098
:10DE5000746F20616C6C6F63617465206D656D6FAC
:10DE6000727920666F7220616C6C6F636174696F88
:10DE70006E5F696E666F2C2025642062797465730D
:10DE8000207265717569726564004C6F6769632003
:10DE90006572726F7220696E206D656D6F72792088
:10DEA000706C616E6E65722C2074656E736F72207B
:10DEB00025642068617320616E20696E76616C69EB
:10DEC00064206C69666574696D653A206669727371
:10DED000745F637265617465643A2025642C206CFC
:10DEE0006173745F757365643A202564002E2E2F6C
:10DEF00074656E736F72666C6F772F74656E736F77
:10DF000072666C6F772F6C6974652F6D6963726FC1
:10DF10002F6D6963726F5F616C6C6F6361746F7298
:10DF20002E636300706C616E6E65725F6172656E08
:10DF30006120213D206E756C6C70747200417265B9
:10DF40006E612073697A6520697320746F6F207326
:10DF50006D616C6C20666F722061637469766174A8
:10DF6000696F6E20627566666572732E204E6565F8
:10DF700064656420256420627574206F6E6C79205E
:10DF800025642077617320617661696C61626C65DC
:10DF90002E00616C6C6F63617465645F74656E7391
:10DFA0006F725F6D656D6F727920213D206E756CAB
:10DFB0006C707472004661696C656420746F2061D6
:10DFC0006C6C6F63617465207661726961626C6507
:10DFD000732E20506C6561736520696E6372656194
:10DFE0007365206172656E612073697A652E000D1C
:10DFF0000A004E6F646520257320286E756D62657A
:10E00000722025646629206661696C656420746FDE
:10E01000207072657061726520776974682073740E
:10E020006174757320256400496E766F6B652829CD
:10E030002063616C6C656420616674657220696E32
:10E04000697469616C697A6174696F6E206661696F
:10E050006C65640A004E6F646520257320286E7518
:10E060006D62657220256429206661696C65642093
:10E07000746F20696E766F6B6520776974682073A2
:10E080007461747573202564004F75747075742005
:10E09000696E646578202564206F7574206F662032
:10E0A00072616E676520286C656E6774682069739D
:10E0B0002025642900496E70757420696E64657846
:10E0C000202564206F7574206F662072616E67650D
:10E0D00020286C656E6774682069732025642900A8
:10E0E000496E66004E614E002A325E000304080B42
:10E0F0000D0E11121314151617004661696C656434
:10E1000020746F20616C6C6F63617465206D656D48
:10E110006F72792E205265717565737465643A204B
:10E1200025752C20617661696C61626C65202575AE
:10E130002C206D697373696E673A20257500546FE2
:10E140006F206D616E792062756666657273202836
:10E150006D617820697320256429006275666665A3
:10E160007220696E646578202564206973206F755C
:10E1700074736964652072616E6765203020746F06
:10E18000202564002C2066756E6374696F6E3A20DA
:10E1900000617373657274696F6E2022257322208B
:10E1A0006661696C65643A2066696C652022257336
:10E1B000222C206C696E65202564257325730A0066
:10E1C000232D302B2000686C4C0065666745464760
:10E1D00000303132333435363738394142434445E3
:10E1E0004600303132333435363738396162636452
:10E1F0006566000000000000000000009D1200089D
:10E20000E91200089B120008D9120008B3B2B9B98C
:10E21000C1AAB4B2B9BAC1AAB4B2BBBBC1ABB2B3A2
:10E22000BBBCC1AAB4B2B8B9A7A9B4B2BBBBA7AAB8
:10E23000B2B3B9BAA7AAB4B3B9B9A7AABCB3C2C496
:10E24000A7AABAB5C0C1A7AAB2B3BABBC1ABAEB692
:10E25000B2BAA7AAADB6B2BBA7A9BCB3C2C4A7AA9B
:10E26000B3B2B9B9C1AAB4B2B9B9A7A9BAB5C0C154
:10E27000A7AABAB5C0C1A7AAB4B2B8B9A7A9AEB681
:10E28000B2BAA7AAB4B2B9BAC1AABCB3C2C4A7AA47
:10E29000B2B3B9BAA7AAB4B2BBBBA7AAB2B3BABA4F
:10E2A000C1ABB4B2B9B9A7A9B4B3B9B9A7AAADB64D
:10E2B000B2BCA7A9B4B2BABAC1AAB2B3BABAC1AB16
:10E2C000B2B3BBBCC1AAB2B3BABBC1ABAEB6B2BAF1
:10E2D000A7AABAB4C0C1A7AABAB5C0C1A7AAB2B307
:10E2E000BBBCC1AAB2B3B9BAA7AAADB6B2BCA7A902
:10E2F000B4B2B9BAC1AAB2B3BBBCC1AAB3B2B9B9BC
:10E30000C1AAAEB6B2BAA7AAB2B3BABBC1ABB4B2D5
:10E31000BABBA7AAB4B2B8B9A7A9B4B2BBBBC1ABC8
:10E32000B2B3BBBCC1AAB2B3BABBC1ABB4B3B9B987
:10E33000A7AAB3B2B9BAC1AAB2B3BBBCC1AAB4B29C
:10E34000BBBBC1ABB4B2B8B9A7A9B4B3B9B9A7AA9A
:10E35000BCB3C2C4A7AABAB4C0C1A7AAB2B3BBBB5C
:10E36000C1AAB4B2B9B9C1AABAB5C0C1A7AAB4B258
:10E37000B8B9A7A9BAB4C0C1A7AABCB3C2C4A7AA56
:10E38000B2B3BBBBC1AAB3B2B9B9C1AAC492E9F5D1
:10E39000B4AAC49D80EFB4AAC2A581EBB4A9B7B456
:10E3A000C0C1C1ABB9B4C0C1C1ACB9B4C1C2C1ACC8
:10E3B000B9B4C2C3C1ABC4A9E4E89AA9B7B5BCBD9E
:10E3C000A7ABB7B4BFC0A7ABB9B5BDBEA7ABC2B210
:10E3D000DEE0A7AADF928EF7A7ACC492EBF6A7AC5B
:10E3E000C499EAF2A7ABC49D7FF0A7A9E19291F688
:10E3F000B4AADE9990F2B4AADDA994E9B4A9DE9298
:10E400008EF69AA9DD928FF5A7AAC2A7E5E9A7AB78
:10E41000DE9990F2A7ACDE9F91EFA7ABE1928FF768
:10E42000A7A9C2A581EBB4A9B9B4C1C2C1ACDE9F92
:10E4300091EFA7ABDE9990F2B4AAC49D7FF0A7A993
:10E44000C49D7FEFB4AAB7B5BFC0A7ABC492E9F52E
:10E45000B4AAC492EBF7A7ACB9B4C0C1C1ACC2B204
:10E46000DEE0A7AAC499EAF2A7ABB8B4C0C1C1ACB8
:10E47000DF928EF7A7ACDCA994E9B4A9B7B4C0C108
:10E48000C1ABDE928FF69AA9C2A581EBB4A9DE9941
:10E4900090F2B4AAC492EBF7A7ACDE928EF69AA9DA
:10E4A000C2A7E5E9A7ABC49D7FF0A7A9DE928EF6CF
:10E4B0009AA9C2A581EBB4A9C492EBF6A7ACC2B2EB
:10E4C000DEE0A7AAB9B5BDBFA7ABC2B2DEE0A7AA7E
:10E4D000DDA994E9B4A9C4A9E4E89AA9DE9990F267
:10E4E000A7ACC492E9F5B4AAB7B5BCBDA7ABC2A5A9
:10E4F00081EBB4A9B9B4C1C2C1ACDE9990F2B4AA9F
:10E50000B9B5BDBFA7ABDE9990F2A7ACB4B0BFBFA1
:10E51000C1AAB4B1BDBDC1AAB4B2B7B8A7AAB4B2BA
:10E52000BBBCA7AABAB3C5C6A7AAB4B2BBBCA7AAAC
:10E53000B4B2BBBCA7AAB4B0BFBFC1AAB4B2BBBC83
:10E54000A7AAB4B2BDBDC1AAB4B1BDBDC1AAB4B081
:10E55000BFBFC1AAB4B2B7B8A7AABAB3C5C6A7AA63
:10E56000B4B1BDBDC1AAB4B2BBBCA7AAB4B2BBBC56
:10E57000A7AAB4B2BBBCA7AAB4B0BFBFC1AAB4B269
:10E58000BBBCA7AAB4B0BFBFC1AABAB3C6C7A7AA2B
:10E59000B4B1BDBDC1AAB4B1BDBDC1AABAB3C5C6EF
:10E5A000A7AAB4B2BBBCA7AAB4B0BEBFC1AAB4B23A
:10E5B000BBBCA7AAB4B1BDBEC1AAB4B0BFBFC1AAFB
:10E5C000B4B1BDBEC1AAB4B0BFBFC1AAB4B0BFBFD1
:10E5D000C1AABAB3C5C7A7AAB4B2B7B8A7AAB4B0FC
:10E5E000BFBFC1AAB4B1BDBDC1AABAB3C5C6A7AAAF
:10E5F000B4B0BFBFC1AAB4B2B7B8A7AAB4B1BDBDC9
:10E60000C1AABAB3C5C6A7AAB4B0BFBFC1AAB4B2A3
:10E61000BBBCA7AAB4B1BDBEC1AAB4B1BDBEC1AA9C
:10E62000B4B2BBBCA7AABAB3C6C7A7AAB4B2BBBC94
:10E63000A7AAB4B0BEBFC1AABAB3C5C6A7AAB4B18F
:10E64000BDBDC1AAB4B0BFBFC1AAB4B2BBBCA7AA6A
:10E65000B4B1BDBDC1AAB4B2B7B8A7AAB4B2BBBC6D
:10E66000A7AAB4B2BBBCA7AAB4B2B7B8A7AAB4B0A1
:10E67000BFBFC1AAB4B2BBBCA7AAB4B2B7B8A7AA5D
:10E68000B4B2BBBCA7AAB4B0BFBFC1AAB4B1BDBE2F
:10E69000C1A9B2B2BCBCC1AAB9B3C2C3A7ABB9B419
:10E6A000C2C2A7ABBAB3C4C5A7ABBAB3C4C5A7AB04
:10E6B000B8B3C2C3A7ABBAB3C4C6A7ABB9B3C2C3DE
:10E6C000A7ABB4B1BDBEC1A9B4B1BDBEC1A9B8B3F9
:10E6D000C2C3A7ABB2B2BCBCC1AAB4B1BDBEC1A9D2
:10E6E000BAB3C4C5A7ABB8B3C2C3A7ABBAB3C4C6A9
:10E6F000A7ABB4B1BDBEC1A9B9B4C2C2A7ABB2B2D7
:10E70000BBBCC1AABAB3C5C6A7ABBAB3C4C5A7AB95
:10E71000B2B2BBBCC1AAB9B4C2C2A7ABB9B3C2C37F
:10E72000A7ABB9B3C2C3A7ABBAB3C5C6A7ABB2B2A6
:10E73000BCBCC1AAB9B4C2C2A7ABB9B3C2C3A7AB70
:10E74000B9B3C2C3A7ABB2B2BCBCC1AABAB3C4C549
:10E75000A7ABB9B3C2C3A7ABB9B4C2C2A7ABB8B376
:10E76000C2C3A7ABB9B4C2C2A7ABB2B2BCBCC1AA48
:10E77000B2B2BCBCC1AAB2B2BCBCC1AAB9B4C2C21A
:10E78000A7ABB9B4C2C2A7ABB9B3C2C3A7ABB4B14C
:10E79000BDBEC1A9B4B1BDBEC1A9B9B3C2C3A7AB07
:10E7A000B9B4C2C2A7ABBAB3C4C6A7ABB8B4C1C2EE
:10E7B000A7ABBAB3C4C5A7ABB4B1BDBEC1A9BAB308
:10E7C000C4C5A7ABB4B1BDBEC1A9B2B2BCBCC1AADD
:10E7D000B9B3C2C3A7ABBAB3C4C5A7ABBAB3C4C6B7
:10E7E000A7ABB4B1BDBEC1A9B4B1BDBEC1A9B4B1DE
:10E7F000BDBEC1A9B4B1BDBEC1A9BAB3C4C6A7ABA1
:10E80000B9B3C2C3A7ABB2B2BCBCC1AAB5B5C2C290
:10E81000B4A9B8B5C2C3B4AAB6B5C4C4B4AAB2B296
:10E82000B9BAC1AAB6B4C1C2C1ACB7B4C2C2C1AC54
:10E83000B6B4C3C3C1ACB8B5C3C3C1ACB8B5C4C525
:10E84000C1ACB6B7C1C2C1AAB8B4C4C4CEAAB5B52A
:10E85000C4C4CEAAB7B4C2C2C1ACB8B5C3C3C1ACFC
:10E86000B8B5C3C3C1ACB8B5C4C5C1ACB6B4C2C2F7
:10E87000C1ACB7B5C3C4B4AAB8B5C3C3B4AAB5B51F
:10E88000C4C4CEAAB6B7C1C2C1AAB6B5C3C4B4AADD
:10E89000B8B5C4C5C1ACB7B4C4C4CEAAB8B5C3C3B7
:10E8A000C1ACB5B5C4C4CEAAB2B2B9BAC1AAB2B2EB
:10E8B000B9BAC1AAB5B4C2C2B4A9B6B4C3C3C1ACD3
:10E8C000B8B5C4C4C1ACB5B5C4C4CEAAB5B5C2C28E
:10E8D000B4A9B8B5C3C3B4AAB6B5C4C4B4AAB6B4CF
:10E8E000C3C3C1ACB8B4C2C2C1ACB6B4C3C3C1AC7B
:10E8F000B8B5C4C5C1ACB7B4C4C4CEAAB2B2B9BA73
:10E90000C1AAB5B5C4C4CEAAB8B5C3C3B4AAB7B575
:10E91000C3C3C1ACB6B4C3C3C1ACB6B4C3C3C1AC4A
:10E92000B6B4C1C2C1ACB6B4C3C3C1ACB8B5C2C33E
:10E93000B4AAB8B4C2C2C1ACB5B5C4C4CEAAB8B446
:10E94000C3C4CEAAB6B4C3C3C1ACB6B5C4C4B4AA1A
:10E95000B6B4C1C2C1ACB5B5C2C2B4A9B6B5C4C41F
:10E96000B4AAB7B4C4C4CEAAB2B2B9BAC1AAB6B432
:10E97000C1C2C1ACB8B5C4C5C1ACB8B4C2C2C1ACE7
:10E98000B2B2B9BAC1AAB8B4C3C4CEAAB5B5BDBDF6
:10E99000A7AAB5B5C0C0A7AAB6B6BEBFA7AABAB344
:10E9A000C1C2A7AABAB4C1C2A7AAB5B5BDBDA7AA1C
:10E9B000B6B6BEBFA7AAB5B5BDBDA7AAB6B6BEBFFF
:10E9C000A7AAB5B5BDBDA7AAB6B6BEBFA7AAB5B51D
:10E9D000BDBDA7AABAB3C1C2A7AAB6B6BEBFA7AAF1
:10E9E000B6B6BEBFA7AABAB3C1C2A7AAB5B5BDBDC8
:10E9F000A7AAB6B6BEBFA7AAB6B6BEBFA7AAB6B6E6
:10EA0000BEBFA7AAB5B5C0C0A7AABAB3C1C2A7AABC
:10EA1000B6B6BEBFA7AAB6B6BEBFA7AAB5B5BDBD9E
:10EA2000A7AAB6B6BEBFA7AAB5B5C0C0A7AAB6B6B4
:10EA3000BEBFA7AAB6B6BEBFA7AAB5B5C0C0A7AA93
:10EA4000B5B5C0C0A7AAB5B5BDBDA7AAB6B6BEBF6D
:10EA5000A7AAB5B5BDBDA7AAB5B5BDBDA7AAB5B591
:10EA6000BDBDA7AABAB3C1C2A7AAB5B5BDBDA7AA65
:10EA7000B5B5BDBDA7AAB5B5BDBDA7AABAB3C1C23C
:10EA8000A7AABAB4C1C2A7AABAB3C1C2A7AAB5B548
:10EA9000C0C0A7AAB6B6BEBFA7AAB6B6BEBFA7AA31
:10EAA000B6B6BEBFA7AABAB4C1C2A7AAB5B5BDBD06
:10EAB000A7AAB6B6BEBFA7AAB5B5BDBDA7AAB6B62A
:10EAC000BEBFA7AAB7B6BEBFA7AAB5B5C0C0A7AA02
:10EAD000B5B5BDBDA7AABAB3C1C2A7AAB6B6BEBFD7
:10EAE000A7AAB5B5BDBDA7AAB6B6BEBFA7AAB6B6FA
:10EAF000BEBFA7AAB5B5C0C0A7AAB6B6BEBFA7AAD3
:10EB0000BAB3C1C2A7AABAB3C1C2A7AAB7B2C5C590
:10EB1000B4ABB7B3C3C4B4AEB6B4C4C5B4AFB6B483
:10EB2000C5C5B4AEB6B5C5C5B4ABB7B4C1C19AAB73
:10EB3000B7B4C1C29AAEB6B5C1C19AAFB6B5C2C27A
:10EB40009AAEB5B6C3C39AACB7B4C1C2A7AFB7B497
:10EB5000C3C3A7B4B8B4C3C3A7B6B6B5C3C3A7B439
:10EB6000B6B5C4C4A7AFB7B5C3C3A7B4B8B3C3C41D
:10EB7000B4AEB6B5C4C4A7AFB6B5C4C4A7AFB6B536
:10EB8000C3C3A7B4B8B3C3C4B4AEB6B5C2C29AAE19
:10EB9000B6B5C5C5B4ABB8B4C3C3A7B6B6B5C2C2E3
:10EBA0009AAEB7B2C4C5B4ABB5B6C3C39AACB7B42A
:10EBB000C1C2A7AFB8B4C1C29AAEB7B4C1C2A7AF01
:10EBC000B6B5C1C19AAFB6B5C1C19AAFB7B4C1C2EB
:10EBD0009AAEB7B2C4C5B4ABB7B5C2C29AAEB6B5F9
:10EBE000C2C29AAEB6B5C1C19AAFB6B4C4C5B4AFCD
:10EBF000B6B5C1C19AAFB6B5C2C29AAEB6B4C5C5B4
:10EC0000B4AEB6B5C2C29AAEB6B5C3C3A7B4B7B5B3
:10EC1000C1C19AAFB6B5C1C19AAFB7B4C2C29AAEBC
:10EC2000B6B5C2C29AAEB6B5C2C29AAEB6B4C5C582
:10EC3000B4AEB6B5C1C19AAFB6B4C4C5B4AFB7B27D
:10EC4000C4C5B4ABB7B4C1C29AAEB7B4C1C2A7AF62
:10EC5000B7B2C5C5B4ABB5B6C3C39AACB6B5C3C33A
:10EC6000A7B4B6B3C4C5B4AFB6B5C3C3A7B4B8B33D
:10EC7000C3C4B4AEB6B5C3C3A7B4B7B2C5C5B4AB0D
:10EC8000B7B2C4C5B4ABB6B4C5C5B4AEB7B1C7C8E6
:10EC9000B4AAB7B3C4C5B4ACB9B4C4C4B4AEB9B4FF
:10ECA000C4C4B4ADBAB4C4C5B4ABB7B2C3C4C1A9CB
:10ECB000B7B3C4C49AABB9B4C3C49AACB9B4C3C4EF
:10ECC0009AACB9B1C6C7A7ABB9B3C4C5A7B0B9B4FC
:10ECD000C3C4A7B4B9B4C3C4A7B3BAB5C2C4A7AEBA
:10ECE000BAB5C2C4A7AEB9B4C4C4B4ADB8B3C4C590
:10ECF000B4ACB7B1C7C8B4AAB9B4C3C49AACB9B4B8
:10ED0000C3C4A7B4B9B4C4C4B4ADB7B3C4C49AAB94
:10ED1000B9B4C4C4B4AEB7B2C3C4C1A9BAB5C2C44D
:10ED2000A7AEB9B1C6C7A7ABB9B4C3C49AACB9B39F
:10ED3000C4C5A7B0B9B4C4C4A7B3BAB4C4C5B4AB4E
:10ED4000B9B4C4C4A7B4B7B3C4C5B4ACB9B4C3C42C
:10ED50009AACB9B4C3C4B4AEB9B4C4C4A7B4B8B35C
:10ED6000C4C49AABB8B1C6C7A7ABB9B4C3C49AAC54
:10ED7000B7B2C3C4C1A9B9B4C3C49AACB9B3C4C40B
:10ED8000A7B0B7B1C7C8B4AAB9B4C4C5B4ADB8B315
:10ED9000C4C5A7B0B9B4C3C4A7B3B9B4C3C4A7B3F7
:10EDA000B8B3C4C5B4ACB9B4C4C4A7B4B9B4C3C4CB
:10EDB000A7B4B9B4C4C5B4ADB9B3C4C5A7B0B9B4E8
:10EDC000C4C4B4AEB9B4C4C4A7B3B7B2C3C4C1A9B0
:10EDD000B8B3C4C49AABB7B2C3C4C1A9B7B3C4C4AF
:10EDE0009AABB9B3C4C4A7B0B9B4C3C49AACB7B2F0
:10EDF000C3C4C1A9B9B4C3C49AACB9B5C3C49AACAD
:10EE0000B8B1C7C8B4AABAB5C2C4A7AEBAB3C5C66A
:10EE1000B4ABB9B2C7C8B4ACB9B3C7C7B4ACB8B572
:10EE2000C6C6B4ABB8B3C9CAB4AAB4B5BEBEC1AA4B
:10EE3000BAB4C4C59AABBAB5C2C39AACB4B5BABA7F
:10EE4000A7ABB4B5BBBBA7ABB4B6B8B8A7AAB9B3A8
:10EE5000C5C5A7ACBAB3C5C6A7B0BAB4C5C6A7B036
:10EE6000BAB3C7C8A7AFB4B5BABAA7ABB8B3CACA22
:10EE7000B4AAB8B4C5C6B4ABB4B6B8B8A7AAB4B54A
:10EE8000BABAA7ABBAB3C5C6A7B0B8B3C9CAB4AA11
:10EE9000B4B5BABAA7ABB4B6B8B8A7AAB4B5BABB3A
:10EEA000A7ABB4B5BDBDC1AAB4B5BBBBA7ABB9B325
:10EEB000C7C8B4ACBAB4C5C6A7B0B9B2C7C8B4ACB9
:10EEC000BAB3C5C6A7B0BAB3C7C8A7AFB9B3C7C7A7
:10EED000B4ACB4B5BBBBA7ABBAB3C5C6A7B0BAB4E4
:10EEE000C4C59AABB9B3C5C5A7ACB8B3CACAB4AAAE
:10EEF000B4B6B8B8A7AABAB4C4C59AABB8B5C6C6B2
:10EF0000B4ABBAB4C4C59AABB4B4BDBDC1AABAB4AB
:10EF1000C4C59AABBAB3C7C8A7AFBAB4C5C6A7B081
:10EF2000B4B5BABAA7ABBAB4C4C59AABB9B3C7C87B
:10EF3000B4ACB9B3C7C7B4ACBAB5C2C39AACBAB46F
:10EF4000C5C6A7B0BAB5C2C39AACB4B5BEBEC1AA55
:10EF5000B4B5BBBBA7ABBAB4C5C6A7B0BAB5C2C33C
:10EF60009AACB4B5BABAA7ABB4B5BABBA7ABBAB290
:10EF7000C5C6B4ABB9B3C7C7B4ACB8B3C9CAB4AAF1
:10EF8000B4B5BBBBA7ABB4B4BEBEC1AAB2B4B3B632
:10EF9000A7AAB2B4B3B6A7AAB2B4B3B6A7AAB2B47A
:10EFA000B3B6A7AAB2B4B3B6A7AAB2B3B3B6A7AA68
:10EFB000B2B4B3B6A7AAB2B4B3B6A7AAB2B4B3B642
:10EFC000A7AAB2B4B3B6A7AAB2B4B3B6A7AAB2B44A
:10EFD000B3B6A7AAB2B4B3B6A7AAB2B4B3B6A7AA37
:10EFE000B2B4B3B6A7AAB2B4B3B6A7AAB2B3B3B613
:10EFF000A7AAB2B3B3B6A7AAB2B4B3B6A7AAB2B41B
:10F00000B3B6A7AAB2B4B3B6A7AAB2B4B3B6A7AA06
:10F01000B2B4B3B6A7AAB2B4B3B6A7AAB2B4B3B6E1
:10F02000A7AAB2B4B3B6A7AAB2B4B3B6A7AAB2B4E9
:10F03000B3B6A7AAB2B3B3B6A7AAB2B4B3B6A7AAD7
:10F04000B2B4B3B6A7AAB2B4B3B6A7AAB2B4B3B6B1
:10F05000A7AAB2B4B3B6A7AAB2B4B3B6A7AAB2B4B9
:10F06000B3B6A7AAB2B4B3B6A7AAB2B4B3B6A7AAA6
:10F07000B2B4B3B6A7AAB2B4B3B6A7AAB2B4B3B681
:10F08000A7AAB2B4B3B6A7AAB2B4B3B6A7AAB2B489
:10F09000B3B6A7AAB2B4B3B6A7AAB2B4B3B6A7AA76
:10F0A000B2B4B3B6A7AAB2B4B3B6A7AAB2B4B3B651
:10F0B000A7AAB2B4B3B6A7AAB2B4B3B6A7AAB2B459
:10F0C000B3B6A7AAB2B4B3B6A7AAB2B4B3B6A7AA46
:10F0D000B2B4B3B6A7AAB2B4B3B6A7AAB2B4B3B621
:10F0E000A7AAB2B4B3B6A7AAB2B4B3B6A7AAB2B429
:10F0F000B3B6A7AAB2B4B3B6A7AAB2B4B3B6A7AA16
:10F10000B2B4B3B6A7AAB2B4B3B6A7AAB4B3B7B7EA
:10F11000C1AAB4B3B4B5C1AAB4B4B4B5C1AAB3B3A7
:10F12000B4B6A7AAB4B3B4B5A7AAB4B4B3B5C1AAC8
:10F13000B4B3B5B5C1AAB4B3B4B5C1AAB4B3B4B588
:10F14000C1AAB4B3B7B7C1AAB3B3B4B6A7AAB4B38C
:10F15000B7B7C1AAB4B4B3B5C1AAB3B3B4B6A7AA7A
:10F16000B4B3B4B5A7AAB4B4B3B5C1AAB4B3B7B76E
:10F17000C1AAB4B3B4B5C1AAB4B3B4B5C1AAB4B347
:10F18000B4B5C1AAB4B2B7B7C1AAB4B3B4B5C1AA31
:10F19000B4B3B4B5C1AAB4B3B7B7C1AAB4B3B4B524
:10F1A000C1AAB4B3B4B5A7AAB4B4B4B5C1AAB4B330
:10F1B000B4B5A7AAB4B3B4B5A7AAB4B3B7B7C1AA34
:10F1C000B4B3B7B7C1AAB4B3B7B7C1AAB4B3B4B5EF
:10F1D000A7AAB4B3B4B5A7AAB4B3B7B7C1AAB4B415
:10F1E000B4B5C1AAB4B3B4B5A7AAB4B3B7B7C1AAEA
:10F1F000B4B2B7B7C1AAB4B3B7B7C1AAB3B3B4B6C0
:10F20000A7AAB3B3B4B6A7AAB3B3B4B6A7AAB4B304
:10F21000B4B5C1AAB4B4B3B5C1AAB4B3B7B7C1AA9F
:10F22000B4B4B4B5C1AAB4B3B5B5C1AAB4B2B7B792
:10F23000C1AAB4B3B4B5A7AAB3B3B5B6A7AAB4B3B9
:10F24000B4B5C1AAB4B3B4B5A7AAB4B3B4B5A7AAA8
:10F25000B4B4B3B5C1AAB4B3B7B7C1AAB4B3B7B75E
:10F26000C1AAB4B3B4B5A7AAB4B4B4B5C1AAB4B46E
:10F27000B3B5C1AAB4B4B4B5C1AAB4B3B4B5C1AA44
:10F28000B3B3B4B6A7AAB4B2B7B7C1AABEB5C1C426
:10F29000B4A9BFB6C0C5B4A9B4B1BBBBC1ABB4B10E
:10F2A000BBBBC1ACB4B2B9B9C1ACB3B3B6B7C1ABF7
:10F2B000BFB4C1C5C1AABFB4C3C7C1ABBFB4C4C882
:10F2C000C1ABC4A181EDC1A9B4B1B8B9A7ABB4B207
:10F2D000B8B8A7ACB4B3B7B7A7ACB4B3B4B5A7AB21
:10F2E000BEB5C1C4B4A9B3B3B6B7C1ABBFB6C0C590
:10F2F000B4A9BFB6C0C5B4A9B4B1B8B9A7ABB4B3CB
:10F30000B4B5A7ABB4B3B7B7A7ACB4B2B8B8A7ACF1
:10F31000B4B1B8B9A7ABC4A181EDC1A9BFB6C0C58E
:10F32000B4A9BFB6C0C5B4A9B4B3B4B5A7ABC4A1A2
:10F3300081EDC1A9B4B2B9B9C1ACB4B3B7B7A7AC88
:10F34000B4B1B8B9A7ABBFB4C4C8C1ABBFB4C2C530
:10F35000C1AABFB4C2C5C1AABFB6C0C5B4A9BFB413
:10F36000C3C7C1ABBFB4C1C5C1AAB4B2B8B8A7AC1A
:10F37000B4B3B7B7A7ACB4B1BBBBC1ABB4B1BBBB43
:10F38000C1ABB4B2B9B9C1ACB4B2B8B9A7ACC4A13D
:10F3900080EDC1A9BEB5C1C4B4A9B4B3B7B7A7AC19
:10F3A000B4B1BBBBC1ACBEB5C1C4B4A9B4B1BBBBE5
:10F3B000C1ACB4B1B8B9A7ABB4B2B9B9C1ACBEB6FF
:10F3C000C1C4B4A9BFB6C0C5B4A9BFB4C4C8C1AB99
:10F3D000B4B3B4B5A7ABBFB4C3C7C1ABBEB5C1C4AA
:10F3E000B4A9B4B1BABBC1ABB4B1B8B9A7ABB4B3EB
:10F3F000B7B7A7ACB4B1BABBC1ABBFB4C3C7C1AB9D
:10F40000BFB6C0C5B4A9B4B1B8B9A7ABC0B3C1C683
:10F41000B4A9C0B4C1C6B4A9C1B2C4C8C1ABC0B359
:10F42000C3C8C1ABC1B2C3C8C1ABC0B3C3C7C1AB12
:10F43000C0B3C1C6B4A9C1B2C3C8C1ABC0B4C1C610
:10F44000B4A9C0B4C1C6B4A9C1B2C4C8C1ABC0B428
:10F45000C1C6B4A9C0B3C3C8C1ABC0B3C4C8C1ABF3
:10F46000C0B3C1C6B4A9C0B3C3C8C1ABC1B2C4C8DC
:10F47000C1ABC0B3C1C6B4A9C0B3C3C8C1ABC0B4EB
:10F48000C1C5B4A9C0B4C1C6B4A9C0B4C1C5B4A9EA
:10F49000C1B2C4C8C1ABC0B3C3C8C1ABC0B3C3C899
:10F4A000C1ABC1B2C3C8C1ABC0B4C1C6B4A9C0B4BA
:10F4B000C1C6B4A9C0B3C1C6B4A9C0B4C1C5B4A9BA
:10F4C000C0B4C1C6B4A9C1B2C4C8C1ABC1B2C3C87B
:10F4D000C1ABC0B3C3C8C1ABC0B4C1C6B4A9C0B38B
:10F4E000C3C7C1ABC0B3C3C8C1ABC1B2C3C8C1AB52
:10F4F000C1B2C4C9C1ABC0B3C1C6B4A9C0B4C1C64E
:10F50000B4A9C0B3C3C8C1ABC0B3C1C6B4A9C0B36A
:10F51000C3C7C1ABC0B3C3C7C1ABC1B2C4C8C1AB21
:10F52000C0B4C1C6B4A9C0B3C1C6B4A9C0B3C1C632
:10F53000B4A9C0B3C3C7C1ABC0B3C3C7C1ABC0B329
:10F54000C3C8C1ABC0B4C1C6B4A9C1B2C3C8C1AB02
:10F55000C0B4C1C6B4A9C0B4C1C5B4A9C1B2C3C8FE
:10F56000C1ABC0B3C2C6B4A9C0B4C1C6B4A9C0B40B
:10F57000C1C6B4A9C1B2C3C8C1ABC0B3C1C6B4A9E6
:10F58000C0B3C3C7C1ABC1B2C4C8C1ABBAB5BCBEBE
:10F59000B4A9BDB4BDC1B4AABFB4C0C4B4ABC0B4F7
:10F5A000BFC4B4ABC1B4BFC5B4ABB7B3BFBFC1ABCD
:10F5B000B7B4BFBFC1ADB9B4BFC0C1AEBCB4C0C2A7
:10F5C000C1ADBFB3C1C5C1AEC1B3C1C6C1AFC1B486
:10F5D000C1C6C1AEC1B5BFC6C1ABBFB4C1C5CEAA5D
:10F5E000C0B4C1C6CEABB7B4BEBEA7ABB7B5BDBE87
:10F5F000A7ABB9B5BDBEA7AABDB4BFC3A7AABFB3C9
:10F60000C1C5C1AEBAB5BCBEB4A9BAB5BCBEB4A979
:10F61000C2B5BFC6C1ABB7B4BEBEA7ABB9B5BFC05C
:10F62000C1AEB9B5BDBEA7AAC1B4BFC5B4ABB7B36F
:10F63000BFBFC1ABC0B3C1C6CEABC1B4C1C6C1AE02
:10F64000BAB5BCBEB4A9C1B4C1C6C1AEB7B3BFBF21
:10F65000C1ABB7B4BFBFC1ADC0B3C1C6CEABB7B409
:10F66000BEBEA7ABBFB3C1C5C1AEBDB4BFC3A7AA21
:10F67000B9B5BDBEA7AAB7B4BEBEA7ABC0B4BFC420
:10F68000B4ABB9B5BDBEA7AABDB4BFC2A7AAB7B532
:10F69000BDBEA7ABC1B3C0C6C1AFC0B3C1C6CEABC0
:10F6A000B7B3BFBFC1ABC0B4BFC4B4ABBCB4C0C2BE
:10F6B000C1ADB7B5BDBEA7ABBFB4C0C4B4ABB7B4E2
:10F6C000BFBFC1ABC1B4BFC5B4ABC1B4BFC5B4ABA0
:10F6D000BEB4C0C4B4ABBEB4C0C4B4ABB9B4BFC094
:10F6E000C1AEBFB4C0C4B4ABBDB5BDC1B4AAB7B49C
:10F6F000BFBFC1ABBAB5BCBEB4A9C1B4C1C6C1AE6F
:10F70000BFB3C1C5C1AEBFB3C1C5C1AEC2B3B8C23C
:10F71000B4AAC1B3BBC2B4ADC2B3BBC4B4B0C2B46B
:10F72000BCC4B4B1C1B5BCC4B4AFC0B5BDC3B4AC46
:10F73000C2B3BBC3C1B3C2B3BCC4C1B8C1B4BDC4FE
:10F74000C1BAC1B4BDC4C1B6C0B5BEC4C1B0C1B3F5
:10F75000BDC4CEAEC1B3BEC4CEB1C1B4BEC4CEB2C0
:10F76000C1B4BFC5CEB0B5AFC9CAB4A9C1B4BDC4D8
:10F77000C1B6C1B4BDC4C1B6C1B3BBC3B4ADC0B3DF
:10F78000BDC4CEAEC1B3B8C2B4AAC2B3BBC3C1B3C9
:10F79000B5AFC9CAB4A9C1B3BDC4CEB1C1B5BCC4AB
:10F7A000B4AFC2B3BCC4C1B8C0B5BEC4C1B0C1B4AB
:10F7B000BFC5CEB0C1B4BDC4C1BAB5AFC9CAB4A982
:10F7C000C2B3BBC3C1B3C2B3BBC4B4B0C2B4BCC484
:10F7D000B4B1C2B4BCC4B4B1C2B3BBC4B4B0C1B39D
:10F7E000B8C2B4AAC1B4BFC5CEB0C1B4BEC4CEB253
:10F7F000C2B3BBC3C1B3C1B4BFC5CEB0C2B3BCC436
:10F80000C1B8C0B5BDC3B4ACC1B4BDC4C1BAC1B345
:10F81000BDC4CEAEC1B3BEC4CEB1C1B3BDC4CEAE05
:10F82000C2B3BCC4C1B8C2B4BCC4B4B1C1B4BFC516
:10F83000CEB0C1B5BCC3B4AFC1B4BDC4C1B6C0B510
:10F84000BDC3B4ACC0B5BEC3C1B0C1B4BFC5CEB0FA
:10F85000C2B4BCC4B4B1C1B5BCC3B4AFC2B3B8C206
:10F86000B4AAC1B3BEC4CEB1C2B3BBC3C1B3C1B3EA
:10F87000BEC4CEB1C2B4BCC4B4B1C1B3BEC4CEB1B7
:10F88000C2B4BCC4B4B1C0B6BDC3B4ACB8B4BEBFDE
:10F89000B4ACB9B5BCBDB4ADBAB5BCBEB4ADBAB606
:10F8A000BBBDB4ACB4B1B8B9C1ABB4B2B8B8C1ADFA
:10F8B000B4B2B9B9C1ADB4B3B9B9C1ACB8B3BFC0D2
:10F8C000C1AEB8B3BFC0C1B5BAB4BFC0C1B9BAB494
:10F8D000BEC0C1B8BAB5BEBFC1B2B7B4BFBFCEAD6E
:10F8E000B4B1B8B9A7ABB3B2B9B9A7ACB4B3B7B7F1
:10F8F000A7ACB4B3B7B7A7ABBAB4BDBFA7AEBAB4E1
:10F90000BDBFA7B0BAB5BDBEA7AFBBB5BCBFA7ACA6
:10F91000C592D5E7B4AAC59293E7B4ABC592D8E92E
:10F92000B4ABC499D4E0CEABBAB5BEBFC1B2B4B229
:10F93000B9B9C1ADB7B4BFBFCEADB4B1B8B9A7AB5B
:10F94000B8B4BFBFCEADB8B5BCBDB4ADB7B4BFBF22
:10F95000CEADB4B3B7B7A7ABC592D5E6B4AAB4B32E
:10F96000B7B7A7ABB4B2B8B8C1ADC499D4E0CEAB09
:10F97000BAB6BBBDB4ACBAB6BBBDB4ACB9B3BFC00C
:10F98000C1B5B4B1B8B9C1ABBAB5BDBEA7AFBAB411
:10F99000BFC0C1B9C59293E7B4ABB8B3BFC0C1AEE5
:10F9A000B4B3B9B9C1ACBAB5BEBFC1B2BBB5BCBFC7
:10F9B000A7ACB8B3BFC0C1B5BAB4BDBFA7B0C592FC
:10F9C00093E7B4ABBAB5BCBEB4ADBAB4BFC0C1B9AD
:10F9D000C592D8E9B4ABC592D5E7B4AAC59293E76E
:10F9E000B4ABB8B3BFC0C1AEB8B4BFC0C1B5C499A1
:10F9F000D3E0CEABBBB5BCBFA7ACB4B3B7B7A7AC75
:10FA0000BAB4BFC0C1B9BAB5BDBFA7AFBFB3B8C064
:10FA1000B4ACBFB3B8C0B4B4BEB4B9BFB4BDBEB467
:10FA2000B9C0B4C0C0B5B9C1B4BBBFB5BAC0B4B237
:10FA3000BFB3B7BFC1B0BEB3BABFC1BFBEB4BAC017
:10FA4000C1CFBEB4BAC0C1D5C0B5BAC1C1CCBFB5B3
:10FA5000BBC1C1BBBFB3B9C0CEACBFB3BAC1CEB3DB
:10FA6000BEB4BBC0CEBBBEB4BCC1CEBDC0B4BBC2B5
:10FA7000CEB9BFB5BCC1CEB1B4B2B7B8A7AAB8B4FD
:10FA8000BDBEA7ACBBB5BBBDA7AEBBB5BBBEA7AD2E
:10FA9000BAB5BDBFA7ABBEB4BBC1CEBDBEB4BCC1C1
:10FAA000CEBDB8B4BDBEA7ACBFB3B8C0B4B4BBB5CF
:10FAB000BBBEA7ADBEB3BABFC1BFBFB5BBC1C1BBA3
:10FAC000BBB5BBBEA7ADBFB3B8C0B4ACBFB5BCC1BE
:10FAD000CEB1BFB5BBC1C1BBBFB5B9C0B4BBBBB470
:10FAE000BBBDA7AEBEB3BBC1CEBBBFB3B7C0C1B079
:10FAF000C0B5B9C1B4BBC0B5B9C1B4BBBFB3B9C05F
:10FB0000CEACBEB3BAC0C1BFBBB5BBBEA7ADC0B45F
:10FB1000BAC1C1CCBAB5BDBFA7ABC0B5B9C1B4BB42
:10FB2000BBB5BBBEA7ADBEB4BAC0C1CFBFB3B8C032
:10FB3000B4B4BFB5BBC1C1BBBFB5B9C0B4BBB4B22F
:10FB4000B7B8A7AABEB4B9C0B4C0BFB3B9C0CEAC31
:10FB5000BFB5BAC0B4B2BEB3BBC1CEBBBAB5BDBFF0
:10FB6000A7ABBBB5BBBEA7ADC0B4BAC1C1CCBEB517
:10FB7000B9C0B4C0BFB3B8C0B4B4BFB5BCC1CEB1D6
:10FB8000C0B5BAC1C1CCBBB5BABDA7AEBCB2B9BED7
:10FB9000B4AABCB3B9BDB4AEBCB4B9BDB4B5BCB401
:10FBA000B9BDB4BBBCB5B9BDB4BABCB5B8BDB4B4CD
:10FBB000BDB6B4BDB4ADB9B2BCBEC1ACBCB3BABEC7
:10FBC000C1B5BCB3BABEC1C4BCB4BABEC1D1BCB469
:10FBD000BABEC1CFBDB5B8BEC1C2BCB6B6BDC1B359
:10FBE000B8B7B8BAC1ADB8B8B6B9C1ACB8B8B5BA9B
:10FBF000C1ABBCB3BBBFCEADBBB3BCBFCEB3BCB45B
:10FC0000BBBFCEB7BCB4BBBECEB7BCB5BABECEB21E
:10FC1000B6B7B9BACEACB8B8B8BACEACB8B4BCBD49
:10FC20009AAABAB5BCBD9AAAB7B3BEBFA7ABB8B3C0
:10FC3000BDBEA7AFB8B4BDBEA7B2BAB4BCBEA7B272
:10FC4000BAB5BBBDA7AEC3AC9ED0C1ABC3A597D858
:10FC5000CEAAC69290E9CEAAC69290E9CEAABCB22C
:10FC6000B9BEB4AABCB3BBBFCEADBAB4BCBEA7B21A
:10FC7000B8B8B8BACEACBCB4BBBECEB7BCB5B9BDD3
:10FC8000B4BABCB5B8BDB4B4B8B3BDBEA7AFBAB50D
:10FC9000BCBDA7AEB8B8B6BAC1ABB8B4BCBD9AAA21
:10FCA000B7B3BEBFA7ABBCB3B9BDB4B5BCB4BBBEE4
:10FCB000C1D1BAB5BCBD9AAABCB3B9BDB4AEB9B2D4
:10FCC000BCBEC1ACBCB4BABEC1CFBCB5BABECEB26C
:10FCD000B9B2BCBEC1ACB8B8B5BAC1ABBDB6B4BDA3
:10FCE000B4ADBBB3BCBECEB3BCB5B8BDB4B4BCB48C
:10FCF000BBBECEB7BCB3BABEC1C4BCB4BBBFCEB72B
:10FD0000BCB4BABEC1D1BAB5BCBE9AAAB8B3B7B971
:10FD1000B4A9B9B4B8BBB4ABBBB4B9BDB4ADBEB390
:10FD2000BDC1B4ACB6B6B7B8B4B1B6B6B8B9B4B66E
:10FD3000B7B6B8BAB4B6B8B7B8BAB4B0BCA7DEE113
:10FD4000B4A9B4B0C0C1C1AAB4B2BEBEC1ACB5B34F
:10FD5000BCBCC1ADB9B3BCBEC1B2BBB3BCBEC1B704
:10FD6000BCB4BCBFC1B6B5B6B6B7C1B5B6B6B9BA04
:10FD7000C1C1B7B6BABBC1C2B8B7BABBC1B8B9B7CF
:10FD8000B9BCC1AEB6B2BDBECEAAB8B3BDBECEABD5
:10FD9000BBB3BBBECEACBDB2BFC2CEABB5B5B9B9BD
:10FDA000CEAFB6B6BBBCCEB4B7B6BBBCCEB4B8B69D
:10FDB000BBBDCEB0B8B7BABCCEACB6B8B8BADBAA89
:10FDC000B8B4B9BB9AAAB8B5B9BB9AAAB9B5B9BB08
:10FDD0009AA9B4B2BCBDA7AAB4B2BCBCA7ABB4B319
:10FDE000BABAA7ABB9B3BBBDA7ACB9B4BABCA7B0DC
:10FDF000BAB4BABCA7B2BAB5B9BCA7B0BBB5B9BDA5
:10FE0000A7ACD3928CF1A7ABD4928BF2A7ACB4CAB7
:10FE1000BDCBA7AAB4B5AFB9B4ABD59290F0B4A995
:10FE2000C0A9CDD2C1B1A8A699D5CEAABDABDCDE02
:10FE3000A7ABBDAADCDFA7AB7D9EBAEFA7AABAB37A
:10FE4000BBBECEACBBB3BCBEC1B7A8A599D5CEAA2C
:10FE5000BDB2BFC2CEABB6B6B9BAC1C1BBB3BBBEF1
:10FE6000CEACA8A699D5CEAAA8A699D5CEAABBB342
:10FE7000BBBECEACB6B8B8BADBAAB6B6B8B9B4B6E3
:10FE8000B7B6BABBC1C2D59290F0B4A9B7B4B4B7F3
:10FE9000B4A9B7B4B3B7B4AAB8B4B6B9B4ACB7B52B
:10FEA000B6B8B4AEB7B6B7B9B4AEB7B6B6B9B4AC07
:10FEB000B9B6B7BAB4AAB8B3B2B9C1ACB8B4B5B9E7
:10FEC000C1B0B7B4B7B9C1B6B8B5B8BAC1BBB7B5A8
:10FED000B8BAC1BBB7B6B8BAC1B6B7B6B8BAC1B08E
:10FEE000B9B7B7BAC1ACB7B4B5B8CEABB7B4B8B997
:10FEF000CEADB8B5B8BACEAFB7B5B8B9CEB0B7B663
:10FF0000B8B9CEAEB9B6B7BACEAEBAB7B7BBCEAD4A
:10FF1000B8B8B4B9CEABBAB5BCBEDBAAB9B7B8BB3A
:10FF2000DBAAB8B5B6B99AAAB9CBBFCE9AA8BACA55
:10FF3000A2D19AA8B9B2ACBDA7AAB7B4B3B7A7ABC0
:10FF4000B8B4B6B9A7AEB7B5B7B9A7B0B7B5B8B971
:10FF5000A7B0B7B6B7B9A7AEB7B7B6B9A7ABDE9279
:10FF600080FFA7A9BAC89ED3A7A9D792EBFE9AA8EB
:10FF7000D992EF029AA8AFB1C1C2A7A9B8C293D8CB
:10FF8000A7A9DB9282FCA7A9AFB1C1C2A7A9B8B447
:10FF9000B5B8C1B0B8B4B3B9C1ACB7B7B6B9A7AB0F
:10FFA000B8B4B6B9C1B0B8B6B6B9B4ACB9B3ACBDF3
:10FFB000A7AAB7B6B8B9A7B0B7B4B8B9CEADD992F9
:10FFC000EF029AA8B8B4B6B9B4ACB7B4B6B8CEAB71
:10FFD000B8B5B8BAC1BBB7B5B8B9A7B0B9B6B7BAB2
:10FFE000B4AADE9280FFA7A9B9B5B6B9A7AEB7B5D6
:10FFF000B7B9C1B6B7B4B7B9C1B6B8B4B6B9C1B07C
:020000040805ED
:10000000B9B3ACBDA7AAB7B6B7B9A7AEB6B6B9BAB9
:10001000C1AAB8B7B8BAC1AAD992EAFEA7A97EA860
:10002000BFECA7A9B6B7B9BAC1AAB6B7B9BAC1AA3F
:10003000B8B7B8BAC1AAB8B7B8BAC1AAD992EAFED5
:10004000A7A97FA8BFECA7A9D992EAFEA7A9B7B72D
:10005000B8BAC1AA7EA8BFECA7A9B6B7B9BAC1AA57
:10006000B8B7B8BAC1AAD992EAFEA7A9D992EAFE4E
:10007000A7A97EA8BFECA7A9D992EAFEA7A97EA846
:10008000BFECA7A9B6B7B9BAC1AAB6B7B9BAC1AADF
:10009000D992EAFEA7A9B6B7B9BAC1AAD992EAFE1F
:1000A000A7A9D992EAFEA7A97EA8BFECA7A97EA816
:1000B000BFECA7A9D992EAFEA7A9B7B7B8BAC1AA57
:1000C0007EA8BFECA7A9B6B6B9BAC1AAD992EAFE72
:1000D000A7A9B6B6B9BAC1AA7EA8BFECA7A9B7B7F7
:1000E000B8BAC1AAD992EAFEA7A9B7B7B8BAC1AA45
:1000F000B7B7B8BAC1AAB7B7B8BAC1AAB8B7B8BA89
:10010000C1AAB7B7B8BAC1AAB8B7B8BAC1AAB8B77E
:10011000B8BAC1AA7FA8BFECA7A9B7B7B8BAC1AA95
:10012000D992EAFEA7A97EA8BFECA7A9B8B7B8BA2A
:10013000C1AAD992EAFEA7A9B8B7B8BAC1AAB6B7F8
:10014000B9BAC1AA7FA8BFECA7A9D992EAFEA7A90C
:100150007EA8BFECA7A9B6B6B9BAC1AAD992EAFEE1
:10016000A7A9B8B7B8BAC1AAB8B7B8BAC1AAB8B738
:10017000B8BAC1AA7EA8BFECA7A9B8B7B8BAC1AA35
:10018000B8B7B8BAC1AAB8B7B8BAC1AAB7B4B4B701
:10019000C1AAB8B4B5B8C1AAB6B5B3B7C1AAB8B404
:1001A000B4B8C1AAB7B4B4B7C1AAB7B3B4B7C1AAF7
:1001B000B7B4B4B7C1AAB7B4B4B7C1AAB7B4B4B7E7
:1001C000C1AAB8B4B4B8C1AAB6B5B3B7C1AAB8B4D5
:1001D000B5B8C1AAB8B4B5B8C1AAB6B5B3B7C1AAC3
:1001E000B8B4B5B8C1AAB6B5B3B7C1AAB7B3B4B7B6
:1001F000C1AAB6B4B3B6C1AAB6B5B3B7C1AAB8B4AA
:10020000B5B9C1AAB6B5B3B7C1AAB6B5B3B7C1AA95
:10021000B7B4B4B7C1AAB6B4B3B7C1AAB7B3B4B789
:10022000C1AAB7B3B4B7C1AAB7B3B4B7C1AAB7B478
:10023000B4B7C1AAB6B5B3B6C1AAB6B5B3B7C1AA69
:10024000B7B4B4B7C1AAB8B4B4B8C1AAB8B4B5B851
:10025000C1AAB7B4B4B7C1AAB8B4B4B8C1AAB6B544
:10026000B3B7C1AAB6B5B3B7C1AAB7B4B4B7C1AA38
:10027000B6B5B3B7C1AAB8B4B5B8C1AAB6B4B3B627
:10028000C1AAB6B5B3B7C1AAB8B4B4B8C1AAB7B316
:10029000B4B7C1AAB8B4B5B8C1AAB8B4B4B8C1AA01
:1002A000B7B4B4B7C1AAB8B4B5B8C1AAB6B5B3B7F4
:1002B000C1AAB8B4B5B8C1AAB8B4B5B8C1AAB8B4DF
:1002C000B5B8C1AAB7B3B4B7C1AAB8B4B4B8C1AAD3
:1002D000B8B4B4B8C1AAB7B3B4B7C1AAB6B5B3B7C6
:1002E000C1AAB6B5B3B7C1AAB7B4B4B7C1AAB7B4B7
:1002F000B4B7C1AAB7B3B4B7C1AAB7B4B4B7C1AAA7
:10030000B8B4B5B8C1AAB7B3B4B7C1AAB5B6B8B98D
:10031000B4A9B7B5BABBC1ABB7B5BBBCC1ACB6B677
:10032000BABBC1ADB7B6B9BAC1ACB5B7B9BAC1AA53
:10033000B7B5BABBA7AAB9B6B8BAA7ABB7B7B8BA78
:10034000A7AAB9B6B8BAA7ABB5B7B9BAC1AAB6B673
:10035000BABBC1ADB5B6B8B9B4A9B7B5BBBCC1AC31
:10036000B7B7B8BAA7AAB7B5BABBA7AAB7B6B8B94C
:10037000A7AAB7B5BABBA7AAB8B6B9BAC1ACB7B540
:10038000BBBCC1ACB8B7B8BAA7AAB8B6B8BAA7AA26
:10039000B7B5BABBA7AAB7B7B9BAC1ACB7B6B8BAFE
:1003A000A7AAB5B6B8B9B4A9B5B6B8B9B4A9B7B51E
:1003B000BABBA7AAB5B7B9BAC1AAB7B6B8BAA7AAFD
:1003C000B7B5BABBC1ABB5B7B9BAC1AAB7B6B9BAB6
:1003D000C1ACB5B6B9B9B4A9B7B6B8BAA7AAB6B6DA
:1003E000BABBC1ADB5B6B8B9B4A9B7B5BBBCC1ACA1
:1003F000B7B4BABBC1ABB6B6BABBC1ADB9B6B8BA81
:10040000A7ABB7B5B9BBA7AAB9B6B8BAA7ABB7B5CA
:10041000B9BBA7AAB7B5BABBC1ABB7B6B8BAA7AA9A
:10042000B7B7B8BAA7AAB5B6B9B9B4A9B7B5BABB80
:10043000C1ABB7B5BBBCC1ACB5B7B9BAC1AAB9B647
:10044000B8BAA7ABB6B6BABBC1ADB8B6B9BAC1AC4B
:10045000B5B7B9BAC1AAB9B6B8BAA7ABB9B6B8BA3E
:10046000A7ABB8B7B8BAA7AAB7B5BBBCC1ACB5B74C
:10047000B9BAC1AAB8B6B8BAA7AAB5B7B9BAC1AA23
:10048000B7B6B9BAC1ACB7B5BABBA7AAB7B3ADBC1A
:10049000A7AAB7B3ACBDA7AAB7B4AEBBA7A9B5B559
:1004A000BABAA7AAB7B3ADBCA7AAB7B4AEBAA7A940
:1004B000B7B3ADBCA7AAB7B4AEBAA7A9B7B4AEBA22
:1004C000A7A9B7B4AEBBA7A9B7B3ACBDA7AAB7B32A
:1004D000ACBCA7AAB5B5BABAA7AAB7B3ACBDA7AA10
:1004E000B7B3ACBDA7AAB7B3ADBCA7AAB7B3ADBCF1
:1004F000A7AAB7B4AEBAA7A9B7B4AEBAA7A9B5B5FB
:10050000BABAA7AAB7B4AEBBA7A9B7B3ACBDA7AADE
:10051000B7B4AEBBA7A9B7B3ADBCA7AAB7B3ADBCC0
:10052000A7AAB7B4AEBBA7A9B5B5BABAA7AAB7B3BD
:10053000ACBDA7AAB7B4AEBAA7A9B5B5BABAA7AAAF
:10054000B7B3ADBCA7AAB5B5BABAA7AAB7B3ADBC85
:10055000A7AAB7B4AEBBA7A9B7B3ADBCA7AAB7B398
:10056000ADBCA7AAB7B3ADBCA7AAB5B5BABAA7AA7E
:10057000B7B4AEBAA7A9B7B4AEBBA7A9B7B3ADBC61
:10058000A7AAB7B4AEBAA7A9B7B3ACBCA7AAB7B36A
:10059000ADBCA7AAB7B3ACBDA7AAB7B3ADBCA7AA59
:1005A000B5B5BABAA7AAB7B3ADBCA7AAB7B3ACBD25
:1005B000A7AAB5B5BABAA7AAB5B5BABAA7AAB7B322
:1005C000ADBCA7AAB7B3ADBCA7AAB7B4AEBBA7A929
:1005D000B7B4AEBBA7A9B7B3ACBDA7AAB5B5BABAF5
:1005E000A7AAB7B3ACBDA7AAB5B5BABAA7AAB7B3FD
:1005F000ACBDA7AAB7B3ACBCA7AAB7B3ACBCA7AAFB
:10060000B7B3ADBCA7AAB5B5BABAA7AAB4B3B3B6C7
:10061000A7AAB4B3B0B8A7AAB4B3B3B6A7AAB4B3E1
:10062000B3B6A7AAB4B3B3B6A7AAB4B3B3B6A7AACE
:10063000B4B4B0B8A7AAB4B4B0B8A7AAB4B4B0B8A8
:10064000A7AAB4B4B0B8A7AAB4B3B3B6A7AAB4B3B0
:10065000B3B6A7AAB4B3B3B6A7AAB4B3B0B8A7AA9F
:10066000B4B3B3B5A7AAB4B3B2B6A7AAB4B3B3B67A
:10067000A7AAB4B3B0B8A7AAB4B3B3B6A7AAB4B381
:10068000B3B6A7AAB4B3B3B6A7AAB4B3B0B8A7AA6F
:10069000B4B3B3B6A7AAB4B3B2B6A7AAB4B3B0B84A
:1006A000A7AAB4B3B3B5A7AAB4B3B3B5A7AAB4B352
:1006B000B3B6A7AAB4B3B3B6A7AAB4B4B0B8A7AA3E
:1006C000B4B3B0B8A7AAB4B3B3B6A7AAB4B3B0B81A
:1006D000A7AAB4B3B0B8A7AAB4B3B3B5A7AAB4B322
:1006E000B0B8A7AAB4B3B3B6A7AAB4B3B0B8A7AA10
:1006F000B4B4B0B8A7AAB4B3B0B8A7AAB4B3B3B6E9
:10070000A7AAB4B4B0B8A7AAB4B3B3B5A7AAB4B3F0
:10071000B3B6A7AAB4B4B0B8A7AAB4B4B0B8A7AADD
:10072000B4B3B3B6A7AAB4B3B3B6A7AAB4B3B3B6B7
:10073000A7AAB4B3B3B6A7AAB4B4B0B8A7AAB4B3BF
:10074000B0B8A7AAB4B3B0B8A7AAB4B3B0B8A7AAB0
:10075000B4B4B0B8A7AAB4B3B2B6A7AAB4B3B3B589
:10076000A7AAB4B3B3B6A7AAB4B3B3B6A7AAB4B38F
:10077000B3B6A7AAB4B4B0B8A7AAB4B3B3B6A7AA7D
:10078000B4B3B3B6A7AAB4B3B3B6A7AAB6B5BBBB46
:10079000B4AAB6B5BBBBB4ACB7B6BABBB4ADB6B60B
:1007A000BBBBB4ADB8B7BABBB4ACB6B8B9BAB4AAEF
:1007B000B4B0BDBDC1A9B4B1BBBCC1AAB4B2BBBBCE
:1007C000C1AAB5B4BCBCC1ABB6B5BBBCC1ADB6B6B5
:1007D000BBBCC1ADB5B6BABBC1ACD79283F9C1A998
:1007E000BDC090DBC1A9B6B5B9BA9AACB6B6B9BAB4
:1007F0009AADB6B7B8B99AADB6B7B8B99AACB6B8FB
:10080000B7B99AAAB4B2B9B9A7AAB4B2B9BAA7AAE1
:10081000B7B5B9BAA7AFB6B5B9BAA7B4B7B6B9BA8A
:10082000A7B7B7B6B9BBA7B6B8B7B8BAA7B2B8B882
:10083000B7BAA7ADBBBA8ADFC1A9D99285F9C1A958
:10084000B7B6B9BBA7B6B8B8B7BAA7ADB4B1BBBC59
:10085000C1AAB4B2BBBBC1AAB6B5BBBBB4ACB6B53A
:10086000BBBBB4AAB4B1BBBCC1AAB4B2B9BAA7AA43
:10087000B6B5B9BA9AACB4B2BBBBC1AAD79283F928
:10088000C1A9B4B1BBBCC1AAB5B5BCBCC1ABBBBAF4
:100890008BDFC1A9B4B2B9B9A7AAB4B1BBBCC1AA14
:1008A000B7B8B7BAA7ADB8B6B9BBA7B6B6B8B9BAF4
:1008B000B4AAB4B1BBBCC1AAB4B2BBBBC1AAB6B5E1
:1008C000BBBBB4AAB6B8B7BA9AAAB4B2B9B9A7AA08
:1008D000B4B0BDBDC1A9B5B4BCBCC1ABB6B6BABBA2
:1008E000B4ADBBBA8ADFC1A9B6B5BBBCC1ADB8B89F
:1008F000B7BAA7ADB6B8B9BAB4AAB6B4BBBBB4AAB6
:10090000BBBA8BDFC1A9B6B5B9BAA7B4B7B4BBBC83
:10091000B4ACB7B5BABBB4B2B7B5BABBB4B9B7B675
:10092000BABBB4BBB7B6BABBB4B9B8B7BABBB4B24A
:10093000B6B8B9BAB4ACB4B1BABAC1ABB3B2BABA58
:10094000C1ACB4B2B9B9C1ABB4B3B9BAC1AAB8B445
:10095000BCBDC1ABB7B4BCBDC1AFB6B5BCBCC1B109
:10096000B7B5BCBDC1B1B7B6BBBCC1AEB6B7BABBFB
:10097000C1ABB6B4BEBECEAAB7B5BCBDCEAAB9B7E0
:10098000B5BA8DAAB8B8B5B98DABB8B8B3BA8DAA97
:10099000B7B4B9BA9AACB7B5B8B99AB1B9B5B8BA2B
:1009A0009AB7B9B6B7BA9ABAB7B7B7B99AB9B8B722
:1009B000B7BA9AB6B9B7B7BB9AB1B8B8B7BA9AAC22
:1009C000B4B1B8B9A7ABB4B2B6B7A7ACB4B2B8B803
:1009D000A7ABB4B3B8B8A7AAB8B4BABBA7B3B8B5F5
:1009E000B9BBA7C1B9B5B9BBA7CFB7B6B9BAA7D577
:1009F000B7B6B8BAA7CEB9B7B9BBA7C0B9B7B8BB75
:100A0000A7B3B8B8B8BBA7ACB9B7B8BBA7B3B8B7AA
:100A1000BABBB4B2B3B2BABAC1ACB9B7B5BA8DAA9F
:100A2000B7B6BABBB4BBB8B7BABBB4B2B4B1B8B955
:100A3000A7ABB8B5BABBB4B2B6B5BCBCC1B1B7B65A
:100A4000BABBB4BBB8B6BABBB4B9B4B1B8B9A7AB4A
:100A5000B9B6B7BA9ABAB7B5BCBDCEAAB8B5B8BA26
:100A60009AB7B7B6BABBB4B9B8B8B5B98DABB9B760
:100A7000B7BB9AB1B7B5BABBB4B9B8B5B9BBA7CF14
:100A8000B6B4BEBECEAAB8B5B9BBA7C1B9B3BFC0D4
:100A9000B4ABBAB3BEC0B4ADB9B4BDBEB4AEB7B6F4
:100AA000BABBB4B2B7B6BABBB4B2B8B7BABCB4AEDC
:100AB000B4B0BDBDC1AAB4B1BABBC1ACB4B2BABACC
:100AC000C1ACB4B3B7B7C1ABB5B4B6B6C1AAB6B4CE
:100AD000BABBC1ABB8B3BDBEC1AEB8B4BDBEC1B088
:100AE000B9B4BEBFC1B0B9B5BEBFC1ADB8B3C0C166
:100AF000CEAABBB4BDBF9AADB9B5BBBC9AAEB7B6B2
:100B0000B9BA9AB0B7B6B8BA9AB0B8B7B7BA9AADD8
:100B1000B8B8B6BA9AAB7D9BC6F39AA9DBA48BEEA4
:100B20009AA9B3B1B8B9A7ABB4B2B7B8A7ACB4B3CC
:100B3000B6B6A7ADB4B3B6B6A7ABB4B4B7B7A7AAA9
:100B4000B7B3BABBA7ADB9B3BCBEA7B4BAB4BDBF47
:100B5000A7B7BBB4BFC1A7B7B7B6BABBA7B9B7B63B
:100B6000B9BBA7BAB9B7B9BCA7B4B8B7B8BBA7AD3A
:100B70007C92C2F7A7A97992C3FAA7AA7992C1FA7F
:100B8000A7A9BBB2C0C2CEAAD99E88F19AA9799270
:100B9000C3FA9AA9DA9286F9A7A9DA9287F8A7A9DF
:100BA000DB9285FAA7A97D9BC6F39AA9B8B5BEBF0B
:100BB000C1ADB4B2BABBC1ACB8B6B9BBA7BABBB4CD
:100BC000BFC1A7B7B4B2BABAC1ACBBB3BFC1A7B7B4
:100BD000B7B6B9BA9AB0B7B6BABBA7B9B4B1BABBCF
:100BE000C1ACBBB3C0C2CEAAD99E88F19AA9B9B58F
:100BF000BEBFC1AD7992C1FAA7A9B4B1BBBBC1ACAC
:100C0000B7B6BABBB4B2B9B3BCBEA7B4BAB3B6BB7D
:100C1000B4A9BEB2B9BFB4ADBDB3BABFB4B2BDB46E
:100C2000BABFB4B7BDB4BABFB4B7BDB5BBBFB4B338
:100C3000BCB5BBBFB4AEB8B3BFC0C1AEBAB3BEBF24
:100C4000C1B2BAB4BEC0C1B3BAB4BEC0C1B0BBB504
:100C5000BEC0C1ACB7B3C0C1CEAABBB3C0C2CEABDD
:100C6000BDB3B7BD9AACBDB3B8BE9AB1BDB4B8BE42
:100C70009AB5BDB4B8BE9AB6BCB5B9BD9AB2BDB549
:100C8000B8BE9AADB6B2AFBAA7AAB6B2AEBBA7AA63
:100C9000BEB2B6BEA7ABBEB3B7BEA7B2BDB3B9BEF8
:100CA000A7BEBCB4BABEA7C9BCB4BABEA7CCBCB5BB
:100CB000BABEA7C3BCB5BABEA7B6BCB6BABEA7ADCE
:100CC000BCB5BBBFB4AEB7B3C1C1CEAABDB3B8BE8D
:100CD000A7BEBDB4B8BE9AB5BBB5BEC0C1ACBDB4AD
:100CE000B8BE9AB5BEB3B9BFB4ADBBB3C0C1CEAB8D
:100CF000BCB4BABEA7C9BBB3C0C2CEABB8B3BFC049
:100D0000C1AEBDB3B7BD9AACBDB4BABFB4B7B6B28D
:100D1000AEBBA7AABDB3BBBFB4B2BDB4B8BE9AB692
:100D2000BDB4BABFB4B7B8B3BFC0C1AEBDB6B8BE2C
:100D30009AADBCB6BABEA7ADBBB3C0C1CEABBDB455
:100D4000B8BE9AB5BCB5BBBFB4AEBCB5BABEA7C33E
:100D5000B6B2AEBBA7AABDB4B8BE9AB6B8B3BFC050
:100D6000C1AEBDB4B8BE9AB5BDB3B7BD9AACBDB344
:100D7000B7BD9AACBCB4BABEA7C9BEB3B9BFB4AD17
:100D8000B7B3C0C1CEAABBB3C0C2CEABB492B4D6C7
:100D9000B4A8B492B4D6B4A8B492B4D6B4A8B49259
:100DA000B4D6B4A8B492B4D6B4A8B492B4D6B4A805
:100DB000B492B4D6B4A8B492B4D6B4A8B492B4D60B
:100DC000B4A8B492B4D6B4A8B492B4D6B4A8B49229
:100DD000B4D6B4A8B492B4D6B4A8B492B4D6B4A8D5
:100DE000B492B4D6B4A8B492B4D6B4A8B492B4D6DB
:100DF000B4A8B492B4D6B4A8B492B4D6B4A8B492F9
:100E0000B4D6B4A8B492B4D6B4A8B492B4D6B4A8A4
:100E1000B492B4D6B4A8B492B4D6B4A8B492B4D6AA
:100E2000B4A8B492B4D6B4A8B492B4D6B4A8B492C8
:100E3000B4D6B4A8B492B4D6B4A8B492B4D6B4A874
:100E4000B492B4D6B4A8B492B4D6B4A8B492B4D67A
:100E5000B4A8B492B4D6B4A8B492B4D6B4A8B49298
:100E6000B4D6B4A8B492B4D6B4A8B492B4D6B4A844
:100E7000B492B4D6B4A8B492B4D6B4A8B492B4D64A
:100E8000B4A8B492B4D6B4A8B492B4D6B4A8B49268
:100E9000B4D6B4A8B492B4D6B4A8B492B4D6B4A814
:100EA000B492B4D6B4A8B492B4D6B4A8B492B4D61A
:100EB000B4A8B492B4D6B4A8B492B4D6B4A8B49238
:100EC000B4D6B4A8B492B4D6B4A8B492B4D6B4A8E4
:100ED000B492B4D6B4A8B492B4D6B4A8B492B4D6EA
:100EE000B4A8B492B4D6B4A8B492B4D6B4A8B49208
:100EF000B4D6B4A8B492B4D6B4A8B492B4D6B4A8B4
:100F0000B492B4D6B4A8B492B4D6B4A8B492B4D6B9
:100F1000B4A8B492B4D6B4A8B492B4D6B4A8B492D7
:100F2000B4D6B4A8B492B4D6B4A8B492B4D6B4A883
:100F3000B492B4D6B4A8B492B4D6B4A8B492B4D689
:100F4000B4A8B492B4D6B4A8B492B4D6B4A8B492A7
:100F5000B4D6B4A8B492B4D6B4A8B492B4D6B4A853
:100F6000B492B4D6B4A8B492B4D6B4A8B492B4D659
:100F7000B4A8B492B4D6B4A8B492B4D6B4A8B49277
:100F8000B4D6B4A8B492B4D6B4A8B492B4D6B4A823
:100F9000B492B4D6B4A8B492B4D6B4A8B492B4D629
:100FA000B4A8B492B4D6B4A8B492B4D6B4A8B49247
:100FB000B4D6B4A8B492B4D6B4A8B492B4D6B4A8F3
:100FC000B492B4D6B4A8B492B4D6B4A8B492B4D6F9
:100FD000B4A8B492B4D6B4A8B492B4D6B4A8B49217
:100FE000B4D6B4A8B492B4D6B4A8B492B4D6B4A8C3
:100FF000B492B4D6B4A8B492B4D6B4A8B492B4D6C9
:10100000B4A8B492B4D6B4A8B492B4D6B4A8B492E6
:10101000B4D6B4A8B492B4D6B4A8B492B4D6B4A892
:10102000B492B4D6B4A8B492B4D6B4A8B492B4D698
:10103000B4A8B492B4D6B4A8B492B4D6B4A8B492B6
:10104000B4D6B4A8B492B4D6B4A8B492B4D6B4A862
:10105000B492B4D6B4A8B492B4D6B4A8B492B4D668
:10106000B4A8B492B4D6B4A8B492B4D6B4A8B49286
:10107000B4D6B4A8B492B4D6B4A8B492B4D6B4A832
:10108000B492B4D6B4A8B492B4D6B4A8B492B4D638
:10109000B4A8B492B4D6B4A8B492B4D6B4A8B49256
:1010A000B4D6B4A8B492B4D6B4A8B492B4D6B4A802
:1010B000B492B4D6B4A8B492B4D6B4A8B492B4D608
:1010C000B4A8B492B4D6B4A8B492B4D6B4A8B49226
:1010D000B4D6B4A8B492B4D6B4A8B492B4D6B4A8D2
:1010E000B492B4D6B4A8B492B4D6B4A8B492B4D6D8
:1010F000B4A8B492B4D6B4A8B492B4D6B4A8B492F6
:10110000B4D6B4A8B492B4D6B4A8B492B4D6B4A8A1
:10111000B492B4D6B4A8B492B4D6B4A8B492B4D6A7
:10112000B4A8B492B4D6B4A8B492B4D6B4A8B492C5
:10113000B4D6B4A8B492B4D6B4A8B492B4D6B4A871
:10114000B492B4D6B4A8B492B4D6B4A8B492B4D677
:10115000B4A8B492B4D6B4A8B492B4D6B4A8B49295
:10116000B4D6B4A8B492B4D6B4A8B492B4D6B4A841
:10117000B492B4D6B4A8B492B4D6B4A8B492B4D647
:10118000B4A8B492B4D6B4A8B492B4D6B4A8B49265
:10119000B4D6B4A8B492B4D6B4A8B492B4D6B4A811
:1011A000B492B4D6B4A8B492B4D6B4A8B492B4D617
:1011B000B4A8B492B4D6B4A8B492B4D6B4A8B49235
:1011C000B4D6B4A8B492B4D6B4A8B492B4D6B4A8E1
:1011D000B492B4D6B4A8B492B4D6B4A8B492B4D6E7
:1011E000B4A8B492B4D6B4A8B492B4D6B4A8B49205
:1011F000B4D6B4A8B492B4D6B4A8B492B4D6B4A8B1
:10120000B492B4D6B4A8B492B4D6B4A80000000086
:1012100001020304000000000000000001020304BA
:10122000060708090006101600061016040302023D
:1012300002010102000000000000000000000000A8
:10124000000000000000000000000000000000009E
:10125000000000000000000000000000000000008E
:10126000000000000000000000000000000000007E
:10127000000000000000000000000000000000006E
:1012800000000380000380000380000380000380CF
:101290000003800003800003800003800001000041
:1012A0000100000000000000000380000380000037
:1012B000000000000000000000000000000000002E
:1012C000000000000000000000000000000E7000A0
:1012D0000E70000E700004200004200004200004A2
:1012E00020000000000000000000000000000000DE
:1012F00000000000000000000000000000000000EE
:1013000000000000000000000000000000000000DD
:1013100000000660000660000660000660000660CF
:10132000003FF8003FF8000660000CC0003FF800E6
:101330003FF8000CC0000CC0000CC0000CC0000C3A
:10134000C0000000000000000000000000000000DD
:101350000000000000000001800001800007B000D4
:101360000FF0001870001870001C00000F800007BC
:10137000E00000F0001830001C30001C70001FE07E
:10138000001BC0000180000180000180000180007E
:10139000000000000000000000000000000000004D
:1013A00000000780000FC0001CE0001860001860FB
:1013B000001CE0000FF80007E0001FF000073800F5
:1013C00006180006180007380003F00001E00000CE
:1013D000000000000000000000000000000000000D
:1013E00000000000000000000000000000000000FD
:1013F00003F00007F0000C60000C00000C00000679
:1014000000000700000F9C001DFC0018F000187081
:10141000000FFC0007DC00000000000000000000DE
:1014200000000000000000000000000000000000BC
:101430000000000000038000038000038000010022
:101440000001000001000001000000000000000099
:10145000000000000000000000000000000000008C
:10146000000000000000000000000000000000007C
:10147000000000000000000000000018000038001C
:1014800000700000F00000E00000E00001C000017A
:10149000C00001C00001C00001C00001C00000E0A8
:1014A0000000E0000070000070000038000018002C
:1014B000000000000000000000000000000000002C
:1014C00000001800001C00000E00000E00000700C5
:1014D00000070000038000038000038000038000F9
:1014E0000380000380000700000700000F00000ECB
:1014F00000001C00001800000000000000000000B8
:1015000000000000000000000000018000018000D9
:101510000180001DB8001FF80007E00003C00003B1
:10152000C00006600006600000000000000000002F
:1015300000000000000000000000000000000000AB
:10154000000000000000000000000000000000009B
:101550000000000000000000018000018000018008
:10156000000180000180003FFC003FFC0001800082
:101570000180000180000180000180000000000067
:10158000000000000000000000000000000000005B
:10159000000000000000000000000000000000004B
:1015A000000000000000000000000000000000003B
:1015B000000000000000000000000000000000E04B
:1015C0000000C00001C00001800001800003000095
:1015D0000300000000000000000000000000000008
:1015E00000000000000000000000000000000000FB
:1015F000000000000000001FF8001FF800000000BD
:1016000000000000000000000000000000000000DA
:1016100000000000000000000000000000000000CA
:1016200000000000000000000000000000000000BA
:1016300000000000000000000000000000000000AA
:10164000000000000000000000000000000003C0D7
:101650000003C00003C00000000000000000000004
:101660000000000000000000000000000018000062
:1016700018000038000030000070000060000060BA
:101680000000C00000C000018000018000030000D5
:101690000300000600000600000E00000C00001C05
:1016A000000018000018000000000000000000000A
:1016B0000000000000000000000003C00007E00080
:1016C0000C30000C300018180018180018180018FA
:1016D00018001818001818001818000C30000C30EA
:1016E0000007E00003C00000000000000000000050
:1016F00000000000000000000000000000000000EA
:1017000000000080000780001F80001D8000018015
:101710000001800001800001800001800001800044
:101720000180000180000180001FF8001FF8000008
:1017300000000000000000000000000000000000A9
:101740000000000000000000000007C0001FF000C3
:101750003830003018003018000018000030000049
:10176000600001C0000380000600000C00001800AB
:10177000003FF8003FF800000000000000000000FB
:101780000000000000000000000000000000000059
:10179000000003C0000FE0000C70000030000030BB
:1017A0000000600003C00003E000007000001800AB
:1017B0000018000018001838001FF0000FC00000CB
:1017C0000000000000000000000000000000000019
:1017D0000000000000000000000000E00001E00048
:1017E00001E0000360000660000660000C60000C71
:1017F00060001860003060003FF8003FF8000060B3
:101800000003F80003F800000000000000000000E2
:1018100000000000000000000000000000000000C8
:1018200000001FF0001FF000180000180000180052
:10183000001BC0001FF0001C300000180000180042
:101840000018000018003030003FF0000FC000000A
:101850000000000000000000000000000000000088
:101860000000000000000000000000F80003F80085
:101870000700000E00000C00001800001BC0001F35
:10188000F0001C30001818001818001818000C3848
:10189000000FF00003E00000000000000000000066
:1018A0000000000000000000000000000000000038
:1018B00000001FF8001FF80018180018380000304A
:1018C0000000300000700000600000600000E000D8
:1018D00000C00000C00001C00001800001800000C5
:1018E00000000000000000000000000000000000F8
:1018F0000000000000000000000007E0000FF00002
:101900001C38001818001818000C300007E00007F9
:10191000E0000C30001818001818001818001C38C7
:10192000000FF00007E000000000000000000000D1
:1019300000000000000000000000000000000000A7
:10194000000007C0000FF0001C3000181800181825
:10195000001818000C38000FF80003D80000180019
:1019600000300000700000E0001FC0001F000000F9
:101970000000000000000000000000000000000067
:101980000000000000000000000000000000000057
:1019900000000000000003C00003C00003C00000FE
:1019A000000000000000000000000000000003C074
:1019B0000003C00003C000000000000000000000A1
:1019C0000000000000000000000000000000000017
:1019D000000000000000000000000000000000F017
:1019E0000000F00000F00000000000000000000017
:1019F00000000000E00001C0000180000180000341
:101A000000000200000000000000000000000000D4
:101A100000000000000000000000000000000000C6
:101A2000001C00003C0000F00003C0000F00003C60
:101A30000000F000003C00000F000003C00000F0B8
:101A400000003C00001C000000000000000000003E
:101A50000000000000000000000000000000000086
:101A60000000000000000000000000000000000076
:101A7000007FFC007FFC000000000000007FFC00F5
:101A80007FFC0000000000000000000000000000DB
:101A90000000000000000000000000000000000046
:101AA0000000000000000000000000000000000036
:101AB0007000007800001E000007800001E00000B8
:101AC0007800001E0000780001E0000780001E0082
:101AD000007800007000000000000000000000001E
:101AE00000000000000000000000000000000000F6
:101AF000000000000007C0000FE000187000183060
:101B00000018300000700000E00003C000038000F7
:101B100003000000000000000007000007000000B4
:101B200000000000000000000000000000000000B5
:101B30000000000000000000000003E00007F000CB
:101B40000E38000C180018780018F80019D8001981
:101B5000980019980019980018F8001878001800D3
:101B6000000C00000E180007F80003E00000000061
:101B70000000000000000000000000000000000065
:101B800000000000001F80001FC00001C0000360B3
:101B9000000360000630000630000C30000FF80033
:101BA0001FF800180C00300C00FC7F00FC7F0000C8
:101BB0000000000000000000000000000000000025
:101BC000000000000000000000000000007FE000B6
:101BD0007FF0001838001818001818001838001F77
:101BE000F0001FF800181C00180C00180C00180C4E
:101BF000007FF8007FF000000000000000000000FF
:101C000000000000000000000000000000000000D4
:101C1000000000000003EC000FFC001C1C00180C6E
:101C200000300C00300000300000300000300000B8
:101C3000300000180C001C1C000FF80003F000001E
:101C40000000000000000000000000000000000094
:101C5000000000000000000000000000007FC00045
:101C60007FF000183800181800180C00180C001825
:101C70000C00180C00180C00180C0018180018386C
:101C8000007FF0007FE00000000000000000000086
:101C90000000000000000000000000000000000044
:101CA00000000000007FF8007FF8001818001818E6
:101CB000001998001980001F80001F800019800003
:101CC0001998001818001818007FF8007FF8000015
:101CD0000000000000000000000000000000000004
:101CE000000000000000000000000000003FFC00B9
:101CF0003FFC000C0C000C0C000CCC000CC0000FC6
:101D0000C0000FC0000CC0000CC0000C00000C0094
:101D1000003FC0003FC000000000000000000000C5
:101D200000000000000000000000000000000000B3
:101D3000000000000003EC000FFC001C1C00180C4D
:101D400000300C0030000030000030FE0030FE009B
:101D5000300C00380C001C1C000FFC0003F00000CD
:101D60000000000000000000000000000000000073
:101D7000000000000000000000000000007E7E0067
:101D80007E7E001818001818001818001818001F78
:101D9000F8001FF800181800181800181800181874
:101DA000007E7E007E7E000000000000000000003B
:101DB0000000000000000000000000000000000023
:101DC00000000000001FF8001FF8000180000180E3
:101DD000000180000180000180000180000180007E
:101DE0000180000180000180001FF8001FF8000042
:101DF00000000000000000000000000000000000E3
:101E00000000000000000000000000000007FE00CD
:101E100007FE0000300000300000300000300000FD
:101E20003000303000303000303000303000306072
:101E3000003FE0000F8000000000000000000000F4
:101E40000000000000000000000000000000000092
:101E500000000000007F3E007F3E00183000186048
:101E60000018C0001980001B80001FC0001CE0008B
:101E70001870001830001838007F1F007F1F000006
:101E80000000000000000000000000000000000052
:101E9000000000000000000000000000007F800043
:101EA0007F80000C00000C00000C00000C00000CF7
:101EB00000000C00000C0C000C0C000C0C000C0CB6
:101EC000007FFC007FFC000000000000000000001C
:101ED0000000000000000000000000000000000002
:101EE0000000000000F00F00F81F00381C003C3C10
:101EF000003C3C00366C00366C0033CC0033CC0028
:101F0000318C00300C00300C00FE7F00FE7F0000A2
:101F100000000000000000000000000000000000C1
:101F20000000000000000000000000000078FE003B
:101F300078FE001C18001E18001F18001B18001B3C
:101F4000980019D80018D80018F800187800183828
:101F5000007F18007F180000000000000000000053
:101F60000000000000000000000000000000000071
:101F7000000000000003C0000FF0001C380018181B
:101F800000381C00300C00300C00300C00300C000D
:101F9000381C001818001C38000FF00003C00000A7
:101FA0000000000000000000000000000000000031
:101FB000000000000000000000000000003FF000F2
:101FC0003FF8000C1C000C0C000C0C000C0C000C5E
:101FD00018000FF8000FE0000C00000C00000C00CF
:101FE000003FC0003FC000000000000000000000F3
:101FF00000000000000000000000000000000000E1
:10200000000000000003C0000FF0001C380018188A
:1020100000381C00300C00300C00300C00300C007C
:10202000381C001818001C38000FF00007C000070B
:10203000CC000FFC000C3800000000000000000085
:10204000000000000000000000000000007FE00031
:102050007FF0001838001818001818001838001FF2
:10206000F0001FC00018E000187000183000183889
:10207000007F1E007F0E0000000000000000000036
:102080000000000000000000000000000000000050
:10209000000000000007D8000FF8001C38001818D6
:1020A000001818001E00000FC00003F000007800A8
:1020B0001818001818001C38001FF0001BE0000062
:1020C0000000000000000000000000000000000010
:1020D000000000000000000000000000003FFC00C5
:1020E0003FFC00318C00318C00318C00318C0001C0
:1020F00080000180000180000180000180000180DB
:10210000000FF0000FF000000000000000000000D1
:1021100000000000000000000000000000000000BF
:1021200000000000007E7E007E7E00181800181857
:1021300000181800181800181800181800181800AF
:102140001818001818000C30000FF00003C0000031
:10215000000000000000000000000000000000007F
:10216000000000000000000000000000007F7F0071
:102170007F7F00180C000C18000C18000C180006CB
:10218000300006300003600003600003600001C0FF
:102190000001C000008000000000000000000000FE
:1021A000000000000000000000000000000000002F
:1021B0000000000000FE3F80FE3F80300600300639
:1021C0000030860019CC0019CC001B6C001B6C0081
:1021D0001E7C000E38000E38000C18000C18000091
:1021E00000000000000000000000000000000000EF
:1021F000000000000000000000000000007E7E00E3
:102200007E7E001818000C300006600003C000013C
:10221000800001800003C0000660000C3000181828
:10222000007E7E007E7E00000000000000000000B6
:10223000000000000000000000000000000000009E
:1022400000000000007C7E007C7E001818000C302E
:102250000006600006600003C000018000018000ED
:102260000180000180000180000FF0000FF00000ED
:10227000000000000000000000000000000000005E
:10228000000000000000000000000000001FF80037
:102290001FF80018180018300018600018C000015E
:1022A00080000300000618000C18001818003018F1
:1022B000003FF8003FF800000000000000000000B0
:1022C000000000000000000000000000000000000E
:1022D000000001F00001F000018000018000018099
:1022E0000001800001800001800001800001800069
:1022F0000180000180000180000180000180000158
:10230000800001F00001F00000000000000000006B
:10231000000000001800001800001C00000C000065
:102320000E0000060000060000030000030000018C
:10233000800001800000C00000C00000600000605C
:102340000000700000300000380000180000180085
:10235000000000000000000000000000000000007D
:1023600000000F80000F80000180000180000180CC
:1023700000018000018000018000018000018000D8
:1023800001800001800001800001800001800001C7
:1023900080000F80000F800000000000000000009F
:1023A0000000000000000000800001C00003E00009
:1023B0000770000630000C1800180C001004000014
:1023C000000000000000000000000000000000000D
:1023D00000000000000000000000000000000000FD
:1023E00000000000000000000000000000000000ED
:1023F00000000000000000000000000000000000DD
:1024000000000000000000000000000000000000CC
:1024100000000000000000000000000000000000BC
:102420000000000000000000000000000000FFFFAE
:1024300000FFFF0000000003000003800000E00038
:10244000006000000000000000000000000000002C
:10245000000000000000000000000000000000007C
:10246000000000000000000000000000000000006C
:10247000000000000000000000000000000000005C
:1024800000000000000000000000000000000FC07D
:10249000001FE00000300000300007F0001FF000D7
:1024A0003830003030003070001FFC000FBC0000DE
:1024B000000000000000000000000000000000001C
:1024C000000000000000000000007800007800001C
:1024D0001800001800001BE0001FF8001C1800186E
:1024E0000C00180C00180C00180C00180C001C181C
:1024F000007FF8007BE0000000000000000000000A
:1025000000000000000000000000000000000000CB
:10251000000000000000000000000000000003ECCC
:10252000000FFC001C1C00380C00300C00300000B8
:10253000300000380C001C1C000FF80003F00000F5
:10254000000000000000000000000000000000008B
:10255000000000000000000000000078000078008B
:1025600000180000180007D8001FF80018380030C5
:1025700018003018003018003018003018001838D3
:10258000001FFE0007DE0000000000000000000049
:10259000000000000000000000000000000000003B
:1025A000000000000000000000000000000007E044
:1025B000001FF800181800300C003FFC003FFC0022
:1025C000300000300000180C001FFC0007F0000075
:1025D00000000000000000000000000000000000FB
:1025E0000000000000000000000001FC0003FC00EF
:1025F0000600000600003FF8003FF8000600000655
:1026000000000600000600000600000600000600AC
:10261000003FF0003FF0000000000000000000005C
:1026200000000000000000000000000000000000AA
:10263000000000000000000000000000000007DEB5
:10264000001FFE0018380030180030180030180045
:102650003018003018001838001FF80007D80000A4
:1026600018000018000038000FF0000FC000000034
:10267000000000000000000000007800007800006A
:102680001800001800001BE0001FF0001C380018A4
:102690001800181800181800181800181800181832
:1026A000007E7E007E7E0000000000000000000032
:1026B000000000000000000000000000000000001A
:1026C00000000180000180000000000000001F8069
:1026D000001F800001800001800001800001800057
:1026E0000180000180000180003FFC003FFC0000F1
:1026F00000000000000000000000000000000000DA
:102700000000000000000000000000C00000C00049
:102710000000000000001FF0001FF000003000006B
:102720003000003000003000003000003000003089
:102730000000300000300000300000300000700069
:102740001FE0001F800000000000000000000000EB
:1027500000003C00003C00000C00000C00000CF8E5
:10276000000CF8000CC0000D80000F80000F00006E
:102770000F80000DC0000CE0003C7C003C7C0000A1
:102780000000000000000000000000000000000049
:10279000000000000000000000001F80001F8000FB
:1027A00001800001800001800001800001800001A3
:1027B0008000018000018000018000018000018014
:1027C000003FFC003FFC0000000000000000000093
:1027D00000000000000000000000000000000000F9
:1027E0000000000000000000000000000000F7787A
:1027F00000FFFC0039CC00318C00318C00318C00A2
:10280000318C00318C00318C00FDEF00FDEF0000B9
:1028100000000000000000000000000000000000B8
:1028200000000000000000000000000000000000A8
:102830000000000000007BE0007FF0001C38001862
:102840001800181800181800181800181800181880
:10285000007E7E007E7E0000000000000000000080
:102860000000000000000000000000000000000068
:10287000000000000000000000000000000003C095
:10288000000FF0001C3800381C00300C00300C0029
:10289000300C00381C001C38000FF00003C0000092
:1028A0000000000000000000000000000000000028
:1028B0000000000000000000000000000000000018
:1028C0000000000000007BE0007FF8001C180018EA
:1028D0000C00180C00180C00180C00180C001C1828
:1028E000001FF8001BE0001800001800001800008E
:1028F0007F00007F000000000000000000000000DA
:10290000000000000000000000000000000007DEE2
:10291000001FFE0018380030180030180030180072
:102920003018003018001838001FF80007D80000D1
:10293000180000180000180000FE0000FE00000053
:102940000000000000000000000000000000000087
:102950000000000000003E78003EFC0007CC0007AD
:102960000000060000060000060000060000060049
:10297000003FF0003FF000000000000000000000F9
:102980000000000000000000000000000000000047
:10299000000000000000000000000000000007F838
:1029A000000FF8001818001818001F80000FF00022
:1029B00000F8001818001838001FF0001FE0000091
:1029C0000000000000000000000000000000000007
:1029D000000000000000000000000C00000C0000DF
:1029E0000C00000C00003FF0003FF0000C00000C59
:1029F00000000C00000C00000C00000C00000C1C7F
:102A00000007FC0003F000000000000000000000D0
:102A100000000000000000000000000000000000B6
:102A200000000000000000000000000000007878B6
:102A300000787800181800181800181800181800E6
:102A40001818001818001838000FFE0007DE0000E4
:102A50000000000000000000000000000000000076
:102A60000000000000000000000000000000000066
:102A70000000000000007C3E007C3E00181800189A
:102A800018000C30000C300006600006600007E003
:102A90000003C00003C000000000000000000000B0
:102AA0000000000000000000000000000000000026
:102AB0000000000000000000000000000000783C62
:102AC00000783C003118003398003398001AB000A9
:102AD0001EF0001EF0001C60000C60000C60000086
:102AE00000000000000000000000000000000000E6
:102AF00000000000000000000000000000000000D6
:102B00000000000000003E7C003E7C000C3000060F
:102B1000600003C00001800003C0000660000C30AC
:102B2000003E7C003E7C0000000000000000000031
:102B30000000000000000000000000000000000095
:102B400000000000000000000000000000007E1FE8
:102B5000007E1F00180C000C18000C180006300036
:102B600006300003600003E00001C00000C0000167
:102B700080000180000300003FC0003FC000000053
:102B80000000000000000000000000000000000045
:102B90000000000000001FF8001FF80018300018A7
:102BA000600000C0000180000300000618000C183F
:102BB000001FF8001FF800000000000000000000E7
:102BC0000000000000000000000000000000000005
:102BD000000000E00001E0000180000180000180B1
:102BE00000018000018000018000038000070000D8
:102BF000038000018000018000018000018000014D
:102C0000800001E00000E000000000000000000083
:102C100000000000000000000000018000018000B2
:102C2000018000018000018000018000018000011E
:102C3000800001800001800001800001800001808F
:102C400000018000018000018000018000018000FF
:102C50000000000000000000000000000000000074
:102C60000000070000078000018000018000018053
:102C70000001800001800001800001C00000E00030
:102C800001C000018000018000018000018000017E
:102C90008000078000070000000000000000000026
:102CA0000000000000000000000000000000000024
:102CB0000000000000000000000000000E00001FE7
:102CC00018003BB80031F00000E0000000000000F8
:102CD00000000000000000000000000000000000F4
:102CE00000000000000000000000000090C0040888
:102CF00097C004089FC00408A5C00408ABC004081E
:102D0000B1C00408B8C00408BDC00408C3C00408AA
:102D1000A6C00408CDC00408D5C004083DC30408FB
:102D200041C3040851C3040869C304085FC304080D
:102D300071C3040880C304088BC304089CC304083F
:102D4000A2C30408B2C30408C3C30408D4C304085C
:102D5000DFC30408FCC3040805C404088AC50408CA
:102D600014C4040802C8040895C5040820C4040853
:102D70002DC4040833C404083BC4040848C504082F
:102D800062C504084BC404085AC404085FC404089C
:102D900064C4040876C4040880C4040885C4040814
:102DA0008CC4040815C70408A4C40408C0C40408DB
:102DB000C7C40408D9C40408EBC40408F5C4040853
:102DC000FAC40408A2C60408FEC4040806C5040820
:102DD00023C5040831C504084CC5040850C50408BF
:102DE00058C504085EC504086AC5040873C504080C
:102DF0008FC5040894C504089AC50408A2C5040830
:102E0000AAC50408B2C50408B7C50408BBC50408B0
:102E1000C1C50408C9C50408D7C50408E2C504082B
:102E20002BC50408E9C50408EDC50408FCC5040861
:102E30000CC6040811C60408D1C504081DC6040840
:102E400027C60408F5C704082CC604082BC60408C6
:102E500035C4040831C6040835C604083DC6040854
:102E600048C6040854C604088CC604085FC6040893
:102E70006AC6040872C604087EC604088AC6040826
:102E800091C604089CC60408A6C60408B1C6040876
:102E9000B8C60408C3C60408C8C60408D2C60408D5
:102EA000D8C60408F0C60408FBC604080EC7040808
:102EB00019C704081DC7040825C704082CC704083F
:102EC00031C704083CC7040842C704084CC70408BB
:102ED00050C7040856C7040896C504085BC7040811
:102EE0006CC7040882C3040878C7040888C70408AC
:102EF0008EC7040899C704089CC70408A2C7040821
:102F0000B9C70408D0C70408DBC70408E5C704082C
:102F1000EDC70408F9C70408000000000000000025
:102F200000000000EFD10008EBD10008EDD100084F
:102F3000F5D100080000000000000000C9DC000816
:102F4000F9DC0008CDDC00080000000000000000F3
:102F50005DE3000863E3000871E300088BE5000807
:102F60005FE30008C1E500086042A20D00000040D8
:102F70000000803FD1F71737D1F717B78071313F85
:0C2F8000807131BF0000003F000000BF66
:082F8C0084D2FA7F010000006D
:042F9400F50100083B
:042F9800D10100085B
:102F9C003C2F05080024F400010100001000000083
:102FAC003412050811001800000000000000000099
:102FBC0000000000B16B00080000000000000000E1
:102FCC000000000000000000D36C000800000000AE
:102FDC003171000859780008000000000000000062
:102FEC0000000000000000001D7900080000000037
:102FFC00917D00080982000800000000000000001C
:10300C0000000000000000000000000000000000B4
:10301C00618500080D86000800000000000000001B
:10302C000000000000000000A9870008000000005C
:10303C00C9870008658A0008000000000000000035
:10304C000000000000000000000000000000000074
:10305C0000000000C1930008000000000000000008
:10306C000000000000000000000000000000000054
:10307C00000000008D9C0008000000000000000013
:10308C000000000000000000000000000000000034
:10309C0000000000199D0008000000000000000066
:1030AC000000000000000000000000000000000014
:1030BC0000000000E1AB0008000000000000000070
:1030CC0000000000000000000000000000000000F4
:1030DC00000000005DAD00080000000000000000D2
:1030EC000000000000000000E9AE00080000000035
:1030FC0009AF000855B000080000000000000000F7
:10310C0000000000000000005DB30008000000009B
:10311C0005B50008E9B6000800000000000000003A
:10312C000000000000000000000000000000000093
:10313C00E5BD0008ADBC0008000000000000000068
:10314C000000000000000000000000000000000073
:10315C0081BE0008CDC50008000000000000000082
:10316C000000000000000000000000000000000053
:10317C0000000000EDC90008000000000000000085
:10318C000000000000000000000000000000000033
:10319C000000000055CD00080000000000000000F9
:1031AC000000000000000000000000000300000010
:1031BC00700B00202802002000000000700B002083
:1031CC00D80B0020400C0020000000000000000084
:1031DC0000000000000000000000000000000000E3
:1031EC0000000000000000000000000000000000D3
:1031FC0000000000000000000000000000000000C3
:08320C0000000000B10C0020DD
:04000005080010459A
:00000001FF
